{
  "1tensor_C6Ypi__J2_0p268_20260420_174049": {
    "ansatz": "c6ypi",
    "j2": 0.268,
    "Ds": [
      4,
      5,
      6,
      7,
      8,
      9
    ],
    "energy_per_site": [
      -0.4289755169477,
      -0.4303049672717,
      -0.4310402540898,
      -0.4313918025507,
      -0.4316538613325,
      -0.4315981293204
    ],
    "chi_bases": [
      20,
      25,
      48,
      49,
      64,
      81
    ],
    "extrap": {
      "E_horiz": -0.4315981293204,
      "E_lin2": -0.4311522732235993,
      "E_exp_all": -0.4317667439599427,
      "E_0": -0.43137520127199963,
      "exp_popt": [
        -0.4317667439599427,
        0.040711495952981125,
        1.4943099033062348
      ]
    },
    "nn_groups": {
      "4": {
        "means": [
          -0.31891926440903334,
          -0.34934821851823333,
          -0.34934769485670003
        ],
        "stds": [
          1.295524666664988e-06,
          1.934219566679386e-06,
          4.75865499977024e-07
        ],
        "sterrs": [
          5.288957304197474e-07,
          7.896418314786134e-07,
          1.942712768563515e-07
        ],
        "ranks": [
          3,
          1,
          2
        ]
      },
      "5": {
        "means": [
          -0.389301771208,
          -0.3141507140629,
          -0.31415582367074996
        ],
        "stds": [
          4.576267999822914e-07,
          1.157959099995498e-06,
          1.9051153500038163e-06
        ],
        "sterrs": [
          1.8682535876321865e-07,
          4.727348230002355e-07,
          7.777600847755221e-07
        ],
        "ranks": [
          1,
          3,
          2
        ]
      },
      "6": {
        "means": [
          -0.36790997220349997,
          -0.32405204413686667,
          -0.32406702887461664
        ],
        "stds": [
          3.676030133339023e-06,
          2.7586336999914827e-06,
          1.141406875000232e-05
        ],
        "sterrs": [
          1.5007330176293026e-06,
          1.126207492037524e-06,
          4.659774054425449e-06
        ],
        "ranks": [
          1,
          3,
          2
        ]
      },
      "7": {
        "means": [
          -0.3607418287265,
          -0.32688347025843334,
          -0.32689566168161666
        ],
        "stds": [
          1.2979921266661107e-05,
          7.480614533326528e-06,
          1.5141025783334724e-05
        ],
        "sterrs": [
          5.299030667469936e-06,
          3.0539480948496836e-06,
          6.1812978919156745e-06
        ],
        "ranks": [
          1,
          3,
          2
        ]
      },
      "8": {
        "means": [
          -0.3460382879429167,
          -0.33351722395644995,
          -0.3335273126107167
        ],
        "stds": [
          2.397133833437439e-07,
          2.5156241672748085e-07,
          8.1847798334154e-07
        ],
        "sterrs": [
          9.78625789513921e-08,
          1.0269992657395197e-07,
          3.341422374814939e-07
        ],
        "ranks": [
          1,
          3,
          2
        ]
      },
      "9": {
        "means": [
          -0.35184177998461674,
          -0.33055984102795,
          -0.3305557408021167
        ],
        "stds": [
          4.7075655056714255e-07,
          6.710605844528139e-07,
          4.0600358483927385e-07
        ],
        "sterrs": [
          1.9218555699370105e-07,
          2.739593364005421e-07,
          1.6575026943283353e-07
        ],
        "ranks": [
          1,
          2,
          3
        ]
      }
    },
    "nnn_groups": {
      "4": {
        "means": [
          0.09681873311865664,
          0.10424336980465,
          0.09681876254029832
        ],
        "stds": [
          0.00014684198561000042,
          9.685043499962909e-07,
          0.00014668019500500146
        ],
        "sterrs": [
          5.994798959360185e-05,
          3.953902451928006e-07,
          5.988193885569791e-05
        ],
        "ranks": [
          1,
          3,
          2
        ]
      },
      "5": {
        "means": [
          0.1076475901537,
          0.07761054780737334,
          0.10764927696091665
        ],
        "stds": [
          2.618063589999997e-05,
          2.0251809800022245e-06,
          2.6562867516663476e-05
        ],
        "sterrs": [
          1.0688199849431829e-05,
          8.26776672965839e-07,
          1.0844245253495943e-05
        ],
        "ranks": [
          2,
          1,
          3
        ]
      },
      "6": {
        "means": [
          0.1018406330506,
          0.08353105950038335,
          0.10184572729125001
        ],
        "stds": [
          5.5767455299997326e-05,
          1.4066590033311641e-06,
          5.498809728333304e-05
        ],
        "sterrs": [
          2.2766968289743808e-05,
          5.742661333755492e-07,
          2.2448796711781305e-05
        ],
        "ranks": [
          2,
          1,
          3
        ]
      },
      "7": {
        "means": [
          0.09927909401337832,
          0.08452679404821334,
          0.09928619321665832
        ],
        "stds": [
          3.7965443748332974e-05,
          4.042412836665714e-06,
          3.965393536167067e-05
        ],
        "sterrs": [
          1.5499327506958895e-05,
          1.650308129917953e-06,
          1.6188651321566577e-05
        ],
        "ranks": [
          2,
          1,
          3
        ]
      },
      "8": {
        "means": [
          0.09529914079546499,
          0.088827386485835,
          0.09530463287728834
        ],
        "stds": [
          6.227684646166697e-05,
          1.1577751016660812e-06,
          6.38302635549981e-05
        ],
        "sterrs": [
          2.542441610345602e-05,
          4.726597059968029e-07,
          2.6058595976185798e-05
        ],
        "ranks": [
          2,
          1,
          3
        ]
      },
      "9": {
        "means": [
          0.09634690950867168,
          0.08671120188680666,
          0.09634693183939332
        ],
        "stds": [
          6.394998663166604e-05,
          1.3151380748812928e-08,
          6.281132010666666e-05
        ],
        "sterrs": [
          2.6107472717564555e-05,
          5.369028707942237e-09,
          2.564261405532513e-05
        ],
        "ranks": [
          2,
          1,
          3
        ]
      }
    },
    "order_param": {
      "4": {
        "m": 0.15129457815325476,
        "err": 9.988930317828273e-07
      },
      "5": {
        "m": 0.117275353494757,
        "err": 1.6710915808207638e-06
      },
      "6": {
        "m": 0.10799100229845608,
        "err": 3.535485770181775e-06
      },
      "7": {
        "m": 0.10294355232407676,
        "err": 7.408023135147686e-06
      },
      "8": {
        "m": 0.0943945123264847,
        "err": 5.630715942851863e-06
      },
      "9": {
        "m": 0.09737354593278726,
        "err": 1.3186602746866596e-05
      }
    }
  }
}