selected,eligible,delta_exception,rejection_reason,candidate_id,texture,J2,D,chi,source,energy,reference_available,reference_energy,energy_difference,delta,delta_error,reference_delta,relative_delta_difference,eta,local_score,strongest,strongest_error,middle,middle_error,weakest,weakest_error,observation,tensor
True,True,False,,original_2c3:symmetry_restored:439dce8bf334,dimer-plaquette,0.26,5,0,original_2c3:symmetry_restored,-0.4327170350214,True,-0.4327170350214,0.0,0.08189144136625004,4.2849329390987774e-07,0.08189144136625004,0.0,0.9885524913170427,0.0,-0.39489855618990005,2.9620019997844693e-07,-0.31347584131670003,1.2926090000031643e-06,-0.31300711482365,3.0963194999622523e-07,D:\HyraiOn\ENS_Lyon\Internship\2026-EPFL\data\0713summary\J2_0p26\2tensor_twoC3\D_5\energy_magnetization_correlation.txt,D:\HyraiOn\ENS_Lyon\Internship\2026-EPFL\data\0713summary\J2_0p26\2tensor_twoC3\D_5\tensor_best.pt
True,True,False,,original_2c3:symmetry_restored:cf13d1bdc1f2,dimer-plaquette,0.265,5,0,original_2c3:symmetry_restored,-0.4317116373303,True,-0.4317116373303,0.0,0.2029802746674001,1.908224332251491e-06,0.2029802746674001,0.0,0.9638114407459726,0.0,-0.47012959151840006,1.0606013999825414e-06,-0.27082209869959994,5.246588000162866e-07,-0.26714931685099996,1.5863306000174495e-06,D:\HyraiOn\ENS_Lyon\Internship\2026-EPFL\data\0713summary\J2_0p265\2tensor_twoC3\D_5\energy_magnetization_correlation.txt,D:\HyraiOn\ENS_Lyon\Internship\2026-EPFL\data\0713summary\J2_0p265\2tensor_twoC3\D_5\tensor_best.pt
True,True,False,,original_2c3:symmetry_restored:9705b1823192,dimer-plaquette,0.27,5,0,original_2c3:symmetry_restored,-0.4303610380026,True,-0.4303610380026,0.0,0.21163748113800002,2.734674277065933e-06,0.21163748113800002,0.0,0.9656264118752367,0.0,-0.47484864856705,1.7354419499793215e-06,-0.26684853723324997,2.2797758500170406e-06,-0.26321116742905,2.1134532499911263e-06,D:\HyraiOn\ENS_Lyon\Internship\2026-EPFL\data\0713summary\J2_0p27\2tensor_twoC3\D_5\energy_magnetization_correlation.txt,D:\HyraiOn\ENS_Lyon\Internship\2026-EPFL\data\0713summary\J2_0p27\2tensor_twoC3\D_5\tensor_best.pt
True,True,False,,original_2c3:symmetry_restored:d95f1c58bf3d,dimer-plaquette,0.275,5,0,original_2c3:symmetry_restored,-0.4290383026651,True,-0.4290383026651,0.0,0.21918298638400002,2.2406236631213093e-06,0.21918298638400002,0.0,0.972076498736643,0.0,-0.4790185509239,6.936849999972239e-08,-0.26289574273849997,2.0164659999821755e-06,-0.2598355645399,2.239549600019375e-06,D:\HyraiOn\ENS_Lyon\Internship\2026-EPFL\data\0713summary\J2_0p275\2tensor_twoC3\D_5\energy_magnetization_correlation.txt,D:\HyraiOn\ENS_Lyon\Internship\2026-EPFL\data\0713summary\J2_0p275\2tensor_twoC3\D_5\tensor_best.pt
True,True,False,,original_2c3:c01675f8257c,dimer-plaquette,0.28,5,0,original_2c3,-0.4277485793095,True,-0.4277485793095,0.0,0.22665339739104995,2.4988947893902657e-06,0.22665339739104995,0.0,0.9526765041973142,0.0,-0.4821927192756,1.5291352999935448e-06,-0.26090233743459995,2.5074646000100564e-06,-0.25553932188455003,1.97641605001464e-06,D:\HyraiOn\ENS_Lyon\Internship\2026-EPFL\data\0713summary\J2_0p28\2tensor_twoC3\D_5\energy_magnetization_correlation.txt,D:\HyraiOn\ENS_Lyon\Internship\2026-EPFL\data\0713summary\J2_0p28\2tensor_twoC3\D_5\tensor_best.pt
True,True,False,,original_2c3:89a07ab624e0,dimer-plaquette,0.29,5,0,original_2c3,-0.4252467227038,True,-0.4252467227038,0.0,0.23990435088165,2.3776701656958374e-06,0.23990435088165,0.0,0.9663167101159145,0.0,-0.48933934773715,2.5539754999748254e-07,-0.2534753807531,1.435359699986094e-06,-0.2494349968555,2.3639136000064287e-06,D:\HyraiOn\ENS_Lyon\Internship\2026-EPFL\data\0713summary\J2_0p29\2tensor_twoC3\D_5\energy_magnetization_correlation.txt,D:\HyraiOn\ENS_Lyon\Internship\2026-EPFL\data\0713summary\J2_0p29\2tensor_twoC3\D_5\tensor_best.pt
True,True,False,,lastizar:last_D5_dimer_adiabatic:right:insurance1:875c7ac308fc,dimer-plaquette,0.3,5,50,lastizar:last_D5_dimer_adiabatic:right:insurance1,-0.4228576206174,True,-0.4228575645321,-5.608530001532941e-08,0.25365211969120005,2.45618374424229e-06,0.25483764403610004,0.0046520770092037525,0.9466765092975913,-0.009722827419561715,-0.49544746698845005,1.2556555001319578e-07,-0.24855815552024998,7.509590499998886e-07,-0.24179534729724997,2.4529720500099383e-06,D:\HyraiOn\ENS_Lyon\Internship\2026-EPFL\data\distinVBCsJ2Continuation\LastIzar\Results_LastIzar\task6_D5_dimer_adiabatic\J2_0p30\D_5_chi_50_energy_magnetization_correlation.txt,D:\HyraiOn\ENS_Lyon\Internship\2026-EPFL\data\distinVBCsJ2Continuation\LastIzar\Results_LastIzar\task6_D5_dimer_adiabatic\J2_0p30\sweep_D5_chi50_best.pt
False,True,False,,original_2c3:8c0bd11b836c,dimer-plaquette,0.3,5,0,original_2c3,-0.4228575645321,True,-0.4228575645321,0.0,0.25483764403610004,2.2257700575635497e-06,0.25483764403610004,0.0,0.9267618775032462,0.0,-0.49539137371900005,1.4932300002046262e-07,-0.24988564497825003,5.685069499883344e-07,-0.2405537296829,2.220755500006999e-06,D:\HyraiOn\ENS_Lyon\Internship\2026-EPFL\data\0713summary\J2_0p3\2tensor_twoC3\D_5\energy_magnetization_correlation.txt,D:\HyraiOn\ENS_Lyon\Internship\2026-EPFL\data\0713summary\J2_0p3\2tensor_twoC3\D_5\tensor_best.pt
True,True,False,,lastizar:last_D5_dimer_adiabatic:right:insurance1:4089d4bbd827,dimer-plaquette,0.31,5,50,lastizar:last_D5_dimer_adiabatic:right:insurance1,-0.4205759197443,True,-0.4205764796912,5.599469000139301e-07,0.26736364701905,2.6706971990326372e-06,0.26851339696074994,0.0042819090395999244,0.9236904233250289,-0.009749638237158622,-0.50128304050225,1.1352048500112843e-06,-0.24412059684435003,1.4025185499921824e-06,-0.2339193934832,2.417422899997357e-06,D:\HyraiOn\ENS_Lyon\Internship\2026-EPFL\data\distinVBCsJ2Continuation\LastIzar\Results_LastIzar\task6_D5_dimer_adiabatic\J2_0p31\D_5_chi_50_energy_magnetization_correlation.txt,D:\HyraiOn\ENS_Lyon\Internship\2026-EPFL\data\distinVBCsJ2Continuation\LastIzar\Results_LastIzar\task6_D5_dimer_adiabatic\J2_0p31\sweep_D5_chi50_best.pt
False,True,False,,original_2c3:bc36823f40f8,dimer-plaquette,0.31,5,0,original_2c3,-0.4205764796912,True,-0.4205764796912,0.0,0.26851339696074994,2.309416152517341e-06,0.26851339696074994,0.0,0.9069118863255317,0.0,-0.50127415592715,1.790428449999215e-06,-0.24525846177610003,5.023955500005339e-06,-0.2327607589664,1.4586874000077632e-06,D:\HyraiOn\ENS_Lyon\Internship\2026-EPFL\data\0713summary\J2_0p31\2tensor_twoC3\D_5\energy_magnetization_correlation.txt,D:\HyraiOn\ENS_Lyon\Internship\2026-EPFL\data\0713summary\J2_0p31\2tensor_twoC3\D_5\tensor_best.pt
True,True,False,,lastizar:last_D5_dimer_adiabatic:right:insurance1:f587c79bb0eb,dimer-plaquette,0.32,5,50,lastizar:last_D5_dimer_adiabatic:right:insurance1,-0.4184005742074,True,-0.4183991752452,-1.3989622000276647e-06,0.2806367692656,3.483127406706541e-06,0.2919804369607999,0.038850779912774955,0.9064728315046304,0.00941795843969055,-0.50694686408085,1.3700416500173063e-06,-0.2394336760178,1.4004804999995235e-06,-0.22631009481525,3.202368249993759e-06,D:\HyraiOn\ENS_Lyon\Internship\2026-EPFL\data\distinVBCsJ2Continuation\LastIzar\Results_LastIzar\task6_D5_dimer_adiabatic\J2_0p32\D_5_chi_50_energy_magnetization_correlation.txt,D:\HyraiOn\ENS_Lyon\Internship\2026-EPFL\data\distinVBCsJ2Continuation\LastIzar\Results_LastIzar\task6_D5_dimer_adiabatic\J2_0p32\sweep_D5_chi50_best.pt
False,True,False,,original_2c3:6102750f20fc,dimer-plaquette,0.32,5,0,original_2c3,-0.4183991752452,True,-0.4183991752452,0.0,0.2919804369607999,3.1627626835466415e-06,0.2919804369607999,0.0,0.7298056745637667,0.0,-0.5057531043595499,3.0629102499846184e-06,-0.25321839600135,6.349434850005942e-06,-0.21377266739875003,7.884469500063496e-07,D:\HyraiOn\ENS_Lyon\Internship\2026-EPFL\data\0713summary\J2_0p32\2tensor_twoC3\D_5\energy_magnetization_correlation.txt,D:\HyraiOn\ENS_Lyon\Internship\2026-EPFL\data\0713summary\J2_0p32\2tensor_twoC3\D_5\tensor_best.pt
False,False,False,relative Delta difference 130.4%>35%,lastizar:last_D6_dimer_adiabatic:left:insurance1:d83ba8e4b112,dimer-plaquette,0.26,6,72,lastizar:last_D6_dimer_adiabatic:left:insurance1,-0.4336004084423,True,-0.4336099793702,9.570927899993364e-06,0.19867040162285,8.449615870922041e-07,0.08621218209680004,1.3044353685396868,0.9868304207555445,inf,-0.4675843108567,8.00924399996239e-07,-0.27022211203269997,5.04216600000218e-07,-0.26891390923385,2.6922145002217235e-07,D:\HyraiOn\ENS_Lyon\Internship\2026-EPFL\data\distinVBCsJ2Continuation\LastIzar\Results_LastIzar\task7_D6_dimer_adiabatic\J2_0p26\D_6_chi_72_energy_magnetization_correlation.txt,D:\HyraiOn\ENS_Lyon\Internship\2026-EPFL\data\distinVBCsJ2Continuation\LastIzar\Results_LastIzar\task7_D6_dimer_adiabatic\J2_0p26\sweep_D6_chi72_best.pt
True,True,False,,original_2c3:symmetry_restored:e7bf9e8a0c90,dimer-plaquette,0.26,6,0,original_2c3:symmetry_restored,-0.4336099793702,True,-0.4336099793702,0.0,0.08621218209680004,2.72420431395234e-06,0.08621218209680004,0.0,-0.8827046638020861,0.0,-0.36946001015475,2.2908189499792897e-06,-0.36440386671305003,1.2961683500123389e-06,-0.28324782805794996,1.474258350009361e-06,D:\HyraiOn\ENS_Lyon\Internship\2026-EPFL\data\0713summary\J2_0p26\2tensor_twoC3\D_6\energy_magnetization_correlation.txt,D:\HyraiOn\ENS_Lyon\Internship\2026-EPFL\data\0713summary\J2_0p26\2tensor_twoC3\D_6\tensor_best.pt
False,False,False,relative Delta difference 40.8%>35%,lastizar:last_D6_dimer_adiabatic:left:insurance1:fa0b771ae676,dimer-plaquette,0.265,6,72,lastizar:last_D6_dimer_adiabatic:left:insurance1,-0.4322752450221,True,-0.4322609832064,-1.426181570002294e-05,0.20565359614970008,8.372507186729657e-07,0.14605806794575,0.4080262668275573,0.9921581807437683,inf,-0.47124972821555006,6.633271499856264e-07,-0.26640248123105,5.651986499932704e-07,-0.26559613206585,5.1086775001985e-07,D:\HyraiOn\ENS_Lyon\Internship\2026-EPFL\data\distinVBCsJ2Continuation\LastIzar\Results_LastIzar\task7_D6_dimer_adiabatic\J2_0p265\D_6_chi_72_energy_magnetization_correlation.txt,D:\HyraiOn\ENS_Lyon\Internship\2026-EPFL\data\distinVBCsJ2Continuation\LastIzar\Results_LastIzar\task7_D6_dimer_adiabatic\J2_0p265\sweep_D6_chi72_best.pt
True,True,False,,original_2c3:symmetry_restored:289638e242d0,dimer-plaquette,0.265,6,0,original_2c3:symmetry_restored,-0.4322609832064,True,-0.4322609832064,0.0,0.14605806794575,1.5396811587225247e-06,0.14605806794575,0.0,-0.973406300341843,0.0,-0.38608523812085,1.4114509500062766e-06,-0.38414312592505,5.181706149992582e-06,-0.2400271701751,6.151620000061087e-07,D:\HyraiOn\ENS_Lyon\Internship\2026-EPFL\data\0713summary\J2_0p265\2tensor_twoC3\D_6\energy_magnetization_correlation.txt,D:\HyraiOn\ENS_Lyon\Internship\2026-EPFL\data\0713summary\J2_0p265\2tensor_twoC3\D_6\tensor_best.pt
False,True,False,,lastizar:last_D6_dimer_adiabatic:left:insurance1:2620e895b71c,dimer-plaquette,0.27,6,72,lastizar:last_D6_dimer_adiabatic:left:insurance1,-0.430983020931,True,-0.4309779074683,-5.1134626999904675e-06,0.2126733441311,7.701956631257071e-07,0.22008162789820007,0.03366152748800462,0.9887681885731407,0.00141103497937853,-0.4746347206521,6.879909000001572e-07,-0.2631557299694,2.4448079999350725e-07,-0.261961376521,3.462222999961461e-07,D:\HyraiOn\ENS_Lyon\Internship\2026-EPFL\data\distinVBCsJ2Continuation\LastIzar\Results_LastIzar\task7_D6_dimer_adiabatic\J2_0p27\D_6_chi_72_energy_magnetization_correlation.txt,D:\HyraiOn\ENS_Lyon\Internship\2026-EPFL\data\distinVBCsJ2Continuation\LastIzar\Results_LastIzar\task7_D6_dimer_adiabatic\J2_0p27\sweep_D6_chi72_best.pt
True,True,False,,original_2c3:symmetry_restored:3d2c76a6bb1b,dimer-plaquette,0.27,6,0,original_2c3:symmetry_restored,-0.4309779074683,True,-0.4309779074683,0.0,0.22008162789820007,4.1388035324369546e-07,0.22008162789820007,0.0,0.7619139722506183,0.0,-0.47155352294050007,1.5449500012643114e-08,-0.27767107532574997,2.8131475002246553e-07,-0.2514718950423,4.135919000058941e-07,D:\HyraiOn\ENS_Lyon\Internship\2026-EPFL\data\0713summary\J2_0p27\2tensor_twoC3\D_6\energy_magnetization_correlation.txt,D:\HyraiOn\ENS_Lyon\Internship\2026-EPFL\data\0713summary\J2_0p27\2tensor_twoC3\D_6\tensor_best.pt
True,True,False,,original_2c3:symmetry_restored:eaa294d6d018,dimer-plaquette,0.275,6,0,original_2c3:symmetry_restored,-0.4297234152874,True,-0.4297234152874,0.0,0.21934564037700005,7.670639617464571e-07,0.21934564037700005,0.0,0.9884846801046114,0.0,-0.47788281843815006,7.44463049984212e-07,-0.25980009566945,6.954674999781751e-08,-0.25853717806115,1.8482934999175527e-07,D:\HyraiOn\ENS_Lyon\Internship\2026-EPFL\data\0713summary\J2_0p275\2tensor_twoC3\D_6\energy_magnetization_correlation.txt,D:\HyraiOn\ENS_Lyon\Internship\2026-EPFL\data\0713summary\J2_0p275\2tensor_twoC3\D_6\tensor_best.pt
False,True,False,,catalog:izar_replica1_small_h:dimer-plaquette:d2929d4d6004,dimer-plaquette,0.28,6,72,catalog:izar_replica1_small_h:dimer-plaquette,-0.4284800661376,True,-0.4284879576922,7.891554600014672e-06,0.227458442365,3.7908261715358147e-07,0.22547839859175006,0.00878152313310956,0.9911737258774573,-0.010299094398471435,-0.48215124838955,1.9568494999400163e-07,-0.25569661130645,1.2608194999153e-07,-0.25469280602454997,3.246706500037444e-07,D:\HyraiOn\ENS_Lyon\Internship\2026-EPFL\data\distinVBCsSmallH\Results_Izar_replica1\J2_0.28\D_6\orientation_2\dimer-plaquette\replica_1\h_0\D_6_chi_72_energy_magnetization_correlation.txt,D:\HyraiOn\ENS_Lyon\Internship\2026-EPFL\data\distinVBCsSmallH\Results_Izar_replica1\J2_0.28\D_6\orientation_2\dimer-plaquette\replica_1\h_0\sweep_D6_chi72_best.pt
True,True,False,,catalog:izar_replica1_small_h:plaquette:0c6d56a214ca,dimer-plaquette,0.28,6,72,catalog:izar_replica1_small_h:plaquette,-0.4284969114549,True,-0.4284879576922,-8.953762699992485e-06,0.22536898680160006,1.0019009934626695e-06,0.22547839859175006,0.00048524289170646923,0.9971084527150418,-0.010388492779112584,-0.48101188337985,9.727206499998697e-07,-0.25596872911919993,4.5251000002632935e-08,-0.25564289657824996,2.4004195001148254e-07,D:\HyraiOn\ENS_Lyon\Internship\2026-EPFL\data\distinVBCsSmallH\Results_Izar_replica1\J2_0.28\D_6\orientation_2\plaquette\replica_1\h_0\D_6_chi_72_energy_magnetization_correlation.txt,D:\HyraiOn\ENS_Lyon\Internship\2026-EPFL\data\distinVBCsSmallH\Results_Izar_replica1\J2_0.28\D_6\orientation_2\plaquette\replica_1\h_0\sweep_D6_chi72_best.pt
False,True,False,,original_2c3:7aec4aad5120,dimer-plaquette,0.28,6,0,original_2c3,-0.4284879576922,True,-0.4284879576922,0.0,0.22547839859175006,4.281531658590689e-07,0.22547839859175006,0.0,0.9814312979170094,0.0,-0.4805231309269,4.2573580000260236e-07,-0.25713815293994996,6.025631500150563e-07,-0.25504473233514996,4.543304998883002e-08,D:\HyraiOn\ENS_Lyon\Internship\2026-EPFL\data\0713summary\J2_0p28\2tensor_twoC3\D_6\energy_magnetization_correlation.txt,D:\HyraiOn\ENS_Lyon\Internship\2026-EPFL\data\0713summary\J2_0p28\2tensor_twoC3\D_6\tensor_best.pt
False,True,False,,catalog:izar_replica1_small_h:dimer-plaquette:6d73dce328b1,dimer-plaquette,0.29,6,72,catalog:izar_replica1_small_h:dimer-plaquette,-0.4261384302902,True,-0.4261398470472,1.4167569999945506e-06,0.23814945972589996,8.190933214858905e-07,0.23807386139715003,0.00031754149030167834,0.9987570621838042,-0.014298349322893117,-0.48714352477225,5.168429499935456e-07,-0.24914206753104998,3.6820205000231976e-07,-0.24899406504635002,6.354425499954797e-07,D:\HyraiOn\ENS_Lyon\Internship\2026-EPFL\data\distinVBCsSmallH\Results_Izar_replica1\J2_0.29\D_6\orientation_2\dimer-plaquette\replica_1\h_0\D_6_chi_72_energy_magnetization_correlation.txt,D:\HyraiOn\ENS_Lyon\Internship\2026-EPFL\data\distinVBCsSmallH\Results_Izar_replica1\J2_0.29\D_6\orientation_2\dimer-plaquette\replica_1\h_0\sweep_D6_chi72_best.pt
True,True,False,,catalog:izar_replica1_small_h:plaquette:f180e36dde81,dimer-plaquette,0.29,6,72,catalog:izar_replica1_small_h:plaquette,-0.4261390270226,True,-0.4261398470472,8.200246000011902e-07,0.238748245867,7.174240084353372e-07,0.23807386139715003,0.002832669096440495,0.9867784154684069,-0.014263670600882555,-0.48705973410764997,6.130701500073332e-07,-0.24988980329790003,7.796379999924774e-07,-0.24831148824064997,3.7261534999166734e-07,D:\HyraiOn\ENS_Lyon\Internship\2026-EPFL\data\distinVBCsSmallH\Results_Izar_replica1\J2_0.29\D_6\orientation_2\plaquette\replica_1\h_0\D_6_chi_72_energy_magnetization_correlation.txt,D:\HyraiOn\ENS_Lyon\Internship\2026-EPFL\data\distinVBCsSmallH\Results_Izar_replica1\J2_0.29\D_6\orientation_2\plaquette\replica_1\h_0\sweep_D6_chi72_best.pt
False,True,False,,original_2c3:ecc6ca837ead,dimer-plaquette,0.29,6,0,original_2c3,-0.4261398470472,True,-0.4261398470472,0.0,0.23807386139715003,1.195194069589152e-06,0.23807386139715003,0.0,0.9991734284728062,0.0,-0.48710367089280004,1.0443349000022193e-06,-0.24912820203325,1.0494054999976576e-07,-0.24902980949565,5.812516499920095e-07,D:\HyraiOn\ENS_Lyon\Internship\2026-EPFL\data\0713summary\J2_0p29\2tensor_twoC3\D_6\energy_magnetization_correlation.txt,D:\HyraiOn\ENS_Lyon\Internship\2026-EPFL\data\0713summary\J2_0p29\2tensor_twoC3\D_6\tensor_best.pt
False,True,False,,catalog:izar_replica1_small_h:dimer-plaquette:d1e3974a9056,dimer-plaquette,0.3,6,72,catalog:izar_replica1_small_h:dimer-plaquette,-0.4238936032151,True,-0.423910796932,1.719371690001026e-05,0.25264658931429995,1.369187791835517e-06,0.25126082867335,0.005515227535731495,0.9903448052003372,0.0007705420469523213,-0.493946028123,1.2946919999978768e-07,-0.24251911482635002,3.827224500096981e-07,-0.2412994388087,1.363052799990827e-06,D:\HyraiOn\ENS_Lyon\Internship\2026-EPFL\data\distinVBCsSmallH\Results_Izar_replica1\J2_0.30\D_6\orientation_0\dimer-plaquette\replica_1\h_0\D_6_chi_72_energy_magnetization_correlation.txt,D:\HyraiOn\ENS_Lyon\Internship\2026-EPFL\data\distinVBCsSmallH\Results_Izar_replica1\J2_0.30\D_6\orientation_0\dimer-plaquette\replica_1\h_0\sweep_D6_chi72_best.pt
True,True,False,,catalog:izar_replica1_small_h:plaquette:472ab9fe4b10,dimer-plaquette,0.3,6,72,catalog:izar_replica1_small_h:plaquette,-0.4239102515131,True,-0.423910796932,5.454188999887144e-07,0.25122799589230005,9.354664822916661e-07,0.25126082867335,0.00013067210365931586,0.9840401257146558,-0.01438490734863372,-0.49272321284090004,5.837262999908166e-07,-0.24350000056430002,1.8844376000054508e-06,-0.2414952169486,7.310000999932731e-07,D:\HyraiOn\ENS_Lyon\Internship\2026-EPFL\data\distinVBCsSmallH\Results_Izar_replica1\J2_0.30\D_6\orientation_0\plaquette\replica_1\h_0\D_6_chi_72_energy_magnetization_correlation.txt,D:\HyraiOn\ENS_Lyon\Internship\2026-EPFL\data\distinVBCsSmallH\Results_Izar_replica1\J2_0.30\D_6\orientation_0\plaquette\replica_1\h_0\sweep_D6_chi72_best.pt
False,True,False,,catalog:kuma_replica1:dimer-plaquette:245c4aa1dd5b,dimer-plaquette,0.3,6,72,catalog:kuma_replica1:dimer-plaquette,-0.4238934590345,True,-0.423910796932,1.73378975000249e-05,0.252569858963,1.2325341679380039e-06,0.25126082867335,0.005209846264384535,0.9921570623021567,0.0009775584617295607,-0.4939679807162,1.7298890001016254e-07,-0.2423885665873,6.911560000710804e-08,-0.2413981217532,1.2203340999938916e-06,D:\HyraiOn\ENS_Lyon\Internship\2026-EPFL\data\distinVBCs\Results_Kuma_replica1\J2_0.30\D_6\orientation_0\dimer-plaquette\replica_1\h_0p0\D_6_chi_72_energy_magnetization_correlation.txt,D:\HyraiOn\ENS_Lyon\Internship\2026-EPFL\data\distinVBCs\Results_Kuma_replica1\J2_0.30\D_6\orientation_0\dimer-plaquette\replica_1\h_0p0\sweep_D6_chi72_best.pt
False,True,False,,catalog:kuma_replica1:plaquette:523b69f8f9bc,dimer-plaquette,0.3,6,72,catalog:kuma_replica1:plaquette,-0.4239100655205,True,-0.423910796932,7.314115000323085e-07,0.2504775399102499,1.1335450428590449e-06,0.25126082867335,0.003117432857464566,0.9971187571913294,-0.01424885649933479,-0.49277223394169994,7.636077999917389e-07,-0.24265553733675002,4.12514999936775e-09,-0.24229469403145001,8.37751450002977e-07,D:\HyraiOn\ENS_Lyon\Internship\2026-EPFL\data\distinVBCs\Results_Kuma_replica1\J2_0.30\D_6\orientation_0\plaquette\replica_1\h_0p0\D_6_chi_72_energy_magnetization_correlation.txt,D:\HyraiOn\ENS_Lyon\Internship\2026-EPFL\data\distinVBCs\Results_Kuma_replica1\J2_0.30\D_6\orientation_0\plaquette\replica_1\h_0p0\sweep_D6_chi72_best.pt
False,True,False,,catalog:kuma_replica1:rank-split:db216364b5b2,dimer-plaquette,0.3,6,72,catalog:kuma_replica1:rank-split,-0.4238938710936,True,-0.423910796932,1.6925838400017046e-05,0.25323760572895,1.2147444390391858e-06,0.25126082867335,0.007867430295590986,0.9789259042066909,0.0007164749582111579,-0.49386282947515,1.3210024998877579e-07,-0.24329360052700003,5.504828999997047e-07,-0.2406252237462,1.2075403000022522e-06,D:\HyraiOn\ENS_Lyon\Internship\2026-EPFL\data\distinVBCs\Results_Kuma_replica1\J2_0.30\D_6\orientation_0\rank-split\replica_1\h_0p0\D_6_chi_72_energy_magnetization_correlation.txt,D:\HyraiOn\ENS_Lyon\Internship\2026-EPFL\data\distinVBCs\Results_Kuma_replica1\J2_0.30\D_6\orientation_0\rank-split\replica_1\h_0p0\sweep_D6_chi72_best.pt
False,True,False,,original_2c3:b7628b901f7d,dimer-plaquette,0.3,6,0,original_2c3,-0.423910796932,True,-0.423910796932,0.0,0.25126082867335,1.677843923604071e-06,0.25126082867335,0.0,0.9851420086480993,0.0,-0.49279050374929995,8.275873000229695e-07,-0.24339629068569998,1.784432000079272e-07,-0.24152967507595,1.459540849998997e-06,D:\HyraiOn\ENS_Lyon\Internship\2026-EPFL\data\0713summary\J2_0p3\2tensor_twoC3\D_6\energy_magnetization_correlation.txt,D:\HyraiOn\ENS_Lyon\Internship\2026-EPFL\data\0713summary\J2_0p3\2tensor_twoC3\D_6\tensor_best.pt
False,True,False,,catalog:izar_replica1_small_h:dimer-plaquette:cb5f4aeebf4d,dimer-plaquette,0.31,6,72,catalog:izar_replica1_small_h:dimer-plaquette,-0.4217897311078,True,-0.4217907597649,1.0286570999995526e-06,0.26381038402830004,3.3951053853908945e-07,0.263661318776,0.000565366406388417,0.9990786124780671,-0.014343001847110579,-0.49922471384955003,3.272340499960169e-07,-0.23553586561925002,9.73317049998701e-07,-0.23541432982125,9.047254999339227e-08,D:\HyraiOn\ENS_Lyon\Internship\2026-EPFL\data\distinVBCsSmallH\Results_Izar_replica1\J2_0.31\D_6\orientation_0\dimer-plaquette\replica_1\h_0\D_6_chi_72_energy_magnetization_correlation.txt,D:\HyraiOn\ENS_Lyon\Internship\2026-EPFL\data\distinVBCsSmallH\Results_Izar_replica1\J2_0.31\D_6\orientation_0\dimer-plaquette\replica_1\h_0\sweep_D6_chi72_best.pt
False,True,False,,catalog:izar_replica1_small_h:plaquette:56a6ab803c4e,dimer-plaquette,0.31,6,72,catalog:izar_replica1_small_h:plaquette,-0.4218083330675,True,-0.4217907597649,-1.7573302599993568e-05,0.2624938105561,6.256296960963112e-07,0.263661318776,0.004428060306001548,0.9888446041249643,0.0012920270048889394,-0.49786498270275,4.99361249989283e-07,-0.23683528333239998,2.9308089999902087e-06,-0.23537117214665002,3.768963500044853e-07,D:\HyraiOn\ENS_Lyon\Internship\2026-EPFL\data\distinVBCsSmallH\Results_Izar_replica1\J2_0.31\D_6\orientation_0\plaquette\replica_1\h_0\D_6_chi_72_energy_magnetization_correlation.txt,D:\HyraiOn\ENS_Lyon\Internship\2026-EPFL\data\distinVBCsSmallH\Results_Izar_replica1\J2_0.31\D_6\orientation_0\plaquette\replica_1\h_0\sweep_D6_chi72_best.pt
True,True,False,,original_2c3:85ab3e5c6b1d,dimer-plaquette,0.31,6,0,original_2c3,-0.4217907597649,True,-0.4217907597649,0.0,0.263661318776,1.4690153286616782e-06,0.263661318776,0.0,0.9755592528270147,0.0,-0.4981207416984,1.0331346000092e-06,-0.23768146273814997,5.526203500083593e-07,-0.23445942292239996,1.0443366000034704e-06,D:\HyraiOn\ENS_Lyon\Internship\2026-EPFL\data\0713summary\J2_0p31\2tensor_twoC3\D_6\energy_magnetization_correlation.txt,D:\HyraiOn\ENS_Lyon\Internship\2026-EPFL\data\0713summary\J2_0p31\2tensor_twoC3\D_6\tensor_best.pt
False,True,False,,catalog:izar_replica1_small_h:dimer-plaquette:7903e12da1f5,dimer-plaquette,0.32,6,72,catalog:izar_replica1_small_h:dimer-plaquette,-0.419828551119,True,-0.4198309439578,2.3928387999916367e-06,0.27434286960684995,1.7967642756391262e-06,0.27605716621074994,0.00620993335341002,0.9818873640229062,-0.013620106239014164,-0.5028351479690999,3.2643530001319476e-07,-0.2309768146273,4.286840999956354e-07,-0.22849227836224997,1.7668621500044335e-06,D:\HyraiOn\ENS_Lyon\Internship\2026-EPFL\data\distinVBCsSmallH\Results_Izar_replica1\J2_0.32\D_6\orientation_1\dimer-plaquette\replica_1\h_0\D_6_chi_72_energy_magnetization_correlation.txt,D:\HyraiOn\ENS_Lyon\Internship\2026-EPFL\data\distinVBCsSmallH\Results_Izar_replica1\J2_0.32\D_6\orientation_1\dimer-plaquette\replica_1\h_0\sweep_D6_chi72_best.pt
False,True,False,,catalog:izar_replica1_small_h:plaquette:74b9f52f8766,dimer-plaquette,0.32,6,72,catalog:izar_replica1_small_h:plaquette,-0.4198308959784,True,-0.4198309439578,4.7979400008557604e-08,0.27367238771065017,2.7950289617429888e-06,0.27605716621074994,0.008638712527676833,0.9865900787017639,-0.013444654765919982,-0.5026039979400001,1.667786900028112e-06,-0.2307665728197,6.165285000026e-07,-0.22893161022934996,2.2429163499954052e-06,D:\HyraiOn\ENS_Lyon\Internship\2026-EPFL\data\distinVBCsSmallH\Results_Izar_replica1\J2_0.32\D_6\orientation_1\plaquette\replica_1\h_0\D_6_chi_72_energy_magnetization_correlation.txt,D:\HyraiOn\ENS_Lyon\Internship\2026-EPFL\data\distinVBCsSmallH\Results_Izar_replica1\J2_0.32\D_6\orientation_1\plaquette\replica_1\h_0\sweep_D6_chi72_best.pt
True,True,False,,original_2c3:415e3b6397c6,dimer-plaquette,0.32,6,0,original_2c3,-0.4198309439578,True,-0.4198309439578,0.0,0.27605716621074994,8.068042098265809e-07,0.27605716621074994,0.0,0.950971854659381,0.0,-0.5025396467990499,8.043482499497934e-07,-0.23324976602195002,3.5159449500027362e-06,-0.2264824805883,6.29040999983177e-08,D:\HyraiOn\ENS_Lyon\Internship\2026-EPFL\data\0713summary\J2_0p32\2tensor_twoC3\D_6\energy_magnetization_correlation.txt,D:\HyraiOn\ENS_Lyon\Internship\2026-EPFL\data\0713summary\J2_0p32\2tensor_twoC3\D_6\tensor_best.pt
False,False,False,retired D7/J2=.26 dimer data,legacy:s002:left:insurance1:744de3505477,dimer-plaquette,0.26,7,91,legacy:s002:left:insurance1,-0.4340500645004,True,-0.4341051449691,5.508046870000838e-05,0.09155485041334993,2.946505165880397e-06,0.01417680917225006,5.4580717212841545,-0.6730842067124885,inf,-0.3733346412188499,2.426306949993018e-06,-0.35836927794275003,1.367209950003945e-06,-0.2817797908055,1.671803600000743e-06,D:\HyraiOn\ENS_Lyon\Internship\2026-EPFL\data\distinVBCsJ2Continuation\Results_Izar_J2_sequences\s002_J2_0p3_D_7_dimer-plaquette\left\insurance_1\J2_0p26\D_7_chi_91_energy_magnetization_correlation.txt,D:\HyraiOn\ENS_Lyon\Internship\2026-EPFL\data\distinVBCsJ2Continuation\Results_Izar_J2_sequences\s002_J2_0p3_D_7_dimer-plaquette\left\insurance_1\J2_0p26\sweep_D7_chi91_best.pt
False,False,False,retired D7/J2=.26 dimer data,legacy:s002:left:insurance2:fb1cb35303c1,dimer-plaquette,0.26,7,91,legacy:s002:left:insurance2,-0.4340531740528,True,-0.4341051449691,5.197091630004813e-05,0.08293698191934995,2.9327854100176965e-06,0.01417680917225006,4.8501868023795005,-0.6395350627121754,inf,-0.37054551764175,2.8200276499801284e-06,-0.35559758064855,1.6371844999141238e-07,-0.2876085357224,8.054031999937816e-07,D:\HyraiOn\ENS_Lyon\Internship\2026-EPFL\data\distinVBCsJ2Continuation\Results_Izar_J2_sequences\s002_J2_0p3_D_7_dimer-plaquette\left\insurance_2\J2_0p26\D_7_chi_91_energy_magnetization_correlation.txt,D:\HyraiOn\ENS_Lyon\Internship\2026-EPFL\data\distinVBCsJ2Continuation\Results_Izar_J2_sequences\s002_J2_0p3_D_7_dimer-plaquette\left\insurance_2\J2_0p26\sweep_D7_chi91_best.pt
False,False,False,retired D7/J2=.26 dimer data,original_2c3:symmetry_restored:adf95ecb6dc7,dimer-plaquette,0.26,7,0,original_2c3:symmetry_restored,-0.4341051449691,True,-0.4341051449691,0.0,0.01417680917225006,2.3794697008475992e-06,0.01417680917225006,0.0,0.5746016693019447,inf,-0.34696984024445005,1.284303499937689e-07,-0.33580842655045,3.5095724499889513e-06,-0.3327930310722,2.3760012000106907e-06,D:\HyraiOn\ENS_Lyon\Internship\2026-EPFL\data\0713summary\J2_0p26\2tensor_twoC3\D_7\energy_magnetization_correlation.txt,D:\HyraiOn\ENS_Lyon\Internship\2026-EPFL\data\0713summary\J2_0p26\2tensor_twoC3\D_7\tensor_best.pt
False,False,False,relative Delta difference 123.2%>35%,legacy:s002:left:insurance1:302185d06168,dimer-plaquette,0.265,7,91,legacy:s002:left:insurance1,-0.4325382533838,True,-0.4326901470531,0.00015189366930001835,0.19589183642835012,3.696938372887145e-07,0.08777759335239999,1.2316838380599564,0.9969827696356481,inf,-0.46464643312235004,1.2438874999465277e-07,-0.26905012209250007,7.749879998852904e-08,-0.2687545966939999,3.4813929999932824e-07,D:\HyraiOn\ENS_Lyon\Internship\2026-EPFL\data\distinVBCsJ2Continuation\Results_Izar_J2_sequences\s002_J2_0p3_D_7_dimer-plaquette\left\insurance_1\J2_0p265\D_7_chi_91_energy_magnetization_correlation.txt,D:\HyraiOn\ENS_Lyon\Internship\2026-EPFL\data\distinVBCsJ2Continuation\Results_Izar_J2_sequences\s002_J2_0p3_D_7_dimer-plaquette\left\insurance_1\J2_0p265\sweep_D7_chi91_best.pt
False,False,False,relative Delta difference 122.0%>35%,legacy:s002:left:insurance2:49859e3a270b,dimer-plaquette,0.265,7,91,legacy:s002:left:insurance2,-0.4325386595502,True,-0.4326901470531,0.00015148750290000512,0.1949052875399001,3.729603884974259e-07,0.08777759335239999,1.2204446498939137,0.9992981580339513,inf,-0.46409503556040005,1.1034710001300851e-07,-0.2692581443756001,8.452599981056963e-09,-0.26918974802049994,3.562625000008701e-07,D:\HyraiOn\ENS_Lyon\Internship\2026-EPFL\data\distinVBCsJ2Continuation\Results_Izar_J2_sequences\s002_J2_0p3_D_7_dimer-plaquette\left\insurance_2\J2_0p265\D_7_chi_91_energy_magnetization_correlation.txt,D:\HyraiOn\ENS_Lyon\Internship\2026-EPFL\data\distinVBCsJ2Continuation\Results_Izar_J2_sequences\s002_J2_0p3_D_7_dimer-plaquette\left\insurance_2\J2_0p265\sweep_D7_chi91_best.pt
True,True,False,,original_2c3:symmetry_restored:999f1ff492f0,dimer-plaquette,0.265,7,0,original_2c3:symmetry_restored,-0.4326901470531,True,-0.4326901470531,0.0,0.08777759335239999,1.2481879749623734e-06,0.08777759335239999,0.0,-0.9891076436971604,0.0,-0.36604659236535,4.6164675002180466e-07,-0.3655685399542499,7.325961550008753e-06,-0.27826899901295,1.1596790500112417e-06,D:\HyraiOn\ENS_Lyon\Internship\2026-EPFL\data\0713summary\J2_0p265\2tensor_twoC3\D_7\energy_magnetization_correlation.txt,D:\HyraiOn\ENS_Lyon\Internship\2026-EPFL\data\0713summary\J2_0p265\2tensor_twoC3\D_7\tensor_best.pt
False,False,False,relative Delta difference 316.2%>35%,legacy:s002:left:insurance1:dcf2e4550315,dimer-plaquette,0.27,7,91,legacy:s002:left:insurance1,-0.4312592400066,True,-0.4313330541337,7.381412710000257e-05,0.20376439100075,3.492258077549485e-07,0.04896310863239994,3.1615901582260797,0.9920441256539563,inf,-0.46850153536805,9.994794999967917e-08,-0.26554770631280006,3.067418000157751e-07,-0.2647371443673,3.3461780002408403e-07,D:\HyraiOn\ENS_Lyon\Internship\2026-EPFL\data\distinVBCsJ2Continuation\Results_Izar_J2_sequences\s002_J2_0p3_D_7_dimer-plaquette\left\insurance_1\J2_0p27\D_7_chi_91_energy_magnetization_correlation.txt,D:\HyraiOn\ENS_Lyon\Internship\2026-EPFL\data\distinVBCsJ2Continuation\Results_Izar_J2_sequences\s002_J2_0p3_D_7_dimer-plaquette\left\insurance_1\J2_0p27\sweep_D7_chi91_best.pt
False,False,False,relative Delta difference 316.2%>35%,legacy:s002:left:insurance2:8452e1824121,dimer-plaquette,0.27,7,91,legacy:s002:left:insurance2,-0.431258870808,True,-0.4313330541337,7.418332569997244e-05,0.2037799235363001,3.8586647136263366e-07,0.04896310863239994,3.1619073875847525,0.9923392750462883,inf,-0.46852245801100006,1.770718000004834e-07,-0.26552308544735,3.470725500054339e-07,-0.2647425344747,3.428389000192933e-07,D:\HyraiOn\ENS_Lyon\Internship\2026-EPFL\data\distinVBCsJ2Continuation\Results_Izar_J2_sequences\s002_J2_0p3_D_7_dimer-plaquette\left\insurance_2\J2_0p27\D_7_chi_91_energy_magnetization_correlation.txt,D:\HyraiOn\ENS_Lyon\Internship\2026-EPFL\data\distinVBCsJ2Continuation\Results_Izar_J2_sequences\s002_J2_0p3_D_7_dimer-plaquette\left\insurance_2\J2_0p27\sweep_D7_chi91_best.pt
True,True,False,,original_2c3:symmetry_restored:d15f5b2312e9,dimer-plaquette,0.27,7,0,original_2c3:symmetry_restored,-0.4313330541337,True,-0.4313330541337,0.0,0.04896310863239994,3.1405232284402867e-06,0.04896310863239994,0.0,0.353979589460361,0.0,-0.36344217911109994,1.379774900001074e-06,-0.33029465424869997,2.5286476000030422e-06,-0.3144790704787,2.821188999996283e-06,D:\HyraiOn\ENS_Lyon\Internship\2026-EPFL\data\0713summary\J2_0p27\2tensor_twoC3\D_7\energy_magnetization_correlation.txt,D:\HyraiOn\ENS_Lyon\Internship\2026-EPFL\data\0713summary\J2_0p27\2tensor_twoC3\D_7\tensor_best.pt
False,False,False,relative Delta difference 35.5%>35%,legacy:s002:left:insurance1:23a00428fe61,dimer-plaquette,0.275,7,91,legacy:s002:left:insurance1,-0.4299628230012,True,-0.4300468913218,8.406832060003921e-05,0.21819440282175,2.0411193415075314e-07,0.16101055798735003,0.3551558702063046,0.9999499793653781,inf,-0.4768233976064,1.155999999891133e-07,-0.25863445189590006,7.870409999832795e-07,-0.25862899478465,1.6822105000646737e-07,D:\HyraiOn\ENS_Lyon\Internship\2026-EPFL\data\distinVBCsJ2Continuation\Results_Izar_J2_sequences\s002_J2_0p3_D_7_dimer-plaquette\left\insurance_1\J2_0p275\D_7_chi_91_energy_magnetization_correlation.txt,D:\HyraiOn\ENS_Lyon\Internship\2026-EPFL\data\distinVBCsJ2Continuation\Results_Izar_J2_sequences\s002_J2_0p3_D_7_dimer-plaquette\left\insurance_1\J2_0p275\sweep_D7_chi91_best.pt
False,False,False,relative Delta difference 35.6%>35%,legacy:s002:left:insurance2:f0fbe67ae6dd,dimer-plaquette,0.275,7,91,legacy:s002:left:insurance2,-0.4299628281356,True,-0.4300468913218,8.406318620002295e-05,0.21827495540715008,7.918118695917435e-07,0.16101055798735003,0.35565616401564853,0.9984114483782474,inf,-0.47682190322975004,1.1652355000335568e-07,-0.25872031833979997,1.6579170000752264e-07,-0.25854694782259996,7.831911000011349e-07,D:\HyraiOn\ENS_Lyon\Internship\2026-EPFL\data\distinVBCsJ2Continuation\Results_Izar_J2_sequences\s002_J2_0p3_D_7_dimer-plaquette\left\insurance_2\J2_0p275\D_7_chi_91_energy_magnetization_correlation.txt,D:\HyraiOn\ENS_Lyon\Internship\2026-EPFL\data\distinVBCsJ2Continuation\Results_Izar_J2_sequences\s002_J2_0p3_D_7_dimer-plaquette\left\insurance_2\J2_0p275\sweep_D7_chi91_best.pt
True,True,False,,original_2c3:symmetry_restored:ae551eca2ad6,dimer-plaquette,0.275,7,0,original_2c3:symmetry_restored,-0.4300468913218,True,-0.4300468913218,0.0,0.16101055798735003,2.5727072063779474e-06,0.16101055798735003,0.0,-0.9705834211140854,1.507251483746435,-0.3878101415194,2.416226399987176e-06,-0.38544195162915,1.6267262500091473e-06,-0.22679958353205,8.835566499970637e-07,D:\HyraiOn\ENS_Lyon\Internship\2026-EPFL\data\0713summary\J2_0p275\2tensor_twoC3\D_7\energy_magnetization_correlation.txt,D:\HyraiOn\ENS_Lyon\Internship\2026-EPFL\data\0713summary\J2_0p275\2tensor_twoC3\D_7\tensor_best.pt
False,True,False,,legacy:s002:left:insurance1:362ab860daed,dimer-plaquette,0.28,7,91,legacy:s002:left:insurance1,-0.4287597121651,True,-0.4289195349411,0.00015982277600001815,0.22406207436255,7.500950959463353e-07,0.20589257358955002,0.08824748001460778,0.9997232074179596,1.358647493347885,-0.47951264306505,4.814505000227953e-08,-0.25548157806255006,2.55027150009024e-07,-0.2554505687025,7.48548399986948e-07,D:\HyraiOn\ENS_Lyon\Internship\2026-EPFL\data\distinVBCsJ2Continuation\Results_Izar_J2_sequences\s002_J2_0p3_D_7_dimer-plaquette\left\insurance_1\J2_0p28\D_7_chi_91_energy_magnetization_correlation.txt,D:\HyraiOn\ENS_Lyon\Internship\2026-EPFL\data\distinVBCsJ2Continuation\Results_Izar_J2_sequences\s002_J2_0p3_D_7_dimer-plaquette\left\insurance_1\J2_0p28\sweep_D7_chi91_best.pt
True,True,False,,legacy:s002:left:insurance2:b9d53ec82506,dimer-plaquette,0.28,7,91,legacy:s002:left:insurance2,-0.4287596978297,True,-0.4289195349411,0.00015983711139999635,0.22420297727015004,7.433908521584573e-07,0.20589257358955002,0.0889318315924405,0.9981390470903635,1.3604286536156855,-0.47954451317240004,4.884150001105425e-08,-0.25555015149370003,2.392657000027665e-07,-0.25534153590225,7.417846499824242e-07,D:\HyraiOn\ENS_Lyon\Internship\2026-EPFL\data\distinVBCsJ2Continuation\Results_Izar_J2_sequences\s002_J2_0p3_D_7_dimer-plaquette\left\insurance_2\J2_0p28\D_7_chi_91_energy_magnetization_correlation.txt,D:\HyraiOn\ENS_Lyon\Internship\2026-EPFL\data\distinVBCsJ2Continuation\Results_Izar_J2_sequences\s002_J2_0p3_D_7_dimer-plaquette\left\insurance_2\J2_0p28\sweep_D7_chi91_best.pt
True,True,False,,catalog:izar_replica1_small_h:dimer-plaquette:70566a68fd01,dimer-plaquette,0.29,7,91,catalog:izar_replica1_small_h:dimer-plaquette,-0.4264517654917,True,-0.4264626942928,1.0928801099985286e-05,0.23564035056625005,8.38811542725235e-07,0.24719374638720004,0.04673822048415802,0.9995393314814751,0.015733038725681818,-0.48472293082620005,6.950000019934065e-09,-0.24913685630555002,2.8057784999535595e-07,-0.24908258025995,8.387827500067057e-07,D:\HyraiOn\ENS_Lyon\Internship\2026-EPFL\data\distinVBCsSmallH\Results_Izar_replica1\J2_0.29\D_7\orientation_0\dimer-plaquette\replica_1\h_0\D_7_chi_91_energy_magnetization_correlation.txt,D:\HyraiOn\ENS_Lyon\Internship\2026-EPFL\data\distinVBCsSmallH\Results_Izar_replica1\J2_0.29\D_7\orientation_0\dimer-plaquette\replica_1\h_0\sweep_D7_chi91_best.pt
False,True,False,,legacy:s002:left:insurance1:f982d903a817,dimer-plaquette,0.29,7,91,legacy:s002:left:insurance1,-0.4264519911067,True,-0.4264626942928,1.0703186099969564e-05,0.23578104928010002,8.093665467901275e-07,0.24719374638720004,0.04616903653065466,0.9972761411832676,0.014812132791891322,-0.4847271204382,1.7744899993843433e-08,-0.24926718830304997,2.7614144999799084e-07,-0.24894607115809997,8.091720000019675e-07,D:\HyraiOn\ENS_Lyon\Internship\2026-EPFL\data\distinVBCsJ2Continuation\Results_Izar_J2_sequences\s002_J2_0p3_D_7_dimer-plaquette\left\insurance_1\J2_0p29\D_7_chi_91_energy_magnetization_correlation.txt,D:\HyraiOn\ENS_Lyon\Internship\2026-EPFL\data\distinVBCsJ2Continuation\Results_Izar_J2_sequences\s002_J2_0p3_D_7_dimer-plaquette\left\insurance_1\J2_0p29\sweep_D7_chi91_best.pt
False,True,False,,legacy:s002:left:insurance2:2023a4454d6e,dimer-plaquette,0.29,7,91,legacy:s002:left:insurance2,-0.4264519643028,True,-0.4264626942928,1.0729989999958e-05,0.23585009171579993,8.198532402921589e-07,0.24719374638720004,0.045889731585812873,0.9960517693941708,0.014511737822189716,-0.48472332697419995,1.5938399988701946e-08,-0.24933883053365,2.752107499948142e-07,-0.24887323525840002,8.196983000002822e-07,D:\HyraiOn\ENS_Lyon\Internship\2026-EPFL\data\distinVBCsJ2Continuation\Results_Izar_J2_sequences\s002_J2_0p3_D_7_dimer-plaquette\left\insurance_2\J2_0p29\D_7_chi_91_energy_magnetization_correlation.txt,D:\HyraiOn\ENS_Lyon\Internship\2026-EPFL\data\distinVBCsJ2Continuation\Results_Izar_J2_sequences\s002_J2_0p3_D_7_dimer-plaquette\left\insurance_2\J2_0p29\sweep_D7_chi91_best.pt
False,True,False,,original_2c3:a4c328fa4254,dimer-plaquette,0.29,7,0,original_2c3,-0.4264626942928,True,-0.4264626942928,0.0,0.24719374638720004,5.132451282431395e-07,0.24719374638720004,0.0,0.6701828696705989,0.0,-0.47914727455005,3.9117944999889076e-07,-0.27271789419725,1.6427685001207948e-07,-0.23195352816284998,3.322637499997283e-07,D:\HyraiOn\ENS_Lyon\Internship\2026-EPFL\data\0713summary\J2_0p29\2tensor_twoC3\D_7\energy_magnetization_correlation.txt,D:\HyraiOn\ENS_Lyon\Internship\2026-EPFL\data\0713summary\J2_0p29\2tensor_twoC3\D_7\tensor_best.pt
False,True,False,,catalog:izar_replica1_small_h:dimer-plaquette:eda88ec674db,dimer-plaquette,0.3,7,91,catalog:izar_replica1_small_h:dimer-plaquette,-0.4242752341228,True,-0.4242729290438,-2.3050790000089805e-06,0.2469537580089,4.674620430020537e-07,0.2762568420718501,0.10607188529046033,0.9952170969803287,0.1260816035279431,-0.4895135337915,3.1513939999228135e-07,-0.24315035372004998,4.494914999930711e-08,-0.2425597757826,3.4526499999298915e-07,D:\HyraiOn\ENS_Lyon\Internship\2026-EPFL\data\distinVBCsSmallH\Results_Izar_replica1\J2_0.30\D_7\orientation_0\dimer-plaquette\replica_1\h_0\D_7_chi_91_energy_magnetization_correlation.txt,D:\HyraiOn\ENS_Lyon\Internship\2026-EPFL\data\distinVBCsSmallH\Results_Izar_replica1\J2_0.30\D_7\orientation_0\dimer-plaquette\replica_1\h_0\sweep_D7_chi91_best.pt
False,True,False,,catalog:kuma_replica1:dimer-plaquette:2f02f334eac4,dimer-plaquette,0.3,7,91,catalog:kuma_replica1:dimer-plaquette,-0.4242753728965,True,-0.4242729290438,-2.4438527000403276e-06,0.24681544305749994,4.3941061317326153e-07,0.2762568420718501,0.10657256049677456,0.9961636381209769,0.12747731713170976,-0.48946517036699994,2.8648229999372887e-07,-0.24312316398795,1.163194500025666e-07,-0.2426497273095,3.331809999979063e-07,D:\HyraiOn\ENS_Lyon\Internship\2026-EPFL\data\distinVBCs\Results_Kuma_replica1\J2_0.30\D_7\orientation_0\dimer-plaquette\replica_1\h_0p0\D_7_chi_91_energy_magnetization_correlation.txt,D:\HyraiOn\ENS_Lyon\Internship\2026-EPFL\data\distinVBCs\Results_Kuma_replica1\J2_0.30\D_7\orientation_0\dimer-plaquette\replica_1\h_0p0\sweep_D7_chi91_best.pt
True,True,False,,catalog:kuma_replica1:rank-split:befed756e6a4,dimer-plaquette,0.3,7,91,catalog:kuma_replica1:rank-split,-0.4242753468306,True,-0.4242729290438,-2.4177867999908287e-06,0.24687269560455002,4.6348320276087444e-07,0.2762568420718501,0.10636531659063019,0.9955009397577153,0.12690611599035034,-0.48947539147675,3.0337474998809455e-07,-0.24315804343705003,1.2057675000121115e-07,-0.24260269587219999,3.504003999871275e-07,D:\HyraiOn\ENS_Lyon\Internship\2026-EPFL\data\distinVBCs\Results_Kuma_replica1\J2_0.30\D_7\orientation_0\rank-split\replica_1\h_0p0\D_7_chi_91_energy_magnetization_correlation.txt,D:\HyraiOn\ENS_Lyon\Internship\2026-EPFL\data\distinVBCs\Results_Kuma_replica1\J2_0.30\D_7\orientation_0\rank-split\replica_1\h_0p0\sweep_D7_chi91_best.pt
False,True,False,,legacy_seed:s002:455c462b8463,dimer-plaquette,0.3,7,91,legacy_seed:s002,-0.4242753728965,True,-0.4242729290438,-2.4438527000403276e-06,0.24681544305749994,4.3941061317326153e-07,0.2762568420718501,0.10657256049677456,0.9961636381209769,0.12747731713170976,-0.48946517036699994,2.8648229999372887e-07,-0.24312316398795,1.163194500025666e-07,-0.2426497273095,3.331809999979063e-07,D:\HyraiOn\ENS_Lyon\Internship\2026-EPFL\6-AD-CTMRG\models\VBCJ2SeedContinuationIzar\seeds\s002\observation.txt,D:\HyraiOn\ENS_Lyon\Internship\2026-EPFL\6-AD-CTMRG\models\VBCJ2SeedContinuationIzar\seeds\s002\tensor_best.pt
False,True,False,,original_2c3:d88bd0518ff0,dimer-plaquette,0.3,7,0,original_2c3,-0.4242729290438,True,-0.4242729290438,0.0,0.2762568420718501,2.885370895870804e-07,0.2762568420718501,0.0,0.26690478611737944,0.16909749967832946,-0.4756805434383,2.6169620001570415e-07,-0.30068498572905006,8.830471500131942e-07,-0.19942370136644996,1.2152674999654778e-07,D:\HyraiOn\ENS_Lyon\Internship\2026-EPFL\data\0713summary\J2_0p3\2tensor_twoC3\D_7\energy_magnetization_correlation.txt,D:\HyraiOn\ENS_Lyon\Internship\2026-EPFL\data\0713summary\J2_0p3\2tensor_twoC3\D_7\tensor_best.pt
False,True,False,,catalog:izar_replica1_small_h:dimer-plaquette:c19be552bffc,dimer-plaquette,0.31,7,91,catalog:izar_replica1_small_h:dimer-plaquette,-0.422228424672,True,-0.4222206393717,-7.785300299989473e-06,0.25718108287240005,1.2818329609895097e-06,0.2890064128838,0.11011980562589072,0.9992243253427815,0.1400481014039254,-0.49385316125435,1.2711599499948267e-06,-0.2367718228061,4.6465319999966503e-07,-0.23667207838195,1.650700500038793e-07,D:\HyraiOn\ENS_Lyon\Internship\2026-EPFL\data\distinVBCsSmallH\Results_Izar_replica1\J2_0.31\D_7\orientation_1\dimer-plaquette\replica_1\h_0\D_7_chi_91_energy_magnetization_correlation.txt,D:\HyraiOn\ENS_Lyon\Internship\2026-EPFL\data\distinVBCsSmallH\Results_Izar_replica1\J2_0.31\D_7\orientation_1\dimer-plaquette\replica_1\h_0\sweep_D7_chi91_best.pt
False,True,False,,legacy:s002:right:insurance1:168220070a62,dimer-plaquette,0.31,7,91,legacy:s002:right:insurance1,-0.4222286585419,True,-0.4222206393717,-8.019170199990988e-06,0.2571977350507001,9.322983480816126e-07,0.2890064128838,0.11006218691032699,0.9991625976447363,0.14007052237461323,-0.4938648638371001,6.351998000087011e-07,-0.23677481778095,6.471467499935546e-07,-0.23666712878639998,6.82423200004667e-07,D:\HyraiOn\ENS_Lyon\Internship\2026-EPFL\data\distinVBCsJ2Continuation\Results_Izar_J2_sequences\s002_J2_0p3_D_7_dimer-plaquette\right\insurance_1\J2_0p31\D_7_chi_91_energy_magnetization_correlation.txt,D:\HyraiOn\ENS_Lyon\Internship\2026-EPFL\data\distinVBCsJ2Continuation\Results_Izar_J2_sequences\s002_J2_0p3_D_7_dimer-plaquette\right\insurance_1\J2_0p31\sweep_D7_chi91_best.pt
True,True,False,,legacy:s002:right:insurance2:17bf118255ab,dimer-plaquette,0.31,7,91,legacy:s002:right:insurance2,-0.4222286596993,True,-0.4222206393717,-8.020327600000154e-06,0.25719687552275,9.350911657334604e-07,0.2890064128838,0.11006516098948846,0.998933149078338,0.140079830435184,-0.49385587556675,6.349167499808406e-07,-0.23679619540584998,6.47071149995071e-07,-0.23665900004399998,6.864956000052213e-07,D:\HyraiOn\ENS_Lyon\Internship\2026-EPFL\data\distinVBCsJ2Continuation\Results_Izar_J2_sequences\s002_J2_0p3_D_7_dimer-plaquette\right\insurance_2\J2_0p31\D_7_chi_91_energy_magnetization_correlation.txt,D:\HyraiOn\ENS_Lyon\Internship\2026-EPFL\data\distinVBCsJ2Continuation\Results_Izar_J2_sequences\s002_J2_0p3_D_7_dimer-plaquette\right\insurance_2\J2_0p31\sweep_D7_chi91_best.pt
False,True,False,,original_2c3:7c4dd7bd8b6e,dimer-plaquette,0.31,7,0,original_2c3,-0.4222206393717,True,-0.4222206393717,0.0,0.2890064128838,8.996608157092024e-07,0.2890064128838,0.0,0.30197819818929017,0.05647575793829614,-0.48158142597075004,5.708085500100157e-07,-0.29344140161495,4.644836500145022e-07,-0.19257501308695,6.953899499978489e-07,D:\HyraiOn\ENS_Lyon\Internship\2026-EPFL\data\0713summary\J2_0p31\2tensor_twoC3\D_7\energy_magnetization_correlation.txt,D:\HyraiOn\ENS_Lyon\Internship\2026-EPFL\data\0713summary\J2_0p31\2tensor_twoC3\D_7\tensor_best.pt
False,True,False,,catalog:izar_replica1_small_h:dimer-plaquette:117242ff0adf,dimer-plaquette,0.32,7,91,catalog:izar_replica1_small_h:dimer-plaquette,-0.4203110476658,True,-0.4203108986799,-1.489859000058935e-07,0.2676699003856501,6.11867298001836e-07,0.26733007728625,0.0012711742084905281,0.9890478381279468,-0.01817820684656533,-0.49769385918880005,1.4306109999417949e-07,-0.2314897408418,6.449853999918043e-07,-0.23002395880315,5.949076500033623e-07,D:\HyraiOn\ENS_Lyon\Internship\2026-EPFL\data\distinVBCsSmallH\Results_Izar_replica1\J2_0.32\D_7\orientation_2\dimer-plaquette\replica_1\h_0\D_7_chi_91_energy_magnetization_correlation.txt,D:\HyraiOn\ENS_Lyon\Internship\2026-EPFL\data\distinVBCsSmallH\Results_Izar_replica1\J2_0.32\D_7\orientation_2\dimer-plaquette\replica_1\h_0\sweep_D7_chi91_best.pt
False,True,False,,legacy:s002:right:insurance1:cc7a8d2a31a9,dimer-plaquette,0.32,7,91,legacy:s002:right:insurance1,-0.420311264151,True,-0.4203108986799,-3.6547109999451877e-07,0.26737811495895003,3.058723552041646e-07,0.26733007728625,0.00017969423114545433,0.9916066280494025,-0.01819290823153959,-0.49762857513865,2.7184204998143e-07,-0.23137256216485,7.623612499896292e-07,-0.2302504601797,1.4021340000169857e-07,D:\HyraiOn\ENS_Lyon\Internship\2026-EPFL\data\distinVBCsJ2Continuation\Results_Izar_J2_sequences\s002_J2_0p3_D_7_dimer-plaquette\right\insurance_1\J2_0p32\D_7_chi_91_energy_magnetization_correlation.txt,D:\HyraiOn\ENS_Lyon\Internship\2026-EPFL\data\distinVBCsJ2Continuation\Results_Izar_J2_sequences\s002_J2_0p3_D_7_dimer-plaquette\right\insurance_1\J2_0p32\sweep_D7_chi91_best.pt
True,True,False,,legacy:s002:right:insurance2:a0a4e5373148,dimer-plaquette,0.32,7,91,legacy:s002:right:insurance2,-0.4203112065525,True,-0.4203108986799,-3.078725999694498e-07,0.26749113814115,2.987386552430602e-07,0.26733007728625,0.0006024793638447015,0.9894524689998847,-0.01819061456139601,-0.49761050096520004,2.824917000043836e-07,-0.23153004835994997,7.759834499965201e-07,-0.23011936282405002,9.717625000515984e-08,D:\HyraiOn\ENS_Lyon\Internship\2026-EPFL\data\distinVBCsJ2Continuation\Results_Izar_J2_sequences\s002_J2_0p3_D_7_dimer-plaquette\right\insurance_2\J2_0p32\D_7_chi_91_energy_magnetization_correlation.txt,D:\HyraiOn\ENS_Lyon\Internship\2026-EPFL\data\distinVBCsJ2Continuation\Results_Izar_J2_sequences\s002_J2_0p3_D_7_dimer-plaquette\right\insurance_2\J2_0p32\sweep_D7_chi91_best.pt
False,True,False,,original_2c3:d009f30a6f24,dimer-plaquette,0.32,7,0,original_2c3,-0.4203108986799,True,-0.4203108986799,0.0,0.26733007728625,5.613675665847798e-07,0.26733007728625,0.0,0.9913680496249244,0.0,-0.49758963584455,3.695439499962205e-07,-0.23141334853874998,3.370691499943179e-07,-0.23025955855830002,4.2257639999709884e-07,D:\HyraiOn\ENS_Lyon\Internship\2026-EPFL\data\0713summary\J2_0p32\2tensor_twoC3\D_7\energy_magnetization_correlation.txt,D:\HyraiOn\ENS_Lyon\Internship\2026-EPFL\data\0713summary\J2_0p32\2tensor_twoC3\D_7\tensor_best.pt
False,False,False,relative Delta difference 4993.1%>35%,legacy:s004:left:insurance1:e52e55a4f23f,dimer-plaquette,0.26,8,104,legacy:s004:left:insurance1,-0.4341601189605,True,-0.4343870123737,0.00022689341319998002,0.1621304373141001,2.9494833573462382e-06,0.00318330461709998,49.931486871590195,0.947849935790775,inf,-0.44273123151915006,5.631494500168976e-07,-0.28482835056315,4.4651292499808815e-06,-0.28060079420504996,2.895222750015636e-06,D:\HyraiOn\ENS_Lyon\Internship\2026-EPFL\data\distinVBCsJ2Continuation\Results_Izar_J2_sequences\s004_J2_0p3_D_8_dimer-plaquette\left\insurance_1\J2_0p26\D_8_chi_104_energy_magnetization_correlation.txt,D:\HyraiOn\ENS_Lyon\Internship\2026-EPFL\data\distinVBCsJ2Continuation\Results_Izar_J2_sequences\s004_J2_0p3_D_8_dimer-plaquette\left\insurance_1\J2_0p26\sweep_D8_chi104_best.pt
False,False,False,relative Delta difference 5037.5%>35%,legacy:s004:left:insurance2:e8c4b6d86813,dimer-plaquette,0.26,8,104,legacy:s004:left:insurance2,-0.4341570589966,True,-0.4343870123737,0.00022995337709996733,0.1635422194718501,2.5097007164803875e-06,0.00318330461709998,50.374982649583366,0.9665647924147118,inf,-0.4440651351206501,5.857350499904879e-07,-0.28325694967730003,4.150242399997284e-06,-0.2805229156488,2.440391800001551e-06,D:\HyraiOn\ENS_Lyon\Internship\2026-EPFL\data\distinVBCsJ2Continuation\Results_Izar_J2_sequences\s004_J2_0p3_D_8_dimer-plaquette\left\insurance_2\J2_0p26\D_8_chi_104_energy_magnetization_correlation.txt,D:\HyraiOn\ENS_Lyon\Internship\2026-EPFL\data\distinVBCsJ2Continuation\Results_Izar_J2_sequences\s004_J2_0p3_D_8_dimer-plaquette\left\insurance_2\J2_0p26\sweep_D8_chi104_best.pt
True,True,False,,original_2c3:symmetry_restored:c2cf5e278775,dimer-plaquette,0.26,8,0,original_2c3:symmetry_restored,-0.4343870123737,True,-0.4343870123737,0.0,0.00318330461709998,6.978928978051355e-06,0.00318330461709998,0.0,-0.3896712994843683,0.0,-0.3393040874213,6.517603100025805e-06,-0.33833265633615,2.9762857499948674e-06,-0.33612078280420005,2.495255399997953e-06,D:\HyraiOn\ENS_Lyon\Internship\2026-EPFL\data\0713summary\J2_0p26\2tensor_twoC3\D_8\energy_magnetization_correlation.txt,D:\HyraiOn\ENS_Lyon\Internship\2026-EPFL\data\0713summary\J2_0p26\2tensor_twoC3\D_8\tensor_best.pt
False,False,False,relative Delta difference 1612.1%>35%,legacy:s004:left:insurance1:7d7d9c18765b,dimer-plaquette,0.265,8,104,legacy:s004:left:insurance1,-0.4328326451627,True,-0.4330308105537,0.00019816539100003805,0.17329761116885,2.8154536405719644e-06,0.010122164664600086,16.120607786091256,0.9288560367188936,inf,-0.4481813653294,8.870225999824122e-07,-0.28104829360340006,3.5897483000035812e-06,-0.27488375416055,2.6720722500206406e-06,D:\HyraiOn\ENS_Lyon\Internship\2026-EPFL\data\distinVBCsJ2Continuation\Results_Izar_J2_sequences\s004_J2_0p3_D_8_dimer-plaquette\left\insurance_1\J2_0p265\D_8_chi_104_energy_magnetization_correlation.txt,D:\HyraiOn\ENS_Lyon\Internship\2026-EPFL\data\distinVBCsJ2Continuation\Results_Izar_J2_sequences\s004_J2_0p3_D_8_dimer-plaquette\left\insurance_1\J2_0p265\sweep_D8_chi104_best.pt
False,False,False,relative Delta difference 1603.4%>35%,legacy:s004:left:insurance2:763333823a3d,dimer-plaquette,0.265,8,104,legacy:s004:left:insurance2,-0.4328330239185,True,-0.4330308105537,0.0001977866352000368,0.17242520336215006,2.5643482343613777e-06,0.010122164664600086,16.0344199166377,0.9588726110120585,inf,-0.44846602605965,1.3934274997740026e-07,-0.2795865219025,3.907181799989168e-06,-0.27604082269749997,2.56055959999002e-06,D:\HyraiOn\ENS_Lyon\Internship\2026-EPFL\data\distinVBCsJ2Continuation\Results_Izar_J2_sequences\s004_J2_0p3_D_8_dimer-plaquette\left\insurance_2\J2_0p265\D_8_chi_104_energy_magnetization_correlation.txt,D:\HyraiOn\ENS_Lyon\Internship\2026-EPFL\data\distinVBCsJ2Continuation\Results_Izar_J2_sequences\s004_J2_0p3_D_8_dimer-plaquette\left\insurance_2\J2_0p265\sweep_D8_chi104_best.pt
True,True,False,,original_2c3:symmetry_restored:0d3d4b143dd4,dimer-plaquette,0.265,8,0,original_2c3:symmetry_restored,-0.4330308105537,True,-0.4330308105537,0.0,0.010122164664600086,1.2661630546015344e-05,0.010122164664600086,0.0,-0.2424960982490575,0.0,-0.34138744342815003,4.074102949974678e-06,-0.33755365381435,1.1797149350012415e-05,-0.33126527876354994,1.198826815002052e-05,D:\HyraiOn\ENS_Lyon\Internship\2026-EPFL\data\0713summary\J2_0p265\2tensor_twoC3\D_8\energy_magnetization_correlation.txt,D:\HyraiOn\ENS_Lyon\Internship\2026-EPFL\data\0713summary\J2_0p265\2tensor_twoC3\D_8\tensor_best.pt
False,False,False,relative Delta difference 2305.5%>35%,legacy:s004:left:insurance1:95bfad2a1f0a,dimer-plaquette,0.27,8,104,legacy:s004:left:insurance1,-0.4315326849499,True,-0.4316550562418,0.00012237129190001417,0.18563326481035014,1.8645427630033152e-06,0.007716971509599935,23.055196339577233,0.9939954320916622,inf,-0.45665793571015006,8.825704500003972e-07,-0.27158199467210004,1.1748457000027024e-06,-0.2710246708997999,1.6424338999954102e-06,D:\HyraiOn\ENS_Lyon\Internship\2026-EPFL\data\distinVBCsJ2Continuation\Results_Izar_J2_sequences\s004_J2_0p3_D_8_dimer-plaquette\left\insurance_1\J2_0p27\D_8_chi_104_energy_magnetization_correlation.txt,D:\HyraiOn\ENS_Lyon\Internship\2026-EPFL\data\distinVBCsJ2Continuation\Results_Izar_J2_sequences\s004_J2_0p3_D_8_dimer-plaquette\left\insurance_1\J2_0p27\sweep_D8_chi104_best.pt
False,False,False,relative Delta difference 2295.8%>35%,legacy:s004:left:insurance2:f705dbf34dc9,dimer-plaquette,0.27,8,104,legacy:s004:left:insurance2,-0.431539351131,True,-0.4316550562418,0.00011570511080000179,0.18488121593760004,1.7303930876850032e-06,0.007716971509599935,22.95774245215332,0.9749508634654207,inf,-0.45564296069865,6.944335499969867e-07,-0.27307730217139997,1.9005539999839003e-06,-0.27076174476104997,1.5849360499864409e-06,D:\HyraiOn\ENS_Lyon\Internship\2026-EPFL\data\distinVBCsJ2Continuation\Results_Izar_J2_sequences\s004_J2_0p3_D_8_dimer-plaquette\left\insurance_2\J2_0p27\D_8_chi_104_energy_magnetization_correlation.txt,D:\HyraiOn\ENS_Lyon\Internship\2026-EPFL\data\distinVBCsJ2Continuation\Results_Izar_J2_sequences\s004_J2_0p3_D_8_dimer-plaquette\left\insurance_2\J2_0p27\sweep_D8_chi104_best.pt
True,True,False,,original_2c3:symmetry_restored:09c9fd786bb9,dimer-plaquette,0.27,8,0,original_2c3:symmetry_restored,-0.4316550562418,True,-0.4316550562418,0.0,0.007716971509599935,1.261801329772833e-05,0.007716971509599935,0.0,-0.532284936258999,0.0,-0.33861760127485,1.2362958049988439e-05,-0.3368129293641,3.101697199997533e-06,-0.3309006297652501,2.5241885499849293e-06,D:\HyraiOn\ENS_Lyon\Internship\2026-EPFL\data\0713summary\J2_0p27\2tensor_twoC3\D_8\energy_magnetization_correlation.txt,D:\HyraiOn\ENS_Lyon\Internship\2026-EPFL\data\0713summary\J2_0p27\2tensor_twoC3\D_8\tensor_best.pt
False,False,False,relative Delta difference 1313.1%>35%,legacy:s004:left:insurance1:d047a938eccb,dimer-plaquette,0.275,8,104,legacy:s004:left:insurance1,-0.4302882741536,True,-0.4303882490411,9.997488750002059e-05,0.19337793806314996,1.5076996085679744e-06,0.013685008532400067,13.130640664586817,0.9878016808829062,inf,-0.4603078605619,9.794972999910279e-07,-0.2681093653981,1.4965965000057757e-06,-0.26692992249875,1.1461863500261682e-06,D:\HyraiOn\ENS_Lyon\Internship\2026-EPFL\data\distinVBCsJ2Continuation\Results_Izar_J2_sequences\s004_J2_0p3_D_8_dimer-plaquette\left\insurance_1\J2_0p275\D_8_chi_104_energy_magnetization_correlation.txt,D:\HyraiOn\ENS_Lyon\Internship\2026-EPFL\data\distinVBCsJ2Continuation\Results_Izar_J2_sequences\s004_J2_0p3_D_8_dimer-plaquette\left\insurance_1\J2_0p275\sweep_D8_chi104_best.pt
False,False,False,relative Delta difference 1304.8%>35%,legacy:s004:left:insurance2:241f5e757af2,dimer-plaquette,0.275,8,104,legacy:s004:left:insurance2,-0.4302932992314,True,-0.4303882490411,9.494980970004008e-05,0.19224704859795,1.7699813290435387e-06,0.013685008532400067,13.048003561181108,0.9777489054838704,inf,-0.45931265343945,1.060132750002607e-06,-0.26920445846589997,2.0100805999956344e-06,-0.2670656048415,1.4173751999857489e-06,D:\HyraiOn\ENS_Lyon\Internship\2026-EPFL\data\distinVBCsJ2Continuation\Results_Izar_J2_sequences\s004_J2_0p3_D_8_dimer-plaquette\left\insurance_2\J2_0p275\D_8_chi_104_energy_magnetization_correlation.txt,D:\HyraiOn\ENS_Lyon\Internship\2026-EPFL\data\distinVBCsJ2Continuation\Results_Izar_J2_sequences\s004_J2_0p3_D_8_dimer-plaquette\left\insurance_2\J2_0p275\sweep_D8_chi104_best.pt
True,True,False,,original_2c3:symmetry_restored:a7c9eb6c3487,dimer-plaquette,0.275,8,0,original_2c3:symmetry_restored,-0.4303882490411,True,-0.4303882490411,0.0,0.013685008532400067,9.767241872269607e-06,0.013685008532400067,0.0,-0.845317832094278,1.143299579610512,-0.3390522824381,6.932105000023726e-07,-0.3379938690443,7.001952500002018e-06,-0.3253672739056999,9.74261119998654e-06,D:\HyraiOn\ENS_Lyon\Internship\2026-EPFL\data\0713summary\J2_0p275\2tensor_twoC3\D_8\energy_magnetization_correlation.txt,D:\HyraiOn\ENS_Lyon\Internship\2026-EPFL\data\0713summary\J2_0p275\2tensor_twoC3\D_8\tensor_best.pt
True,True,False,,legacy:s004:left:insurance1:86d95931c41c,dimer-plaquette,0.28,8,104,legacy:s004:left:insurance1,-0.4290741454649,True,-0.4291893313359,0.00011518587099995647,0.20331953130499997,1.6381601738003372e-06,0.19287477053204996,0.0541530690827933,0.9906809709596585,0.6801259465068287,-0.4655196571213,1.3388776000100577e-06,-0.26314749612465,3.660825499962606e-07,-0.26220012581630003,9.439149999956875e-07,D:\HyraiOn\ENS_Lyon\Internship\2026-EPFL\data\distinVBCsJ2Continuation\Results_Izar_J2_sequences\s004_J2_0p3_D_8_dimer-plaquette\left\insurance_1\J2_0p28\D_8_chi_104_energy_magnetization_correlation.txt,D:\HyraiOn\ENS_Lyon\Internship\2026-EPFL\data\distinVBCsJ2Continuation\Results_Izar_J2_sequences\s004_J2_0p3_D_8_dimer-plaquette\left\insurance_1\J2_0p28\sweep_D8_chi104_best.pt
False,True,False,,legacy:s004:left:insurance2:6c457d89fc37,dimer-plaquette,0.28,8,104,legacy:s004:left:insurance2,-0.4290740133702,True,-0.4291893313359,0.0001153179656999681,0.20349024266985,1.5886768821752671e-06,0.19287477053204996,0.05503815822316722,0.9890276661607675,0.6828854060746103,-0.4655742349109,1.2645090000096282e-06,-0.26320037367885,7.263585000139017e-08,-0.26208399224105,9.61723049974772e-07,D:\HyraiOn\ENS_Lyon\Internship\2026-EPFL\data\distinVBCsJ2Continuation\Results_Izar_J2_sequences\s004_J2_0p3_D_8_dimer-plaquette\left\insurance_2\J2_0p28\D_8_chi_104_energy_magnetization_correlation.txt,D:\HyraiOn\ENS_Lyon\Internship\2026-EPFL\data\distinVBCsJ2Continuation\Results_Izar_J2_sequences\s004_J2_0p3_D_8_dimer-plaquette\left\insurance_2\J2_0p28\sweep_D8_chi104_best.pt
True,True,False,,legacy:s004:left:insurance1:4f685e249db4,dimer-plaquette,0.29,8,104,legacy:s004:left:insurance1,-0.4267738830989,True,-0.4268483479623,7.446486339995895e-05,0.2156858068811499,1.7366522905799276e-06,0.21976394898254994,0.018556920369700188,0.9924836471901317,0.2608585930169019,-0.47115116076439995,1.578582299988085e-06,-0.25627593919354996,3.788338499843835e-07,-0.25546535388325003,7.239054500007837e-07,D:\HyraiOn\ENS_Lyon\Internship\2026-EPFL\data\distinVBCsJ2Continuation\Results_Izar_J2_sequences\s004_J2_0p3_D_8_dimer-plaquette\left\insurance_1\J2_0p29\D_8_chi_104_energy_magnetization_correlation.txt,D:\HyraiOn\ENS_Lyon\Internship\2026-EPFL\data\distinVBCsJ2Continuation\Results_Izar_J2_sequences\s004_J2_0p3_D_8_dimer-plaquette\left\insurance_1\J2_0p29\sweep_D8_chi104_best.pt
False,True,False,,legacy:s004:left:insurance2:d35fb97a1b87,dimer-plaquette,0.29,8,104,legacy:s004:left:insurance2,-0.4267738356416,True,-0.4268483479623,7.451232069999314e-05,0.21566520937619998,1.7160892335708273e-06,0.21976394898254994,0.01865064595592708,0.994073926841994,0.26125673321547005,-0.471192058475,1.5664866999942628e-06,-0.25616587300300003,3.5192779998527435e-07,-0.2555268490988,7.007722000185179e-07,D:\HyraiOn\ENS_Lyon\Internship\2026-EPFL\data\distinVBCsJ2Continuation\Results_Izar_J2_sequences\s004_J2_0p3_D_8_dimer-plaquette\left\insurance_2\J2_0p29\D_8_chi_104_energy_magnetization_correlation.txt,D:\HyraiOn\ENS_Lyon\Internship\2026-EPFL\data\distinVBCsJ2Continuation\Results_Izar_J2_sequences\s004_J2_0p3_D_8_dimer-plaquette\left\insurance_2\J2_0p29\sweep_D8_chi104_best.pt
False,True,False,,catalog:izar_replica1:dimer-plaquette:deb446887fe9,dimer-plaquette,0.3,8,104,catalog:izar_replica1:dimer-plaquette,-0.4246137433732,True,-0.4246130246619,-7.187113000295398e-07,0.22804666675159996,1.1369609914621485e-06,0.22733669968019998,0.003122976063252008,0.995077521854232,-0.020649334565867438,-0.47668311023119997,1.1368852999849022e-06,-0.24919772084625,5.916109500070377e-07,-0.2486364434796,1.3119100000791306e-08,D:\HyraiOn\ENS_Lyon\Internship\2026-EPFL\data\distinVBCs\Results_Izar_replica1\J2_0.30\D_8\orientation_2\dimer-plaquette\replica_1\h_0p0\D_8_chi_104_energy_magnetization_correlation.txt,D:\HyraiOn\ENS_Lyon\Internship\2026-EPFL\data\distinVBCs\Results_Izar_replica1\J2_0.30\D_8\orientation_2\dimer-plaquette\replica_1\h_0p0\sweep_D8_chi104_best.pt
False,True,False,,catalog:izar_replica1:plaquette:faae3cfe4efe,dimer-plaquette,0.3,8,104,catalog:izar_replica1:plaquette,-0.4246062339057,True,-0.4246130246619,6.7907561999702715e-06,0.22930637901085005,3.926624687712099e-06,0.22733669968019998,0.0086641502820304,0.9571199794039096,-0.01753341751022529,-0.47619241763895004,3.917085949989296e-06,-0.2518023697555001,1.5271129999439026e-07,-0.2468860386281,2.7353079999625773e-07,D:\HyraiOn\ENS_Lyon\Internship\2026-EPFL\data\distinVBCs\Results_Izar_replica1\J2_0.30\D_8\orientation_2\plaquette\replica_1\h_0p0\D_8_chi_104_energy_magnetization_correlation.txt,D:\HyraiOn\ENS_Lyon\Internship\2026-EPFL\data\distinVBCs\Results_Izar_replica1\J2_0.30\D_8\orientation_2\plaquette\replica_1\h_0p0\sweep_D8_chi104_best.pt
False,True,False,,catalog:izar_replica1_small_h:dimer-plaquette:3aa68a202540,dimer-plaquette,0.3,8,104,catalog:izar_replica1_small_h:dimer-plaquette,-0.424615552857,True,-0.4246130246619,-2.5281950999933578e-06,0.22745847612970005,2.131837163244884e-06,0.22733669968019998,0.0005356655994011176,0.9976311535034075,-0.020476738675098395,-0.47640819393,2.094481900000167e-06,-0.24921912490745002,2.3407775000261477e-07,-0.24894971780029995,3.973352000058439e-07,D:\HyraiOn\ENS_Lyon\Internship\2026-EPFL\data\distinVBCsSmallH\Results_Izar_replica1\J2_0.30\D_8\orientation_2\dimer-plaquette\replica_1\h_0\D_8_chi_104_energy_magnetization_correlation.txt,D:\HyraiOn\ENS_Lyon\Internship\2026-EPFL\data\distinVBCsSmallH\Results_Izar_replica1\J2_0.30\D_8\orientation_2\dimer-plaquette\replica_1\h_0\sweep_D8_chi104_best.pt
False,True,False,,catalog:kuma_replica1:dimer-plaquette:f7cae87def81,dimer-plaquette,0.3,8,104,catalog:kuma_replica1:dimer-plaquette,-0.4246139674826,True,-0.4246130246619,-9.428207000117261e-07,0.22820486958609995,1.1567857112865532e-06,0.22733669968019998,0.003818872655058526,0.9886197735648221,-0.020568881965430386,-0.47655881082269996,1.1544573999822116e-06,-0.24965245278135004,4.360522500024277e-07,-0.2483539412366,7.335729999835561e-08,D:\HyraiOn\ENS_Lyon\Internship\2026-EPFL\data\distinVBCs\Results_Kuma_replica1\J2_0.30\D_8\orientation_2\dimer-plaquette\replica_1\h_0p0\D_8_chi_104_energy_magnetization_correlation.txt,D:\HyraiOn\ENS_Lyon\Internship\2026-EPFL\data\distinVBCs\Results_Kuma_replica1\J2_0.30\D_8\orientation_2\dimer-plaquette\replica_1\h_0p0\sweep_D8_chi104_best.pt
True,True,False,,catalog:kuma_replica1:plaquette:9ce398dc6206,dimer-plaquette,0.3,8,104,catalog:kuma_replica1:plaquette,-0.4245892992043,True,-0.4246130246619,2.3725457599987898e-05,0.22737792792544995,2.6668634662240915e-06,0.22733669968019998,0.00018135323204726848,0.9639728501168072,0.007345287895574277,-0.47546689445849993,2.4676458000028045e-06,-0.2521848558778,8.967484000088621e-07,-0.24808896653305,1.0113777500070364e-06,D:\HyraiOn\ENS_Lyon\Internship\2026-EPFL\data\distinVBCs\Results_Kuma_replica1\J2_0.30\D_8\orientation_2\plaquette\replica_1\h_0p0\D_8_chi_104_energy_magnetization_correlation.txt,D:\HyraiOn\ENS_Lyon\Internship\2026-EPFL\data\distinVBCs\Results_Kuma_replica1\J2_0.30\D_8\orientation_2\plaquette\replica_1\h_0p0\sweep_D8_chi104_best.pt
False,True,False,,catalog:kuma_replica1:rank-split:eb14c9889d60,dimer-plaquette,0.3,8,104,catalog:kuma_replica1:rank-split,-0.4246131601965,True,-0.4246130246619,-1.3553459998760786e-07,0.23208129656505008,1.0812428967313836e-06,0.22733669968019998,0.020870351736100853,0.9181914708763346,-0.015223765274276643,-0.4764289395791001,5.574105000072381e-07,-0.2538407577686,3.409069999904535e-07,-0.24434764301405001,9.264878500087059e-07,D:\HyraiOn\ENS_Lyon\Internship\2026-EPFL\data\distinVBCs\Results_Kuma_replica1\J2_0.30\D_8\orientation_2\rank-split\replica_1\h_0p0\D_8_chi_104_energy_magnetization_correlation.txt,D:\HyraiOn\ENS_Lyon\Internship\2026-EPFL\data\distinVBCs\Results_Kuma_replica1\J2_0.30\D_8\orientation_2\rank-split\replica_1\h_0p0\sweep_D8_chi104_best.pt
False,True,False,,legacy_seed:s004:9a5dfe3f7c03,dimer-plaquette,0.3,8,104,legacy_seed:s004,-0.4246130246619,True,-0.4246130246619,0.0,0.22733669968019998,1.5954730269982643e-06,0.22733669968019998,0.0,0.9993161286667804,-0.020800000000000003,-0.4764076250642,1.5623302000167259e-06,-0.24914865990995003,1.2656208500105848e-06,-0.249070925384,3.235097000009457e-07,D:\HyraiOn\ENS_Lyon\Internship\2026-EPFL\6-AD-CTMRG\models\VBCJ2SeedContinuationIzar\seeds\s004\observation.txt,D:\HyraiOn\ENS_Lyon\Internship\2026-EPFL\6-AD-CTMRG\models\VBCJ2SeedContinuationIzar\seeds\s004\tensor_best.pt
False,True,False,,original_2c3:0ce523ec9c9a,dimer-plaquette,0.3,8,0,original_2c3,-0.4246130246619,True,-0.4246130246619,0.0,0.22733669968019998,1.5954730269982643e-06,0.22733669968019998,0.0,0.9993161286667804,0.0,-0.4764076250642,1.5623302000167259e-06,-0.24914865990995003,1.2656208500105848e-06,-0.249070925384,3.235097000009457e-07,D:\HyraiOn\ENS_Lyon\Internship\2026-EPFL\data\0713summary\J2_0p3\2tensor_twoC3\D_8\energy_magnetization_correlation.txt,D:\HyraiOn\ENS_Lyon\Internship\2026-EPFL\data\0713summary\J2_0p3\2tensor_twoC3\D_8\tensor_best.pt
True,True,False,,catalog:izar_replica1:dimer-plaquette:8276e4a203a4,dimer-plaquette,0.31,8,104,catalog:izar_replica1:dimer-plaquette,-0.4225946878225,True,-0.4225934640509,-1.223771600000756e-06,0.23909876839825,1.945616866057888e-06,0.23818076860754997,0.003854214578560801,0.9690978800848808,-0.020534975537326423,-0.4802620014716,1.605497399997935e-06,-0.24485756247965,1.162130550000362e-06,-0.24116323307334997,1.0990009499944888e-06,D:\HyraiOn\ENS_Lyon\Internship\2026-EPFL\data\distinVBCs\Results_Izar_replica1\J2_0.31\D_8\orientation_0\dimer-plaquette\replica_1\h_0p0\D_8_chi_104_energy_magnetization_correlation.txt,D:\HyraiOn\ENS_Lyon\Internship\2026-EPFL\data\distinVBCs\Results_Izar_replica1\J2_0.31\D_8\orientation_0\dimer-plaquette\replica_1\h_0p0\sweep_D8_chi104_best.pt
False,True,False,,legacy:s004:right:insurance1:466901569e8a,dimer-plaquette,0.31,8,104,legacy:s004:right:insurance1,-0.4225903737074,True,-0.4225934640509,3.0903434999896007e-06,0.23733558108599992,1.7769385135578819e-06,0.23818076860754997,0.0035485128647924735,0.9945297111859119,-0.020161311975143155,-0.48015240241124996,1.1872655499844953e-06,-0.24346596841244997,1.8786434999307214e-07,-0.24281682132525004,1.3220858500057053e-06,D:\HyraiOn\ENS_Lyon\Internship\2026-EPFL\data\distinVBCsJ2Continuation\Results_Izar_J2_sequences\s004_J2_0p3_D_8_dimer-plaquette\right\insurance_1\J2_0p31\D_8_chi_104_energy_magnetization_correlation.txt,D:\HyraiOn\ENS_Lyon\Internship\2026-EPFL\data\distinVBCsJ2Continuation\Results_Izar_J2_sequences\s004_J2_0p3_D_8_dimer-plaquette\right\insurance_1\J2_0p31\sweep_D8_chi104_best.pt
False,True,False,,legacy:s004:right:insurance2:5c1e638c73b8,dimer-plaquette,0.31,8,104,legacy:s004:right:insurance2,-0.4225902417892,True,-0.4225934640509,3.222261699964424e-06,0.23721395366115003,1.775113515603904e-06,0.23818076860754997,0.00405916460867989,0.9972996327732262,-0.020069948215146523,-0.48017664631560003,1.190834600012236e-06,-0.24328297504755,1.9313924999597718e-07,-0.24296269265445,1.3164121500097714e-06,D:\HyraiOn\ENS_Lyon\Internship\2026-EPFL\data\distinVBCsJ2Continuation\Results_Izar_J2_sequences\s004_J2_0p3_D_8_dimer-plaquette\right\insurance_2\J2_0p31\D_8_chi_104_energy_magnetization_correlation.txt,D:\HyraiOn\ENS_Lyon\Internship\2026-EPFL\data\distinVBCsJ2Continuation\Results_Izar_J2_sequences\s004_J2_0p3_D_8_dimer-plaquette\right\insurance_2\J2_0p31\sweep_D8_chi104_best.pt
False,True,False,,original_2c3:c1117d9e6641,dimer-plaquette,0.31,8,0,original_2c3,-0.4225934640509,True,-0.4225934640509,0.0,0.23818076860754997,2.1694068428589104e-06,0.23818076860754997,0.0,0.9873688128252827,0.0,-0.48037588042729995,1.7662367999826678e-06,-0.2436993647546,1.0264054000064247e-06,-0.24219511181974998,1.2596561499989e-06,D:\HyraiOn\ENS_Lyon\Internship\2026-EPFL\data\0713summary\J2_0p31\2tensor_twoC3\D_8\energy_magnetization_correlation.txt,D:\HyraiOn\ENS_Lyon\Internship\2026-EPFL\data\0713summary\J2_0p31\2tensor_twoC3\D_8\tensor_best.pt
False,True,False,,catalog:izar_replica2:dimer-plaquette:750b02c38c49,dimer-plaquette,0.32,8,104,catalog:izar_replica2:dimer-plaquette,-0.4206958427006,True,-0.4207280842888,3.2241588199977134e-05,0.25029365511869994,3.2515308493349203e-06,0.25092832021520006,0.0025292685016813613,0.9969837350038218,0.031257884632011276,-0.4858561502413499,2.7383063500030502e-06,-0.235939971118,1.0327130000042928e-06,-0.23556249512265,1.753320049993623e-06,D:\HyraiOn\ENS_Lyon\Internship\2026-EPFL\6-AD-CTMRG\models\VBCPinningClusterBundle\Results_VBC_branches\J2_0.32\D_8\orientation_0\dimer-plaquette\replica_2\h_0p0\D_8_chi_104_energy_magnetization_correlation.txt,D:\HyraiOn\ENS_Lyon\Internship\2026-EPFL\6-AD-CTMRG\models\VBCPinningClusterBundle\Results_VBC_branches\J2_0.32\D_8\orientation_0\dimer-plaquette\replica_2\h_0p0\sweep_D8_chi104_best.pt
True,True,False,,legacy:s004:right:insurance1:2db5fa78aca5,dimer-plaquette,0.32,8,104,legacy:s004:right:insurance1,-0.4207104189825,True,-0.4207280842888,1.7665306299985417e-05,0.24945810507855004,2.5205300598152223e-06,0.25092832021520006,0.005859104047678405,0.9690269838758416,-0.004757435183293305,-0.48420248924810005,2.4298263999744663e-06,-0.23860761912499998,3.660900599999905e-06,-0.23474438416955,6.700861499980837e-07,D:\HyraiOn\ENS_Lyon\Internship\2026-EPFL\data\distinVBCsJ2Continuation\Results_Izar_J2_sequences\s004_J2_0p3_D_8_dimer-plaquette\right\insurance_1\J2_0p32\D_8_chi_104_energy_magnetization_correlation.txt,D:\HyraiOn\ENS_Lyon\Internship\2026-EPFL\data\distinVBCsJ2Continuation\Results_Izar_J2_sequences\s004_J2_0p3_D_8_dimer-plaquette\right\insurance_1\J2_0p32\sweep_D8_chi104_best.pt
False,True,False,,legacy:s004:right:insurance2:4b9ccb6cac86,dimer-plaquette,0.32,8,104,legacy:s004:right:insurance2,-0.4207088623851,True,-0.4207280842888,1.9221903699961906e-05,0.2484481613393499,1.6739463140100774e-06,0.25092832021520006,0.00988393368163119,0.9841379465130466,-0.001075461451176634,-0.4841779980807999,1.2583239999974793e-06,-0.2377002857534,2.265270300005895e-06,-0.23572983674145,1.1039551500030553e-06,D:\HyraiOn\ENS_Lyon\Internship\2026-EPFL\data\distinVBCsJ2Continuation\Results_Izar_J2_sequences\s004_J2_0p3_D_8_dimer-plaquette\right\insurance_2\J2_0p32\D_8_chi_104_energy_magnetization_correlation.txt,D:\HyraiOn\ENS_Lyon\Internship\2026-EPFL\data\distinVBCsJ2Continuation\Results_Izar_J2_sequences\s004_J2_0p3_D_8_dimer-plaquette\right\insurance_2\J2_0p32\sweep_D8_chi104_best.pt
False,False,False,relative Delta difference 610.3%>35%,legacy:s006:left:insurance1:95a5e61955d9,dimer-plaquette,0.26,9,108,legacy:s006:left:insurance1,-0.4345845648534,True,-0.4346062193824,2.165452899999254e-05,0.017363049197549996,1.7233121330376013e-05,0.0024443624944001097,6.103303719201926,0.453589287166289,inf,-0.34734602677075,1.4882087649992215e-05,-0.33472665561770004,8.696176000133615e-07,-0.3299829775732,8.689300199982153e-06,D:\HyraiOn\ENS_Lyon\Internship\2026-EPFL\data\distinVBCsJ2Continuation\Results_Izar_J2_sequences\s006_J2_0p33_D_9_dimer-plaquette\left\insurance_1\J2_0p26\D_9_chi_108_energy_magnetization_correlation.txt,D:\HyraiOn\ENS_Lyon\Internship\2026-EPFL\data\distinVBCsJ2Continuation\Results_Izar_J2_sequences\s006_J2_0p33_D_9_dimer-plaquette\left\insurance_1\J2_0p26\sweep_D9_chi108_best.pt
False,False,False,relative Delta difference 245.0%>35%,legacy:s006:left:insurance2:d06f6f49736d,dimer-plaquette,0.26,9,108,legacy:s006:left:insurance2,-0.4345967858546,True,-0.4346062193824,9.43352780002904e-06,0.008432305127350048,3.7928296659117505e-05,0.0024443624944001097,2.4496950213677233,0.8835459422222631,inf,-0.3428208544570501,3.6993039950000695e-05,-0.33487953740395,1.8975783350000386e-05,-0.3343885493297,8.370823299991281e-06,D:\HyraiOn\ENS_Lyon\Internship\2026-EPFL\data\distinVBCsJ2Continuation\Results_Izar_J2_sequences\s006_J2_0p33_D_9_dimer-plaquette\left\insurance_2\J2_0p26\D_9_chi_108_energy_magnetization_correlation.txt,D:\HyraiOn\ENS_Lyon\Internship\2026-EPFL\data\distinVBCsJ2Continuation\Results_Izar_J2_sequences\s006_J2_0p33_D_9_dimer-plaquette\left\insurance_2\J2_0p26\sweep_D9_chi108_best.pt
False,False,False,relative Delta difference 1625.3%>35%,legacy:s101:left:insurance1:98fcb84f289d,dimer-plaquette,0.26,9,108,legacy:s101:left:insurance1,-0.434581254709,True,-0.4346062193824,2.4964673400018622e-05,0.04217178797310006,7.021597282814743e-06,0.0024443624944001097,16.25267347609577,0.9685823858157216,inf,-0.36507178235305,4.490000349993695e-06,-0.32356246286194995,8.198329750019884e-06,-0.32289999437994993,5.39840024998961e-06,D:\HyraiOn\ENS_Lyon\Internship\2026-EPFL\data\distinVBCsJ2Continuation\Results_Izar_J2_sequences\s101_J2_0p28_D_9_dimer-plaquette\left\insurance_1\J2_0p26\D_9_chi_108_energy_magnetization_correlation.txt,D:\HyraiOn\ENS_Lyon\Internship\2026-EPFL\data\distinVBCsJ2Continuation\Results_Izar_J2_sequences\s101_J2_0p28_D_9_dimer-plaquette\left\insurance_1\J2_0p26\sweep_D9_chi108_best.pt
False,False,False,relative Delta difference 1751.9%>35%,legacy:s101:left:insurance2:c331aae68b56,dimer-plaquette,0.26,9,108,legacy:s101:left:insurance2,-0.434575239718,True,-0.4346062193824,3.0979664400021534e-05,0.045266312129099984,8.284339203803511e-06,0.0024443624944001097,17.518657618418885,0.9779644748493035,inf,-0.36716451343539996,4.028719100018785e-06,-0.322396934786,4.623306100015601e-06,-0.3218982013063,7.238763600009301e-06,D:\HyraiOn\ENS_Lyon\Internship\2026-EPFL\data\distinVBCsJ2Continuation\Results_Izar_J2_sequences\s101_J2_0p28_D_9_dimer-plaquette\left\insurance_2\J2_0p26\D_9_chi_108_energy_magnetization_correlation.txt,D:\HyraiOn\ENS_Lyon\Internship\2026-EPFL\data\distinVBCsJ2Continuation\Results_Izar_J2_sequences\s101_J2_0p28_D_9_dimer-plaquette\left\insurance_2\J2_0p26\sweep_D9_chi108_best.pt
False,False,False,relative Delta difference 1886.2%>35%,legacy:s102:left:insurance2:f71c8c80a625,dimer-plaquette,0.26,9,108,legacy:s102:left:insurance2,-0.4345636223148,True,-0.4346062193824,4.259706760001425e-05,0.04855076105024997,1.9366652090862557e-05,0.0024443624944001097,18.862340860439847,0.8406106742716013,inf,-0.3682724927214,2.595417800010935e-06,-0.32359096820485,9.437375499965484e-07,-0.31972173167115003,1.9191951950020547e-05,D:\HyraiOn\ENS_Lyon\Internship\2026-EPFL\data\distinVBCsJ2Continuation\Results_Izar_J2_sequences\s102_J2_0p3_D_9_dimer-plaquette\left\insurance_2\J2_0p26\D_9_chi_108_energy_magnetization_correlation.txt,D:\HyraiOn\ENS_Lyon\Internship\2026-EPFL\data\distinVBCsJ2Continuation\Results_Izar_J2_sequences\s102_J2_0p3_D_9_dimer-plaquette\left\insurance_2\J2_0p26\sweep_D9_chi108_best.pt
True,True,False,,original_2c3:symmetry_restored:41e60afc526b,dimer-plaquette,0.26,9,0,original_2c3:symmetry_restored,-0.4346062193824,True,-0.4346062193824,0.0,0.0024443624944001097,2.6862964113233356e-07,0.0024443624944001097,0.0,-0.11413204970174962,0.0,-0.33849952883250006,1.3409130000807679e-07,-0.33741683763615,6.493704049981286e-06,-0.33605516633809995,2.327689999914728e-07,D:\HyraiOn\ENS_Lyon\Internship\2026-EPFL\data\0713summary\J2_0p26\2tensor_twoC3\D_9\energy_magnetization_correlation.txt,D:\HyraiOn\ENS_Lyon\Internship\2026-EPFL\data\0713summary\J2_0p26\2tensor_twoC3\D_9\tensor_best.pt
False,False,False,relative Delta difference 318.0%>35%,legacy:s006:left:insurance1:3f346302bd96,dimer-plaquette,0.265,9,108,legacy:s006:left:insurance1,-0.4332256924537,True,-0.4332520538593,2.6361405599972798e-05,0.022059298781549996,1.8507867719899806e-05,0.005276996820050006,3.180275170478681,0.36245502788770767,inf,-0.34845579420664996,1.593209774999882e-05,-0.33342839293834997,1.984806350024959e-06,-0.32639649542509996,9.418568300001429e-06,D:\HyraiOn\ENS_Lyon\Internship\2026-EPFL\data\distinVBCsJ2Continuation\Results_Izar_J2_sequences\s006_J2_0p33_D_9_dimer-plaquette\left\insurance_1\J2_0p265\D_9_chi_108_energy_magnetization_correlation.txt,D:\HyraiOn\ENS_Lyon\Internship\2026-EPFL\data\distinVBCsJ2Continuation\Results_Izar_J2_sequences\s006_J2_0p33_D_9_dimer-plaquette\left\insurance_1\J2_0p265\sweep_D9_chi108_best.pt
False,False,False,relative Delta difference 2526.2%>35%,legacy:s006:left:insurance2:ef5f3ce5600e,dimer-plaquette,0.265,9,108,legacy:s006:left:insurance2,-0.4329923892622,True,-0.4332520538593,0.00025966459709997336,0.13858274334039994,3.997850022875021e-05,0.005276996820050006,25.26166891248699,0.8139998548846326,inf,-0.41962406485954995,3.958191524999766e-05,-0.29392952670505007,9.760365750011157e-06,-0.28104132151915,5.617158150006407e-06,D:\HyraiOn\ENS_Lyon\Internship\2026-EPFL\data\distinVBCsJ2Continuation\Results_Izar_J2_sequences\s006_J2_0p33_D_9_dimer-plaquette\left\insurance_2\J2_0p265\D_9_chi_108_energy_magnetization_correlation.txt,D:\HyraiOn\ENS_Lyon\Internship\2026-EPFL\data\distinVBCsJ2Continuation\Results_Izar_J2_sequences\s006_J2_0p33_D_9_dimer-plaquette\left\insurance_2\J2_0p265\sweep_D9_chi108_best.pt
False,False,False,relative Delta difference 843.5%>35%,legacy:s101:left:insurance1:81b08a059e96,dimer-plaquette,0.265,9,108,legacy:s101:left:insurance1,-0.4332296281066,True,-0.4332520538593,2.242575270000602e-05,0.049788507385299996,7.342276541922446e-06,0.005276996820050006,8.43500803262341,0.9988917454027488,inf,-0.36910106290864997,5.108793550007151e-06,-0.31934014469445,8.844343150016254e-06,-0.31931255552335,5.273447950010501e-06,D:\HyraiOn\ENS_Lyon\Internship\2026-EPFL\data\distinVBCsJ2Continuation\Results_Izar_J2_sequences\s101_J2_0p28_D_9_dimer-plaquette\left\insurance_1\J2_0p265\D_9_chi_108_energy_magnetization_correlation.txt,D:\HyraiOn\ENS_Lyon\Internship\2026-EPFL\data\distinVBCsJ2Continuation\Results_Izar_J2_sequences\s101_J2_0p28_D_9_dimer-plaquette\left\insurance_1\J2_0p265\sweep_D9_chi108_best.pt
False,False,False,relative Delta difference 918.0%>35%,legacy:s101:left:insurance2:d137b1e60e32,dimer-plaquette,0.265,9,108,legacy:s101:left:insurance2,-0.4332230615953,True,-0.4332520538593,2.8992263999993995e-05,0.05371909640924999,9.030977916745096e-06,0.005276996820050006,9.179861432764884,0.9629110846369895,inf,-0.37145964786945,4.583761649995521e-06,-0.31873674297025006,4.577925049986664e-06,-0.3177405514602,7.781239699994336e-06,D:\HyraiOn\ENS_Lyon\Internship\2026-EPFL\data\distinVBCsJ2Continuation\Results_Izar_J2_sequences\s101_J2_0p28_D_9_dimer-plaquette\left\insurance_2\J2_0p265\D_9_chi_108_energy_magnetization_correlation.txt,D:\HyraiOn\ENS_Lyon\Internship\2026-EPFL\data\distinVBCsJ2Continuation\Results_Izar_J2_sequences\s101_J2_0p28_D_9_dimer-plaquette\left\insurance_2\J2_0p265\sweep_D9_chi108_best.pt
False,False,False,relative Delta difference 2093.6%>35%,legacy:s102:left:insurance1:0c3cece21f7b,dimer-plaquette,0.265,9,108,legacy:s102:left:insurance1,-0.4331363047658,True,-0.4332520538593,0.00011574909349998386,0.11575613131039997,1.7927286694085254e-05,0.005276996820050006,20.935986557843528,0.7554877627699612,inf,-0.40544412910464994,1.6588079500001742e-06,-0.30383989311415,4.130143499980754e-07,-0.28968799779425,1.7850377149991603e-05,D:\HyraiOn\ENS_Lyon\Internship\2026-EPFL\data\distinVBCsJ2Continuation\Results_Izar_J2_sequences\s102_J2_0p3_D_9_dimer-plaquette\left\insurance_1\J2_0p265\D_9_chi_108_energy_magnetization_correlation.txt,D:\HyraiOn\ENS_Lyon\Internship\2026-EPFL\data\distinVBCsJ2Continuation\Results_Izar_J2_sequences\s102_J2_0p3_D_9_dimer-plaquette\left\insurance_1\J2_0p265\sweep_D9_chi108_best.pt
False,False,False,relative Delta difference 1661.9%>35%,legacy:s102:left:insurance2:4342a23c6546,dimer-plaquette,0.265,9,108,legacy:s102:left:insurance2,-0.4331853473785,True,-0.4332520538593,6.670648079998287e-05,0.0929759288091,1.6046847271394674e-05,0.005276996820050006,16.619098888943224,0.7632761331796918,inf,-0.39276206080360004,1.8912637000101373e-06,-0.31079094268894997,8.897334499990972e-07,-0.29978613199450005,1.593500640001411e-05,D:\HyraiOn\ENS_Lyon\Internship\2026-EPFL\data\distinVBCsJ2Continuation\Results_Izar_J2_sequences\s102_J2_0p3_D_9_dimer-plaquette\left\insurance_2\J2_0p265\D_9_chi_108_energy_magnetization_correlation.txt,D:\HyraiOn\ENS_Lyon\Internship\2026-EPFL\data\distinVBCsJ2Continuation\Results_Izar_J2_sequences\s102_J2_0p3_D_9_dimer-plaquette\left\insurance_2\J2_0p265\sweep_D9_chi108_best.pt
True,True,False,,original_2c3:symmetry_restored:5972b626f942,dimer-plaquette,0.265,9,0,original_2c3:symmetry_restored,-0.4332520538593,True,-0.4332520538593,0.0,0.005276996820050006,2.7086751862271726e-05,0.005276996820050006,0.0,0.4810234965663496,0.0,-0.33916005971045,1.5916496249990253e-05,-0.33525238156955,1.4824237500044024e-06,-0.3338830628904,2.19170543999947e-05,D:\HyraiOn\ENS_Lyon\Internship\2026-EPFL\data\0713summary\J2_0p265\2tensor_twoC3\D_9\energy_magnetization_correlation.txt,D:\HyraiOn\ENS_Lyon\Internship\2026-EPFL\data\0713summary\J2_0p265\2tensor_twoC3\D_9\tensor_best.pt
False,False,False,relative Delta difference 144.3%>35%,legacy:s006:left:insurance1:371bb0023b09,dimer-plaquette,0.27,9,108,legacy:s006:left:insurance1,-0.4319010131772,True,-0.4319224900806,2.1476903400041714e-05,0.03925282059919999,1.8263301346447532e-05,0.01607055140720004,1.4425310373366322,0.42486007196231745,inf,-0.35717487953184995,1.5590873449988774e-05,-0.32920999113999994,4.005778599991405e-06,-0.31792205893264996,9.511721249993998e-06,D:\HyraiOn\ENS_Lyon\Internship\2026-EPFL\data\distinVBCsJ2Continuation\Results_Izar_J2_sequences\s006_J2_0p33_D_9_dimer-plaquette\left\insurance_1\J2_0p27\D_9_chi_108_energy_magnetization_correlation.txt,D:\HyraiOn\ENS_Lyon\Internship\2026-EPFL\data\distinVBCsJ2Continuation\Results_Izar_J2_sequences\s006_J2_0p33_D_9_dimer-plaquette\left\insurance_1\J2_0p27\sweep_D9_chi108_best.pt
False,False,False,relative Delta difference 762.3%>35%,legacy:s006:left:insurance2:d3af5f704ec0,dimer-plaquette,0.27,9,108,legacy:s006:left:insurance2,-0.4317790853273,True,-0.4319224900806,0.00014340475329999158,0.1385827494493,3.9977288594377935e-05,0.01607055140720004,7.623397289729037,0.8139997613835044,inf,-0.4196240658845,3.9580799800015276e-05,-0.29392952866804994,9.759667449982246e-06,-0.28104131643520003,5.616394799984326e-06,D:\HyraiOn\ENS_Lyon\Internship\2026-EPFL\data\distinVBCsJ2Continuation\Results_Izar_J2_sequences\s006_J2_0p33_D_9_dimer-plaquette\left\insurance_2\J2_0p27\D_9_chi_108_energy_magnetization_correlation.txt,D:\HyraiOn\ENS_Lyon\Internship\2026-EPFL\data\distinVBCsJ2Continuation\Results_Izar_J2_sequences\s006_J2_0p33_D_9_dimer-plaquette\left\insurance_2\J2_0p27\sweep_D9_chi108_best.pt
False,False,False,relative Delta difference 290.1%>35%,legacy:s101:left:insurance1:a76d959e40a3,dimer-plaquette,0.27,9,108,legacy:s101:left:insurance1,-0.4319136928269,True,-0.4319224900806,8.797253700010277e-06,0.06269568263335001,7.827712837743794e-06,0.01607055140720004,2.901277625437336,0.9904729749033425,inf,-0.37632374876650004,5.7055581000053915e-06,-0.31392671780410003,9.151399000012496e-06,-0.31362806613315003,5.359075949978864e-06,D:\HyraiOn\ENS_Lyon\Internship\2026-EPFL\data\distinVBCsJ2Continuation\Results_Izar_J2_sequences\s101_J2_0p28_D_9_dimer-plaquette\left\insurance_1\J2_0p27\D_9_chi_108_energy_magnetization_correlation.txt,D:\HyraiOn\ENS_Lyon\Internship\2026-EPFL\data\distinVBCsJ2Continuation\Results_Izar_J2_sequences\s101_J2_0p28_D_9_dimer-plaquette\left\insurance_1\J2_0p27\sweep_D9_chi108_best.pt
False,False,False,relative Delta difference 496.3%>35%,legacy:s101:left:insurance2:d61cf485aee4,dimer-plaquette,0.27,9,108,legacy:s101:left:insurance2,-0.4319037646043,True,-0.4319224900806,1.8725476299996657e-05,0.09582660811545002,9.644980617404808e-06,0.01607055140720004,4.962869953081829,0.9133611322567372,inf,-0.39668980469410003,8.41671100001995e-06,-0.30501435099205,6.134007149993792e-06,-0.30086319657865,4.710055950013503e-06,D:\HyraiOn\ENS_Lyon\Internship\2026-EPFL\data\distinVBCsJ2Continuation\Results_Izar_J2_sequences\s101_J2_0p28_D_9_dimer-plaquette\left\insurance_2\J2_0p27\D_9_chi_108_energy_magnetization_correlation.txt,D:\HyraiOn\ENS_Lyon\Internship\2026-EPFL\data\distinVBCsJ2Continuation\Results_Izar_J2_sequences\s101_J2_0p28_D_9_dimer-plaquette\left\insurance_2\J2_0p27\sweep_D9_chi108_best.pt
False,False,False,relative Delta difference 620.3%>35%,legacy:s102:left:insurance1:77720e8bc75c,dimer-plaquette,0.27,9,108,legacy:s102:left:insurance1,-0.4318844235151,True,-0.4319224900806,3.806656550003895e-05,0.11575613300475002,1.7927618922616513e-05,0.01607055140720004,6.2029969645527006,0.7554877663161177,inf,-0.40544413020355,1.6589522499887988e-06,-0.3038398925206,4.1361469999001693e-07,-0.2896879971988,1.785069740001255e-05,D:\HyraiOn\ENS_Lyon\Internship\2026-EPFL\data\distinVBCsJ2Continuation\Results_Izar_J2_sequences\s102_J2_0p3_D_9_dimer-plaquette\left\insurance_1\J2_0p27\D_9_chi_108_energy_magnetization_correlation.txt,D:\HyraiOn\ENS_Lyon\Internship\2026-EPFL\data\distinVBCsJ2Continuation\Results_Izar_J2_sequences\s102_J2_0p3_D_9_dimer-plaquette\left\insurance_1\J2_0p27\sweep_D9_chi108_best.pt
False,False,False,relative Delta difference 477.8%>35%,legacy:s102:left:insurance2:a61086814930,dimer-plaquette,0.27,9,108,legacy:s102:left:insurance2,-0.4318946604845,True,-0.4319224900806,2.7829596100037435e-05,0.09286155693745002,1.6960726447025612e-05,0.01607055140720004,4.77836780982173,0.7641195222167745,inf,-0.3927127892071,6.813923000004162e-07,-0.31080334647869995,1.1902264999974488e-06,-0.29985123226965,1.6947033549985502e-05,D:\HyraiOn\ENS_Lyon\Internship\2026-EPFL\data\distinVBCsJ2Continuation\Results_Izar_J2_sequences\s102_J2_0p3_D_9_dimer-plaquette\left\insurance_2\J2_0p27\D_9_chi_108_energy_magnetization_correlation.txt,D:\HyraiOn\ENS_Lyon\Internship\2026-EPFL\data\distinVBCsJ2Continuation\Results_Izar_J2_sequences\s102_J2_0p3_D_9_dimer-plaquette\left\insurance_2\J2_0p27\sweep_D9_chi108_best.pt
True,True,False,,original_2c3:symmetry_restored:b622096c1b09,dimer-plaquette,0.27,9,0,original_2c3:symmetry_restored,-0.4319224900806,True,-0.4319224900806,0.0,0.01607055140720004,1.2474643750003887e-05,0.01607055140720004,0.0,0.4825093568056389,0.0,-0.34412055860070007,5.546849200011028e-06,-0.3322081871856,5.783502400019679e-06,-0.3280500071935,1.1173593899987955e-05,D:\HyraiOn\ENS_Lyon\Internship\2026-EPFL\data\0713summary\J2_0p27\2tensor_twoC3\D_9\energy_magnetization_correlation.txt,D:\HyraiOn\ENS_Lyon\Internship\2026-EPFL\data\0713summary\J2_0p27\2tensor_twoC3\D_9\tensor_best.pt
False,False,False,relative Delta difference 367.9%>35%,legacy:s006:left:insurance1:ed784b3972b0,dimer-plaquette,0.275,9,108,legacy:s006:left:insurance1,-0.4303935384368,True,-0.4306492031144,0.00025566467760002043,0.17564510158200003,4.3441551044006e-05,0.03754181505705001,3.678652359111643,0.8285249557486856,inf,-0.4404758244213,4.322652739999211e-05,-0.27989009862245,6.13770495000443e-06,-0.2648307228393,4.316907000007086e-06,D:\HyraiOn\ENS_Lyon\Internship\2026-EPFL\data\distinVBCsJ2Continuation\Results_Izar_J2_sequences\s006_J2_0p33_D_9_dimer-plaquette\left\insurance_1\J2_0p275\D_9_chi_108_energy_magnetization_correlation.txt,D:\HyraiOn\ENS_Lyon\Internship\2026-EPFL\data\distinVBCsJ2Continuation\Results_Izar_J2_sequences\s006_J2_0p33_D_9_dimer-plaquette\left\insurance_1\J2_0p275\sweep_D9_chi108_best.pt
False,False,False,relative Delta difference 269.1%>35%,legacy:s006:left:insurance2:a64a9d964898,dimer-plaquette,0.275,9,108,legacy:s006:left:insurance2,-0.430566183459,True,-0.4306492031144,8.301965540002954e-05,0.13858184785505007,4.067169881901069e-05,0.03754181505705001,2.69139978033709,0.8140188975704956,inf,-0.41962423153095,4.026437515000647e-05,-0.2939291860963,9.724111400016833e-06,-0.28104238367589995,5.7417052000130475e-06,D:\HyraiOn\ENS_Lyon\Internship\2026-EPFL\data\distinVBCsJ2Continuation\Results_Izar_J2_sequences\s006_J2_0p33_D_9_dimer-plaquette\left\insurance_2\J2_0p275\D_9_chi_108_energy_magnetization_correlation.txt,D:\HyraiOn\ENS_Lyon\Internship\2026-EPFL\data\distinVBCsJ2Continuation\Results_Izar_J2_sequences\s006_J2_0p33_D_9_dimer-plaquette\left\insurance_2\J2_0p275\sweep_D9_chi108_best.pt
False,False,False,relative Delta difference 207.5%>35%,legacy:s101:left:insurance1:e5448de0b818,dimer-plaquette,0.275,9,108,legacy:s101:left:insurance1,-0.4306313667072,True,-0.4306492031144,1.7836407200044757e-05,0.1154457747633501,1.0664965832715539e-05,0.03754181505705001,2.07512501960585,0.9018039723719808,inf,-0.4079656707847001,9.557249299990689e-06,-0.29818805426545,4.856985649975831e-06,-0.29251989602135,4.732914750005257e-06,D:\HyraiOn\ENS_Lyon\Internship\2026-EPFL\data\distinVBCsJ2Continuation\Results_Izar_J2_sequences\s101_J2_0p28_D_9_dimer-plaquette\left\insurance_1\J2_0p275\D_9_chi_108_energy_magnetization_correlation.txt,D:\HyraiOn\ENS_Lyon\Internship\2026-EPFL\data\distinVBCsJ2Continuation\Results_Izar_J2_sequences\s101_J2_0p28_D_9_dimer-plaquette\left\insurance_1\J2_0p275\sweep_D9_chi108_best.pt
False,False,False,relative Delta difference 183.2%>35%,legacy:s101:left:insurance2:77847ea1182f,dimer-plaquette,0.275,9,108,legacy:s101:left:insurance2,-0.4306350068708,True,-0.4306492031144,1.4196243600050895e-05,0.1062999099354,1.0881664646361814e-05,0.03754181505705001,1.8315069416292875,0.9052311651748146,inf,-0.40218468252120004,9.862125000009714e-06,-0.30092173188910004,6.189840300013794e-06,-0.29588477258580004,4.598816800011063e-06,D:\HyraiOn\ENS_Lyon\Internship\2026-EPFL\data\distinVBCsJ2Continuation\Results_Izar_J2_sequences\s101_J2_0p28_D_9_dimer-plaquette\left\insurance_2\J2_0p275\D_9_chi_108_energy_magnetization_correlation.txt,D:\HyraiOn\ENS_Lyon\Internship\2026-EPFL\data\distinVBCsJ2Continuation\Results_Izar_J2_sequences\s101_J2_0p28_D_9_dimer-plaquette\left\insurance_2\J2_0p275\sweep_D9_chi108_best.pt
False,False,False,relative Delta difference 208.3%>35%,legacy:s102:left:insurance1:8854aac3464f,dimer-plaquette,0.275,9,108,legacy:s102:left:insurance1,-0.4306325422193,True,-0.4306492031144,1.666089510005131e-05,0.11575614089389996,1.792882647008177e-05,0.03754181505705001,2.0833922312491393,0.7554877976690433,inf,-0.40544413561115,1.6594665500080374e-06,-0.30383988918890004,4.1578769999217613e-07,-0.28968799471725004,1.7851862350010128e-05,D:\HyraiOn\ENS_Lyon\Internship\2026-EPFL\data\distinVBCsJ2Continuation\Results_Izar_J2_sequences\s102_J2_0p3_D_9_dimer-plaquette\left\insurance_1\J2_0p275\D_9_chi_108_energy_magnetization_correlation.txt,D:\HyraiOn\ENS_Lyon\Internship\2026-EPFL\data\distinVBCsJ2Continuation\Results_Izar_J2_sequences\s102_J2_0p3_D_9_dimer-plaquette\left\insurance_1\J2_0p275\sweep_D9_chi108_best.pt
False,False,False,relative Delta difference 280.8%>35%,legacy:s102:left:insurance2:b115a1e58394,dimer-plaquette,0.275,9,108,legacy:s102:left:insurance2,-0.430615492348,True,-0.4306492031144,3.371076640001913e-05,0.14295032841120003,9.866138039287854e-06,0.03754181505705001,2.80776284241897,0.7579578129259534,inf,-0.42214693211805,4.657442849997917e-06,-0.29649660877265,1.8514863500129763e-06,-0.27919660370684996,8.697637950000336e-06,D:\HyraiOn\ENS_Lyon\Internship\2026-EPFL\data\distinVBCsJ2Continuation\Results_Izar_J2_sequences\s102_J2_0p3_D_9_dimer-plaquette\left\insurance_2\J2_0p275\D_9_chi_108_energy_magnetization_correlation.txt,D:\HyraiOn\ENS_Lyon\Internship\2026-EPFL\data\distinVBCsJ2Continuation\Results_Izar_J2_sequences\s102_J2_0p3_D_9_dimer-plaquette\left\insurance_2\J2_0p275\sweep_D9_chi108_best.pt
True,True,False,,original_2c3:symmetry_restored:a936be8458d2,dimer-plaquette,0.275,9,0,original_2c3:symmetry_restored,-0.4306492031144,True,-0.4306492031144,0.0,0.03754181505705001,1.2788949382317885e-06,0.03754181505705001,0.0,-0.3034868289355759,0.14736680853979442,-0.35026724528354997,1.27888694997913e-06,-0.33719306095709994,5.668797300018014e-06,-0.31272543022649996,4.5201999920863045e-09,D:\HyraiOn\ENS_Lyon\Internship\2026-EPFL\data\0713summary\J2_0p275\2tensor_twoC3\D_9\energy_magnetization_correlation.txt,D:\HyraiOn\ENS_Lyon\Internship\2026-EPFL\data\0713summary\J2_0p275\2tensor_twoC3\D_9\tensor_best.pt
True,True,False,,catalog:izar_replica1_small_h:dimer-plaquette:37c9cc74f840,dimer-plaquette,0.28,9,108,catalog:izar_replica1_small_h:dimer-plaquette,-0.4293999510728,True,-0.4294108101266,1.085905379999419e-05,0.12547888530604995,1.181284094918327e-05,0.10589849796614997,0.1848976870867306,0.8975135411752024,0.421891532503847,-0.41305582649699996,1.0644475999993519e-05,-0.2940068844971,5.036493299998002e-06,-0.28757694119095,5.122337550012013e-06,D:\HyraiOn\ENS_Lyon\Internship\2026-EPFL\data\distinVBCsSmallH\Results_Izar_replica1\J2_0.28\D_9\orientation_2\dimer-plaquette\replica_1\h_0\D_9_chi_108_energy_magnetization_correlation.txt,D:\HyraiOn\ENS_Lyon\Internship\2026-EPFL\data\distinVBCsSmallH\Results_Izar_replica1\J2_0.28\D_9\orientation_2\dimer-plaquette\replica_1\h_0\sweep_D9_chi108_best.pt
False,False,False,relative Delta difference 65.9%>35%,legacy:s006:left:insurance1:ee8db8930511,dimer-plaquette,0.28,9,108,legacy:s006:left:insurance1,-0.4292625382235,True,-0.4294108101266,0.0001482719030999613,0.17564516794694995,4.344312985686828e-05,0.10589849796614997,0.6586181232059989,0.8285251677336389,inf,-0.4404758679014,4.322800170000751e-05,-0.27989006281050005,6.132071699999075e-06,-0.26483069995445,4.318032050004694e-06,D:\HyraiOn\ENS_Lyon\Internship\2026-EPFL\data\distinVBCsJ2Continuation\Results_Izar_J2_sequences\s006_J2_0p33_D_9_dimer-plaquette\left\insurance_1\J2_0p28\D_9_chi_108_energy_magnetization_correlation.txt,D:\HyraiOn\ENS_Lyon\Internship\2026-EPFL\data\distinVBCsJ2Continuation\Results_Izar_J2_sequences\s006_J2_0p33_D_9_dimer-plaquette\left\insurance_1\J2_0p28\sweep_D9_chi108_best.pt
False,True,False,,legacy:s006:left:insurance2:5ec74b6cb184,dimer-plaquette,0.28,9,108,legacy:s006:left:insurance2,-0.4293524510415,True,-0.4294108101266,5.835908509999044e-05,0.13858263822604994,3.993132413713439e-05,0.10589849796614997,0.308636485763446,0.813999111531168,1.3679720890938418,-0.4196239568678499,3.9535022549996857e-05,-0.29392956556,9.751826600012947e-06,-0.2810413186418,5.6118303000118885e-06,D:\HyraiOn\ENS_Lyon\Internship\2026-EPFL\data\distinVBCsJ2Continuation\Results_Izar_J2_sequences\s006_J2_0p33_D_9_dimer-plaquette\left\insurance_2\J2_0p28\D_9_chi_108_energy_magnetization_correlation.txt,D:\HyraiOn\ENS_Lyon\Internship\2026-EPFL\data\distinVBCsJ2Continuation\Results_Izar_J2_sequences\s006_J2_0p33_D_9_dimer-plaquette\left\insurance_2\J2_0p28\sweep_D9_chi108_best.pt
False,False,False,relative Delta difference 44.1%>35%,legacy:s102:left:insurance1:8e124ca994bc,dimer-plaquette,0.28,9,108,legacy:s102:left:insurance1,-0.4293905561528,True,-0.4294108101266,2.0253973800010705e-05,0.1525677519557499,8.993199125549295e-06,0.10589849796614997,0.4406979785918924,0.7673739787888225,inf,-0.42713042452659994,5.485336300015131e-06,-0.29230828712215,2.0914583500064587e-06,-0.27456267257085004,7.126620249986448e-06,D:\HyraiOn\ENS_Lyon\Internship\2026-EPFL\data\distinVBCsJ2Continuation\Results_Izar_J2_sequences\s102_J2_0p3_D_9_dimer-plaquette\left\insurance_1\J2_0p28\D_9_chi_108_energy_magnetization_correlation.txt,D:\HyraiOn\ENS_Lyon\Internship\2026-EPFL\data\distinVBCsJ2Continuation\Results_Izar_J2_sequences\s102_J2_0p3_D_9_dimer-plaquette\left\insurance_1\J2_0p28\sweep_D9_chi108_best.pt
False,False,False,relative Delta difference 47.5%>35%,legacy:s102:left:insurance2:b2cb1c214ee7,dimer-plaquette,0.28,9,108,legacy:s102:left:insurance2,-0.4293914128243,True,-0.4294108101266,1.9397302299994923e-05,0.15622095596810004,8.629719878460499e-06,0.10589849796614997,0.47519520076701594,0.7332257332191077,inf,-0.42845907184015003,3.9714234500165535e-06,-0.29307598136415,1.43381745001947e-06,-0.27223811587205,7.661583450002675e-06,D:\HyraiOn\ENS_Lyon\Internship\2026-EPFL\data\distinVBCsJ2Continuation\Results_Izar_J2_sequences\s102_J2_0p3_D_9_dimer-plaquette\left\insurance_2\J2_0p28\D_9_chi_108_energy_magnetization_correlation.txt,D:\HyraiOn\ENS_Lyon\Internship\2026-EPFL\data\distinVBCsJ2Continuation\Results_Izar_J2_sequences\s102_J2_0p3_D_9_dimer-plaquette\left\insurance_2\J2_0p28\sweep_D9_chi108_best.pt
False,True,False,,legacy_seed:s101:f1f227e7e88b,dimer-plaquette,0.28,9,108,legacy_seed:s101,-0.4293999510728,True,-0.4294108101266,1.085905379999419e-05,0.12547888530604995,1.181284094918327e-05,0.10589849796614997,0.1848976870867306,0.8975135411752024,0.421891532503847,-0.41305582649699996,1.0644475999993519e-05,-0.2940068844971,5.036493299998002e-06,-0.28757694119095,5.122337550012013e-06,D:\HyraiOn\ENS_Lyon\Internship\2026-EPFL\6-AD-CTMRG\models\VBCJ2SeedContinuationIzar\d9_supplemental_seeds\s101\observation.txt,D:\HyraiOn\ENS_Lyon\Internship\2026-EPFL\6-AD-CTMRG\models\VBCJ2SeedContinuationIzar\d9_supplemental_seeds\s101\tensor_best.pt
True,True,False,,legacy:s006:left:insurance1:308b0dc09637,dimer-plaquette,0.29,9,108,legacy:s006:left:insurance1,-0.4270005466084,True,-0.4270572980804,5.675147200001618e-05,0.17564517001084995,4.3443534029092497e-05,0.17369976289764996,0.011199825956851131,0.8285251742502255,0.14104206080716708,-0.4404758696992999,4.32284111000214e-05,-0.27989006214914997,6.132415249993084e-06,-0.26483069968844997,4.3179998499842664e-06,D:\HyraiOn\ENS_Lyon\Internship\2026-EPFL\data\distinVBCsJ2Continuation\Results_Izar_J2_sequences\s006_J2_0p33_D_9_dimer-plaquette\left\insurance_1\J2_0p29\D_9_chi_108_energy_magnetization_correlation.txt,D:\HyraiOn\ENS_Lyon\Internship\2026-EPFL\data\distinVBCsJ2Continuation\Results_Izar_J2_sequences\s006_J2_0p33_D_9_dimer-plaquette\left\insurance_1\J2_0p29\sweep_D9_chi108_best.pt
False,True,False,,legacy:s006:left:insurance2:092deb9abd48,dimer-plaquette,0.29,9,108,legacy:s006:left:insurance2,-0.4269999809559,True,-0.4270572980804,5.7317124499967065e-05,0.17108203997560006,4.594990121433746e-05,0.17369976289764996,0.015070388573830999,0.8876650726140454,0.1455697306778443,-0.4393831650127,4.570227800002047e-05,-0.27791036930595,7.198774649996852e-06,-0.26830112503709996,4.76394869999841e-06,D:\HyraiOn\ENS_Lyon\Internship\2026-EPFL\data\distinVBCsJ2Continuation\Results_Izar_J2_sequences\s006_J2_0p33_D_9_dimer-plaquette\left\insurance_2\J2_0p29\D_9_chi_108_energy_magnetization_correlation.txt,D:\HyraiOn\ENS_Lyon\Internship\2026-EPFL\data\distinVBCsJ2Continuation\Results_Izar_J2_sequences\s006_J2_0p33_D_9_dimer-plaquette\left\insurance_2\J2_0p29\sweep_D9_chi108_best.pt
False,True,False,,legacy:s101:right:insurance1:f34d82ad8ca7,dimer-plaquette,0.29,9,108,legacy:s101:right:insurance1,-0.4270574780315,True,-0.4270572980804,-1.7995110002111403e-07,0.15837232356589998,1.40642039657538e-05,0.17369976289764996,0.0882409916747063,0.9104844229320097,0.07806846855013544,-0.43182349405485,1.1860651550010813e-05,-0.28053956545675,1.5886745499960053e-06,-0.27345117048895,7.558225849996214e-06,D:\HyraiOn\ENS_Lyon\Internship\2026-EPFL\data\distinVBCsJ2Continuation\Results_Izar_J2_sequences\s101_J2_0p28_D_9_dimer-plaquette\right\insurance_1\J2_0p29\D_9_chi_108_energy_magnetization_correlation.txt,D:\HyraiOn\ENS_Lyon\Internship\2026-EPFL\data\distinVBCsJ2Continuation\Results_Izar_J2_sequences\s101_J2_0p28_D_9_dimer-plaquette\right\insurance_1\J2_0p29\sweep_D9_chi108_best.pt
False,True,False,,legacy:s101:right:insurance2:b731d90644ea,dimer-plaquette,0.29,9,108,legacy:s101:right:insurance2,-0.4270575256146,True,-0.4270572980804,-2.275341999813385e-07,0.1581199243932,1.4100957647334874e-05,0.17369976289764996,0.08969406891839085,0.9176421200669387,0.08137892137956229,-0.4318494720277,1.1860307800010128e-05,-0.2802407585086,1.6009247000015048e-06,-0.2737295476345,7.6269328999900585e-06,D:\HyraiOn\ENS_Lyon\Internship\2026-EPFL\data\distinVBCsJ2Continuation\Results_Izar_J2_sequences\s101_J2_0p28_D_9_dimer-plaquette\right\insurance_2\J2_0p29\D_9_chi_108_energy_magnetization_correlation.txt,D:\HyraiOn\ENS_Lyon\Internship\2026-EPFL\data\distinVBCsJ2Continuation\Results_Izar_J2_sequences\s101_J2_0p28_D_9_dimer-plaquette\right\insurance_2\J2_0p29\sweep_D9_chi108_best.pt
False,True,False,,legacy:s102:left:insurance1:0f9b150f0a44,dimer-plaquette,0.29,9,108,legacy:s102:left:insurance1,-0.4270457482149,True,-0.4270572980804,1.1549865500004586e-05,0.18563510963134994,5.447260768801506e-06,0.17369976289764996,0.06871251022220855,0.7494428106495168,0.04550400563468487,-0.4442331950909,4.905540700012034e-06,-0.28185419111654997,1.394634650014881e-06,-0.25859808545955004,2.3681892500071466e-06,D:\HyraiOn\ENS_Lyon\Internship\2026-EPFL\data\distinVBCsJ2Continuation\Results_Izar_J2_sequences\s102_J2_0p3_D_9_dimer-plaquette\left\insurance_1\J2_0p29\D_9_chi_108_energy_magnetization_correlation.txt,D:\HyraiOn\ENS_Lyon\Internship\2026-EPFL\data\distinVBCsJ2Continuation\Results_Izar_J2_sequences\s102_J2_0p3_D_9_dimer-plaquette\left\insurance_1\J2_0p29\sweep_D9_chi108_best.pt
False,True,False,,legacy:s102:left:insurance2:3525e3a03aec,dimer-plaquette,0.29,9,108,legacy:s102:left:insurance2,-0.427055337826,True,-0.4270572980804,1.9602543999686084e-06,0.18148441314110003,5.8669145163561945e-06,0.17369976289764996,0.04481670045823299,0.7276325298494428,0.004301398857155969,-0.44114709422995,4.5733023500138525e-06,-0.28437790632834997,1.4918683499953733e-06,-0.25966268108885,3.6749954500092663e-06,D:\HyraiOn\ENS_Lyon\Internship\2026-EPFL\data\distinVBCsJ2Continuation\Results_Izar_J2_sequences\s102_J2_0p3_D_9_dimer-plaquette\left\insurance_2\J2_0p29\D_9_chi_108_energy_magnetization_correlation.txt,D:\HyraiOn\ENS_Lyon\Internship\2026-EPFL\data\distinVBCsJ2Continuation\Results_Izar_J2_sequences\s102_J2_0p3_D_9_dimer-plaquette\left\insurance_2\J2_0p29\sweep_D9_chi108_best.pt
False,True,False,,legacy:s006:left:insurance1:cfe78fc29b40,dimer-plaquette,0.3,9,108,legacy:s006:left:insurance1,-0.4247975711302,True,-0.4248712511494,7.368001919999534e-05,0.19780991078515003,4.203122686044336e-05,0.18628662899459994,0.061857804034255885,0.7768275845013213,0.2988150268408213,-0.45016911317975,4.1787353949995776e-05,-0.27443206019435,3.5318215499957617e-06,-0.25235920239459997,4.521181400013452e-06,D:\HyraiOn\ENS_Lyon\Internship\2026-EPFL\data\distinVBCsJ2Continuation\Results_Izar_J2_sequences\s006_J2_0p33_D_9_dimer-plaquette\left\insurance_1\J2_0p30\D_9_chi_108_energy_magnetization_correlation.txt,D:\HyraiOn\ENS_Lyon\Internship\2026-EPFL\data\distinVBCsJ2Continuation\Results_Izar_J2_sequences\s006_J2_0p33_D_9_dimer-plaquette\left\insurance_1\J2_0p30\sweep_D9_chi108_best.pt
False,True,False,,legacy:s006:left:insurance2:0a5e6b6b4dff,dimer-plaquette,0.3,9,108,legacy:s006:left:insurance2,-0.4247987471262,True,-0.4248712511494,7.250402319997074e-05,0.1960993668351,4.7856456800168415e-05,0.18628662899459994,0.052675481291706114,0.8594851773602574,0.2767579100242996,-0.4516519046158,4.7763934699990296e-05,-0.269329971656,6.502446599998546e-06,-0.25555253778070003,2.9743906000134768e-06,D:\HyraiOn\ENS_Lyon\Internship\2026-EPFL\data\distinVBCsJ2Continuation\Results_Izar_J2_sequences\s006_J2_0p33_D_9_dimer-plaquette\left\insurance_2\J2_0p30\D_9_chi_108_energy_magnetization_correlation.txt,D:\HyraiOn\ENS_Lyon\Internship\2026-EPFL\data\distinVBCsJ2Continuation\Results_Izar_J2_sequences\s006_J2_0p33_D_9_dimer-plaquette\left\insurance_2\J2_0p30\sweep_D9_chi108_best.pt
False,True,False,,legacy:s101:right:insurance1:7624dc4cf1b7,dimer-plaquette,0.3,9,108,legacy:s101:right:insurance1,-0.4248585467617,True,-0.4248712511494,1.2704387700013253e-05,0.17365836491100006,1.4984138538170559e-05,0.18628662899459994,0.06778942832212581,0.9415540510674416,0.0452912777222925,-0.43992227404635004,1.2469427049993653e-05,-0.2713387230989999,1.5355250000126386e-06,-0.26626390913535,8.308898650000174e-06,D:\HyraiOn\ENS_Lyon\Internship\2026-EPFL\data\distinVBCsJ2Continuation\Results_Izar_J2_sequences\s101_J2_0p28_D_9_dimer-plaquette\right\insurance_1\J2_0p30\D_9_chi_108_energy_magnetization_correlation.txt,D:\HyraiOn\ENS_Lyon\Internship\2026-EPFL\data\distinVBCsJ2Continuation\Results_Izar_J2_sequences\s101_J2_0p28_D_9_dimer-plaquette\right\insurance_1\J2_0p30\sweep_D9_chi108_best.pt
False,True,False,,legacy:s101:right:insurance2:dc36a42994f2,dimer-plaquette,0.3,9,108,legacy:s101:right:insurance2,-0.4248601578762,True,-0.4248712511494,1.1093273199980214e-05,0.17400003701709998,1.511128998057912e-05,0.18628662899459994,0.06595530792419953,0.9534397679886486,0.040234349349682466,-0.44043918221205,1.2290960350019864e-05,-0.27048988624169995,1.066895799983758e-06,-0.26643914519495,8.791096549998212e-06,D:\HyraiOn\ENS_Lyon\Internship\2026-EPFL\data\distinVBCsJ2Continuation\Results_Izar_J2_sequences\s101_J2_0p28_D_9_dimer-plaquette\right\insurance_2\J2_0p30\D_9_chi_108_energy_magnetization_correlation.txt,D:\HyraiOn\ENS_Lyon\Internship\2026-EPFL\data\distinVBCsJ2Continuation\Results_Izar_J2_sequences\s101_J2_0p28_D_9_dimer-plaquette\right\insurance_2\J2_0p30\sweep_D9_chi108_best.pt
True,True,False,,legacy_seed:s102:0e42abfce9e6,dimer-plaquette,0.3,9,108,legacy_seed:s102,-0.4248629546286,True,-0.4248712511494,8.296520799977447e-06,0.20245967511525,7.392731897666208e-06,0.18628662899459994,0.08681807281573006,0.7576674788800724,0.07832004829242173,-0.4522549872297,7.247974900009834e-06,-0.27432659386235,4.6921565000079823e-07,-0.24979531211444997,1.4557969499895407e-06,D:\HyraiOn\ENS_Lyon\Internship\2026-EPFL\6-AD-CTMRG\models\VBCJ2SeedContinuationIzar\d9_supplemental_seeds\s102\observation.txt,D:\HyraiOn\ENS_Lyon\Internship\2026-EPFL\6-AD-CTMRG\models\VBCJ2SeedContinuationIzar\d9_supplemental_seeds\s102\tensor_best.pt
False,True,False,,legacy:s006:left:insurance1:e4f2cea78e08,dimer-plaquette,0.31,9,108,legacy:s006:left:insurance1,-0.4227280467764,True,-0.422819428413,9.138163659999643e-05,0.21268499697930007,4.634342556667271e-05,0.23034873012145005,0.07668257225831838,0.9309840112500813,0.47119695155303876,-0.4620674435271001,4.6343356399997086e-05,-0.25672177922719996,4.891974799997589e-06,-0.24938244654780004,8.006769999790997e-08,D:\HyraiOn\ENS_Lyon\Internship\2026-EPFL\data\distinVBCsJ2Continuation\Results_Izar_J2_sequences\s006_J2_0p33_D_9_dimer-plaquette\left\insurance_1\J2_0p31\D_9_chi_108_energy_magnetization_correlation.txt,D:\HyraiOn\ENS_Lyon\Internship\2026-EPFL\data\distinVBCsJ2Continuation\Results_Izar_J2_sequences\s006_J2_0p33_D_9_dimer-plaquette\left\insurance_1\J2_0p31\sweep_D9_chi108_best.pt
False,True,False,,legacy:s006:left:insurance2:c7bb043181f1,dimer-plaquette,0.31,9,108,legacy:s006:left:insurance2,-0.422748677955,True,-0.422819428413,7.07504580000351e-05,0.20928233454299996,5.322659429308933e-05,0.23034873012145005,0.09145435951543099,0.876064198546243,0.3357392837527711,-0.45793077251825,5.320300895000907e-05,-0.2616172249061,7.016192100001151e-06,-0.24864843797525002,1.584354350006589e-06,D:\HyraiOn\ENS_Lyon\Internship\2026-EPFL\data\distinVBCsJ2Continuation\Results_Izar_J2_sequences\s006_J2_0p33_D_9_dimer-plaquette\left\insurance_2\J2_0p31\D_9_chi_108_energy_magnetization_correlation.txt,D:\HyraiOn\ENS_Lyon\Internship\2026-EPFL\data\distinVBCsJ2Continuation\Results_Izar_J2_sequences\s006_J2_0p33_D_9_dimer-plaquette\left\insurance_2\J2_0p31\sweep_D9_chi108_best.pt
False,True,False,,legacy:s101:right:insurance1:0a7b60ddb6ab,dimer-plaquette,0.31,9,108,legacy:s101:right:insurance1,-0.4228111543885,True,-0.422819428413,8.274024500043442e-06,0.19333197186000012,1.6365788081634168e-05,0.23034873012145005,0.1606987728646607,0.9252493967843811,0.3123713977540259,-0.4492862384829501,1.3478368750013958e-05,-0.26318010738165,2.5594334998602086e-07,-0.25595426662294996,9.282919549991053e-06,D:\HyraiOn\ENS_Lyon\Internship\2026-EPFL\data\distinVBCsJ2Continuation\Results_Izar_J2_sequences\s101_J2_0p28_D_9_dimer-plaquette\right\insurance_1\J2_0p31\D_9_chi_108_energy_magnetization_correlation.txt,D:\HyraiOn\ENS_Lyon\Internship\2026-EPFL\data\distinVBCsJ2Continuation\Results_Izar_J2_sequences\s101_J2_0p28_D_9_dimer-plaquette\right\insurance_1\J2_0p31\sweep_D9_chi108_best.pt
False,True,False,,legacy:s101:right:insurance2:dd9b3dbb92e6,dimer-plaquette,0.31,9,108,legacy:s101:right:insurance2,-0.4228043584958,True,-0.422819428413,1.5069917200016825e-05,0.1882372801489,1.5027354828275439e-05,0.23034873012145005,0.182816071746291,0.9421958102821455,0.4175530861567044,-0.4466078966125,1.2268128699977066e-05,-0.26381106819044997,1.090817450005721e-06,-0.2583706164636,8.678387599991844e-06,D:\HyraiOn\ENS_Lyon\Internship\2026-EPFL\data\distinVBCsJ2Continuation\Results_Izar_J2_sequences\s101_J2_0p28_D_9_dimer-plaquette\right\insurance_2\J2_0p31\D_9_chi_108_energy_magnetization_correlation.txt,D:\HyraiOn\ENS_Lyon\Internship\2026-EPFL\data\distinVBCsJ2Continuation\Results_Izar_J2_sequences\s101_J2_0p28_D_9_dimer-plaquette\right\insurance_2\J2_0p31\sweep_D9_chi108_best.pt
True,True,False,,legacy:s102:right:insurance1:2f5d369f1d1b,dimer-plaquette,0.31,9,108,legacy:s102:right:insurance1,-0.4228344608855,True,-0.422819428413,-1.5032472499953986e-05,0.21635361246395002,1.8473210430212366e-05,0.23034873012145005,0.060756217974899114,0.7707488224387085,0.03694763216254585,-0.45847880773430005,1.8469706999979518e-05,-0.26692485548385,1.845624149982017e-06,-0.24212519527035004,3.597595499976735e-07,D:\HyraiOn\ENS_Lyon\Internship\2026-EPFL\data\distinVBCsJ2Continuation\Results_Izar_J2_sequences\s102_J2_0p3_D_9_dimer-plaquette\right\insurance_1\J2_0p31\D_9_chi_108_energy_magnetization_correlation.txt,D:\HyraiOn\ENS_Lyon\Internship\2026-EPFL\data\distinVBCsJ2Continuation\Results_Izar_J2_sequences\s102_J2_0p3_D_9_dimer-plaquette\right\insurance_1\J2_0p31\sweep_D9_chi108_best.pt
False,True,False,,legacy:s102:right:insurance2:baa4dd6b5ccf,dimer-plaquette,0.31,9,108,legacy:s102:right:insurance2,-0.4228346965294,True,-0.422819428413,-1.5268116399957954e-05,0.21743836797299995,1.88978016531706e-05,0.23034873012145005,0.05604702983013268,0.7550685917799331,0.03026401919571447,-0.45859798802185,1.8894231350014e-05,-0.2677883628832,1.899666599997074e-06,-0.24115962004885003,3.67326849992633e-07,D:\HyraiOn\ENS_Lyon\Internship\2026-EPFL\data\distinVBCsJ2Continuation\Results_Izar_J2_sequences\s102_J2_0p3_D_9_dimer-plaquette\right\insurance_2\J2_0p31\D_9_chi_108_energy_magnetization_correlation.txt,D:\HyraiOn\ENS_Lyon\Internship\2026-EPFL\data\distinVBCsJ2Continuation\Results_Izar_J2_sequences\s102_J2_0p3_D_9_dimer-plaquette\right\insurance_2\J2_0p31\sweep_D9_chi108_best.pt
False,True,False,,legacy:s006:left:insurance1:f8e2f83be501,dimer-plaquette,0.32,9,108,legacy:s006:left:insurance1,-0.4207920477476,True,-0.4209327748874,0.00014072713980001206,0.23175962401785005,4.686899291116349e-05,0.23613894093274998,0.01854550925654873,0.9333691605151611,0.9730087735084915,-0.47161979960015005,4.680426934999815e-05,-0.24758134473579999,3.974717799989924e-06,-0.2398601755823,2.4622889999992292e-06,D:\HyraiOn\ENS_Lyon\Internship\2026-EPFL\data\distinVBCsJ2Continuation\Results_Izar_J2_sequences\s006_J2_0p33_D_9_dimer-plaquette\left\insurance_1\J2_0p32\D_9_chi_108_energy_magnetization_correlation.txt,D:\HyraiOn\ENS_Lyon\Internship\2026-EPFL\data\distinVBCsJ2Continuation\Results_Izar_J2_sequences\s006_J2_0p33_D_9_dimer-plaquette\left\insurance_1\J2_0p32\sweep_D9_chi108_best.pt
False,True,False,,legacy:s006:left:insurance2:d24c8d0cf90d,dimer-plaquette,0.32,9,108,legacy:s006:left:insurance2,-0.4207984687708,True,-0.4209327748874,0.00013430611659998037,0.23386911395719998,4.8456860566337624e-05,0.23613894093274998,0.009612251865720142,0.9264641577196584,0.8814893087482807,-0.47262932788195,4.840798165001159e-05,-0.24735909506384998,4.118063849992137e-06,-0.23876021392475003,2.1759247499919536e-06,D:\HyraiOn\ENS_Lyon\Internship\2026-EPFL\data\distinVBCsJ2Continuation\Results_Izar_J2_sequences\s006_J2_0p33_D_9_dimer-plaquette\left\insurance_2\J2_0p32\D_9_chi_108_energy_magnetization_correlation.txt,D:\HyraiOn\ENS_Lyon\Internship\2026-EPFL\data\distinVBCsJ2Continuation\Results_Izar_J2_sequences\s006_J2_0p33_D_9_dimer-plaquette\left\insurance_2\J2_0p32\sweep_D9_chi108_best.pt
False,True,False,,legacy:s101:right:insurance1:942786b2c7ea,dimer-plaquette,0.32,9,108,legacy:s101:right:insurance1,-0.4209097082142,True,-0.4209327748874,2.3066673200011767e-05,0.2135426315688,2.412433953595123e-05,0.23613894093274998,0.09569073730361649,0.758910053930786,0.12220955085889174,-0.45357810887225,2.1636626349991195e-05,-0.26577696806765,2.652002550007637e-06,-0.24003547730344998,1.0669590349995928e-05,D:\HyraiOn\ENS_Lyon\Internship\2026-EPFL\data\distinVBCsJ2Continuation\Results_Izar_J2_sequences\s101_J2_0p28_D_9_dimer-plaquette\right\insurance_1\J2_0p32\D_9_chi_108_energy_magnetization_correlation.txt,D:\HyraiOn\ENS_Lyon\Internship\2026-EPFL\data\distinVBCsJ2Continuation\Results_Izar_J2_sequences\s101_J2_0p28_D_9_dimer-plaquette\right\insurance_1\J2_0p32\sweep_D9_chi108_best.pt
False,True,False,,legacy:s101:right:insurance2:38a1a7077a3e,dimer-plaquette,0.32,9,108,legacy:s101:right:insurance2,-0.4209100051654,True,-0.4209327748874,2.2769721999993386e-05,0.21426892165355002,2.2957628261170224e-05,0.23613894093274998,0.09261504770375134,0.7866366258536561,0.11411561438080128,-0.45502443228625,2.1316233649981697e-05,-0.26361408068205,1.6472415499957371e-06,-0.24075551063269998,8.524721599997842e-06,D:\HyraiOn\ENS_Lyon\Internship\2026-EPFL\data\distinVBCsJ2Continuation\Results_Izar_J2_sequences\s101_J2_0p28_D_9_dimer-plaquette\right\insurance_2\J2_0p32\D_9_chi_108_energy_magnetization_correlation.txt,D:\HyraiOn\ENS_Lyon\Internship\2026-EPFL\data\distinVBCsJ2Continuation\Results_Izar_J2_sequences\s101_J2_0p28_D_9_dimer-plaquette\right\insurance_2\J2_0p32\sweep_D9_chi108_best.pt
False,True,False,,legacy:s102:right:insurance1:d16bf2a5c44f,dimer-plaquette,0.32,9,108,legacy:s102:right:insurance1,-0.4209447191085,True,-0.4209327748874,-1.1944221100013142e-05,0.22958268214139996,3.866414951613893e-05,0.23613894093274998,0.02776441177153064,0.741485069819221,-0.004599738334655448,-0.4627433121841,3.865479000000894e-05,-0.26283590556495,5.465997050008165e-06,-0.23316063004270002,8.506866999991036e-07,D:\HyraiOn\ENS_Lyon\Internship\2026-EPFL\data\distinVBCsJ2Continuation\Results_Izar_J2_sequences\s102_J2_0p3_D_9_dimer-plaquette\right\insurance_1\J2_0p32\D_9_chi_108_energy_magnetization_correlation.txt,D:\HyraiOn\ENS_Lyon\Internship\2026-EPFL\data\distinVBCsJ2Continuation\Results_Izar_J2_sequences\s102_J2_0p3_D_9_dimer-plaquette\right\insurance_1\J2_0p32\sweep_D9_chi108_best.pt
True,True,False,,legacy:s102:right:insurance2:ed53ce694e26,dimer-plaquette,0.32,9,108,legacy:s102:right:insurance2,-0.4209273247182,True,-0.4209327748874,5.450169200005295e-06,0.22805113243734995,1.2397351706303516e-06,0.23613894093274998,0.03425021075919603,0.7669520580438229,-0.005099397990334036,-0.46272158294704996,2.1080345000146217e-07,-0.26124387404735,2.531745450007339e-06,-0.2346704505097,1.221681299998223e-06,D:\HyraiOn\ENS_Lyon\Internship\2026-EPFL\data\distinVBCsJ2Continuation\Results_Izar_J2_sequences\s102_J2_0p3_D_9_dimer-plaquette\right\insurance_2\J2_0p32\D_9_chi_108_energy_magnetization_correlation.txt,D:\HyraiOn\ENS_Lyon\Internship\2026-EPFL\data\distinVBCsJ2Continuation\Results_Izar_J2_sequences\s102_J2_0p3_D_9_dimer-plaquette\right\insurance_2\J2_0p32\sweep_D9_chi108_best.pt
True,True,False,,original_2c3:symmetry_restored:7c31966e6c4c,dimer-plaquette,0.26,10,0,original_2c3:symmetry_restored,-0.4346810460999,True,-0.4346810460999,0.0,0.0013430109016500102,1.6419656399002836e-05,0.0013430109016500102,0.0,0.9377630985739243,0.0,-0.33810357039,1.1924817000019681e-05,-0.33680235190690005,6.981621999968546e-07,-0.33676055948835,1.1287331650011723e-05,D:\HyraiOn\ENS_Lyon\Internship\2026-EPFL\data\0713summary\J2_0p26\2tensor_twoC3\D_10\energy_magnetization_correlation.txt,D:\HyraiOn\ENS_Lyon\Internship\2026-EPFL\data\0713summary\J2_0p26\2tensor_twoC3\D_10\tensor_best.pt
False,False,False,|dE|=0.000667235>0.0003,sep27:a02:left:insurance0:89a072b7aed5,dimer-plaquette,0.26,10,120,sep27:a02:left:insurance0,-0.4340138106088,True,-0.4346810460999,0.0006672354910999823,0.1593602277621501,0.0001204854864542472,0.0013430109016500102,117.65892344310954,0.7410286421923518,inf,-0.42800937205895,0.00011595317415000195,-0.28928401157885,1.2621409249985449e-05,-0.2686491442967999,3.273551360000182e-05,D:\HyraiOn\ENS_Lyon\Internship\2026-EPFL\data\external\Working_AD_Honeycomb_Sep27\Results_Sep27\a02\left\J2_0p26\D_10_chi_120_energy_magnetization_correlation.txt,D:\HyraiOn\ENS_Lyon\Internship\2026-EPFL\data\external\Working_AD_Honeycomb_Sep27\Results_Sep27\a02\left\J2_0p26\sweep_D10_chi120_best.pt
True,True,False,,original_2c3:symmetry_restored:b1bd3c3dad93,dimer-plaquette,0.265,10,0,original_2c3:symmetry_restored,-0.4333419227966,True,-0.4333419227966,0.0,0.003704748007200054,1.1613896709056442e-05,0.003704748007200054,0.0,0.011336231996985857,0.0,-0.33781682969845006,9.650152950013702e-06,-0.33594345675340004,1.2757677000097e-06,-0.33411208169125,6.461976850002937e-06,D:\HyraiOn\ENS_Lyon\Internship\2026-EPFL\data\0713summary\J2_0p265\2tensor_twoC3\D_10\energy_magnetization_correlation.txt,D:\HyraiOn\ENS_Lyon\Internship\2026-EPFL\data\0713summary\J2_0p265\2tensor_twoC3\D_10\tensor_best.pt
False,False,False,|dE|=0.000461911>0.0003,sep27:a02:left:insurance0:5bb42cdf584b,dimer-plaquette,0.265,10,120,sep27:a02:left:insurance0,-0.4328800116102,True,-0.4333419227966,0.00046191118639998807,0.15936044278029998,0.00012048541290237277,0.003704748007200054,42.015190903831595,0.7410330712346538,inf,-0.42800960970150004,0.00011595312220000209,-0.28928370913795004,1.2621511450011667e-05,-0.26864916692120006,3.273542690002129e-05,D:\HyraiOn\ENS_Lyon\Internship\2026-EPFL\data\external\Working_AD_Honeycomb_Sep27\Results_Sep27\a02\left\J2_0p265\D_10_chi_120_energy_magnetization_correlation.txt,D:\HyraiOn\ENS_Lyon\Internship\2026-EPFL\data\external\Working_AD_Honeycomb_Sep27\Results_Sep27\a02\left\J2_0p265\sweep_D10_chi120_best.pt
True,True,False,,original_2c3:symmetry_restored:9c0525bd40b4,dimer-plaquette,0.27,10,0,original_2c3:symmetry_restored,-0.4320399938912,True,-0.4320399938912,0.0,0.005405208556650054,2.2803523200302454e-05,0.005405208556650054,0.0,0.21653573489037958,0.0,-0.3375670253172,5.518173199992038e-06,-0.33427921063535,1.2115468500106807e-06,-0.33216181676054995,2.2125786650006862e-05,D:\HyraiOn\ENS_Lyon\Internship\2026-EPFL\data\0713summary\J2_0p27\2tensor_twoC3\D_10\energy_magnetization_correlation.txt,D:\HyraiOn\ENS_Lyon\Internship\2026-EPFL\data\0713summary\J2_0p27\2tensor_twoC3\D_10\tensor_best.pt
False,False,False,relative Delta difference 2848.3%>35%,sep27:a02:left:insurance0:bb596dbfdb1a,dimer-plaquette,0.27,10,120,sep27:a02:left:insurance0,-0.431746214694,True,-0.4320399938912,0.0002937791972000281,0.15936057078270005,0.00012048497440112265,0.005405208556650054,28.482779269754165,0.7410291613263957,inf,-0.42800958675815,0.00011595274324999183,-0.289283886309,1.2621475000001992e-05,-0.26864901597544993,3.273515524998549e-05,D:\HyraiOn\ENS_Lyon\Internship\2026-EPFL\data\external\Working_AD_Honeycomb_Sep27\Results_Sep27\a02\left\J2_0p27\D_10_chi_120_energy_magnetization_correlation.txt,D:\HyraiOn\ENS_Lyon\Internship\2026-EPFL\data\external\Working_AD_Honeycomb_Sep27\Results_Sep27\a02\left\J2_0p27\sweep_D10_chi120_best.pt
True,True,False,,original_2c3:symmetry_restored:d70743dee66e,dimer-plaquette,0.275,10,0,original_2c3:symmetry_restored,-0.4307514424297,True,-0.4307514424297,0.0,0.04003511143390004,9.025969649178702e-06,0.04003511143390004,0.0,0.24102576224702132,0.0,-0.35488708585145007,4.0529876499939554e-06,-0.33004478350949995,8.70870039998417e-06,-0.31485197441755003,8.064826050008245e-06,D:\HyraiOn\ENS_Lyon\Internship\2026-EPFL\data\0713summary\J2_0p275\2tensor_twoC3\D_10\energy_magnetization_correlation.txt,D:\HyraiOn\ENS_Lyon\Internship\2026-EPFL\data\0713summary\J2_0p275\2tensor_twoC3\D_10\tensor_best.pt
False,False,False,relative Delta difference 298.1%>35%,sep27:a02:left:insurance0:b5db37239971,dimer-plaquette,0.275,10,120,sep27:a02:left:insurance0,-0.4306124180557,True,-0.4307514424297,0.00013902437399998524,0.15936044018980006,0.00012048552145696257,0.04003511143390004,2.980516963288889,0.741032949950764,inf,-0.4280096050683,0.0001159532264999874,-0.28928371642375006,1.2621528049983066e-05,-0.26864916487849994,3.273545699999936e-05,D:\HyraiOn\ENS_Lyon\Internship\2026-EPFL\data\external\Working_AD_Honeycomb_Sep27\Results_Sep27\a02\left\J2_0p275\D_10_chi_120_energy_magnetization_correlation.txt,D:\HyraiOn\ENS_Lyon\Internship\2026-EPFL\data\external\Working_AD_Honeycomb_Sep27\Results_Sep27\a02\left\J2_0p275\sweep_D10_chi120_best.pt
False,False,False,no <=35% Delta candidate and splitting is not small enough for the restoration-regime exception,sep27:a02:left:insurance0:1d6001952cff,dimer-plaquette,0.28,10,120,sep27:a02:left:insurance0,-0.429478620425,True,-0.4295193839466,4.076352159998464e-05,0.1593611202639001,0.00012048572556242677,0.09583276390064999,0.6629085270785895,0.7410216192729089,inf,-0.42800971083615,0.00011595345915002553,-0.28928413301065,1.2621608050017441e-05,-0.26864859057224993,3.273538414999555e-05,D:\HyraiOn\ENS_Lyon\Internship\2026-EPFL\data\external\Working_AD_Honeycomb_Sep27\Results_Sep27\a02\left\J2_0p28\D_10_chi_120_energy_magnetization_correlation.txt,D:\HyraiOn\ENS_Lyon\Internship\2026-EPFL\data\external\Working_AD_Honeycomb_Sep27\Results_Sep27\a02\left\J2_0p28\sweep_D10_chi120_best.pt
True,True,False,,sep27:a02:left:insurance0:48452ed224ab,dimer-plaquette,0.29,10,120,sep27:a02:left:insurance0,-0.4272109957689,True,-0.4271813261246,-2.9669644299956666e-05,0.15935906837350006,0.00012043277828344389,0.15746218474085005,0.012046597954752622,0.741009917904595,0.021871932329525716,-0.42800810282300006,0.0001159049541999968,-0.28928524354985,1.2619601349989074e-05,-0.2686490344495,3.271231689999654e-05,D:\HyraiOn\ENS_Lyon\Internship\2026-EPFL\data\external\Working_AD_Honeycomb_Sep27\Results_Sep27\a02\left\J2_0p29\D_10_chi_120_energy_magnetization_correlation.txt,D:\HyraiOn\ENS_Lyon\Internship\2026-EPFL\data\external\Working_AD_Honeycomb_Sep27\Results_Sep27\a02\left\J2_0p29\sweep_D10_chi120_best.pt
True,True,False,,catalog:kuma_replica1:dimer-plaquette:fac560572dfa,dimer-plaquette,0.3,10,180,catalog:kuma_replica1:dimer-plaquette,-0.4249550190993,True,-0.425007050824,5.2031724699974635e-05,0.19029100413600009,1.1295436325855417e-05,0.19488318441555,0.023563758429552304,0.8162334714009511,0.10647222786767413,-0.44657229504635004,1.1265139749999653e-05,-0.27376584953719996,7.207563000044548e-07,-0.25628129091034996,8.267455499921805e-07,D:\HyraiOn\ENS_Lyon\Internship\2026-EPFL\data\distinVBCs\Results_Kuma_replica1\J2_0.30\D_10\orientation_0\dimer-plaquette\replica_1\h_0p0\D_10_chi_180_energy_magnetization_correlation.txt,D:\HyraiOn\ENS_Lyon\Internship\2026-EPFL\data\distinVBCs\Results_Kuma_replica1\J2_0.30\D_10\orientation_0\dimer-plaquette\replica_1\h_0p0\sweep_D10_chi180_best.pt
False,True,False,,sep27_seed:a02:905aae4548d1,dimer-plaquette,0.3,10,120,sep27_seed:a02,-0.4249550190993,True,-0.425007050824,5.2031724699974635e-05,0.19029100413600009,1.1295436325855417e-05,0.19488318441555,0.023563758429552304,0.8162334714009511,0.11847222786767414,-0.44657229504635004,1.1265139749999653e-05,-0.27376584953719996,7.207563000044548e-07,-0.25628129091034996,8.267455499921805e-07,D:\HyraiOn\ENS_Lyon\Internship\2026-EPFL\data\external\Working_AD_Honeycomb_Sep27\seeds\a02\observation.txt,D:\HyraiOn\ENS_Lyon\Internship\2026-EPFL\data\external\Working_AD_Honeycomb_Sep27\seeds\a02\tensor_best.pt
True,True,False,,sep27:a02:right:insurance0:6cecf4b264a6,dimer-plaquette,0.31,10,120,sep27:a02:right:insurance0,-0.4229679687303,True,-0.4229589784093,-8.990320999990864e-06,0.20706180214439998,0.00010316350995237837,0.22488914269584995,0.07927168176171338,0.7436017702604742,0.06047648755957246,-0.45178414387265,0.00010200059355000568,-0.27126748148650004,7.000318300004471e-06,-0.24472234172825,1.544631674998964e-05,D:\HyraiOn\ENS_Lyon\Internship\2026-EPFL\data\external\Working_AD_Honeycomb_Sep27\Results_Sep27\a02\right\J2_0p31\D_10_chi_120_energy_magnetization_correlation.txt,D:\HyraiOn\ENS_Lyon\Internship\2026-EPFL\data\external\Working_AD_Honeycomb_Sep27\Results_Sep27\a02\right\J2_0p31\sweep_D10_chi120_best.pt
True,True,False,,sep27:a02:right:insurance0:d3b59abb85df,dimer-plaquette,0.32,10,120,sep27:a02:right:insurance0,-0.4210675465964,True,-0.4210683557824,8.09185999983697e-07,0.21301394126019993,0.00011673694314900059,0.23507323869515,0.09384010514083756,0.720935267756079,0.08874909535952463,-0.4520252758153999,0.00011563394670000006,-0.2687336737962,8.288304999992668e-06,-0.2390113345552,1.6009505500000354e-05,D:\HyraiOn\ENS_Lyon\Internship\2026-EPFL\data\external\Working_AD_Honeycomb_Sep27\Results_Sep27\a02\right\J2_0p32\D_10_chi_120_energy_magnetization_correlation.txt,D:\HyraiOn\ENS_Lyon\Internship\2026-EPFL\data\external\Working_AD_Honeycomb_Sep27\Results_Sep27\a02\right\J2_0p32\sweep_D10_chi120_best.pt
False,False,False,outside requested texture/D range,original_2c3:symmetry_restored:1d74437c0e95,dimer-plaquette,0.275,11,0,original_2c3:symmetry_restored,-0.4308055188782,True,-0.4308055188782,0.0,0.05654529697265004,2.93313105549431e-05,0.05654529697265004,0.0,0.4048756677964471,inf,-0.36519463529210006,1.0013046500001455e-05,-0.3254750793695,1.7265328299986837e-05,-0.30864933831945,2.7569270550004132e-05,D:\HyraiOn\ENS_Lyon\Internship\2026-EPFL\data\0713summary\J2_0p275\2tensor_twoC3\D_11\energy_magnetization_correlation.txt,D:\HyraiOn\ENS_Lyon\Internship\2026-EPFL\data\0713summary\J2_0p275\2tensor_twoC3\D_11\tensor_best.pt
False,False,False,outside requested texture/D range,lastizar_seed:task_pin_D5_h0p01_adam:8d609fb6ae19,plaquette,0.26,5,50,lastizar_seed:task_pin_D5_h0p01_adam,-0.4330734308408,True,-0.4327170350214,-0.00035639581940000165,0.19949977206615,2.927306140865349e-06,0.08189144136625004,1.4361492329083603,0.9916894875591622,inf,-0.46968598946085,2.1363028500087644e-06,-0.27101519006355,4.837995450007737e-06,-0.2701862173947,2.001332400025646e-06,D:\HyraiOn\ENS_Lyon\Internship\2026-EPFL\data\distinVBCsJ2Continuation\LastIzar\Results_LastIzar\task_pin_D5_h0p01_adam\J2_0p26\h_0\D_5_chi_50_energy_magnetization_correlation.txt,D:\HyraiOn\ENS_Lyon\Internship\2026-EPFL\data\distinVBCsJ2Continuation\LastIzar\Results_LastIzar\task_pin_D5_h0p01_adam\J2_0p26\h_0\sweep_D5_chi50_best.pt
False,False,False,outside requested texture/D range,lastizar_seed:task_pin_D5_h0p01_lbfgs:f6fe5db4dff7,plaquette,0.26,5,50,lastizar_seed:task_pin_D5_h0p01_lbfgs,-0.4330834069992,True,-0.4327170350214,-0.0003663719777999841,0.19601142161985002,2.716056492731828e-06,0.08189144136625004,1.3935519799097382,0.9383039666910131,inf,-0.46576174461275,3.0492344998966914e-07,-0.27579688659150003,5.494698000207965e-07,-0.26975032299289997,2.6988857999843407e-06,D:\HyraiOn\ENS_Lyon\Internship\2026-EPFL\data\distinVBCsJ2Continuation\LastIzar\Results_LastIzar\task_pin_D5_h0p01_lbfgs\J2_0p26\h_0\D_5_chi_50_energy_magnetization_correlation.txt,D:\HyraiOn\ENS_Lyon\Internship\2026-EPFL\data\distinVBCsJ2Continuation\LastIzar\Results_LastIzar\task_pin_D5_h0p01_lbfgs\J2_0p26\h_0\sweep_D5_chi50_best.pt
False,False,False,outside requested texture/D range,lastizar_seed:task_pin_D5_h0p02_adam:1c7e4288b202,plaquette,0.26,5,50,lastizar_seed:task_pin_D5_h0p02_adam,-0.4330920028852,True,-0.4327170350214,-0.0003749678637999798,0.19156358592609996,2.2727127149452867e-06,0.08189144136625004,1.3392381759328655,0.9787888742740092,inf,-0.46418321798764994,1.0480027500259226e-06,-0.27465127171435005,1.3138191500006169e-06,-0.27261963206155,2.0166589499992504e-06,D:\HyraiOn\ENS_Lyon\Internship\2026-EPFL\data\distinVBCsJ2Continuation\LastIzar\Results_LastIzar\task_pin_D5_h0p02_adam\J2_0p26\h_0\D_5_chi_50_energy_magnetization_correlation.txt,D:\HyraiOn\ENS_Lyon\Internship\2026-EPFL\data\distinVBCsJ2Continuation\LastIzar\Results_LastIzar\task_pin_D5_h0p02_adam\J2_0p26\h_0\sweep_D5_chi50_best.pt
False,False,False,outside requested texture/D range,lastizar_seed:task_pin_D5_h0p02_lbfgs:534449c541d7,plaquette,0.26,5,50,lastizar_seed:task_pin_D5_h0p02_lbfgs,-0.4330915677028,True,-0.4327170350214,-0.000374532681399975,0.19235588118434999,2.473967160367692e-06,0.08189144136625004,1.3489131217517647,0.9762352435586885,inf,-0.46461074998905,1.4252088499921989e-06,-0.2745405141379,1.205641000007196e-06,-0.2722548688047,2.0222001000103074e-06,D:\HyraiOn\ENS_Lyon\Internship\2026-EPFL\data\distinVBCsJ2Continuation\LastIzar\Results_LastIzar\task_pin_D5_h0p02_lbfgs\J2_0p26\h_0\D_5_chi_50_energy_magnetization_correlation.txt,D:\HyraiOn\ENS_Lyon\Internship\2026-EPFL\data\distinVBCsJ2Continuation\LastIzar\Results_LastIzar\task_pin_D5_h0p02_lbfgs\J2_0p26\h_0\sweep_D5_chi50_best.pt
False,False,False,outside requested texture/D range,lastizar_seed:task_pin_D5_h0p03_adam:e6773779a387,plaquette,0.26,5,50,lastizar_seed:task_pin_D5_h0p03_adam,-0.433092400882,True,-0.4327170350214,-0.00037536586059999655,0.19187628532849987,2.869390975025002e-06,0.08189144136625004,1.3430566384874738,0.9807494969574999,inf,-0.4644496091611499,1.9640417499855456e-06,-0.2744201813399,3.1328396999930064e-06,-0.27257332383265004,2.0918758500132473e-06,D:\HyraiOn\ENS_Lyon\Internship\2026-EPFL\data\distinVBCsJ2Continuation\LastIzar\Results_LastIzar\task_pin_D5_h0p03_adam\J2_0p26\h_0\D_5_chi_50_energy_magnetization_correlation.txt,D:\HyraiOn\ENS_Lyon\Internship\2026-EPFL\data\distinVBCsJ2Continuation\LastIzar\Results_LastIzar\task_pin_D5_h0p03_adam\J2_0p26\h_0\sweep_D5_chi50_best.pt
False,False,False,outside requested texture/D range,lastizar_seed:task_pin_D5_h0p03_lbfgs:a0fcb398bb5d,plaquette,0.26,5,50,lastizar_seed:task_pin_D5_h0p03_lbfgs,-0.4330689852534,True,-0.4327170350214,-0.00035195023199996456,0.18861987709545008,3.4340982045356354e-06,0.08189144136625004,1.303291698724283,0.9784324711274117,inf,-0.46237699020600004,2.4774793000170714e-06,-0.27579114543315003,3.5159666500195197e-06,-0.27375711311054995,2.3780510499948893e-06,D:\HyraiOn\ENS_Lyon\Internship\2026-EPFL\data\distinVBCsJ2Continuation\LastIzar\Results_LastIzar\task_pin_D5_h0p03_lbfgs\J2_0p26\h_0\D_5_chi_50_energy_magnetization_correlation.txt,D:\HyraiOn\ENS_Lyon\Internship\2026-EPFL\data\distinVBCsJ2Continuation\LastIzar\Results_LastIzar\task_pin_D5_h0p03_lbfgs\J2_0p26\h_0\sweep_D5_chi50_best.pt
False,False,False,outside requested texture/D range,original_2c3:symmetry_restored:47fa29e1f4ed,plaquette,0.26,5,0,original_2c3:symmetry_restored,-0.4327170350214,True,-0.4327170350214,0.0,0.08189144136625004,4.2849329390987774e-07,0.08189144136625004,0.0,0.9885524913170427,inf,-0.39489855618990005,2.9620019997844693e-07,-0.31347584131670003,1.2926090000031643e-06,-0.31300711482365,3.0963194999622523e-07,D:\HyraiOn\ENS_Lyon\Internship\2026-EPFL\data\0713summary\J2_0p26\2tensor_twoC3\D_5\energy_magnetization_correlation.txt,D:\HyraiOn\ENS_Lyon\Internship\2026-EPFL\data\0713summary\J2_0p26\2tensor_twoC3\D_5\tensor_best.pt
False,False,False,outside requested texture/D range,lastizar:task_pin_D5_h0p01_adam:right:insurance0:821d041f6b12,plaquette,0.265,5,50,lastizar:task_pin_D5_h0p01_adam:right:insurance0,-0.4317123204102,True,-0.4317116373303,-6.830799000323573e-07,0.20268939490969995,2.037534501073548e-06,0.2029802746674001,0.0014330444580232093,0.9686995945780659,inf,-0.47010281485449995,1.3238780000035533e-06,-0.27058555006250007,2.4099577000114003e-06,-0.2674134199448,1.548836299991585e-06,D:\HyraiOn\ENS_Lyon\Internship\2026-EPFL\data\distinVBCsJ2Continuation\LastIzar\Results_LastIzar\task_pin_D5_h0p01_adam\J2_0p265\h_0\D_5_chi_50_energy_magnetization_correlation.txt,D:\HyraiOn\ENS_Lyon\Internship\2026-EPFL\data\distinVBCsJ2Continuation\LastIzar\Results_LastIzar\task_pin_D5_h0p01_adam\J2_0p265\h_0\sweep_D5_chi50_best.pt
False,False,False,outside requested texture/D range,lastizar:task_pin_D5_h0p01_lbfgs:right:insurance0:0f42ea828767,plaquette,0.265,5,50,lastizar:task_pin_D5_h0p01_lbfgs:right:insurance0,-0.4142185070443,True,-0.4317116373303,0.01749313028599997,0.09524497861695003,4.295243893766736e-09,0.2029802746674001,0.5307673182873717,-0.11045686435775803,inf,-0.393382812828,3.96140001357459e-09,-0.35102055436144997,6.72500111154108e-11,-0.29813783421104995,1.6602499930407086e-09,D:\HyraiOn\ENS_Lyon\Internship\2026-EPFL\data\distinVBCsJ2Continuation\LastIzar\Results_LastIzar\task_pin_D5_h0p01_lbfgs\J2_0p265\h_0\D_5_chi_50_energy_magnetization_correlation.txt,D:\HyraiOn\ENS_Lyon\Internship\2026-EPFL\data\distinVBCsJ2Continuation\LastIzar\Results_LastIzar\task_pin_D5_h0p01_lbfgs\J2_0p265\h_0\sweep_D5_chi50_best.pt
False,False,False,outside requested texture/D range,lastizar:task_pin_D5_h0p02_adam:right:insurance0:70eaf141f121,plaquette,0.265,5,50,lastizar:task_pin_D5_h0p02_adam:right:insurance0,-0.4317107652757,True,-0.4317116373303,8.720545999763019e-07,0.20352796094794995,3.5592479367469945e-06,0.2029802746674001,0.002698224157235386,0.9491787526857536,inf,-0.4700055261548,2.3898957000056953e-06,-0.2716493376262001,1.2955332999997626e-06,-0.26647756520685006,2.637545150008247e-06,D:\HyraiOn\ENS_Lyon\Internship\2026-EPFL\data\distinVBCsJ2Continuation\LastIzar\Results_LastIzar\task_pin_D5_h0p02_adam\J2_0p265\h_0\D_5_chi_50_energy_magnetization_correlation.txt,D:\HyraiOn\ENS_Lyon\Internship\2026-EPFL\data\distinVBCsJ2Continuation\LastIzar\Results_LastIzar\task_pin_D5_h0p02_adam\J2_0p265\h_0\sweep_D5_chi50_best.pt
False,False,False,outside requested texture/D range,lastizar:task_pin_D5_h0p02_lbfgs:right:insurance0:10314dd8c65e,plaquette,0.265,5,50,lastizar:task_pin_D5_h0p02_lbfgs:right:insurance0,-0.4158587287092,True,-0.4317116373303,0.015852908621100004,0.16734529187949995,9.513177693673236e-10,0.2029802746674001,0.17555884603216249,-0.7673520126521755,inf,-0.40791568422429997,8.854999788976418e-10,-0.38844941155035,5.180499917933901e-10,-0.24057039234480002,3.47699993796802e-10,D:\HyraiOn\ENS_Lyon\Internship\2026-EPFL\data\distinVBCsJ2Continuation\LastIzar\Results_LastIzar\task_pin_D5_h0p02_lbfgs\J2_0p265\h_0\D_5_chi_50_energy_magnetization_correlation.txt,D:\HyraiOn\ENS_Lyon\Internship\2026-EPFL\data\distinVBCsJ2Continuation\LastIzar\Results_LastIzar\task_pin_D5_h0p02_lbfgs\J2_0p265\h_0\sweep_D5_chi50_best.pt
False,False,False,outside requested texture/D range,lastizar:task_pin_D5_h0p03_adam:right:insurance0:f9bcc81408f8,plaquette,0.265,5,50,lastizar:task_pin_D5_h0p03_adam:right:insurance0,-0.4317110866006,True,-0.4317116373303,5.507297000106881e-07,0.20286212868404996,3.703885295457656e-06,0.2029802746674001,0.0005820564759000815,0.9591821127910154,inf,-0.4699135795415,2.4807718999875217e-06,-0.27119165260125006,1.3118169500114796e-06,-0.26705145085745,2.7503703499964782e-06,D:\HyraiOn\ENS_Lyon\Internship\2026-EPFL\data\distinVBCsJ2Continuation\LastIzar\Results_LastIzar\task_pin_D5_h0p03_adam\J2_0p265\h_0\D_5_chi_50_energy_magnetization_correlation.txt,D:\HyraiOn\ENS_Lyon\Internship\2026-EPFL\data\distinVBCsJ2Continuation\LastIzar\Results_LastIzar\task_pin_D5_h0p03_adam\J2_0p265\h_0\sweep_D5_chi50_best.pt
False,False,False,outside requested texture/D range,lastizar:task_pin_D5_h0p03_lbfgs:right:insurance0:3f44f2850cca,plaquette,0.265,5,50,lastizar:task_pin_D5_h0p03_lbfgs:right:insurance0,-0.4098595405577,True,-0.4317116373303,0.02185209677259997,0.15968833207224994,5.610975750077346e-09,0.2029802746674001,0.2132815253407631,-0.8686312104718543,inf,-0.39653042047215,5.602249997238573e-09,-0.38604138902909996,1.5678000009344838e-09,-0.23684208839990004,3.1279999423983464e-10,D:\HyraiOn\ENS_Lyon\Internship\2026-EPFL\data\distinVBCsJ2Continuation\LastIzar\Results_LastIzar\task_pin_D5_h0p03_lbfgs\J2_0p265\h_0\D_5_chi_50_energy_magnetization_correlation.txt,D:\HyraiOn\ENS_Lyon\Internship\2026-EPFL\data\distinVBCsJ2Continuation\LastIzar\Results_LastIzar\task_pin_D5_h0p03_lbfgs\J2_0p265\h_0\sweep_D5_chi50_best.pt
False,False,False,outside requested texture/D range,original_2c3:symmetry_restored:920ad1ca8981,plaquette,0.265,5,0,original_2c3:symmetry_restored,-0.4317116373303,True,-0.4317116373303,0.0,0.2029802746674001,1.908224332251491e-06,0.2029802746674001,0.0,0.9638114407459726,inf,-0.47012959151840006,1.0606013999825414e-06,-0.27082209869959994,5.246588000162866e-07,-0.26714931685099996,1.5863306000174495e-06,D:\HyraiOn\ENS_Lyon\Internship\2026-EPFL\data\0713summary\J2_0p265\2tensor_twoC3\D_5\energy_magnetization_correlation.txt,D:\HyraiOn\ENS_Lyon\Internship\2026-EPFL\data\0713summary\J2_0p265\2tensor_twoC3\D_5\tensor_best.pt
False,False,False,outside requested texture/D range,lastizar:task_pin_D5_h0p01_adam:right:insurance0:984a09ee385f,plaquette,0.27,5,50,lastizar:task_pin_D5_h0p01_adam:right:insurance0,-0.4303622362558,True,-0.4303610380026,-1.1982531999965573e-06,0.21156411672935005,2.519208476721942e-06,0.21163748113800002,0.00034665130323550546,0.954757973843245,inf,-0.47442991720525,1.719618349993457e-06,-0.26765159512735,2.6776293499952697e-06,-0.26286580047589997,1.8410117000045023e-06,D:\HyraiOn\ENS_Lyon\Internship\2026-EPFL\data\distinVBCsJ2Continuation\LastIzar\Results_LastIzar\task_pin_D5_h0p01_adam\J2_0p27\h_0\D_5_chi_50_energy_magnetization_correlation.txt,D:\HyraiOn\ENS_Lyon\Internship\2026-EPFL\data\distinVBCsJ2Continuation\LastIzar\Results_LastIzar\task_pin_D5_h0p01_adam\J2_0p27\h_0\sweep_D5_chi50_best.pt
False,False,False,outside requested texture/D range,lastizar:task_pin_D5_h0p01_lbfgs:right:insurance0:ba2229b9799b,plaquette,0.27,5,50,lastizar:task_pin_D5_h0p01_lbfgs:right:insurance0,-0.4133475766865,True,-0.4303610380026,0.017013461316099987,0.04642766161069989,2.1377481720606826e-09,0.21163748113800002,0.7806264686148559,-0.20555894425233223,inf,-0.36876458273999996,1.8647000055160853e-09,-0.35032256248705,1.9214999036343474e-10,-0.32233692112930007,1.0453999887971591e-09,D:\HyraiOn\ENS_Lyon\Internship\2026-EPFL\data\distinVBCsJ2Continuation\LastIzar\Results_LastIzar\task_pin_D5_h0p01_lbfgs\J2_0p27\h_0\D_5_chi_50_energy_magnetization_correlation.txt,D:\HyraiOn\ENS_Lyon\Internship\2026-EPFL\data\distinVBCsJ2Continuation\LastIzar\Results_LastIzar\task_pin_D5_h0p01_lbfgs\J2_0p27\h_0\sweep_D5_chi50_best.pt
False,False,False,outside requested texture/D range,lastizar:task_pin_D5_h0p02_adam:right:insurance0:3ad7c2531a5d,plaquette,0.27,5,50,lastizar:task_pin_D5_h0p02_adam:right:insurance0,-0.4303607984779,True,-0.4303610380026,2.395247000186451e-07,0.21184282007594996,2.4096719835036493e-06,0.21163748113800002,0.0009702389994712057,0.9529794330285601,inf,-0.47454082421770005,1.8056573000135854e-06,-0.26767848889615004,2.0868913500060593e-06,-0.2626980041417501,1.5956568500119506e-06,D:\HyraiOn\ENS_Lyon\Internship\2026-EPFL\data\distinVBCsJ2Continuation\LastIzar\Results_LastIzar\task_pin_D5_h0p02_adam\J2_0p27\h_0\D_5_chi_50_energy_magnetization_correlation.txt,D:\HyraiOn\ENS_Lyon\Internship\2026-EPFL\data\distinVBCsJ2Continuation\LastIzar\Results_LastIzar\task_pin_D5_h0p02_adam\J2_0p27\h_0\sweep_D5_chi50_best.pt
False,False,False,outside requested texture/D range,lastizar:task_pin_D5_h0p02_lbfgs:right:insurance0:25126c430e33,plaquette,0.27,5,50,lastizar:task_pin_D5_h0p02_lbfgs:right:insurance0,-0.411920242167,True,-0.4303610380026,0.018440795835599988,0.30954143939574996,1.4375173610064905e-09,0.21163748113800002,0.4626021710866557,0.7308655118548117,inf,-0.5252912438128,1.355100032185419e-09,-0.25740394284280005,3.431199990799883e-09,-0.21574980441705002,4.797500036124449e-10,D:\HyraiOn\ENS_Lyon\Internship\2026-EPFL\data\distinVBCsJ2Continuation\LastIzar\Results_LastIzar\task_pin_D5_h0p02_lbfgs\J2_0p27\h_0\D_5_chi_50_energy_magnetization_correlation.txt,D:\HyraiOn\ENS_Lyon\Internship\2026-EPFL\data\distinVBCsJ2Continuation\LastIzar\Results_LastIzar\task_pin_D5_h0p02_lbfgs\J2_0p27\h_0\sweep_D5_chi50_best.pt
False,False,False,outside requested texture/D range,lastizar:task_pin_D5_h0p03_adam:right:insurance0:1a94512832d8,plaquette,0.27,5,50,lastizar:task_pin_D5_h0p03_adam:right:insurance0,-0.4303613623504,True,-0.4303610380026,-3.243478000070077e-07,0.21172542217465,2.44954081063115e-06,0.21163748113800002,0.00041552675914080614,0.9533460016820652,inf,-0.47448022403269996,1.1945072000141277e-06,-0.26769372060305,1.858229250001342e-06,-0.26275480185804995,2.1385515500127465e-06,D:\HyraiOn\ENS_Lyon\Internship\2026-EPFL\data\distinVBCsJ2Continuation\LastIzar\Results_LastIzar\task_pin_D5_h0p03_adam\J2_0p27\h_0\D_5_chi_50_energy_magnetization_correlation.txt,D:\HyraiOn\ENS_Lyon\Internship\2026-EPFL\data\distinVBCsJ2Continuation\LastIzar\Results_LastIzar\task_pin_D5_h0p03_adam\J2_0p27\h_0\sweep_D5_chi50_best.pt
False,False,False,outside requested texture/D range,lastizar:task_pin_D5_h0p03_lbfgs:right:insurance0:ad91321fb2fc,plaquette,0.27,5,50,lastizar:task_pin_D5_h0p03_lbfgs:right:insurance0,-0.4303612576377,True,-0.4303610380026,-2.196350999961183e-07,0.2115555226905,2.9405676448804524e-06,0.21163748113800002,0.0003872586607028668,0.9570491666270831,inf,-0.47450523713095,1.97930684997516e-06,-0.26749295744255003,2.319366950026547e-06,-0.26294971444045,2.174691349998703e-06,D:\HyraiOn\ENS_Lyon\Internship\2026-EPFL\data\distinVBCsJ2Continuation\LastIzar\Results_LastIzar\task_pin_D5_h0p03_lbfgs\J2_0p27\h_0\D_5_chi_50_energy_magnetization_correlation.txt,D:\HyraiOn\ENS_Lyon\Internship\2026-EPFL\data\distinVBCsJ2Continuation\LastIzar\Results_LastIzar\task_pin_D5_h0p03_lbfgs\J2_0p27\h_0\sweep_D5_chi50_best.pt
False,False,False,outside requested texture/D range,original_2c3:symmetry_restored:63ca862fa5b3,plaquette,0.27,5,0,original_2c3:symmetry_restored,-0.4303610380026,True,-0.4303610380026,0.0,0.21163748113800002,2.734674277065933e-06,0.21163748113800002,0.0,0.9656264118752367,inf,-0.47484864856705,1.7354419499793215e-06,-0.26684853723324997,2.2797758500170406e-06,-0.26321116742905,2.1134532499911263e-06,D:\HyraiOn\ENS_Lyon\Internship\2026-EPFL\data\0713summary\J2_0p27\2tensor_twoC3\D_5\energy_magnetization_correlation.txt,D:\HyraiOn\ENS_Lyon\Internship\2026-EPFL\data\0713summary\J2_0p27\2tensor_twoC3\D_5\tensor_best.pt
False,False,False,outside requested texture/D range,lastizar:task_pin_D5_h0p01_adam:right:insurance0:4c931b7dd11e,plaquette,0.275,5,50,lastizar:task_pin_D5_h0p01_adam:right:insurance0,-0.4290412717727,True,-0.4290383026651,-2.9691076000037953e-06,0.22006246756624998,8.804373332526669e-07,0.21918298638400002,0.004012543111850552,0.9383617959572481,inf,-0.47837005349825,6.487555500034327e-07,-0.26508971357100003,1.7545456999779052e-06,-0.25830758593200004,5.952193999902988e-07,D:\HyraiOn\ENS_Lyon\Internship\2026-EPFL\data\distinVBCsJ2Continuation\LastIzar\Results_LastIzar\task_pin_D5_h0p01_adam\J2_0p275\h_0\D_5_chi_50_energy_magnetization_correlation.txt,D:\HyraiOn\ENS_Lyon\Internship\2026-EPFL\data\distinVBCsJ2Continuation\LastIzar\Results_LastIzar\task_pin_D5_h0p01_adam\J2_0p275\h_0\sweep_D5_chi50_best.pt
False,False,False,outside requested texture/D range,lastizar:task_pin_D5_h0p01_lbfgs:right:insurance0:785d2c48b298,plaquette,0.275,5,50,lastizar:task_pin_D5_h0p01_lbfgs:right:insurance0,-0.4098096465257,True,-0.4290383026651,0.019228656139400002,0.2255273809317,2.899170540796177e-09,0.21918298638400002,0.028945652453994948,0.9184339971430302,inf,-0.4880950172821,1.8162999992910045e-09,-0.27176531984909996,1.0510001202668574e-10,-0.2625676363504,2.259700010442956e-09,D:\HyraiOn\ENS_Lyon\Internship\2026-EPFL\data\distinVBCsJ2Continuation\LastIzar\Results_LastIzar\task_pin_D5_h0p01_lbfgs\J2_0p275\h_0\D_5_chi_50_energy_magnetization_correlation.txt,D:\HyraiOn\ENS_Lyon\Internship\2026-EPFL\data\distinVBCsJ2Continuation\LastIzar\Results_LastIzar\task_pin_D5_h0p01_lbfgs\J2_0p275\h_0\sweep_D5_chi50_best.pt
False,False,False,outside requested texture/D range,lastizar:task_pin_D5_h0p02_adam:right:insurance0:232f87fd9da8,plaquette,0.275,5,50,lastizar:task_pin_D5_h0p02_adam:right:insurance0,-0.4290405714213,True,-0.4290383026651,-2.268756199963473e-06,0.2196332784546,2.469422552124905e-06,0.21918298638400002,0.0020544116038783,0.9446865227328876,inf,-0.47832763744245005,1.4042759499954816e-06,-0.2647686991653,1.782319799997767e-06,-0.25869435898785004,2.031269749985798e-06,D:\HyraiOn\ENS_Lyon\Internship\2026-EPFL\data\distinVBCsJ2Continuation\LastIzar\Results_LastIzar\task_pin_D5_h0p02_adam\J2_0p275\h_0\D_5_chi_50_energy_magnetization_correlation.txt,D:\HyraiOn\ENS_Lyon\Internship\2026-EPFL\data\distinVBCsJ2Continuation\LastIzar\Results_LastIzar\task_pin_D5_h0p02_adam\J2_0p275\h_0\sweep_D5_chi50_best.pt
False,False,False,outside requested texture/D range,lastizar:task_pin_D5_h0p02_lbfgs:right:insurance0:ca0781b525a8,plaquette,0.275,5,50,lastizar:task_pin_D5_h0p02_lbfgs:right:insurance0,-0.4111754563222,True,-0.4290383026651,0.01786284634290003,0.33150773838415004,2.855651642128527e-09,0.21918298638400002,0.5124702142864385,-0.707870265301384,inf,-0.45587828819585,2.8527500084418733e-09,-0.40745665436350004,2.585799990795224e-09,-0.1243705498117,1.287000020444575e-10,D:\HyraiOn\ENS_Lyon\Internship\2026-EPFL\data\distinVBCsJ2Continuation\LastIzar\Results_LastIzar\task_pin_D5_h0p02_lbfgs\J2_0p275\h_0\D_5_chi_50_energy_magnetization_correlation.txt,D:\HyraiOn\ENS_Lyon\Internship\2026-EPFL\data\distinVBCsJ2Continuation\LastIzar\Results_LastIzar\task_pin_D5_h0p02_lbfgs\J2_0p275\h_0\sweep_D5_chi50_best.pt
False,False,False,outside requested texture/D range,lastizar:task_pin_D5_h0p03_adam:right:insurance0:9824f83983c2,plaquette,0.275,5,50,lastizar:task_pin_D5_h0p03_adam:right:insurance0,-0.4290387345577,True,-0.4290383026651,-4.3189259996134766e-07,0.22016793966424997,3.0781502137745593e-06,0.21918298638400002,0.0044937487918170135,0.9391745091046309,inf,-0.4784701929664,1.8535657999863007e-06,-0.2649981648069,8.467742000084488e-07,-0.25830225330215,2.4574992499859505e-06,D:\HyraiOn\ENS_Lyon\Internship\2026-EPFL\data\distinVBCsJ2Continuation\LastIzar\Results_LastIzar\task_pin_D5_h0p03_adam\J2_0p275\h_0\D_5_chi_50_energy_magnetization_correlation.txt,D:\HyraiOn\ENS_Lyon\Internship\2026-EPFL\data\distinVBCsJ2Continuation\LastIzar\Results_LastIzar\task_pin_D5_h0p03_adam\J2_0p275\h_0\sweep_D5_chi50_best.pt
False,False,False,outside requested texture/D range,lastizar:task_pin_D5_h0p03_lbfgs:right:insurance0:63e16f075efb,plaquette,0.275,5,50,lastizar:task_pin_D5_h0p03_lbfgs:right:insurance0,-0.3143704645407,True,-0.4290383026651,0.11466783812440001,0.40158839840898003,2.843121598122265e-08,0.21918298638400002,0.8322060714393811,-0.4847303069558174,inf,-0.42518067611305005,2.3636850005059884e-08,-0.32171751072390004,2.888899980346693e-09,-0.023592277704070002,1.579978999889653e-08,D:\HyraiOn\ENS_Lyon\Internship\2026-EPFL\data\distinVBCsJ2Continuation\LastIzar\Results_LastIzar\task_pin_D5_h0p03_lbfgs\J2_0p275\h_0\D_5_chi_50_energy_magnetization_correlation.txt,D:\HyraiOn\ENS_Lyon\Internship\2026-EPFL\data\distinVBCsJ2Continuation\LastIzar\Results_LastIzar\task_pin_D5_h0p03_lbfgs\J2_0p275\h_0\sweep_D5_chi50_best.pt
False,False,False,outside requested texture/D range,original_2c3:symmetry_restored:543523caad4c,plaquette,0.275,5,0,original_2c3:symmetry_restored,-0.4290383026651,True,-0.4290383026651,0.0,0.21918298638400002,2.2406236631213093e-06,0.21918298638400002,0.0,0.972076498736643,inf,-0.4790185509239,6.936849999972239e-08,-0.26289574273849997,2.0164659999821755e-06,-0.2598355645399,2.239549600019375e-06,D:\HyraiOn\ENS_Lyon\Internship\2026-EPFL\data\0713summary\J2_0p275\2tensor_twoC3\D_5\energy_magnetization_correlation.txt,D:\HyraiOn\ENS_Lyon\Internship\2026-EPFL\data\0713summary\J2_0p275\2tensor_twoC3\D_5\tensor_best.pt
False,False,False,outside requested texture/D range,lastizar:task_pin_D5_h0p01_adam:right:insurance0:f4bcad7c034a,plaquette,0.28,5,50,lastizar:task_pin_D5_h0p01_adam:right:insurance0,-0.4277485166255,True,-0.4277485793095,6.268399999065366e-08,0.22754711597875,2.32799455136746e-06,0.22665339739104995,0.003943106955322144,0.932034225942709,inf,-0.48199709269985,1.6704734998040927e-07,-0.2621826846571,2.293366300004651e-06,-0.25444997672110004,2.32199350000406e-06,D:\HyraiOn\ENS_Lyon\Internship\2026-EPFL\data\distinVBCsJ2Continuation\LastIzar\Results_LastIzar\task_pin_D5_h0p01_adam\J2_0p28\h_0\D_5_chi_50_energy_magnetization_correlation.txt,D:\HyraiOn\ENS_Lyon\Internship\2026-EPFL\data\distinVBCsJ2Continuation\LastIzar\Results_LastIzar\task_pin_D5_h0p01_adam\J2_0p28\h_0\sweep_D5_chi50_best.pt
False,False,False,outside requested texture/D range,lastizar:task_pin_D5_h0p01_lbfgs:right:insurance0:2daa6656c51f,plaquette,0.28,5,50,lastizar:task_pin_D5_h0p01_lbfgs:right:insurance0,-0.240456356734,True,-0.4277485793095,0.1872922225755,0.271456228430065,3.7260598677500014e-08,0.22665339739104995,0.19767112055115493,0.7244112990982514,inf,-0.34328703514090003,3.499530001893625e-08,-0.10923594138319999,7.46228000017557e-08,-0.071830806710835,1.2793794995635821e-08,D:\HyraiOn\ENS_Lyon\Internship\2026-EPFL\data\distinVBCsJ2Continuation\LastIzar\Results_LastIzar\task_pin_D5_h0p01_lbfgs\J2_0p28\h_0\D_5_chi_50_energy_magnetization_correlation.txt,D:\HyraiOn\ENS_Lyon\Internship\2026-EPFL\data\distinVBCsJ2Continuation\LastIzar\Results_LastIzar\task_pin_D5_h0p01_lbfgs\J2_0p28\h_0\sweep_D5_chi50_best.pt
False,False,False,outside requested texture/D range,lastizar:task_pin_D5_h0p02_adam:right:insurance0:8d383cf50a96,plaquette,0.28,5,50,lastizar:task_pin_D5_h0p02_adam:right:insurance0,-0.4277478038058,True,-0.4277485793095,7.755036999790299e-07,0.22832584300519998,2.1608956940595055e-06,0.22665339739104995,0.007378868498778886,0.9192000648674719,inf,-0.4820178498621,8.537535000074925e-07,-0.26291636350885,1.932629849987766e-06,-0.2536920068569,1.9850882000127523e-06,D:\HyraiOn\ENS_Lyon\Internship\2026-EPFL\data\distinVBCsJ2Continuation\LastIzar\Results_LastIzar\task_pin_D5_h0p02_adam\J2_0p28\h_0\D_5_chi_50_energy_magnetization_correlation.txt,D:\HyraiOn\ENS_Lyon\Internship\2026-EPFL\data\distinVBCsJ2Continuation\LastIzar\Results_LastIzar\task_pin_D5_h0p02_adam\J2_0p28\h_0\sweep_D5_chi50_best.pt
False,False,False,outside requested texture/D range,lastizar:task_pin_D5_h0p02_lbfgs:right:insurance0:074ccfd01912,plaquette,0.28,5,50,lastizar:task_pin_D5_h0p02_lbfgs:right:insurance0,-0.4277475849751,True,-0.4277485793095,9.94334399984087e-07,0.2269726187850999,2.277890412025044e-06,0.22665339739104995,0.0014084121293764704,0.9558113813499416,inf,-0.48251580341859995,1.1997963000054401e-06,-0.26055798788125,2.583962849994625e-06,-0.25554318463350006,1.936304100003117e-06,D:\HyraiOn\ENS_Lyon\Internship\2026-EPFL\data\distinVBCsJ2Continuation\LastIzar\Results_LastIzar\task_pin_D5_h0p02_lbfgs\J2_0p28\h_0\D_5_chi_50_energy_magnetization_correlation.txt,D:\HyraiOn\ENS_Lyon\Internship\2026-EPFL\data\distinVBCsJ2Continuation\LastIzar\Results_LastIzar\task_pin_D5_h0p02_lbfgs\J2_0p28\h_0\sweep_D5_chi50_best.pt
False,False,False,outside requested texture/D range,lastizar:task_pin_D5_h0p03_adam:right:insurance0:f3ef2b8d7fa9,plaquette,0.28,5,50,lastizar:task_pin_D5_h0p03_adam:right:insurance0,-0.4277494511154,True,-0.4277485793095,-8.718059000267786e-07,0.22766118489725,3.263423707302946e-06,0.22665339739104995,0.004446381646163048,0.9252084612193119,inf,-0.4818304224998,1.6016769999183111e-07,-0.26268280277210004,2.3343667999997653e-06,-0.25416923760255,3.259490850004987e-06,D:\HyraiOn\ENS_Lyon\Internship\2026-EPFL\data\distinVBCsJ2Continuation\LastIzar\Results_LastIzar\task_pin_D5_h0p03_adam\J2_0p28\h_0\D_5_chi_50_energy_magnetization_correlation.txt,D:\HyraiOn\ENS_Lyon\Internship\2026-EPFL\data\distinVBCsJ2Continuation\LastIzar\Results_LastIzar\task_pin_D5_h0p03_adam\J2_0p28\h_0\sweep_D5_chi50_best.pt
False,False,False,outside requested texture/D range,lastizar:task_pin_D5_h0p03_lbfgs:right:insurance0:5a390f0b66b1,plaquette,0.28,5,50,lastizar:task_pin_D5_h0p03_lbfgs:right:insurance0,-0.4277486962057,True,-0.4277485793095,-1.1689619999755152e-07,0.22754217343275002,2.3053941878620785e-06,0.22665339739104995,0.003921300328742231,0.9314205908118742,inf,-0.4819743374667,1.0615344999964638e-06,-0.26223451794365,1.3112852499941319e-06,-0.25443216403394997,2.0464571499900774e-06,D:\HyraiOn\ENS_Lyon\Internship\2026-EPFL\data\distinVBCsJ2Continuation\LastIzar\Results_LastIzar\task_pin_D5_h0p03_lbfgs\J2_0p28\h_0\D_5_chi_50_energy_magnetization_correlation.txt,D:\HyraiOn\ENS_Lyon\Internship\2026-EPFL\data\distinVBCsJ2Continuation\LastIzar\Results_LastIzar\task_pin_D5_h0p03_lbfgs\J2_0p28\h_0\sweep_D5_chi50_best.pt
False,False,False,outside requested texture/D range,lastizar:task_pin_D5_h0p01_adam:right:insurance0:6e60b0368b40,plaquette,0.29,5,50,lastizar:task_pin_D5_h0p01_adam:right:insurance0,-0.4252482640282,True,-0.4252467227038,-1.5413244000006543e-06,0.24265696640639997,2.0146408600078166e-06,0.23990435088165,0.011473804099984433,0.9043214566392614,inf,-0.48867099083355,4.0769584999655883e-07,-0.2576225569682,1.048320699997829e-06,-0.24601402442715,1.9729576500038255e-06,D:\HyraiOn\ENS_Lyon\Internship\2026-EPFL\data\distinVBCsJ2Continuation\LastIzar\Results_LastIzar\task_pin_D5_h0p01_adam\J2_0p29\h_0\D_5_chi_50_energy_magnetization_correlation.txt,D:\HyraiOn\ENS_Lyon\Internship\2026-EPFL\data\distinVBCsJ2Continuation\LastIzar\Results_LastIzar\task_pin_D5_h0p01_adam\J2_0p29\h_0\sweep_D5_chi50_best.pt
False,False,False,outside requested texture/D range,lastizar:task_pin_D5_h0p01_lbfgs:right:insurance0:0e3efe0f248b,plaquette,0.29,5,50,lastizar:task_pin_D5_h0p01_lbfgs:right:insurance0,-0.4252483400396,True,-0.4252467227038,-1.6173358000082239e-06,0.24251147604169995,2.064461356815307e-06,0.23990435088165,0.01086735255308526,0.9054870904506851,inf,-0.48862479457895,1.2157085002573176e-07,-0.25757355113715,1.0554799500239742e-06,-0.24611331853725002,2.0608787500014936e-06,D:\HyraiOn\ENS_Lyon\Internship\2026-EPFL\data\distinVBCsJ2Continuation\LastIzar\Results_LastIzar\task_pin_D5_h0p01_lbfgs\J2_0p29\h_0\D_5_chi_50_energy_magnetization_correlation.txt,D:\HyraiOn\ENS_Lyon\Internship\2026-EPFL\data\distinVBCsJ2Continuation\LastIzar\Results_LastIzar\task_pin_D5_h0p01_lbfgs\J2_0p29\h_0\sweep_D5_chi50_best.pt
False,False,False,outside requested texture/D range,lastizar:task_pin_D5_h0p02_adam:right:insurance0:f1564cb47362,plaquette,0.29,5,50,lastizar:task_pin_D5_h0p02_adam:right:insurance0,-0.4252481202739,True,-0.4252467227038,-1.3975701000368268e-06,0.24268996347465005,1.88263112567257e-06,0.23990435088165,0.011611346700311666,0.9036370408525654,inf,-0.48866407621870006,1.532937999870754e-07,-0.2576672742619501,1.2314472500052354e-06,-0.24597411274405,1.8763797500070956e-06,D:\HyraiOn\ENS_Lyon\Internship\2026-EPFL\data\distinVBCsJ2Continuation\LastIzar\Results_LastIzar\task_pin_D5_h0p02_adam\J2_0p29\h_0\D_5_chi_50_energy_magnetization_correlation.txt,D:\HyraiOn\ENS_Lyon\Internship\2026-EPFL\data\distinVBCsJ2Continuation\LastIzar\Results_LastIzar\task_pin_D5_h0p02_adam\J2_0p29\h_0\sweep_D5_chi50_best.pt
False,False,False,outside requested texture/D range,lastizar:task_pin_D5_h0p02_lbfgs:right:insurance0:6c916d9a8c64,plaquette,0.29,5,50,lastizar:task_pin_D5_h0p02_lbfgs:right:insurance0,-0.4252482521065,True,-0.4252467227038,-1.5294027000400945e-06,0.24246632854045005,1.7090249465326824e-06,0.23990435088165,0.010679162963842794,0.906751430198985,inf,-0.48864999788595004,3.2368424998652223e-07,-0.25748848852615,2.5758598500014163e-06,-0.24618366934549998,1.678092600002068e-06,D:\HyraiOn\ENS_Lyon\Internship\2026-EPFL\data\distinVBCsJ2Continuation\LastIzar\Results_LastIzar\task_pin_D5_h0p02_lbfgs\J2_0p29\h_0\D_5_chi_50_energy_magnetization_correlation.txt,D:\HyraiOn\ENS_Lyon\Internship\2026-EPFL\data\distinVBCsJ2Continuation\LastIzar\Results_LastIzar\task_pin_D5_h0p02_lbfgs\J2_0p29\h_0\sweep_D5_chi50_best.pt
False,False,False,outside requested texture/D range,lastizar:task_pin_D5_h0p03_adam:right:insurance0:ace2e9f1a429,plaquette,0.29,5,50,lastizar:task_pin_D5_h0p03_adam:right:insurance0,-0.4252487682454,True,-0.4252467227038,-2.0455415999931503e-06,0.24178868979749996,1.6845090697958365e-06,0.23990435088165,0.007854542482972932,0.9132279378676842,inf,-0.48848778245025,1.894462499929528e-07,-0.25718934425975,2.496298149995413e-06,-0.24669909265275003,1.6738222499979027e-06,D:\HyraiOn\ENS_Lyon\Internship\2026-EPFL\data\distinVBCsJ2Continuation\LastIzar\Results_LastIzar\task_pin_D5_h0p03_adam\J2_0p29\h_0\D_5_chi_50_energy_magnetization_correlation.txt,D:\HyraiOn\ENS_Lyon\Internship\2026-EPFL\data\distinVBCsJ2Continuation\LastIzar\Results_LastIzar\task_pin_D5_h0p03_adam\J2_0p29\h_0\sweep_D5_chi50_best.pt
False,False,False,outside requested texture/D range,lastizar:task_pin_D5_h0p03_lbfgs:right:insurance0:9f0b2262ad73,plaquette,0.29,5,50,lastizar:task_pin_D5_h0p03_lbfgs:right:insurance0,-0.4252485029583,True,-0.4252467227038,-1.7802545000389358e-06,0.24247717452099998,1.6199000223992342e-06,0.23990435088165,0.010724372567212093,0.9051461031829691,inf,-0.4885944878693,1.1893699999876438e-07,-0.2576172657945501,2.6914600499972074e-06,-0.2461173133483,1.6155278000085092e-06,D:\HyraiOn\ENS_Lyon\Internship\2026-EPFL\data\distinVBCsJ2Continuation\LastIzar\Results_LastIzar\task_pin_D5_h0p03_lbfgs\J2_0p29\h_0\D_5_chi_50_energy_magnetization_correlation.txt,D:\HyraiOn\ENS_Lyon\Internship\2026-EPFL\data\distinVBCsJ2Continuation\LastIzar\Results_LastIzar\task_pin_D5_h0p03_lbfgs\J2_0p29\h_0\sweep_D5_chi50_best.pt
False,False,False,outside requested texture/D range,lastizar:task_pin_D5_h0p01_adam:right:insurance0:75a5680f0a9f,plaquette,0.3,5,50,lastizar:task_pin_D5_h0p01_adam:right:insurance0,-0.4228576355115,True,-0.4228575645321,-7.0979400024207e-08,0.25732657111749996,2.146663772182099e-06,0.25483764403610004,0.009766716729838146,0.8785957561590676,inf,-0.49496846376455,1.4356885000288422e-07,-0.25326216154040004,3.0506039999655954e-07,-0.23764189264705005,2.1418574499970644e-06,D:\HyraiOn\ENS_Lyon\Internship\2026-EPFL\data\distinVBCsJ2Continuation\LastIzar\Results_LastIzar\task_pin_D5_h0p01_adam\J2_0p30\h_0\D_5_chi_50_energy_magnetization_correlation.txt,D:\HyraiOn\ENS_Lyon\Internship\2026-EPFL\data\distinVBCsJ2Continuation\LastIzar\Results_LastIzar\task_pin_D5_h0p01_adam\J2_0p30\h_0\sweep_D5_chi50_best.pt
False,False,False,outside requested texture/D range,lastizar:task_pin_D5_h0p01_lbfgs:right:insurance0:8d9b16f1b974,plaquette,0.3,5,50,lastizar:task_pin_D5_h0p01_lbfgs:right:insurance0,-0.4228580910306,True,-0.4228575645321,-5.264985000197342e-07,0.25553865850000007,2.3290466821171826e-06,0.25483764403610004,0.0027508277536921677,0.912445640067411,inf,-0.49524279011130007,1.5269090999914248e-06,-0.25089089345279997,3.7668038999905122e-06,-0.2397041316113,1.7586947000103326e-06,D:\HyraiOn\ENS_Lyon\Internship\2026-EPFL\data\distinVBCsJ2Continuation\LastIzar\Results_LastIzar\task_pin_D5_h0p01_lbfgs\J2_0p30\h_0\D_5_chi_50_energy_magnetization_correlation.txt,D:\HyraiOn\ENS_Lyon\Internship\2026-EPFL\data\distinVBCsJ2Continuation\LastIzar\Results_LastIzar\task_pin_D5_h0p01_lbfgs\J2_0p30\h_0\sweep_D5_chi50_best.pt
False,False,False,outside requested texture/D range,lastizar:task_pin_D5_h0p02_adam:right:insurance0:9cad70395376,plaquette,0.3,5,50,lastizar:task_pin_D5_h0p02_adam:right:insurance0,-0.4228572658256,True,-0.4228575645321,2.9870649997931764e-07,0.25835157615059995,1.9878861164827322e-06,0.25483764403610004,0.013788905198017475,0.8629366239106737,inf,-0.4949623894414,6.112051000040086e-07,-0.25431608291339997,2.878003999839951e-07,-0.23661081329080003,1.8915918000017573e-06,D:\HyraiOn\ENS_Lyon\Internship\2026-EPFL\data\distinVBCsJ2Continuation\LastIzar\Results_LastIzar\task_pin_D5_h0p02_adam\J2_0p30\h_0\D_5_chi_50_energy_magnetization_correlation.txt,D:\HyraiOn\ENS_Lyon\Internship\2026-EPFL\data\distinVBCsJ2Continuation\LastIzar\Results_LastIzar\task_pin_D5_h0p02_adam\J2_0p30\h_0\sweep_D5_chi50_best.pt
False,False,False,outside requested texture/D range,lastizar:task_pin_D5_h0p02_lbfgs:right:insurance0:3ea4a52d1b5e,plaquette,0.3,5,50,lastizar:task_pin_D5_h0p02_lbfgs:right:insurance0,-0.3984681349076,True,-0.4228575645321,0.02438942962449997,0.3839886487292,1.9211710037889585e-09,0.25483764403610004,0.5067972009457307,0.3983254024330978,inf,-0.5445467903002,1.5509998840813493e-10,-0.2760762494182,6.130000118620422e-10,-0.16055814157099998,1.9149000024532015e-09,D:\HyraiOn\ENS_Lyon\Internship\2026-EPFL\data\distinVBCsJ2Continuation\LastIzar\Results_LastIzar\task_pin_D5_h0p02_lbfgs\J2_0p30\h_0\D_5_chi_50_energy_magnetization_correlation.txt,D:\HyraiOn\ENS_Lyon\Internship\2026-EPFL\data\distinVBCsJ2Continuation\LastIzar\Results_LastIzar\task_pin_D5_h0p02_lbfgs\J2_0p30\h_0\sweep_D5_chi50_best.pt
False,False,False,outside requested texture/D range,lastizar:task_pin_D5_h0p03_adam:right:insurance0:4380e38e63fb,plaquette,0.3,5,50,lastizar:task_pin_D5_h0p03_adam:right:insurance0,-0.4228573578997,True,-0.4228575645321,2.066323999683206e-07,0.2576194871459,1.2127185235475482e-06,0.25483764403610004,0.010916138862929843,0.87003871225107,inf,-0.4948061716553,7.502036999951222e-07,-0.25392696465875003,3.0878205500017852e-06,-0.23718668450940003,9.528276999903884e-07,D:\HyraiOn\ENS_Lyon\Internship\2026-EPFL\data\distinVBCsJ2Continuation\LastIzar\Results_LastIzar\task_pin_D5_h0p03_adam\J2_0p30\h_0\D_5_chi_50_energy_magnetization_correlation.txt,D:\HyraiOn\ENS_Lyon\Internship\2026-EPFL\data\distinVBCsJ2Continuation\LastIzar\Results_LastIzar\task_pin_D5_h0p03_adam\J2_0p30\h_0\sweep_D5_chi50_best.pt
False,False,False,outside requested texture/D range,lastizar:task_pin_D5_h0p03_lbfgs:right:insurance0:d7f3da9ca905,plaquette,0.3,5,50,lastizar:task_pin_D5_h0p03_lbfgs:right:insurance0,-0.0003015986061564,True,-0.4228575645321,0.4225559659259436,0.0005899117419202651,0.0003840532394892888,0.25483764403610004,0.9976851467758951,-0.10239230592095783,inf,-0.0009792653014711,6.307838567990001e-05,-0.0007145106422835,0.0006975763975844999,-0.0003893535595508349,0.00037883770670596505,D:\HyraiOn\ENS_Lyon\Internship\2026-EPFL\data\distinVBCsJ2Continuation\LastIzar\Results_LastIzar\task_pin_D5_h0p03_lbfgs\J2_0p30\h_0\D_5_chi_50_energy_magnetization_correlation.txt,D:\HyraiOn\ENS_Lyon\Internship\2026-EPFL\data\distinVBCsJ2Continuation\LastIzar\Results_LastIzar\task_pin_D5_h0p03_lbfgs\J2_0p30\h_0\sweep_D5_chi50_best.pt
False,False,False,outside requested texture/D range,lastizar:task_pin_D5_h0p01_adam:right:insurance0:74eaa4ef4984,plaquette,0.31,5,50,lastizar:task_pin_D5_h0p01_adam:right:insurance0,-0.42056860326,True,-0.4205764796912,7.876431199982381e-06,0.2650001899644001,6.4992283891366306e-06,0.26851339696074994,0.013083916989301548,0.973416299047762,inf,-0.5019115275749001,3.0777489999911367e-06,-0.24043368051164996,8.335014999028001e-08,-0.2369113376105,5.724284299998828e-06,D:\HyraiOn\ENS_Lyon\Internship\2026-EPFL\data\distinVBCsJ2Continuation\LastIzar\Results_LastIzar\task_pin_D5_h0p01_adam\J2_0p31\h_0\D_5_chi_50_energy_magnetization_correlation.txt,D:\HyraiOn\ENS_Lyon\Internship\2026-EPFL\data\distinVBCsJ2Continuation\LastIzar\Results_LastIzar\task_pin_D5_h0p01_adam\J2_0p31\h_0\sweep_D5_chi50_best.pt
False,False,False,outside requested texture/D range,lastizar:task_pin_D5_h0p01_lbfgs:right:insurance0:13de110c4f1c,plaquette,0.31,5,50,lastizar:task_pin_D5_h0p01_lbfgs:right:insurance0,-0.4205759103615,True,-0.4205764796912,5.693296999953468e-07,0.26738359672835,2.7191814913382563e-06,0.26851339696074994,0.0042076121533894855,0.9240191240222559,inf,-0.5013114474214501,5.688575500095716e-07,-0.24408587064384998,7.725738499914092e-07,-0.23392785069310004,2.6590128000131275e-06,D:\HyraiOn\ENS_Lyon\Internship\2026-EPFL\data\distinVBCsJ2Continuation\LastIzar\Results_LastIzar\task_pin_D5_h0p01_lbfgs\J2_0p31\h_0\D_5_chi_50_energy_magnetization_correlation.txt,D:\HyraiOn\ENS_Lyon\Internship\2026-EPFL\data\distinVBCsJ2Continuation\LastIzar\Results_LastIzar\task_pin_D5_h0p01_lbfgs\J2_0p31\h_0\sweep_D5_chi50_best.pt
False,False,False,outside requested texture/D range,lastizar:task_pin_D5_h0p02_adam:right:insurance0:98a8ae8012df,plaquette,0.31,5,50,lastizar:task_pin_D5_h0p02_adam:right:insurance0,-0.4205748892117,True,-0.4205764796912,1.5904794999910266e-06,0.2728861821324,2.877532899719766e-06,0.26851339696074994,0.016285165735284587,0.8340754594377686,inf,-0.50082192922595,3.965204499745134e-07,-0.25057500429159996,5.300969999066929e-08,-0.22793574709355,2.8500819500010266e-06,D:\HyraiOn\ENS_Lyon\Internship\2026-EPFL\data\distinVBCsJ2Continuation\LastIzar\Results_LastIzar\task_pin_D5_h0p02_adam\J2_0p31\h_0\D_5_chi_50_energy_magnetization_correlation.txt,D:\HyraiOn\ENS_Lyon\Internship\2026-EPFL\data\distinVBCsJ2Continuation\LastIzar\Results_LastIzar\task_pin_D5_h0p02_adam\J2_0p31\h_0\sweep_D5_chi50_best.pt
False,False,False,outside requested texture/D range,lastizar:task_pin_D5_h0p02_lbfgs:right:insurance0:0a8cdad83ba0,plaquette,0.31,5,50,lastizar:task_pin_D5_h0p02_lbfgs:right:insurance0,-0.4205754864921,True,-0.4205764796912,9.931990999634266e-07,0.2736663855097,1.1436759471151597e-06,0.26851339696074994,0.0191908061470144,0.8196960065559418,inf,-0.50067090824375,2.043200500456699e-07,-0.2516760938234501,2.1774878500024908e-06,-0.22700452273405,1.1252768500058519e-06,D:\HyraiOn\ENS_Lyon\Internship\2026-EPFL\data\distinVBCsJ2Continuation\LastIzar\Results_LastIzar\task_pin_D5_h0p02_lbfgs\J2_0p31\h_0\D_5_chi_50_energy_magnetization_correlation.txt,D:\HyraiOn\ENS_Lyon\Internship\2026-EPFL\data\distinVBCsJ2Continuation\LastIzar\Results_LastIzar\task_pin_D5_h0p02_lbfgs\J2_0p31\h_0\sweep_D5_chi50_best.pt
False,False,False,outside requested texture/D range,lastizar:task_pin_D5_h0p03_adam:right:insurance0:8e209d1be92c,plaquette,0.31,5,50,lastizar:task_pin_D5_h0p03_adam:right:insurance0,-0.4205759063239,True,-0.4205764796912,5.733672999719275e-07,0.27348057864804987,2.3310015804721023e-06,0.26851339696074994,0.018498822567225598,0.8220060283364947,inf,-0.5006607639608499,6.326826499924998e-07,-0.25151913249600005,1.885393799999635e-06,-0.22718018531280001,2.243497500012404e-06,D:\HyraiOn\ENS_Lyon\Internship\2026-EPFL\data\distinVBCsJ2Continuation\LastIzar\Results_LastIzar\task_pin_D5_h0p03_adam\J2_0p31\h_0\D_5_chi_50_energy_magnetization_correlation.txt,D:\HyraiOn\ENS_Lyon\Internship\2026-EPFL\data\distinVBCsJ2Continuation\LastIzar\Results_LastIzar\task_pin_D5_h0p03_adam\J2_0p31\h_0\sweep_D5_chi50_best.pt
False,False,False,outside requested texture/D range,lastizar:task_pin_D5_h0p03_lbfgs:right:insurance0:e699673bf488,plaquette,0.31,5,50,lastizar:task_pin_D5_h0p03_lbfgs:right:insurance0,-0.4205763773211,True,-0.4205764796912,1.0237010000802016e-07,0.2684636974183501,2.4146027056645313e-06,0.26851339696074994,0.00018509148132793635,0.9085364353306353,inf,-0.50131342955135,1.7777105500438317e-06,-0.2451270555081,4.087620099998968e-06,-0.232849732133,1.6340292000038836e-06,D:\HyraiOn\ENS_Lyon\Internship\2026-EPFL\data\distinVBCsJ2Continuation\LastIzar\Results_LastIzar\task_pin_D5_h0p03_lbfgs\J2_0p31\h_0\D_5_chi_50_energy_magnetization_correlation.txt,D:\HyraiOn\ENS_Lyon\Internship\2026-EPFL\data\distinVBCsJ2Continuation\LastIzar\Results_LastIzar\task_pin_D5_h0p03_lbfgs\J2_0p31\h_0\sweep_D5_chi50_best.pt
False,False,False,outside requested texture/D range,lastizar:task_pin_D5_h0p01_adam:right:insurance0:94999e10b015,plaquette,0.32,5,50,lastizar:task_pin_D5_h0p01_adam:right:insurance0,-0.4183983336661,True,-0.4183991752452,8.415790999638517e-07,0.2876701165050499,6.918829013670305e-07,0.2919804369607999,0.014762360453377423,0.7878517112157928,inf,-0.5058925029881,6.620647000077362e-07,-0.2487367479585,2.933918800004931e-06,-0.21822238648305,2.0092855000652943e-07,D:\HyraiOn\ENS_Lyon\Internship\2026-EPFL\data\distinVBCsJ2Continuation\LastIzar\Results_LastIzar\task_pin_D5_h0p01_adam\J2_0p32\h_0\D_5_chi_50_energy_magnetization_correlation.txt,D:\HyraiOn\ENS_Lyon\Internship\2026-EPFL\data\distinVBCsJ2Continuation\LastIzar\Results_LastIzar\task_pin_D5_h0p01_adam\J2_0p32\h_0\sweep_D5_chi50_best.pt
False,False,False,outside requested texture/D range,lastizar:task_pin_D5_h0p01_lbfgs:right:insurance0:76e6203ee231,plaquette,0.32,5,50,lastizar:task_pin_D5_h0p01_lbfgs:right:insurance0,-0.4183984443619,True,-0.4183991752452,7.308832999930459e-07,0.29141107768115004,2.7091100163694685e-06,0.2919804369607999,0.0019499911897395037,0.7460108993763637,inf,-0.5061596839042001,1.1702912000033372e-06,-0.25175622498905,2.6342160499848166e-06,-0.21474860622305003,2.443296050008703e-06,D:\HyraiOn\ENS_Lyon\Internship\2026-EPFL\data\distinVBCsJ2Continuation\LastIzar\Results_LastIzar\task_pin_D5_h0p01_lbfgs\J2_0p32\h_0\D_5_chi_50_energy_magnetization_correlation.txt,D:\HyraiOn\ENS_Lyon\Internship\2026-EPFL\data\distinVBCsJ2Continuation\LastIzar\Results_LastIzar\task_pin_D5_h0p01_lbfgs\J2_0p32\h_0\sweep_D5_chi50_best.pt
False,False,False,outside requested texture/D range,lastizar:task_pin_D5_h0p02_adam:right:insurance0:2d0d3f7e08e9,plaquette,0.32,5,50,lastizar:task_pin_D5_h0p02_adam:right:insurance0,-0.4183976585042,True,-0.4183991752452,1.5167409999627957e-06,0.28872673016835004,1.452044829333331e-07,0.2919804369607999,0.011143578064055984,0.7712525532918608,inf,-0.5057679446611001,7.508490001972845e-08,-0.25006396565395,2.1745622499902417e-06,-0.21704121449275002,1.242843499921209e-07,D:\HyraiOn\ENS_Lyon\Internship\2026-EPFL\data\distinVBCsJ2Continuation\LastIzar\Results_LastIzar\task_pin_D5_h0p02_adam\J2_0p32\h_0\D_5_chi_50_energy_magnetization_correlation.txt,D:\HyraiOn\ENS_Lyon\Internship\2026-EPFL\data\distinVBCsJ2Continuation\LastIzar\Results_LastIzar\task_pin_D5_h0p02_adam\J2_0p32\h_0\sweep_D5_chi50_best.pt
False,False,False,outside requested texture/D range,lastizar:task_pin_D5_h0p02_lbfgs:right:insurance0:bdcf68742e97,plaquette,0.32,5,50,lastizar:task_pin_D5_h0p02_lbfgs:right:insurance0,-0.4183996494017,True,-0.4183991752452,-4.7415650000770526e-07,0.2790647165658,5.778413852954255e-06,0.2919804369607999,0.044234882752552,0.9343979804129647,inf,-0.50718817355015,1.5769940500121036e-06,-0.23727706148545,6.295360499980474e-07,-0.22812345698434996,5.559060750004452e-06,D:\HyraiOn\ENS_Lyon\Internship\2026-EPFL\data\distinVBCsJ2Continuation\LastIzar\Results_LastIzar\task_pin_D5_h0p02_lbfgs\J2_0p32\h_0\D_5_chi_50_energy_magnetization_correlation.txt,D:\HyraiOn\ENS_Lyon\Internship\2026-EPFL\data\distinVBCsJ2Continuation\LastIzar\Results_LastIzar\task_pin_D5_h0p02_lbfgs\J2_0p32\h_0\sweep_D5_chi50_best.pt
False,False,False,outside requested texture/D range,lastizar:task_pin_D5_h0p03_adam:right:insurance0:eef3d714f5af,plaquette,0.32,5,50,lastizar:task_pin_D5_h0p03_adam:right:insurance0,-0.4183970285106,True,-0.4183991752452,2.1467345999726106e-06,0.2916597134626,1.0919578956186148e-06,0.2919804369607999,0.0010984417365022029,0.7341440691954084,inf,-0.5057807641266,5.045351000321219e-07,-0.2528907829644,3.1803204000036e-06,-0.21412105066400003,9.684091999973e-07,D:\HyraiOn\ENS_Lyon\Internship\2026-EPFL\data\distinVBCsJ2Continuation\LastIzar\Results_LastIzar\task_pin_D5_h0p03_adam\J2_0p32\h_0\D_5_chi_50_energy_magnetization_correlation.txt,D:\HyraiOn\ENS_Lyon\Internship\2026-EPFL\data\distinVBCsJ2Continuation\LastIzar\Results_LastIzar\task_pin_D5_h0p03_adam\J2_0p32\h_0\sweep_D5_chi50_best.pt
False,False,False,outside requested texture/D range,lastizar:task_pin_D5_h0p03_lbfgs:right:insurance0:6e5cd7e61768,plaquette,0.32,5,50,lastizar:task_pin_D5_h0p03_lbfgs:right:insurance0,-0.4183987617567,True,-0.4183991752452,4.134884999951183e-07,0.29162481697394993,2.3033660288577956e-06,0.2919804369607999,0.0012179582664906703,0.73178369167468,inf,-0.5056504237016,7.324006000009043e-07,-0.25313487264005,3.3843132500044337e-06,-0.21402560672765,2.183823350002112e-06,D:\HyraiOn\ENS_Lyon\Internship\2026-EPFL\data\distinVBCsJ2Continuation\LastIzar\Results_LastIzar\task_pin_D5_h0p03_lbfgs\J2_0p32\h_0\D_5_chi_50_energy_magnetization_correlation.txt,D:\HyraiOn\ENS_Lyon\Internship\2026-EPFL\data\distinVBCsJ2Continuation\LastIzar\Results_LastIzar\task_pin_D5_h0p03_lbfgs\J2_0p32\h_0\sweep_D5_chi50_best.pt
True,True,False,,original_2c3:symmetry_restored:efd795b13b7a,plaquette,0.26,6,0,original_2c3:symmetry_restored,-0.4336099793702,True,-0.4336099793702,0.0,0.08621218209680004,2.72420431395234e-06,0.08621218209680004,0.0,-0.8827046638020861,0.0,-0.36946001015475,2.2908189499792897e-06,-0.36440386671305003,1.2961683500123389e-06,-0.28324782805794996,1.474258350009361e-06,D:\HyraiOn\ENS_Lyon\Internship\2026-EPFL\data\0713summary\J2_0p26\2tensor_twoC3\D_6\energy_magnetization_correlation.txt,D:\HyraiOn\ENS_Lyon\Internship\2026-EPFL\data\0713summary\J2_0p26\2tensor_twoC3\D_6\tensor_best.pt
True,True,False,,original_2c3:symmetry_restored:d9424f272cff,plaquette,0.265,6,0,original_2c3:symmetry_restored,-0.4322609832064,True,-0.4322609832064,0.0,0.14605806794575,1.5396811587225247e-06,0.14605806794575,0.0,-0.973406300341843,0.0,-0.38608523812085,1.4114509500062766e-06,-0.38414312592505,5.181706149992582e-06,-0.2400271701751,6.151620000061087e-07,D:\HyraiOn\ENS_Lyon\Internship\2026-EPFL\data\0713summary\J2_0p265\2tensor_twoC3\D_6\energy_magnetization_correlation.txt,D:\HyraiOn\ENS_Lyon\Internship\2026-EPFL\data\0713summary\J2_0p265\2tensor_twoC3\D_6\tensor_best.pt
False,True,False,,lastizar:last_D6_plaq_adiabatic:right:insurance1:010dd4b2f16d,plaquette,0.27,6,72,lastizar:last_D6_plaq_adiabatic:right:insurance1,-0.4309132570448,True,-0.4309779074683,6.465042350001227e-05,0.18080914357440006,2.63207240090283e-06,0.22008162789820007,0.17844508284883148,-0.8280375019253046,0.6021697521260041,-0.40063686800470005,2.6097590999918374e-06,-0.3850906720028,4.638679500013066e-06,-0.2198277244303,3.419978999996686e-07,D:\HyraiOn\ENS_Lyon\Internship\2026-EPFL\data\distinVBCsJ2Continuation\LastIzar\Results_LastIzar\task1_D6_adiabatic\J2_0p27\D_6_chi_72_energy_magnetization_correlation.txt,D:\HyraiOn\ENS_Lyon\Internship\2026-EPFL\data\distinVBCsJ2Continuation\LastIzar\Results_LastIzar\task1_D6_adiabatic\J2_0p27\sweep_D6_chi72_best.pt
False,True,False,,lastizar:last_D6_plaq_adiabatic:right:insurance2:2c5227c2df7e,plaquette,0.27,6,72,lastizar:last_D6_plaq_adiabatic:right:insurance2,-0.4309129990864,True,-0.4309779074683,6.490838189998627e-05,0.1802666775777,2.5036386410320152e-06,0.22008162789820007,0.1809099228351613,-0.8428886655056238,0.6151784243505907,-0.39999202755135,2.4839112500174565e-06,-0.38583105841180004,4.281431900010624e-06,-0.21972534997364998,3.136739499948194e-07,D:\HyraiOn\ENS_Lyon\Internship\2026-EPFL\data\distinVBCsJ2Continuation\LastIzar\Results_LastIzar\task1_D6_adiabatic\insurance_2\J2_0p27\D_6_chi_72_energy_magnetization_correlation.txt,D:\HyraiOn\ENS_Lyon\Internship\2026-EPFL\data\distinVBCsJ2Continuation\LastIzar\Results_LastIzar\task1_D6_adiabatic\insurance_2\J2_0p27\sweep_D6_chi72_best.pt
True,True,False,,lastizar:last_D6_plaq_adiabatic:right:insurance3:d1df6f7d2c07,plaquette,0.27,6,72,lastizar:last_D6_plaq_adiabatic:right:insurance3,-0.4309129893156,True,-0.4309779074683,6.491815269998868e-05,0.1801903893921001,2.4834913735636818e-06,0.22008162789820007,0.18125655870081017,-0.845783004043952,0.6168487604213235,-0.39987643873430007,2.462327799990227e-06,-0.38598222845819996,4.243319800006917e-06,-0.21968604934219996,3.235293000031225e-07,D:\HyraiOn\ENS_Lyon\Internship\2026-EPFL\data\distinVBCsJ2Continuation\LastIzar\Results_LastIzar\task1_D6_adiabatic\insurance_3\J2_0p27\D_6_chi_72_energy_magnetization_correlation.txt,D:\HyraiOn\ENS_Lyon\Internship\2026-EPFL\data\distinVBCsJ2Continuation\LastIzar\Results_LastIzar\task1_D6_adiabatic\insurance_3\J2_0p27\sweep_D6_chi72_best.pt
False,True,False,,lastizar:last_D6_plaq_adiabatic:right:insurance4:582263078acc,plaquette,0.27,6,72,lastizar:last_D6_plaq_adiabatic:right:insurance4,-0.4309130493949,True,-0.4309779074683,6.485807340000926e-05,0.18046166506734992,2.54326961768702e-06,0.22008162789820007,0.18002394479368614,-0.8394104283367655,0.6107588292062756,-0.40016695665799995,2.524116099994478e-06,-0.38567682591060004,4.333804499989657e-06,-0.21970529159065003,3.115417500088036e-07,D:\HyraiOn\ENS_Lyon\Internship\2026-EPFL\data\distinVBCsJ2Continuation\LastIzar\Results_LastIzar\task1_D6_adiabatic\insurance_4\J2_0p27\D_6_chi_72_energy_magnetization_correlation.txt,D:\HyraiOn\ENS_Lyon\Internship\2026-EPFL\data\distinVBCsJ2Continuation\LastIzar\Results_LastIzar\task1_D6_adiabatic\insurance_4\J2_0p27\sweep_D6_chi72_best.pt
False,True,False,,lastizar:last_D6_plaq_adiabatic:right:insurance5:e9b49ff8853c,plaquette,0.27,6,72,lastizar:last_D6_plaq_adiabatic:right:insurance5,-0.4309130976692,True,-0.4309779074683,6.480979910000739e-05,0.18039025255265,2.586922154942622e-06,0.22008162789820007,0.18034842673878038,-0.8400393506823318,0.6119426073167274,-0.40012706334285003,2.5672055500025603e-06,-0.3856993923784,4.413241300016413e-06,-0.21973681079020002,3.187819000022296e-07,D:\HyraiOn\ENS_Lyon\Internship\2026-EPFL\data\distinVBCsJ2Continuation\LastIzar\Results_LastIzar\task1_D6_adiabatic\insurance_5\J2_0p27\D_6_chi_72_energy_magnetization_correlation.txt,D:\HyraiOn\ENS_Lyon\Internship\2026-EPFL\data\distinVBCsJ2Continuation\LastIzar\Results_LastIzar\task1_D6_adiabatic\insurance_5\J2_0p27\sweep_D6_chi72_best.pt
False,True,False,,lastizar_seed:task_pin_D6_h0p01_adam:b93d19377210,plaquette,0.27,6,72,lastizar_seed:task_pin_D6_h0p01_adam,-0.4309821553541,True,-0.4309779074683,-4.247885800001683e-06,0.2119289358616,7.692828625822894e-07,0.22008162789820007,0.03704394644141375,0.9896197899293164,0.004067077478308223,-0.47419428869390007,7.617721999864102e-07,-0.26336528626945,3.1082384999159274e-07,-0.26226535283230007,1.0723450000194033e-07,D:\HyraiOn\ENS_Lyon\Internship\2026-EPFL\data\distinVBCsJ2Continuation\LastIzar\Results_LastIzar\task_pin_D6_h0p01_adam\J2_0p27\h_0\D_6_chi_72_energy_magnetization_correlation.txt,D:\HyraiOn\ENS_Lyon\Internship\2026-EPFL\data\distinVBCsJ2Continuation\LastIzar\Results_LastIzar\task_pin_D6_h0p01_adam\J2_0p27\h_0\sweep_D6_chi72_best.pt
False,False,False,|dE|=0.0192518>0.0003,lastizar_seed:task_pin_D6_h0p01_lbfgs:945364ba5fc5,plaquette,0.27,6,72,lastizar_seed:task_pin_D6_h0p01_lbfgs,-0.4117261551784,True,-0.4309779074683,0.019251752289900004,0.03878777268889999,2.9453182155157375e-09,0.22008162789820007,0.8237573346792878,0.31399898097488266,inf,-0.36851050742654995,2.9193499839763608e-09,-0.34302696053279996,1.3121999875576053e-09,-0.32972273473764996,3.9024999898274297e-10,D:\HyraiOn\ENS_Lyon\Internship\2026-EPFL\data\distinVBCsJ2Continuation\LastIzar\Results_LastIzar\task_pin_D6_h0p01_lbfgs\J2_0p27\h_0\D_6_chi_72_energy_magnetization_correlation.txt,D:\HyraiOn\ENS_Lyon\Internship\2026-EPFL\data\distinVBCsJ2Continuation\LastIzar\Results_LastIzar\task_pin_D6_h0p01_lbfgs\J2_0p27\h_0\sweep_D6_chi72_best.pt
False,True,False,,lastizar_seed:task_pin_D6_h0p02_adam:c88c64dda81c,plaquette,0.27,6,72,lastizar_seed:task_pin_D6_h0p02_adam,-0.4309830903471,True,-0.4309779074683,-5.1828787999697035e-06,0.2108286711292,5.445534170314125e-07,0.22008162789820007,0.04204329483277027,0.9966973878255236,0.009568886229817936,-0.47375105747245,2.439764499873043e-07,-0.26327052901125,4.761656499929767e-07,-0.26292238634325,4.868407499913907e-07,D:\HyraiOn\ENS_Lyon\Internship\2026-EPFL\data\distinVBCsJ2Continuation\LastIzar\Results_LastIzar\task_pin_D6_h0p02_adam\J2_0p27\h_0\D_6_chi_72_energy_magnetization_correlation.txt,D:\HyraiOn\ENS_Lyon\Internship\2026-EPFL\data\distinVBCsJ2Continuation\LastIzar\Results_LastIzar\task_pin_D6_h0p02_adam\J2_0p27\h_0\sweep_D6_chi72_best.pt
False,False,False,|dE|=0.0172421>0.0003,lastizar_seed:task_pin_D6_h0p02_lbfgs:56b06199091a,plaquette,0.27,6,72,lastizar_seed:task_pin_D6_h0p02_lbfgs,-0.4137357767254,True,-0.4309779074683,0.017242130742899986,0.16322168494265002,5.16718001728162e-09,0.22008162789820007,0.25835842591027597,-0.649089561000888,inf,-0.40536273931485,5.001649983071843e-09,-0.37672464275615,2.597499992873509e-10,-0.2421410543722,1.2974000068721738e-09,D:\HyraiOn\ENS_Lyon\Internship\2026-EPFL\data\distinVBCsJ2Continuation\LastIzar\Results_LastIzar\task_pin_D6_h0p02_lbfgs\J2_0p27\h_0\D_6_chi_72_energy_magnetization_correlation.txt,D:\HyraiOn\ENS_Lyon\Internship\2026-EPFL\data\distinVBCsJ2Continuation\LastIzar\Results_LastIzar\task_pin_D6_h0p02_lbfgs\J2_0p27\h_0\sweep_D6_chi72_best.pt
False,True,False,,lastizar_seed:task_pin_D6_h0p03_adam:e8bb8cff1a36,plaquette,0.27,6,72,lastizar_seed:task_pin_D6_h0p03_adam,-0.430976539717,True,-0.4309779074683,1.3677512999965558e-06,0.2126708764552,4.802124703305783e-07,0.22008162789820007,0.03367274003638303,0.944799784744984,0.00020686097687237087,-0.47316175032365,1.1667155000449903e-07,-0.26636061294784996,3.6366174999136197e-07,-0.26049087386845,4.6582375001769094e-07,D:\HyraiOn\ENS_Lyon\Internship\2026-EPFL\data\distinVBCsJ2Continuation\LastIzar\Results_LastIzar\task_pin_D6_h0p03_adam\J2_0p27\h_0\D_6_chi_72_energy_magnetization_correlation.txt,D:\HyraiOn\ENS_Lyon\Internship\2026-EPFL\data\distinVBCsJ2Continuation\LastIzar\Results_LastIzar\task_pin_D6_h0p03_adam\J2_0p27\h_0\sweep_D6_chi72_best.pt
False,False,False,|dE|=0.148093>0.0003,lastizar_seed:task_pin_D6_h0p03_lbfgs:13678e7b14a0,plaquette,0.27,6,72,lastizar_seed:task_pin_D6_h0p03_lbfgs,-0.2828851667339,True,-0.4309779074683,0.14809274073439999,0.31438344671199003,4.7151947889203495e-07,0.22008162789820007,0.4284856474135577,-0.4695698907100242,inf,-0.37995486063625,4.315774998486788e-08,-0.2965756376370499,1.8668499801588484e-09,-0.06557141392426,4.6954023000256306e-07,D:\HyraiOn\ENS_Lyon\Internship\2026-EPFL\data\distinVBCsJ2Continuation\LastIzar\Results_LastIzar\task_pin_D6_h0p03_lbfgs\J2_0p27\h_0\D_6_chi_72_energy_magnetization_correlation.txt,D:\HyraiOn\ENS_Lyon\Internship\2026-EPFL\data\distinVBCsJ2Continuation\LastIzar\Results_LastIzar\task_pin_D6_h0p03_lbfgs\J2_0p27\h_0\sweep_D6_chi72_best.pt
False,True,False,,original_2c3:symmetry_restored:32793e796c81,plaquette,0.27,6,0,original_2c3:symmetry_restored,-0.4309779074683,True,-0.4309779074683,0.0,0.22008162789820007,4.1388035324369546e-07,0.22008162789820007,0.0,0.7619139722506183,0.0,-0.47155352294050007,1.5449500012643114e-08,-0.27767107532574997,2.8131475002246553e-07,-0.2514718950423,4.135919000058941e-07,D:\HyraiOn\ENS_Lyon\Internship\2026-EPFL\data\0713summary\J2_0p27\2tensor_twoC3\D_6\energy_magnetization_correlation.txt,D:\HyraiOn\ENS_Lyon\Internship\2026-EPFL\data\0713summary\J2_0p27\2tensor_twoC3\D_6\tensor_best.pt
False,True,False,,lastizar:last_D6_plaq_adiabatic:right:insurance1:33f8b2325248,plaquette,0.275,6,72,lastizar:last_D6_plaq_adiabatic:right:insurance1,-0.4295994058911,True,-0.4297234152874,0.00012400939629997332,0.1959265164793,2.1227252179580585e-06,0.21934564037700005,0.10676813023248809,-0.8375062929531361,0.9004292690409635,-0.40450143556425,2.0762021499809435e-06,-0.3885830225785,2.2884603999850928e-06,-0.20857491908495,4.419807499989048e-07,D:\HyraiOn\ENS_Lyon\Internship\2026-EPFL\data\distinVBCsJ2Continuation\LastIzar\Results_LastIzar\task1_D6_adiabatic\J2_0p275\D_6_chi_72_energy_magnetization_correlation.txt,D:\HyraiOn\ENS_Lyon\Internship\2026-EPFL\data\distinVBCsJ2Continuation\LastIzar\Results_LastIzar\task1_D6_adiabatic\J2_0p275\sweep_D6_chi72_best.pt
False,True,False,,lastizar:last_D6_plaq_adiabatic:right:insurance2:c523bbcd06bc,plaquette,0.275,6,72,lastizar:last_D6_plaq_adiabatic:right:insurance2,-0.4296021094366,True,-0.4297234152874,0.000121305850800002,0.19985007686975007,2.3651172931027285e-06,0.21934564037700005,0.08888056071569059,-0.8323201246805603,0.8224723240517525,-0.40596742517520007,2.3601812000062505e-06,-0.38921200718915,3.6438520499837423e-06,-0.20611734830545,1.527236500042939e-07,D:\HyraiOn\ENS_Lyon\Internship\2026-EPFL\data\distinVBCsJ2Continuation\LastIzar\Results_LastIzar\task1_D6_adiabatic\insurance_2\J2_0p275\D_6_chi_72_energy_magnetization_correlation.txt,D:\HyraiOn\ENS_Lyon\Internship\2026-EPFL\data\distinVBCsJ2Continuation\LastIzar\Results_LastIzar\task1_D6_adiabatic\insurance_2\J2_0p275\sweep_D6_chi72_best.pt
False,True,False,,lastizar:last_D6_plaq_adiabatic:right:insurance3:51adc2f8a8ee,plaquette,0.275,6,72,lastizar:last_D6_plaq_adiabatic:right:insurance3,-0.4296019694139,True,-0.4297234152874,0.00012144587349999236,0.19948391607400004,2.2464573699255095e-06,0.21934564037700005,0.09054989316798226,-0.8387322167153257,0.8280058338637898,-0.4056336480386,2.243807299989742e-06,-0.38954848356550004,3.5583539000072495e-06,-0.20614973196459999,1.0908489998795456e-07,D:\HyraiOn\ENS_Lyon\Internship\2026-EPFL\data\distinVBCsJ2Continuation\LastIzar\Results_LastIzar\task1_D6_adiabatic\insurance_3\J2_0p275\D_6_chi_72_energy_magnetization_correlation.txt,D:\HyraiOn\ENS_Lyon\Internship\2026-EPFL\data\distinVBCsJ2Continuation\LastIzar\Results_LastIzar\task1_D6_adiabatic\insurance_3\J2_0p275\sweep_D6_chi72_best.pt
False,True,False,,lastizar:last_D6_plaq_adiabatic:right:insurance4:43ecb2d1a23b,plaquette,0.275,6,72,lastizar:last_D6_plaq_adiabatic:right:insurance4,-0.4295810779753,True,-0.4297234152874,0.0001423373121000049,0.18046282058194998,1.8935329391758706e-06,0.21934564037700005,0.17726734722522985,-0.8394019849061443,1.4008190394137687,-0.40016648405634997,1.8934546499871363e-06,-0.38567549866450007,2.424457400007629e-06,-0.21970366347439999,1.7218600004142992e-08,D:\HyraiOn\ENS_Lyon\Internship\2026-EPFL\data\distinVBCsJ2Continuation\LastIzar\Results_LastIzar\task1_D6_adiabatic\insurance_4\J2_0p275\D_6_chi_72_energy_magnetization_correlation.txt,D:\HyraiOn\ENS_Lyon\Internship\2026-EPFL\data\distinVBCsJ2Continuation\LastIzar\Results_LastIzar\task1_D6_adiabatic\insurance_4\J2_0p275\sweep_D6_chi72_best.pt
True,True,False,,lastizar:last_D6_plaq_adiabatic:right:insurance5:cfff8f72845a,plaquette,0.275,6,72,lastizar:last_D6_plaq_adiabatic:right:insurance5,-0.4296019615696,True,-0.4297234152874,0.00012145371779997971,0.19954219472484996,2.6118059002102233e-06,0.21934564037700005,0.0902841999417583,-0.8277136520628903,0.8274861088886348,-0.40603836638385,2.601480049990723e-06,-0.3888491683896,3.787680399991444e-06,-0.20649617165900003,2.3201640000913845e-07,D:\HyraiOn\ENS_Lyon\Internship\2026-EPFL\data\distinVBCsJ2Continuation\LastIzar\Results_LastIzar\task1_D6_adiabatic\insurance_5\J2_0p275\D_6_chi_72_energy_magnetization_correlation.txt,D:\HyraiOn\ENS_Lyon\Internship\2026-EPFL\data\distinVBCsJ2Continuation\LastIzar\Results_LastIzar\task1_D6_adiabatic\insurance_5\J2_0p275\sweep_D6_chi72_best.pt
False,True,False,,lastizar:task_pin_D6_h0p01_adam:right:insurance0:0ee7bc0356ab,plaquette,0.275,6,72,lastizar:task_pin_D6_h0p01_adam:right:insurance0,-0.4297226477754,True,-0.4297234152874,7.675120000105728e-07,0.21936169708545,1.010791093458469e-07,0.21934564037700005,7.320276994042113e-05,0.9855353374255489,1.5396773644273558,-0.47779249565545,8.746175000906575e-08,-0.26001729503505,5.796644997335676e-08,-0.25843079857,5.06697999946848e-08,D:\HyraiOn\ENS_Lyon\Internship\2026-EPFL\data\distinVBCsJ2Continuation\LastIzar\Results_LastIzar\task_pin_D6_h0p01_adam\J2_0p275\h_0\D_6_chi_72_energy_magnetization_correlation.txt,D:\HyraiOn\ENS_Lyon\Internship\2026-EPFL\data\distinVBCsJ2Continuation\LastIzar\Results_LastIzar\task_pin_D6_h0p01_adam\J2_0p275\h_0\sweep_D6_chi72_best.pt
False,False,False,|dE|=0.155803>0.0003,lastizar:task_pin_D6_h0p01_lbfgs:right:insurance0:0d87bed20392,plaquette,0.275,6,72,lastizar:task_pin_D6_h0p01_lbfgs:right:insurance0,-0.2739204413256,True,-0.4297234152874,0.15580297396179998,0.19797521029770002,8.626401236042025e-08,0.21934564037700005,0.0974281049879525,0.7967178266714157,inf,-0.39275347715485,8.142044999326359e-08,-0.21490068236439996,4.557100002910985e-09,-0.19477826685714997,2.8498950005451107e-08,D:\HyraiOn\ENS_Lyon\Internship\2026-EPFL\data\distinVBCsJ2Continuation\LastIzar\Results_LastIzar\task_pin_D6_h0p01_lbfgs\J2_0p275\h_0\D_6_chi_72_energy_magnetization_correlation.txt,D:\HyraiOn\ENS_Lyon\Internship\2026-EPFL\data\distinVBCsJ2Continuation\LastIzar\Results_LastIzar\task_pin_D6_h0p01_lbfgs\J2_0p275\h_0\sweep_D6_chi72_best.pt
False,True,False,,lastizar:task_pin_D6_h0p02_adam:right:insurance0:a66b914cd36a,plaquette,0.275,6,72,lastizar:task_pin_D6_h0p02_adam:right:insurance0,-0.4297231245132,True,-0.4297234152874,2.9077419999579135e-07,0.21876042386415,4.478671352279942e-07,0.21934564037700005,0.0026680106878085178,0.9984352499238498,1.5806920587437572,-0.47785054206405,4.477875500119577e-07,-0.25926127089485,6.975864999536618e-08,-0.25909011819989997,8.442799986907445e-09,D:\HyraiOn\ENS_Lyon\Internship\2026-EPFL\data\distinVBCsJ2Continuation\LastIzar\Results_LastIzar\task_pin_D6_h0p02_adam\J2_0p275\h_0\D_6_chi_72_energy_magnetization_correlation.txt,D:\HyraiOn\ENS_Lyon\Internship\2026-EPFL\data\distinVBCsJ2Continuation\LastIzar\Results_LastIzar\task_pin_D6_h0p02_adam\J2_0p275\h_0\sweep_D6_chi72_best.pt
False,False,False,|dE|=0.179097>0.0003,lastizar:task_pin_D6_h0p02_lbfgs:right:insurance0:926ad210c2ab,plaquette,0.275,6,72,lastizar:task_pin_D6_h0p02_lbfgs:right:insurance0,-0.2506266183669,True,-0.4297234152874,0.1790967969205,0.2957047314519,9.985055601338251e-08,0.21934564037700005,0.34812221908608654,0.9338959284434729,inf,-0.4055916911713,5.285760001916273e-08,-0.11966060308315,1.761608499975531e-07,-0.10988695971939999,8.471250000086084e-08,D:\HyraiOn\ENS_Lyon\Internship\2026-EPFL\data\distinVBCsJ2Continuation\LastIzar\Results_LastIzar\task_pin_D6_h0p02_lbfgs\J2_0p275\h_0\D_6_chi_72_energy_magnetization_correlation.txt,D:\HyraiOn\ENS_Lyon\Internship\2026-EPFL\data\distinVBCsJ2Continuation\LastIzar\Results_LastIzar\task_pin_D6_h0p02_lbfgs\J2_0p275\h_0\sweep_D6_chi72_best.pt
False,True,False,,lastizar:task_pin_D6_h0p03_adam:right:insurance0:cc4ccec56392,plaquette,0.275,6,72,lastizar:task_pin_D6_h0p03_adam:right:insurance0,-0.4297220643281,True,-0.4297234152874,1.350959299983856e-06,0.21864138663894994,8.003337279998224e-07,0.21934564037700005,0.0032107031479617003,0.9951298957906891,1.5702768200139468,-0.47767027732719997,7.85794499996717e-07,-0.25956129385695,1.9758434999239682e-07,-0.25902889068825,1.5185874999157356e-07,D:\HyraiOn\ENS_Lyon\Internship\2026-EPFL\data\distinVBCsJ2Continuation\LastIzar\Results_LastIzar\task_pin_D6_h0p03_adam\J2_0p275\h_0\D_6_chi_72_energy_magnetization_correlation.txt,D:\HyraiOn\ENS_Lyon\Internship\2026-EPFL\data\distinVBCsJ2Continuation\LastIzar\Results_LastIzar\task_pin_D6_h0p03_adam\J2_0p275\h_0\sweep_D6_chi72_best.pt
False,False,False,|dE|=0.0172751>0.0003,lastizar:task_pin_D6_h0p03_lbfgs:right:insurance0:b49ef179095c,plaquette,0.275,6,72,lastizar:task_pin_D6_h0p03_lbfgs:right:insurance0,-0.4124483085475,True,-0.4297234152874,0.017275106739900015,0.04387272842350004,2.7783065533447865e-09,0.21934564037700005,0.7999835859600681,-0.6622456430573229,inf,-0.36508056260085003,1.767049978562696e-09,-0.35767146001285005,1.5118499785415917e-09,-0.32120783417735,2.143950017519103e-09,D:\HyraiOn\ENS_Lyon\Internship\2026-EPFL\data\distinVBCsJ2Continuation\LastIzar\Results_LastIzar\task_pin_D6_h0p03_lbfgs\J2_0p275\h_0\D_6_chi_72_energy_magnetization_correlation.txt,D:\HyraiOn\ENS_Lyon\Internship\2026-EPFL\data\distinVBCsJ2Continuation\LastIzar\Results_LastIzar\task_pin_D6_h0p03_lbfgs\J2_0p275\h_0\sweep_D6_chi72_best.pt
False,True,False,,original_2c3:symmetry_restored:f8596faf8ce8,plaquette,0.275,6,0,original_2c3:symmetry_restored,-0.4297234152874,True,-0.4297234152874,0.0,0.21934564037700005,7.670639617464571e-07,0.21934564037700005,0.0,0.9884846801046114,1.5633631404824255,-0.47788281843815006,7.44463049984212e-07,-0.25980009566945,6.954674999781751e-08,-0.25853717806115,1.8482934999175527e-07,D:\HyraiOn\ENS_Lyon\Internship\2026-EPFL\data\0713summary\J2_0p275\2tensor_twoC3\D_6\energy_magnetization_correlation.txt,D:\HyraiOn\ENS_Lyon\Internship\2026-EPFL\data\0713summary\J2_0p275\2tensor_twoC3\D_6\tensor_best.pt
False,True,False,,lastizar:last_D6_plaq_adiabatic:right:insurance1:1fc97314fcd3,plaquette,0.28,6,72,lastizar:last_D6_plaq_adiabatic:right:insurance1,-0.428326974792,True,-0.4284879576922,0.00016098290020000183,0.21302977696064995,2.155213421182244e-06,0.22547839859175006,0.05520981925031104,-0.832115189163409,1.3203906968533334,-0.40946273420939994,2.130852000015171e-06,-0.3915805023056,3.008454599995325e-06,-0.19643295724874998,3.231325500091531e-07,D:\HyraiOn\ENS_Lyon\Internship\2026-EPFL\data\distinVBCsJ2Continuation\LastIzar\Results_LastIzar\task1_D6_adiabatic\J2_0p28\D_6_chi_72_energy_magnetization_correlation.txt,D:\HyraiOn\ENS_Lyon\Internship\2026-EPFL\data\distinVBCsJ2Continuation\LastIzar\Results_LastIzar\task1_D6_adiabatic\J2_0p28\sweep_D6_chi72_best.pt
False,True,False,,lastizar:last_D6_plaq_adiabatic:right:insurance2:fbb2dc5e9a36,plaquette,0.28,6,72,lastizar:last_D6_plaq_adiabatic:right:insurance2,-0.4283268039288,True,-0.4284879576922,0.00016115376339997933,0.21183680958025006,1.899389624633848e-06,0.22547839859175006,0.06050064705399735,-0.8410716645321922,1.330978975061416,-0.40874774016865006,1.8921392500037548e-06,-0.39191430439995,3.0086739500057025e-06,-0.1969109305884,1.6580110000219417e-07,D:\HyraiOn\ENS_Lyon\Internship\2026-EPFL\data\distinVBCsJ2Continuation\LastIzar\Results_LastIzar\task1_D6_adiabatic\insurance_2\J2_0p28\D_6_chi_72_energy_magnetization_correlation.txt,D:\HyraiOn\ENS_Lyon\Internship\2026-EPFL\data\distinVBCsJ2Continuation\LastIzar\Results_LastIzar\task1_D6_adiabatic\insurance_2\J2_0p28\sweep_D6_chi72_best.pt
True,True,False,,lastizar:last_D6_plaq_adiabatic:right:insurance3:b933af68bb12,plaquette,0.28,6,72,lastizar:last_D6_plaq_adiabatic:right:insurance3,-0.4283275114577,True,-0.4284879576922,0.00016044623450001128,0.21285863473045,1.77826619392144e-06,0.22547839859175006,0.055968837547712674,-0.8421229117218771,1.3128458462000911,-0.4090338797389,1.7650243999967064e-06,-0.39223112900585,2.83660685002074e-06,-0.19617524500845,2.1660914999166445e-07,D:\HyraiOn\ENS_Lyon\Internship\2026-EPFL\data\distinVBCsJ2Continuation\LastIzar\Results_LastIzar\task1_D6_adiabatic\insurance_3\J2_0p28\D_6_chi_72_energy_magnetization_correlation.txt,D:\HyraiOn\ENS_Lyon\Internship\2026-EPFL\data\distinVBCsJ2Continuation\LastIzar\Results_LastIzar\task1_D6_adiabatic\insurance_3\J2_0p28\sweep_D6_chi72_best.pt
False,True,False,,lastizar:last_D6_plaq_adiabatic:right:insurance4:8ad88a48bb0b,plaquette,0.28,6,72,lastizar:last_D6_plaq_adiabatic:right:insurance4,-0.4283275507706,True,-0.4284879576922,0.00016040692160002035,0.21383859502955002,1.8571017515515327e-06,0.22547839859175006,0.05162269926918811,-0.8257403306781419,1.306229784281668,-0.4099903224974,1.852507100025269e-06,-0.3913586010683499,3.1336026500017322e-06,-0.19615172746784995,1.3055405000128586e-07,D:\HyraiOn\ENS_Lyon\Internship\2026-EPFL\data\distinVBCsJ2Continuation\LastIzar\Results_LastIzar\task1_D6_adiabatic\insurance_4\J2_0p28\D_6_chi_72_energy_magnetization_correlation.txt,D:\HyraiOn\ENS_Lyon\Internship\2026-EPFL\data\distinVBCsJ2Continuation\LastIzar\Results_LastIzar\task1_D6_adiabatic\insurance_4\J2_0p28\sweep_D6_chi72_best.pt
False,True,False,,lastizar:last_D6_plaq_adiabatic:right:insurance5:f8a21cb06afa,plaquette,0.28,6,72,lastizar:last_D6_plaq_adiabatic:right:insurance5,-0.4283270927161,True,-0.4284879576922,0.00016086497610001693,0.21304400236234994,1.8547199399358603e-06,0.22547839859175006,0.055146729385433385,-0.8331778957374644,1.3184038973354018,-0.4094174069538499,1.8300359500011965e-06,-0.39164718256655,2.9743432500006772e-06,-0.1963734045915,3.0158659999890425e-07,D:\HyraiOn\ENS_Lyon\Internship\2026-EPFL\data\distinVBCsJ2Continuation\LastIzar\Results_LastIzar\task1_D6_adiabatic\insurance_5\J2_0p28\D_6_chi_72_energy_magnetization_correlation.txt,D:\HyraiOn\ENS_Lyon\Internship\2026-EPFL\data\distinVBCsJ2Continuation\LastIzar\Results_LastIzar\task1_D6_adiabatic\insurance_5\J2_0p28\sweep_D6_chi72_best.pt
False,False,False,wrong/insufficient plaquette texture: signed eta=-0.999<0.25,lastizar:task_pin_D6_h0p01_adam:right:insurance0:b137e0432b22,plaquette,0.28,6,72,lastizar:task_pin_D6_h0p01_adam:right:insurance0,-0.428495459337,True,-0.4284879576922,-7.501644800012031e-06,0.22532372511200005,7.326185447427067e-07,0.22547839859175006,0.0006859791479629164,0.9988733971738943,inf,-0.48104538574265004,6.933755500038163e-07,-0.2558485858033999,1.998623999910354e-07,-0.25572166063065,2.365592499942171e-07,D:\HyraiOn\ENS_Lyon\Internship\2026-EPFL\data\distinVBCsJ2Continuation\LastIzar\Results_LastIzar\task_pin_D6_h0p01_adam\J2_0p28\h_0\D_6_chi_72_energy_magnetization_correlation.txt,D:\HyraiOn\ENS_Lyon\Internship\2026-EPFL\data\distinVBCsJ2Continuation\LastIzar\Results_LastIzar\task_pin_D6_h0p01_adam\J2_0p28\h_0\sweep_D6_chi72_best.pt
False,False,False,wrong/insufficient plaquette texture: signed eta=-0.709<0.25,lastizar:task_pin_D6_h0p01_lbfgs:right:insurance0:8835ea90a073,plaquette,0.28,6,72,lastizar:task_pin_D6_h0p01_lbfgs:right:insurance0,-0.4041783229944,True,-0.4284879576922,0.02430963469780001,0.3484234297034,1.5601142988074695e-09,0.22547839859175006,0.5452630135725487,0.7091144912356309,inf,-0.54333108089265,1.39985001368359e-09,-0.24558331449659998,1.639999941405185e-10,-0.19490765118925,6.887500014762793e-10,D:\HyraiOn\ENS_Lyon\Internship\2026-EPFL\data\distinVBCsJ2Continuation\LastIzar\Results_LastIzar\task_pin_D6_h0p01_lbfgs\J2_0p28\h_0\D_6_chi_72_energy_magnetization_correlation.txt,D:\HyraiOn\ENS_Lyon\Internship\2026-EPFL\data\distinVBCsJ2Continuation\LastIzar\Results_LastIzar\task_pin_D6_h0p01_lbfgs\J2_0p28\h_0\sweep_D6_chi72_best.pt
False,False,False,wrong/insufficient plaquette texture: signed eta=-0.997<0.25,lastizar:task_pin_D6_h0p02_adam:right:insurance0:77b0d57ca94f,plaquette,0.28,6,72,lastizar:task_pin_D6_h0p02_adam:right:insurance0,-0.4284950863913,True,-0.4284879576922,-7.128699100023006e-06,0.22545987675805007,9.359396081522819e-07,0.22547839859175006,8.214460372111754e-05,0.9970402918599295,inf,-0.4810661594087,9.327762000022055e-07,-0.2559399303669,3.4683690000592016e-07,-0.25560628265064994,7.688635000890898e-08,D:\HyraiOn\ENS_Lyon\Internship\2026-EPFL\data\distinVBCsJ2Continuation\LastIzar\Results_LastIzar\task_pin_D6_h0p02_adam\J2_0p28\h_0\D_6_chi_72_energy_magnetization_correlation.txt,D:\HyraiOn\ENS_Lyon\Internship\2026-EPFL\data\distinVBCsJ2Continuation\LastIzar\Results_LastIzar\task_pin_D6_h0p02_adam\J2_0p28\h_0\sweep_D6_chi72_best.pt
False,False,False,wrong/insufficient plaquette texture: signed eta=-0.155<0.25,lastizar:task_pin_D6_h0p02_lbfgs:right:insurance0:4ea6eca7e3dd,plaquette,0.28,6,72,lastizar:task_pin_D6_h0p02_lbfgs:right:insurance0,-0.4284001103711,True,-0.4284879576922,8.78473211000097e-05,0.2506133422351,2.891716408125383e-07,0.22547839859175006,0.11147384317226387,0.15491563489855742,inf,-0.46361418286925,7.405874999366624e-08,-0.3188955492385,1.8619510000483785e-07,-0.21300084063415,2.7952735000280615e-07,D:\HyraiOn\ENS_Lyon\Internship\2026-EPFL\data\distinVBCsJ2Continuation\LastIzar\Results_LastIzar\task_pin_D6_h0p02_lbfgs\J2_0p28\h_0\D_6_chi_72_energy_magnetization_correlation.txt,D:\HyraiOn\ENS_Lyon\Internship\2026-EPFL\data\distinVBCsJ2Continuation\LastIzar\Results_LastIzar\task_pin_D6_h0p02_lbfgs\J2_0p28\h_0\sweep_D6_chi72_best.pt
False,False,False,wrong/insufficient plaquette texture: signed eta=-0.999<0.25,lastizar:task_pin_D6_h0p03_adam:right:insurance0:4c49b137bc13,plaquette,0.28,6,72,lastizar:task_pin_D6_h0p03_adam:right:insurance0,-0.4284954104371,True,-0.4284879576922,-7.452744899993924e-06,0.22534219381430004,7.48745155733397e-07,0.22547839859175006,0.0006040701827789434,0.9987562598315209,inf,-0.48105347593910003,7.430848999734341e-07,-0.25585141569385,1.113885499948175e-07,-0.2557112821248,9.189200000925268e-08,D:\HyraiOn\ENS_Lyon\Internship\2026-EPFL\data\distinVBCsJ2Continuation\LastIzar\Results_LastIzar\task_pin_D6_h0p03_adam\J2_0p28\h_0\D_6_chi_72_energy_magnetization_correlation.txt,D:\HyraiOn\ENS_Lyon\Internship\2026-EPFL\data\distinVBCsJ2Continuation\LastIzar\Results_LastIzar\task_pin_D6_h0p03_adam\J2_0p28\h_0\sweep_D6_chi72_best.pt
False,False,False,wrong/insufficient plaquette texture: signed eta=-0.482<0.25,lastizar:task_pin_D6_h0p03_lbfgs:right:insurance0:b381a5ffd5e4,plaquette,0.28,6,72,lastizar:task_pin_D6_h0p03_lbfgs:right:insurance0,-0.4284128390489,True,-0.4284879576922,7.51186433000095e-05,0.2440307545308001,5.307485529090794e-07,0.22547839859175006,0.08227997029835579,0.4818353252231553,inf,-0.47332074951920006,4.859064000051205e-07,-0.2925140532669,9.703519998627286e-08,-0.22928999498839997,2.135157999988424e-07,D:\HyraiOn\ENS_Lyon\Internship\2026-EPFL\data\distinVBCsJ2Continuation\LastIzar\Results_LastIzar\task_pin_D6_h0p03_lbfgs\J2_0p28\h_0\D_6_chi_72_energy_magnetization_correlation.txt,D:\HyraiOn\ENS_Lyon\Internship\2026-EPFL\data\distinVBCsJ2Continuation\LastIzar\Results_LastIzar\task_pin_D6_h0p03_lbfgs\J2_0p28\h_0\sweep_D6_chi72_best.pt
False,False,False,wrong/insufficient plaquette texture: signed eta=-0.987<0.25,lastizar:last_D6_plaq_adiabatic:right:insurance1:e2ad9486ffed,plaquette,0.29,6,72,lastizar:last_D6_plaq_adiabatic:right:insurance1,-0.4261380187371,True,-0.4261398470472,1.828310099982744e-06,0.23865886102390002,4.884009766911798e-07,0.23807386139715003,0.0024572190467146804,0.9866193183672314,inf,-0.48699963789085005,1.3236925000548183e-07,-0.24993748598605,7.50214350003775e-07,-0.24834077686695002,4.7012115000910626e-07,D:\HyraiOn\ENS_Lyon\Internship\2026-EPFL\data\distinVBCsJ2Continuation\LastIzar\Results_LastIzar\task1_D6_adiabatic\J2_0p29\D_6_chi_72_energy_magnetization_correlation.txt,D:\HyraiOn\ENS_Lyon\Internship\2026-EPFL\data\distinVBCsJ2Continuation\LastIzar\Results_LastIzar\task1_D6_adiabatic\J2_0p29\sweep_D6_chi72_best.pt
False,False,False,wrong/insufficient plaquette texture: signed eta=-0.987<0.25,lastizar:last_D6_plaq_adiabatic:right:insurance2:d947e39131c8,plaquette,0.29,6,72,lastizar:last_D6_plaq_adiabatic:right:insurance2,-0.4261380190715,True,-0.4261398470472,1.8279756999750596e-06,0.23863143134685,5.057995020561332e-07,0.23807386139715003,0.0023420040588573404,0.9872113113411947,inf,-0.48700288707775,1.7607604999025914e-07,-0.24989734727075,7.309853500003793e-07,-0.24837145573090003,4.7416279999601407e-07,D:\HyraiOn\ENS_Lyon\Internship\2026-EPFL\data\distinVBCsJ2Continuation\LastIzar\Results_LastIzar\task1_D6_adiabatic\insurance_2\J2_0p29\D_6_chi_72_energy_magnetization_correlation.txt,D:\HyraiOn\ENS_Lyon\Internship\2026-EPFL\data\distinVBCsJ2Continuation\LastIzar\Results_LastIzar\task1_D6_adiabatic\insurance_2\J2_0p29\sweep_D6_chi72_best.pt
False,False,False,wrong/insufficient plaquette texture: signed eta=-0.987<0.25,lastizar:last_D6_plaq_adiabatic:right:insurance3:bc239058614a,plaquette,0.29,6,72,lastizar:last_D6_plaq_adiabatic:right:insurance3,-0.4261380670776,True,-0.4261398470472,1.7799695999909382e-06,0.23865432639885006,5.261298755211231e-07,0.23807386139715003,0.0024381719114124466,0.9869790874530111,inf,-0.48700864213950007,1.9548140001157677e-07,-0.24990806429714998,7.530853500109513e-07,-0.24835431574065,4.884666500032386e-07,D:\HyraiOn\ENS_Lyon\Internship\2026-EPFL\data\distinVBCsJ2Continuation\LastIzar\Results_LastIzar\task1_D6_adiabatic\insurance_3\J2_0p29\D_6_chi_72_energy_magnetization_correlation.txt,D:\HyraiOn\ENS_Lyon\Internship\2026-EPFL\data\distinVBCsJ2Continuation\LastIzar\Results_LastIzar\task1_D6_adiabatic\insurance_3\J2_0p29\sweep_D6_chi72_best.pt
False,False,False,wrong/insufficient plaquette texture: signed eta=-0.987<0.25,lastizar:last_D6_plaq_adiabatic:right:insurance4:c62f1665971b,plaquette,0.29,6,72,lastizar:last_D6_plaq_adiabatic:right:insurance4,-0.4261380428791,True,-0.4261398470472,1.8041680999725251e-06,0.2386656181617999,4.831672400203744e-07,0.23807386139715003,0.002485601574138008,0.9866222818846264,inf,-0.48700510090159993,1.6962249999030732e-07,-0.2499358834216,7.431070999930345e-07,-0.24833948273980003,4.5241439999843536e-07,D:\HyraiOn\ENS_Lyon\Internship\2026-EPFL\data\distinVBCsJ2Continuation\LastIzar\Results_LastIzar\task1_D6_adiabatic\insurance_4\J2_0p29\D_6_chi_72_energy_magnetization_correlation.txt,D:\HyraiOn\ENS_Lyon\Internship\2026-EPFL\data\distinVBCsJ2Continuation\LastIzar\Results_LastIzar\task1_D6_adiabatic\insurance_4\J2_0p29\sweep_D6_chi72_best.pt
False,False,False,wrong/insufficient plaquette texture: signed eta=-0.992<0.25,lastizar:last_D6_plaq_adiabatic:right:insurance5:c2750451b2ea,plaquette,0.29,6,72,lastizar:last_D6_plaq_adiabatic:right:insurance5,-0.4261378490749,True,-0.4261398470472,1.9979722999940996e-06,0.23831446907745,4.901507038283574e-07,0.23807386139715003,0.0010106429949425743,0.9918166141172646,inf,-0.48697535774815,1.1728294999069354e-07,-0.24963599830164998,7.281746500081842e-07,-0.2486608886707,4.7591219999587597e-07,D:\HyraiOn\ENS_Lyon\Internship\2026-EPFL\data\distinVBCsJ2Continuation\LastIzar\Results_LastIzar\task1_D6_adiabatic\insurance_5\J2_0p29\D_6_chi_72_energy_magnetization_correlation.txt,D:\HyraiOn\ENS_Lyon\Internship\2026-EPFL\data\distinVBCsJ2Continuation\LastIzar\Results_LastIzar\task1_D6_adiabatic\insurance_5\J2_0p29\sweep_D6_chi72_best.pt
False,False,False,wrong/insufficient plaquette texture: signed eta=-0.989<0.25,lastizar:task_pin_D6_h0p01_adam:right:insurance0:e393a8474cbf,plaquette,0.29,6,72,lastizar:task_pin_D6_h0p01_adam:right:insurance0,-0.4261382519574,True,-0.4261398470472,1.5950897999661429e-06,0.23872234818274998,6.67743117431072e-07,0.23807386139715003,0.002723889056086494,0.988736560101019,inf,-0.4871182496967,6.636026999851108e-07,-0.24974031892460002,3.107300999977136e-07,-0.24839590151395,7.424504999686832e-08,D:\HyraiOn\ENS_Lyon\Internship\2026-EPFL\data\distinVBCsJ2Continuation\LastIzar\Results_LastIzar\task_pin_D6_h0p01_adam\J2_0p29\h_0\D_6_chi_72_energy_magnetization_correlation.txt,D:\HyraiOn\ENS_Lyon\Internship\2026-EPFL\data\distinVBCsJ2Continuation\LastIzar\Results_LastIzar\task_pin_D6_h0p01_adam\J2_0p29\h_0\sweep_D6_chi72_best.pt
False,False,False,|dE|=0.690342>0.0003,lastizar:task_pin_D6_h0p01_lbfgs:right:insurance0:4c2b056caf39,plaquette,0.29,6,72,lastizar:task_pin_D6_h0p01_lbfgs:right:insurance0,0.2642017929066,True,-0.4261398470472,0.6903416399538,0.020962889408875005,1.6128177696123249e-09,0.23807386139715003,0.9119479589827582,-0.7494758137217195,inf,0.025369225198795,1.5793449985312955e-09,0.027995080604394998,1.2409499990095885e-10,0.046332114607670005,3.2687999876324097e-10,D:\HyraiOn\ENS_Lyon\Internship\2026-EPFL\data\distinVBCsJ2Continuation\LastIzar\Results_LastIzar\task_pin_D6_h0p01_lbfgs\J2_0p29\h_0\D_6_chi_72_energy_magnetization_correlation.txt,D:\HyraiOn\ENS_Lyon\Internship\2026-EPFL\data\distinVBCsJ2Continuation\LastIzar\Results_LastIzar\task_pin_D6_h0p01_lbfgs\J2_0p29\h_0\sweep_D6_chi72_best.pt
False,False,False,wrong/insufficient plaquette texture: signed eta=-0.995<0.25,lastizar:task_pin_D6_h0p02_adam:right:insurance0:7be2c883da80,plaquette,0.29,6,72,lastizar:task_pin_D6_h0p02_adam:right:insurance0,-0.4261387998107,True,-0.4261398470472,1.0472364999625228e-06,0.23833192587120003,7.190146911378712e-07,0.23807386139715003,0.001083968111978064,0.9949228285443639,inf,-0.48710390328110004,7.07580299991184e-07,-0.24937700343540004,2.616897999963008e-07,-0.2487719774099,1.277194000004478e-07,D:\HyraiOn\ENS_Lyon\Internship\2026-EPFL\data\distinVBCsJ2Continuation\LastIzar\Results_LastIzar\task_pin_D6_h0p02_adam\J2_0p29\h_0\D_6_chi_72_energy_magnetization_correlation.txt,D:\HyraiOn\ENS_Lyon\Internship\2026-EPFL\data\distinVBCsJ2Continuation\LastIzar\Results_LastIzar\task_pin_D6_h0p02_adam\J2_0p29\h_0\sweep_D6_chi72_best.pt
False,False,False,|dE|=0.0177036>0.0003,lastizar:task_pin_D6_h0p02_lbfgs:right:insurance0:63e8c39a51c1,plaquette,0.29,6,72,lastizar:task_pin_D6_h0p02_lbfgs:right:insurance0,-0.408436254544,True,-0.4261398470472,0.017703592503199972,0.44619242235443496,5.012095722701579e-09,0.23807386139715003,0.8741764414452274,-0.3896507401849806,inf,-0.5118212980640999,4.333700009961917e-09,-0.37565469070455,6.632749988133568e-09,-0.06562887570966498,2.5179650031681433e-09,D:\HyraiOn\ENS_Lyon\Internship\2026-EPFL\data\distinVBCsJ2Continuation\LastIzar\Results_LastIzar\task_pin_D6_h0p02_lbfgs\J2_0p29\h_0\D_6_chi_72_energy_magnetization_correlation.txt,D:\HyraiOn\ENS_Lyon\Internship\2026-EPFL\data\distinVBCsJ2Continuation\LastIzar\Results_LastIzar\task_pin_D6_h0p02_lbfgs\J2_0p29\h_0\sweep_D6_chi72_best.pt
False,False,False,wrong/insufficient plaquette texture: signed eta=-0.994<0.25,lastizar:task_pin_D6_h0p03_adam:right:insurance0:2d01493dc5e9,plaquette,0.29,6,72,lastizar:task_pin_D6_h0p03_adam:right:insurance0,-0.4261396701969,True,-0.4261398470472,1.7685029995995194e-07,0.23824879338799995,1.1017058258936748e-06,0.23807386139715003,0.0007347803317143713,0.9941071167688413,inf,-0.48702769064269996,8.600629000099502e-07,-0.24948088341439997,1.0027629999964649e-07,-0.2487788972547,6.885111000082267e-07,D:\HyraiOn\ENS_Lyon\Internship\2026-EPFL\data\distinVBCsJ2Continuation\LastIzar\Results_LastIzar\task_pin_D6_h0p03_adam\J2_0p29\h_0\D_6_chi_72_energy_magnetization_correlation.txt,D:\HyraiOn\ENS_Lyon\Internship\2026-EPFL\data\distinVBCsJ2Continuation\LastIzar\Results_LastIzar\task_pin_D6_h0p03_adam\J2_0p29\h_0\sweep_D6_chi72_best.pt
False,False,False,wrong/insufficient plaquette texture: signed eta=-0.999<0.25,lastizar:task_pin_D6_h0p03_lbfgs:right:insurance0:0cc863985729,plaquette,0.29,6,72,lastizar:task_pin_D6_h0p03_lbfgs:right:insurance0,-0.4261396697083,True,-0.4261398470472,1.7733890000926067e-07,0.2380507590309,1.0455117928753126e-06,0.23807386139715003,9.703865058704814e-05,0.9994317566927711,inf,-0.48709986154135,1.0450962499852778e-06,-0.24911673788575003,6.576701500060622e-07,-0.24904910251044998,2.9474350002334226e-08,D:\HyraiOn\ENS_Lyon\Internship\2026-EPFL\data\distinVBCsJ2Continuation\LastIzar\Results_LastIzar\task_pin_D6_h0p03_lbfgs\J2_0p29\h_0\D_6_chi_72_energy_magnetization_correlation.txt,D:\HyraiOn\ENS_Lyon\Internship\2026-EPFL\data\distinVBCsJ2Continuation\LastIzar\Results_LastIzar\task_pin_D6_h0p03_lbfgs\J2_0p29\h_0\sweep_D6_chi72_best.pt
False,False,False,wrong/insufficient plaquette texture: signed eta=-0.985<0.25,lastizar:last_D6_plaq_adiabatic:right:insurance1:d1f50dc93be6,plaquette,0.3,6,72,lastizar:last_D6_plaq_adiabatic:right:insurance1,-0.4239092086271,True,-0.423910796932,1.5883048999909555e-06,0.25104076768269995,1.0815197773685097e-06,0.25126082867335,0.0008758268919669816,0.9853345052101119,inf,-0.4926627528049499,2.9115465000062457e-07,-0.24346280365750003,6.997631999960952e-07,-0.24162198512224997,1.0415920499995401e-06,D:\HyraiOn\ENS_Lyon\Internship\2026-EPFL\data\distinVBCsJ2Continuation\LastIzar\Results_LastIzar\task1_D6_adiabatic\J2_0p30\D_6_chi_72_energy_magnetization_correlation.txt,D:\HyraiOn\ENS_Lyon\Internship\2026-EPFL\data\distinVBCsJ2Continuation\LastIzar\Results_LastIzar\task1_D6_adiabatic\J2_0p30\sweep_D6_chi72_best.pt
False,False,False,wrong/insufficient plaquette texture: signed eta=-0.985<0.25,lastizar:last_D6_plaq_adiabatic:right:insurance2:4280f103455d,plaquette,0.3,6,72,lastizar:last_D6_plaq_adiabatic:right:insurance2,-0.4239091966207,True,-0.423910796932,1.6003113000317981e-06,0.25107212594735007,1.1181646097031062e-06,0.25126082867335,0.000751023257370665,0.9850298767012937,inf,-0.4926701036423,2.965653000119861e-07,-0.2434772680361,6.493361000003972e-07,-0.24159797769494998,1.0781192500003423e-06,D:\HyraiOn\ENS_Lyon\Internship\2026-EPFL\data\distinVBCsJ2Continuation\LastIzar\Results_LastIzar\task1_D6_adiabatic\insurance_2\J2_0p30\D_6_chi_72_energy_magnetization_correlation.txt,D:\HyraiOn\ENS_Lyon\Internship\2026-EPFL\data\distinVBCsJ2Continuation\LastIzar\Results_LastIzar\task1_D6_adiabatic\insurance_2\J2_0p30\sweep_D6_chi72_best.pt
False,False,False,wrong/insufficient plaquette texture: signed eta=-0.985<0.25,lastizar:last_D6_plaq_adiabatic:right:insurance3:f86edbda3aac,plaquette,0.3,6,72,lastizar:last_D6_plaq_adiabatic:right:insurance3,-0.4239092362463,True,-0.423910796932,1.5606857000083352e-06,0.25105631903045,1.1401555192120047e-06,0.25126082867335,0.0008139336480731197,0.9847134186400042,inf,-0.4926464791083,3.375345999923063e-07,-0.24350905650125002,6.458982500096022e-07,-0.24159016007785003,1.0890477500080655e-06,D:\HyraiOn\ENS_Lyon\Internship\2026-EPFL\data\distinVBCsJ2Continuation\LastIzar\Results_LastIzar\task1_D6_adiabatic\insurance_3\J2_0p30\D_6_chi_72_energy_magnetization_correlation.txt,D:\HyraiOn\ENS_Lyon\Internship\2026-EPFL\data\distinVBCsJ2Continuation\LastIzar\Results_LastIzar\task1_D6_adiabatic\insurance_3\J2_0p30\sweep_D6_chi72_best.pt
False,False,False,wrong/insufficient plaquette texture: signed eta=-0.988<0.25,lastizar:last_D6_plaq_adiabatic:right:insurance4:71b6ee04a126,plaquette,0.3,6,72,lastizar:last_D6_plaq_adiabatic:right:insurance4,-0.4239092325048,True,-0.423910796932,1.5644272000070458e-06,0.25087339520359997,1.1182816265042878e-06,0.25126082867335,0.0015419573030768343,0.9875070391738576,inf,-0.4926440174466,2.9470519999352796e-07,-0.2433376979923,6.513510000111244e-07,-0.24177062224300003,1.0787505000109388e-06,D:\HyraiOn\ENS_Lyon\Internship\2026-EPFL\data\distinVBCsJ2Continuation\LastIzar\Results_LastIzar\task1_D6_adiabatic\insurance_4\J2_0p30\D_6_chi_72_energy_magnetization_correlation.txt,D:\HyraiOn\ENS_Lyon\Internship\2026-EPFL\data\distinVBCsJ2Continuation\LastIzar\Results_LastIzar\task1_D6_adiabatic\insurance_4\J2_0p30\sweep_D6_chi72_best.pt
False,False,False,wrong/insufficient plaquette texture: signed eta=-0.988<0.25,lastizar:last_D6_plaq_adiabatic:right:insurance5:85ea636c9cfc,plaquette,0.3,6,72,lastizar:last_D6_plaq_adiabatic:right:insurance5,-0.4239092540212,True,-0.423910796932,1.5429108000120095e-06,0.25085552910564995,1.1304287372124814e-06,0.25126082867335,0.001613063086036904,0.9879423717404847,inf,-0.49264942301235,3.7544785000398484e-07,-0.2433062552651,6.92860799997308e-07,-0.24179389390670003,1.0662589000065559e-06,D:\HyraiOn\ENS_Lyon\Internship\2026-EPFL\data\distinVBCsJ2Continuation\LastIzar\Results_LastIzar\task1_D6_adiabatic\insurance_5\J2_0p30\D_6_chi_72_energy_magnetization_correlation.txt,D:\HyraiOn\ENS_Lyon\Internship\2026-EPFL\data\distinVBCsJ2Continuation\LastIzar\Results_LastIzar\task1_D6_adiabatic\insurance_5\J2_0p30\sweep_D6_chi72_best.pt
False,False,False,wrong/insufficient plaquette texture: signed eta=-0.977<0.25,lastizar:task_pin_D6_h0p01_adam:right:insurance0:014921070b5b,plaquette,0.3,6,72,lastizar:task_pin_D6_h0p01_adam:right:insurance0,-0.4239093840034,True,-0.423910796932,1.4129286000086339e-06,0.25147521687139995,8.343916945765709e-07,0.25126082867335,0.0008532495860255604,0.9774740402916253,inf,-0.49262088875715,3.5904084999538455e-07,-0.24397803218720002,4.700253000006205e-07,-0.24114567188575,7.531926499992903e-07,D:\HyraiOn\ENS_Lyon\Internship\2026-EPFL\data\distinVBCsJ2Continuation\LastIzar\Results_LastIzar\task_pin_D6_h0p01_adam\J2_0p30\h_0\D_6_chi_72_energy_magnetization_correlation.txt,D:\HyraiOn\ENS_Lyon\Internship\2026-EPFL\data\distinVBCsJ2Continuation\LastIzar\Results_LastIzar\task_pin_D6_h0p01_adam\J2_0p30\h_0\sweep_D6_chi72_best.pt
False,False,False,wrong/insufficient plaquette texture: signed eta=-0.980<0.25,lastizar:task_pin_D6_h0p01_lbfgs:right:insurance0:83d565b6ac54,plaquette,0.3,6,72,lastizar:task_pin_D6_h0p01_lbfgs:right:insurance0,-0.4239093618523,True,-0.423910796932,1.4350797000184379e-06,0.25133211628310004,1.330827724231823e-06,0.25126082867335,0.000283719552014756,0.9804812648178463,inf,-0.49264763051995003,4.6914744999959623e-07,-0.24376835674710004,6.643740001199827e-08,-0.24131551423685002,1.2453927499961326e-06,D:\HyraiOn\ENS_Lyon\Internship\2026-EPFL\data\distinVBCsJ2Continuation\LastIzar\Results_LastIzar\task_pin_D6_h0p01_lbfgs\J2_0p30\h_0\D_6_chi_72_energy_magnetization_correlation.txt,D:\HyraiOn\ENS_Lyon\Internship\2026-EPFL\data\distinVBCsJ2Continuation\LastIzar\Results_LastIzar\task_pin_D6_h0p01_lbfgs\J2_0p30\h_0\sweep_D6_chi72_best.pt
False,False,False,wrong/insufficient plaquette texture: signed eta=-0.989<0.25,lastizar:task_pin_D6_h0p02_adam:right:insurance0:615c638b15f9,plaquette,0.3,6,72,lastizar:task_pin_D6_h0p02_adam:right:insurance0,-0.4238928889435,True,-0.423910796932,1.790798849998776e-05,0.25266846074475,2.206036063761597e-07,0.25126082867335,0.005602274253540839,0.9893925805864325,inf,-0.49392141802695,1.6692385002015087e-07,-0.24259303745004998,1.1716192499927613e-06,-0.2412529572822,1.4423030000876302e-07,D:\HyraiOn\ENS_Lyon\Internship\2026-EPFL\data\distinVBCsJ2Continuation\LastIzar\Results_LastIzar\task_pin_D6_h0p02_adam\J2_0p30\h_0\D_6_chi_72_energy_magnetization_correlation.txt,D:\HyraiOn\ENS_Lyon\Internship\2026-EPFL\data\distinVBCsJ2Continuation\LastIzar\Results_LastIzar\task_pin_D6_h0p02_adam\J2_0p30\h_0\sweep_D6_chi72_best.pt
False,False,False,wrong/insufficient plaquette texture: signed eta=-0.237<0.25,lastizar:task_pin_D6_h0p02_lbfgs:right:insurance0:858d9115b5db,plaquette,0.3,6,72,lastizar:task_pin_D6_h0p02_lbfgs:right:insurance0,-0.4047499149323,True,-0.423910796932,0.019160881999700008,0.2190768356815,1.045704400288228e-09,0.25126082867335,0.12808997391985275,0.23671251221280687,inf,-0.45817306602155,3.2855002052301074e-10,-0.32270553410989994,8.662000006154375e-10,-0.23909623034005,9.927500072004491e-10,D:\HyraiOn\ENS_Lyon\Internship\2026-EPFL\data\distinVBCsJ2Continuation\LastIzar\Results_LastIzar\task_pin_D6_h0p02_lbfgs\J2_0p30\h_0\D_6_chi_72_energy_magnetization_correlation.txt,D:\HyraiOn\ENS_Lyon\Internship\2026-EPFL\data\distinVBCsJ2Continuation\LastIzar\Results_LastIzar\task_pin_D6_h0p02_lbfgs\J2_0p30\h_0\sweep_D6_chi72_best.pt
False,False,False,wrong/insufficient plaquette texture: signed eta=-0.998<0.25,lastizar:task_pin_D6_h0p03_adam:right:insurance0:41148833e61c,plaquette,0.3,6,72,lastizar:task_pin_D6_h0p03_adam:right:insurance0,-0.4239100398704,True,-0.423910796932,7.570616000207586e-07,0.2503806886038,9.118074230662325e-07,0.25126082867335,0.003502894081011834,0.997608633019428,inf,-0.49273087311924996,3.949431499894463e-07,-0.2426495605711,1.0322690000008627e-07,-0.24235018451544998,8.218349499961031e-07,D:\HyraiOn\ENS_Lyon\Internship\2026-EPFL\data\distinVBCsJ2Continuation\LastIzar\Results_LastIzar\task_pin_D6_h0p03_adam\J2_0p30\h_0\D_6_chi_72_energy_magnetization_correlation.txt,D:\HyraiOn\ENS_Lyon\Internship\2026-EPFL\data\distinVBCsJ2Continuation\LastIzar\Results_LastIzar\task_pin_D6_h0p03_adam\J2_0p30\h_0\sweep_D6_chi72_best.pt
False,False,False,wrong/insufficient plaquette texture: signed eta=-0.995<0.25,lastizar:task_pin_D6_h0p03_lbfgs:right:insurance0:c92137d770f9,plaquette,0.3,6,72,lastizar:task_pin_D6_h0p03_lbfgs:right:insurance0,-0.4239093101827,True,-0.423910796932,1.4867493000059184e-06,0.25045464399734996,1.4995547568870747e-06,0.25126082867335,0.0032085569416317435,0.9951833391318046,inf,-0.49267943456835,5.279654499978914e-07,-0.2428279681125,4.916524000003752e-07,-0.24222479057100002,1.403537300007085e-06,D:\HyraiOn\ENS_Lyon\Internship\2026-EPFL\data\distinVBCsJ2Continuation\LastIzar\Results_LastIzar\task_pin_D6_h0p03_lbfgs\J2_0p30\h_0\D_6_chi_72_energy_magnetization_correlation.txt,D:\HyraiOn\ENS_Lyon\Internship\2026-EPFL\data\distinVBCsJ2Continuation\LastIzar\Results_LastIzar\task_pin_D6_h0p03_lbfgs\J2_0p30\h_0\sweep_D6_chi72_best.pt
False,False,False,wrong/insufficient plaquette texture: signed eta=-0.974<0.25,lastizar:last_D6_plaq_adiabatic:right:insurance1:0fcd85195ba4,plaquette,0.31,6,72,lastizar:last_D6_plaq_adiabatic:right:insurance1,-0.421807063121,True,-0.4217907597649,-1.630335610003364e-05,0.26341660367825004,1.4061326300933091e-06,0.263661318776,0.0009281418256042518,0.9740737869946814,inf,-0.49783537292445007,5.7679500065077605e-09,-0.23783346673425,4.624696500060698e-07,-0.2344187692462,1.4061207999904735e-06,D:\HyraiOn\ENS_Lyon\Internship\2026-EPFL\data\distinVBCsJ2Continuation\LastIzar\Results_LastIzar\task1_D6_adiabatic\J2_0p31\D_6_chi_72_energy_magnetization_correlation.txt,D:\HyraiOn\ENS_Lyon\Internship\2026-EPFL\data\distinVBCsJ2Continuation\LastIzar\Results_LastIzar\task1_D6_adiabatic\J2_0p31\sweep_D6_chi72_best.pt
False,False,False,wrong/insufficient plaquette texture: signed eta=-0.973<0.25,lastizar:last_D6_plaq_adiabatic:right:insurance2:72718a7ee4c5,plaquette,0.31,6,72,lastizar:last_D6_plaq_adiabatic:right:insurance2,-0.4218073288393,True,-0.4217907597649,-1.6569074400007988e-05,0.26352731524195,1.4605073490681755e-06,0.263661318776,0.0005082411582863472,0.9725480302751235,inf,-0.4978400373436,6.660020002158262e-08,-0.2379298940415,3.548059999969322e-07,-0.23431272210165,1.4589880499987773e-06,D:\HyraiOn\ENS_Lyon\Internship\2026-EPFL\data\distinVBCsJ2Continuation\LastIzar\Results_LastIzar\task1_D6_adiabatic\insurance_2\J2_0p31\D_6_chi_72_energy_magnetization_correlation.txt,D:\HyraiOn\ENS_Lyon\Internship\2026-EPFL\data\distinVBCsJ2Continuation\LastIzar\Results_LastIzar\task1_D6_adiabatic\insurance_2\J2_0p31\sweep_D6_chi72_best.pt
False,False,False,wrong/insufficient plaquette texture: signed eta=-0.986<0.25,lastizar:last_D6_plaq_adiabatic:right:insurance3:083bf22d8bd3,plaquette,0.31,6,72,lastizar:last_D6_plaq_adiabatic:right:insurance3,-0.4218083632953,True,-0.4217907597649,-1.7603530400034373e-05,0.26259451038195003,2.1660558762333905e-06,0.263661318776,0.004046131601717137,0.9861195549053998,inf,-0.4978196727527,3.238822000040109e-07,-0.2370476267125,2.7176829998920576e-07,-0.23522516237075,2.1417045499988467e-06,D:\HyraiOn\ENS_Lyon\Internship\2026-EPFL\data\distinVBCsJ2Continuation\LastIzar\Results_LastIzar\task1_D6_adiabatic\insurance_3\J2_0p31\D_6_chi_72_energy_magnetization_correlation.txt,D:\HyraiOn\ENS_Lyon\Internship\2026-EPFL\data\distinVBCsJ2Continuation\LastIzar\Results_LastIzar\task1_D6_adiabatic\insurance_3\J2_0p31\sweep_D6_chi72_best.pt
False,False,False,wrong/insufficient plaquette texture: signed eta=-0.972<0.25,lastizar:last_D6_plaq_adiabatic:right:insurance4:5618d7e6a0c8,plaquette,0.31,6,72,lastizar:last_D6_plaq_adiabatic:right:insurance4,-0.4218071708544,True,-0.4217907597649,-1.6411089500012466e-05,0.2635402863242,1.4336501409421949e-06,0.263661318776,0.0004590451582426974,0.9723341587387102,inf,-0.49783642720724997,1.0587500043346414e-09,-0.23794167274675002,3.9606164999039795e-07,-0.23429614088304998,1.4336497499989331e-06,D:\HyraiOn\ENS_Lyon\Internship\2026-EPFL\data\distinVBCsJ2Continuation\LastIzar\Results_LastIzar\task1_D6_adiabatic\insurance_4\J2_0p31\D_6_chi_72_energy_magnetization_correlation.txt,D:\HyraiOn\ENS_Lyon\Internship\2026-EPFL\data\distinVBCsJ2Continuation\LastIzar\Results_LastIzar\task1_D6_adiabatic\insurance_4\J2_0p31\sweep_D6_chi72_best.pt
False,False,False,wrong/insufficient plaquette texture: signed eta=-0.987<0.25,lastizar:last_D6_plaq_adiabatic:right:insurance5:e44a5a3afcf0,plaquette,0.31,6,72,lastizar:last_D6_plaq_adiabatic:right:insurance5,-0.4218083932611,True,-0.4217907597649,-1.7633496199986887e-05,0.2625387562244,2.1979952388695893e-06,0.263661318776,0.004257592872596294,0.9871812624349319,inf,-0.49782775760965,3.374223500052231e-07,-0.2369717090936,2.8740549999628495e-07,-0.23528900138525,2.1719413499932116e-06,D:\HyraiOn\ENS_Lyon\Internship\2026-EPFL\data\distinVBCsJ2Continuation\LastIzar\Results_LastIzar\task1_D6_adiabatic\insurance_5\J2_0p31\D_6_chi_72_energy_magnetization_correlation.txt,D:\HyraiOn\ENS_Lyon\Internship\2026-EPFL\data\distinVBCsJ2Continuation\LastIzar\Results_LastIzar\task1_D6_adiabatic\insurance_5\J2_0p31\sweep_D6_chi72_best.pt
False,False,False,wrong/insufficient plaquette texture: signed eta=-0.987<0.25,lastizar:task_pin_D6_h0p01_adam:right:insurance0:7eb64009e3f8,plaquette,0.31,6,72,lastizar:task_pin_D6_h0p01_adam:right:insurance0,-0.4218080365093,True,-0.4217907597649,-1.7276744399996602e-05,0.2627029211266,2.2476963219770883e-06,0.263661318776,0.003634957353051336,0.986593863468679,inf,-0.4979088473811,3.9249550001785316e-07,-0.23696684186839997,5.158556999895758e-07,-0.23520592625450001,2.213162000011537e-06,D:\HyraiOn\ENS_Lyon\Internship\2026-EPFL\data\distinVBCsJ2Continuation\LastIzar\Results_LastIzar\task_pin_D6_h0p01_adam\J2_0p31\h_0\D_6_chi_72_energy_magnetization_correlation.txt,D:\HyraiOn\ENS_Lyon\Internship\2026-EPFL\data\distinVBCsJ2Continuation\LastIzar\Results_LastIzar\task_pin_D6_h0p01_adam\J2_0p31\h_0\sweep_D6_chi72_best.pt
False,False,False,|dE|=0.0115962>0.0003,lastizar:task_pin_D6_h0p01_lbfgs:right:insurance0:39f907c4917a,plaquette,0.31,6,72,lastizar:task_pin_D6_h0p01_lbfgs:right:insurance0,-0.4101946070087,True,-0.4217907597649,0.011596152756200018,0.39566019950535003,1.4999568155467608e-09,0.263661318776,0.5006380205565645,-0.781009049898312,inf,-0.46922325130545,5.659500090793301e-10,-0.4259002498019,5.21399978747894e-10,-0.07356305180009999,1.3890900027457853e-09,D:\HyraiOn\ENS_Lyon\Internship\2026-EPFL\data\distinVBCsJ2Continuation\LastIzar\Results_LastIzar\task_pin_D6_h0p01_lbfgs\J2_0p31\h_0\D_6_chi_72_energy_magnetization_correlation.txt,D:\HyraiOn\ENS_Lyon\Internship\2026-EPFL\data\distinVBCsJ2Continuation\LastIzar\Results_LastIzar\task_pin_D6_h0p01_lbfgs\J2_0p31\h_0\sweep_D6_chi72_best.pt
False,False,False,wrong/insufficient plaquette texture: signed eta=-0.974<0.25,lastizar:task_pin_D6_h0p02_adam:right:insurance0:f5894f56699d,plaquette,0.31,6,72,lastizar:task_pin_D6_h0p02_adam:right:insurance0,-0.4217915300797,True,-0.4217907597649,-7.703148000026694e-07,0.2650629014465501,9.873493450627237e-07,0.263661318776,0.0053158448765130446,0.9742016914816016,inf,-0.4989463020713001,7.306715999744195e-07,-0.2373024878789,9.291637999980784e-07,-0.23388340062475,6.640615499986513e-07,D:\HyraiOn\ENS_Lyon\Internship\2026-EPFL\data\distinVBCsJ2Continuation\LastIzar\Results_LastIzar\task_pin_D6_h0p02_adam\J2_0p31\h_0\D_6_chi_72_energy_magnetization_correlation.txt,D:\HyraiOn\ENS_Lyon\Internship\2026-EPFL\data\distinVBCsJ2Continuation\LastIzar\Results_LastIzar\task_pin_D6_h0p02_adam\J2_0p31\h_0\sweep_D6_chi72_best.pt
False,False,False,wrong/insufficient plaquette texture: signed eta=-0.317<0.25,lastizar:task_pin_D6_h0p02_lbfgs:right:insurance0:5ceb0cce24a5,plaquette,0.31,6,72,lastizar:task_pin_D6_h0p02_lbfgs:right:insurance0,-0.3944067292297,True,-0.4217907597649,0.0273840305352,0.45180938685380007,2.2208479517377514e-09,0.263661318776,0.7135975385060024,0.3172080783504745,inf,-0.5678566362602501,1.4917500013034168e-09,-0.27029314914105,7.967499993100091e-10,-0.11604724940645,1.645249998738496e-09,D:\HyraiOn\ENS_Lyon\Internship\2026-EPFL\data\distinVBCsJ2Continuation\LastIzar\Results_LastIzar\task_pin_D6_h0p02_lbfgs\J2_0p31\h_0\D_6_chi_72_energy_magnetization_correlation.txt,D:\HyraiOn\ENS_Lyon\Internship\2026-EPFL\data\distinVBCsJ2Continuation\LastIzar\Results_LastIzar\task_pin_D6_h0p02_lbfgs\J2_0p31\h_0\sweep_D6_chi72_best.pt
False,False,False,wrong/insufficient plaquette texture: signed eta=-0.990<0.25,lastizar:task_pin_D6_h0p03_adam:right:insurance0:8213043325bf,plaquette,0.31,6,72,lastizar:task_pin_D6_h0p03_adam:right:insurance0,-0.4218053818276,True,-0.4217907597649,-1.4622062700031524e-05,0.26287187137585,1.6611974772601938e-06,0.263661318776,0.002994172235104071,0.9904471623987126,inf,-0.49818691512635,7.853636500021466e-07,-0.23657062989910002,7.314609999642396e-08,-0.23531504375049997,1.4638240999897967e-06,D:\HyraiOn\ENS_Lyon\Internship\2026-EPFL\data\distinVBCsJ2Continuation\LastIzar\Results_LastIzar\task_pin_D6_h0p03_adam\J2_0p31\h_0\D_6_chi_72_energy_magnetization_correlation.txt,D:\HyraiOn\ENS_Lyon\Internship\2026-EPFL\data\distinVBCsJ2Continuation\LastIzar\Results_LastIzar\task_pin_D6_h0p03_adam\J2_0p31\h_0\sweep_D6_chi72_best.pt
False,False,False,wrong/insufficient plaquette texture: signed eta=-0.998<0.25,lastizar:task_pin_D6_h0p03_lbfgs:right:insurance0:edfef43a9124,plaquette,0.31,6,72,lastizar:task_pin_D6_h0p03_lbfgs:right:insurance0,-0.4218062609838,True,-0.4217907597649,-1.5501218899982572e-05,0.26193804717314995,8.796264626615711e-07,0.263661318776,0.006535928784889837,0.9981824081436883,inf,-0.49790123246154994,7.283343499975282e-07,-0.23620123351910002,2.5502314000003246e-06,-0.2359631852884,4.932258999973405e-07,D:\HyraiOn\ENS_Lyon\Internship\2026-EPFL\data\distinVBCsJ2Continuation\LastIzar\Results_LastIzar\task_pin_D6_h0p03_lbfgs\J2_0p31\h_0\D_6_chi_72_energy_magnetization_correlation.txt,D:\HyraiOn\ENS_Lyon\Internship\2026-EPFL\data\distinVBCsJ2Continuation\LastIzar\Results_LastIzar\task_pin_D6_h0p03_lbfgs\J2_0p31\h_0\sweep_D6_chi72_best.pt
False,False,False,wrong/insufficient plaquette texture: signed eta=-0.973<0.25,lastizar:last_D6_plaq_adiabatic:right:insurance1:71d52aa35128,plaquette,0.32,6,72,lastizar:last_D6_plaq_adiabatic:right:insurance1,-0.4198291053957,True,-0.4198309439578,1.8385621000094332e-06,0.2743902419675499,2.7737183929738084e-06,0.27605716621074994,0.006038329908550362,0.9727963083155753,inf,-0.5024638861437499,6.085730500093866e-07,-0.23180585794804998,1.5912265000084247e-07,-0.2280736441762,2.7061323999988396e-06,D:\HyraiOn\ENS_Lyon\Internship\2026-EPFL\data\distinVBCsJ2Continuation\LastIzar\Results_LastIzar\task1_D6_adiabatic\J2_0p32\D_6_chi_72_energy_magnetization_correlation.txt,D:\HyraiOn\ENS_Lyon\Internship\2026-EPFL\data\distinVBCsJ2Continuation\LastIzar\Results_LastIzar\task1_D6_adiabatic\J2_0p32\sweep_D6_chi72_best.pt
False,False,False,wrong/insufficient plaquette texture: signed eta=-0.972<0.25,lastizar:last_D6_plaq_adiabatic:right:insurance2:9f28366ad7d2,plaquette,0.32,6,72,lastizar:last_D6_plaq_adiabatic:right:insurance2,-0.4198295056296,True,-0.4198309439578,1.438328200042971e-06,0.27448502518105,2.8859884317749738e-06,0.27605716621074994,0.005694983583580361,0.9724198975146037,inf,-0.5025061210117,6.783211999872308e-07,-0.23180625839325,9.402594999818881e-08,-0.22802109583065,2.805139849987315e-06,D:\HyraiOn\ENS_Lyon\Internship\2026-EPFL\data\distinVBCsJ2Continuation\LastIzar\Results_LastIzar\task1_D6_adiabatic\insurance_2\J2_0p32\D_6_chi_72_energy_magnetization_correlation.txt,D:\HyraiOn\ENS_Lyon\Internship\2026-EPFL\data\distinVBCsJ2Continuation\LastIzar\Results_LastIzar\task1_D6_adiabatic\insurance_2\J2_0p32\sweep_D6_chi72_best.pt
False,False,False,wrong/insufficient plaquette texture: signed eta=-0.991<0.25,lastizar:last_D6_plaq_adiabatic:right:insurance3:4f855970031b,plaquette,0.32,6,72,lastizar:last_D6_plaq_adiabatic:right:insurance3,-0.4198302144092,True,-0.4198309439578,7.295486000313822e-07,0.2732159216524501,2.6153325925843916e-06,0.27605716621074994,0.010292232573780492,0.991028471524005,inf,-0.5025136302493001,9.115401000125978e-07,-0.23052329080745002,4.960558499939038e-07,-0.22929770859684998,2.451338249997992e-06,D:\HyraiOn\ENS_Lyon\Internship\2026-EPFL\data\distinVBCsJ2Continuation\LastIzar\Results_LastIzar\task1_D6_adiabatic\insurance_3\J2_0p32\D_6_chi_72_energy_magnetization_correlation.txt,D:\HyraiOn\ENS_Lyon\Internship\2026-EPFL\data\distinVBCsJ2Continuation\LastIzar\Results_LastIzar\task1_D6_adiabatic\insurance_3\J2_0p32\sweep_D6_chi72_best.pt
False,False,False,wrong/insufficient plaquette texture: signed eta=-0.972<0.25,lastizar:last_D6_plaq_adiabatic:right:insurance4:e762877a86fc,plaquette,0.32,6,72,lastizar:last_D6_plaq_adiabatic:right:insurance4,-0.4198292927678,True,-0.4198309439578,1.65119000000713e-06,0.27443975195885006,2.7889173497736712e-06,0.27605716621074994,0.005858983029134963,0.9720463300376752,inf,-0.5024619286925501,6.027111499884441e-07,-0.23185797585910004,1.1969249999466136e-07,-0.22802217673370004,2.7230128999966574e-06,D:\HyraiOn\ENS_Lyon\Internship\2026-EPFL\data\distinVBCsJ2Continuation\LastIzar\Results_LastIzar\task1_D6_adiabatic\insurance_4\J2_0p32\D_6_chi_72_energy_magnetization_correlation.txt,D:\HyraiOn\ENS_Lyon\Internship\2026-EPFL\data\distinVBCsJ2Continuation\LastIzar\Results_LastIzar\task1_D6_adiabatic\insurance_4\J2_0p32\sweep_D6_chi72_best.pt
False,False,False,wrong/insufficient plaquette texture: signed eta=-0.990<0.25,lastizar:last_D6_plaq_adiabatic:right:insurance5:262e1365bd99,plaquette,0.32,6,72,lastizar:last_D6_plaq_adiabatic:right:insurance5,-0.4198304165268,True,-0.4198309439578,5.274310000413784e-07,0.2733581577195999,2.651699072400632e-06,0.27605716621074994,0.009776991223221903,0.9898936557604625,inf,-0.50255409792775,8.982549500324842e-07,-0.23057726602945003,5.667983500046159e-07,-0.22919594020815,2.49492405000884e-06,D:\HyraiOn\ENS_Lyon\Internship\2026-EPFL\data\distinVBCsJ2Continuation\LastIzar\Results_LastIzar\task1_D6_adiabatic\insurance_5\J2_0p32\D_6_chi_72_energy_magnetization_correlation.txt,D:\HyraiOn\ENS_Lyon\Internship\2026-EPFL\data\distinVBCsJ2Continuation\LastIzar\Results_LastIzar\task1_D6_adiabatic\insurance_5\J2_0p32\sweep_D6_chi72_best.pt
False,False,False,wrong/insufficient plaquette texture: signed eta=-0.975<0.25,lastizar:task_pin_D6_h0p01_adam:right:insurance0:ca9e674835b5,plaquette,0.32,6,72,lastizar:task_pin_D6_h0p01_adam:right:insurance0,-0.4198296163979,True,-0.4198309439578,1.3275599000106553e-06,0.27455768705305017,2.899761211612535e-06,0.27605716621074994,0.005431770449150458,0.975221545725705,inf,-0.5026724874092001,1.0426372000216235e-06,-0.23151635790330002,9.66818199998887e-07,-0.22811480035614998,2.7058312500050086e-06,D:\HyraiOn\ENS_Lyon\Internship\2026-EPFL\data\distinVBCsJ2Continuation\LastIzar\Results_LastIzar\task_pin_D6_h0p01_adam\J2_0p32\h_0\D_6_chi_72_energy_magnetization_correlation.txt,D:\HyraiOn\ENS_Lyon\Internship\2026-EPFL\data\distinVBCsJ2Continuation\LastIzar\Results_LastIzar\task_pin_D6_h0p01_adam\J2_0p32\h_0\sweep_D6_chi72_best.pt
False,False,False,|dE|=0.0273913>0.0003,lastizar:task_pin_D6_h0p01_lbfgs:right:insurance0:b8da0a61ee06,plaquette,0.32,6,72,lastizar:task_pin_D6_h0p01_lbfgs:right:insurance0,-0.3924396453251,True,-0.4198309439578,0.027391298632700012,0.024601207359249977,2.156984915111709e-09,0.27605716621074994,0.9108836488581908,-0.7371828827795717,inf,-0.3532628196385,4.375000084433376e-10,-0.35003001043934995,1.629149981585699e-09,-0.32866161227925,2.112150010447067e-09,D:\HyraiOn\ENS_Lyon\Internship\2026-EPFL\data\distinVBCsJ2Continuation\LastIzar\Results_LastIzar\task_pin_D6_h0p01_lbfgs\J2_0p32\h_0\D_6_chi_72_energy_magnetization_correlation.txt,D:\HyraiOn\ENS_Lyon\Internship\2026-EPFL\data\distinVBCsJ2Continuation\LastIzar\Results_LastIzar\task_pin_D6_h0p01_lbfgs\J2_0p32\h_0\sweep_D6_chi72_best.pt
False,False,False,wrong/insufficient plaquette texture: signed eta=-0.989<0.25,lastizar:task_pin_D6_h0p02_adam:right:insurance0:73049d170bb8,plaquette,0.32,6,72,lastizar:task_pin_D6_h0p02_adam:right:insurance0,-0.4198087386344,True,-0.4198309439578,2.2205323400026344e-05,0.2755417967249,1.1809425930276885e-06,0.27605716621074994,0.001866894067356003,0.9886266573167886,inf,-0.5040009949394499,6.747014996699718e-08,-0.2300261138534,3.437752000012839e-07,-0.22845919821455,1.1790136500017256e-06,D:\HyraiOn\ENS_Lyon\Internship\2026-EPFL\data\distinVBCsJ2Continuation\LastIzar\Results_LastIzar\task_pin_D6_h0p02_adam\J2_0p32\h_0\D_6_chi_72_energy_magnetization_correlation.txt,D:\HyraiOn\ENS_Lyon\Internship\2026-EPFL\data\distinVBCsJ2Continuation\LastIzar\Results_LastIzar\task_pin_D6_h0p02_adam\J2_0p32\h_0\sweep_D6_chi72_best.pt
False,False,False,wrong/insufficient plaquette texture: signed eta=-0.983<0.25,lastizar:task_pin_D6_h0p02_lbfgs:right:insurance0:3f6fe3cebae5,plaquette,0.32,6,72,lastizar:task_pin_D6_h0p02_lbfgs:right:insurance0,-0.4198285563192,True,-0.4198309439578,2.387638599998798e-06,0.27380889458025004,2.2158403705581974e-06,0.27605716621074994,0.00814422484067486,0.9828900358982791,inf,-0.5025339391608501,6.456570499913106e-07,-0.23106747475910003,6.288564000089814e-07,-0.22872504458060003,2.1196875999995868e-06,D:\HyraiOn\ENS_Lyon\Internship\2026-EPFL\data\distinVBCsJ2Continuation\LastIzar\Results_LastIzar\task_pin_D6_h0p02_lbfgs\J2_0p32\h_0\D_6_chi_72_energy_magnetization_correlation.txt,D:\HyraiOn\ENS_Lyon\Internship\2026-EPFL\data\distinVBCsJ2Continuation\LastIzar\Results_LastIzar\task_pin_D6_h0p02_lbfgs\J2_0p32\h_0\sweep_D6_chi72_best.pt
False,False,False,wrong/insufficient plaquette texture: signed eta=-0.994<0.25,lastizar:task_pin_D6_h0p03_adam:right:insurance0:3824d35b1ee5,plaquette,0.32,6,72,lastizar:task_pin_D6_h0p03_adam:right:insurance0,-0.4198084033914,True,-0.4198309439578,2.2540566399997797e-05,0.27521399323264994,1.608491250218138e-07,0.27605716621074994,0.003054341930961831,0.9940763972908824,inf,-0.50403827859065,1.488560499862679e-07,-0.22963941453595002,1.1098089500033437e-06,-0.228824285358,6.094519999777503e-08,D:\HyraiOn\ENS_Lyon\Internship\2026-EPFL\data\distinVBCsJ2Continuation\LastIzar\Results_LastIzar\task_pin_D6_h0p03_adam\J2_0p32\h_0\D_6_chi_72_energy_magnetization_correlation.txt,D:\HyraiOn\ENS_Lyon\Internship\2026-EPFL\data\distinVBCsJ2Continuation\LastIzar\Results_LastIzar\task_pin_D6_h0p03_adam\J2_0p32\h_0\sweep_D6_chi72_best.pt
False,False,False,wrong/insufficient plaquette texture: signed eta=-0.563<0.25,lastizar:task_pin_D6_h0p03_lbfgs:right:insurance0:c48cb8620fe7,plaquette,0.32,6,72,lastizar:task_pin_D6_h0p03_lbfgs:right:insurance0,-0.3910317885467,True,-0.4198309439578,0.028799155411100008,0.28705323427385,1.970842612350017e-09,0.27605716621074994,0.03983257603501348,0.5631706441454889,inf,-0.5008932613447,1.6585999795815107e-09,-0.27653666678275,4.856499924432719e-10,-0.21384002707085,1.064550003704312e-09,D:\HyraiOn\ENS_Lyon\Internship\2026-EPFL\data\distinVBCsJ2Continuation\LastIzar\Results_LastIzar\task_pin_D6_h0p03_lbfgs\J2_0p32\h_0\D_6_chi_72_energy_magnetization_correlation.txt,D:\HyraiOn\ENS_Lyon\Internship\2026-EPFL\data\distinVBCsJ2Continuation\LastIzar\Results_LastIzar\task_pin_D6_h0p03_lbfgs\J2_0p32\h_0\sweep_D6_chi72_best.pt
False,False,False,relative Delta difference 1085.2%>35%,legacy:s001:left:insurance1:80ac2639ce7e,plaquette,0.26,7,91,legacy:s001:left:insurance1,-0.4340418482675,True,-0.4341051449691,6.32967016000463e-05,0.16802300474154996,1.4611026714972424e-06,0.01417680917225006,10.851962081174175,-0.993998814549526,inf,-0.3924463714244,4.882694999985837e-07,-0.3919422028187,1.7240566000109592e-06,-0.22442336668285,1.3771034500092982e-06,D:\HyraiOn\ENS_Lyon\Internship\2026-EPFL\data\distinVBCsJ2Continuation\Results_Izar_J2_sequences\s001_J2_0p28_D_7_plaquette\left\insurance_1\J2_0p26\D_7_chi_91_energy_magnetization_correlation.txt,D:\HyraiOn\ENS_Lyon\Internship\2026-EPFL\data\distinVBCsJ2Continuation\Results_Izar_J2_sequences\s001_J2_0p28_D_7_plaquette\left\insurance_1\J2_0p26\sweep_D7_chi91_best.pt
False,False,False,relative Delta difference 1081.7%>35%,legacy:s001:left:insurance2:6c085c3f6c70,plaquette,0.26,7,91,legacy:s001:left:insurance2,-0.4340422852083,True,-0.4341051449691,6.285976080000477e-05,0.16752573187974998,1.4204904575021023e-06,0.01417680917225006,10.81688558012531,-0.9925839589950769,inf,-0.39233905498465,4.869306499954984e-07,-0.39171786613615,1.9826836499814426e-06,-0.22481332310490001,1.3344256000052956e-06,D:\HyraiOn\ENS_Lyon\Internship\2026-EPFL\data\distinVBCsJ2Continuation\Results_Izar_J2_sequences\s001_J2_0p28_D_7_plaquette\left\insurance_2\J2_0p26\D_7_chi_91_energy_magnetization_correlation.txt,D:\HyraiOn\ENS_Lyon\Internship\2026-EPFL\data\distinVBCsJ2Continuation\Results_Izar_J2_sequences\s001_J2_0p28_D_7_plaquette\left\insurance_2\J2_0p26\sweep_D7_chi91_best.pt
True,True,False,,original_2c3:symmetry_restored:31c85cf5709a,plaquette,0.26,7,0,original_2c3:symmetry_restored,-0.4341051449691,True,-0.4341051449691,0.0,0.01417680917225006,2.3794697008475992e-06,0.01417680917225006,0.0,0.5746016693019447,0.0,-0.34696984024445005,1.284303499937689e-07,-0.33580842655045,3.5095724499889513e-06,-0.3327930310722,2.3760012000106907e-06,D:\HyraiOn\ENS_Lyon\Internship\2026-EPFL\data\0713summary\J2_0p26\2tensor_twoC3\D_7\energy_magnetization_correlation.txt,D:\HyraiOn\ENS_Lyon\Internship\2026-EPFL\data\0713summary\J2_0p26\2tensor_twoC3\D_7\tensor_best.pt
False,False,False,relative Delta difference 103.8%>35%,legacy:s001:left:insurance1:25abfd80f1f7,plaquette,0.265,7,91,legacy:s001:left:insurance1,-0.4327074355911,True,-0.4326901470531,-1.728853799998209e-05,0.17888107797675004,4.848085390689621e-07,0.08777759335239999,1.03788998017521,-0.9949010077062562,inf,-0.3947682309452,4.5634139997363654e-07,-0.39431217432615,1.996568250006714e-06,-0.21588715296844999,1.6368214998674357e-07,D:\HyraiOn\ENS_Lyon\Internship\2026-EPFL\data\distinVBCsJ2Continuation\Results_Izar_J2_sequences\s001_J2_0p28_D_7_plaquette\left\insurance_1\J2_0p265\D_7_chi_91_energy_magnetization_correlation.txt,D:\HyraiOn\ENS_Lyon\Internship\2026-EPFL\data\distinVBCsJ2Continuation\Results_Izar_J2_sequences\s001_J2_0p28_D_7_plaquette\left\insurance_1\J2_0p265\sweep_D7_chi91_best.pt
False,False,False,relative Delta difference 104.2%>35%,legacy:s001:left:insurance2:f16dd57f479a,plaquette,0.265,7,91,legacy:s001:left:insurance2,-0.4327075169242,True,-0.4326901470531,-1.7369871100014755e-05,0.1792324579764,4.845415794248485e-07,0.08777759335239999,1.0418930518730096,-0.9940263811594832,inf,-0.39490102452395,4.658541500057733e-07,-0.39436569133005,2.0541247500172055e-06,-0.21566856654754998,1.3326835000826431e-07,D:\HyraiOn\ENS_Lyon\Internship\2026-EPFL\data\distinVBCsJ2Continuation\Results_Izar_J2_sequences\s001_J2_0p28_D_7_plaquette\left\insurance_2\J2_0p265\D_7_chi_91_energy_magnetization_correlation.txt,D:\HyraiOn\ENS_Lyon\Internship\2026-EPFL\data\distinVBCsJ2Continuation\Results_Izar_J2_sequences\s001_J2_0p28_D_7_plaquette\left\insurance_2\J2_0p265\sweep_D7_chi91_best.pt
True,True,False,,original_2c3:symmetry_restored:ddb22ded4b4c,plaquette,0.265,7,0,original_2c3:symmetry_restored,-0.4326901470531,True,-0.4326901470531,0.0,0.08777759335239999,1.2481879749623734e-06,0.08777759335239999,0.0,-0.9891076436971604,0.0,-0.36604659236535,4.6164675002180466e-07,-0.3655685399542499,7.325961550008753e-06,-0.27826899901295,1.1596790500112417e-06,D:\HyraiOn\ENS_Lyon\Internship\2026-EPFL\data\0713summary\J2_0p265\2tensor_twoC3\D_7\energy_magnetization_correlation.txt,D:\HyraiOn\ENS_Lyon\Internship\2026-EPFL\data\0713summary\J2_0p265\2tensor_twoC3\D_7\tensor_best.pt
False,False,False,relative Delta difference 285.9%>35%,legacy:s001:left:insurance1:2d7d589732d9,plaquette,0.27,7,91,legacy:s001:left:insurance1,-0.4314085765828,True,-0.4313330541337,-7.552244910002948e-05,0.1889480789303,2.0157876160431993e-06,0.04896310863239994,2.858988618326186,-0.997398055727884,inf,-0.39673838426585,1.9391307500005173e-06,-0.39649256808,1.462650001116117e-08,-0.20779030533555,5.506102499913678e-07,D:\HyraiOn\ENS_Lyon\Internship\2026-EPFL\data\distinVBCsJ2Continuation\Results_Izar_J2_sequences\s001_J2_0p28_D_7_plaquette\left\insurance_1\J2_0p27\D_7_chi_91_energy_magnetization_correlation.txt,D:\HyraiOn\ENS_Lyon\Internship\2026-EPFL\data\distinVBCsJ2Continuation\Results_Izar_J2_sequences\s001_J2_0p28_D_7_plaquette\left\insurance_1\J2_0p27\sweep_D7_chi91_best.pt
False,False,False,relative Delta difference 285.9%>35%,legacy:s001:left:insurance2:19d75c3ba057,plaquette,0.27,7,91,legacy:s001:left:insurance2,-0.4314088723113,True,-0.4313330541337,-7.581817759999554e-05,0.18894735490239997,2.1621703100018244e-06,0.04896310863239994,2.858973831113522,-0.9991496378899666,inf,-0.3966884841133,2.077349199991474e-06,-0.39660814727759997,3.4940399989968896e-08,-0.20774112921090002,5.996671999936032e-07,D:\HyraiOn\ENS_Lyon\Internship\2026-EPFL\data\distinVBCsJ2Continuation\Results_Izar_J2_sequences\s001_J2_0p28_D_7_plaquette\left\insurance_2\J2_0p27\D_7_chi_91_energy_magnetization_correlation.txt,D:\HyraiOn\ENS_Lyon\Internship\2026-EPFL\data\distinVBCsJ2Continuation\Results_Izar_J2_sequences\s001_J2_0p28_D_7_plaquette\left\insurance_2\J2_0p27\sweep_D7_chi91_best.pt
True,True,False,,original_2c3:symmetry_restored:4c67c2130b3d,plaquette,0.27,7,0,original_2c3:symmetry_restored,-0.4313330541337,True,-0.4313330541337,0.0,0.04896310863239994,3.1405232284402867e-06,0.04896310863239994,0.0,0.353979589460361,0.0,-0.36344217911109994,1.379774900001074e-06,-0.33029465424869997,2.5286476000030422e-06,-0.3144790704787,2.821188999996283e-06,D:\HyraiOn\ENS_Lyon\Internship\2026-EPFL\data\0713summary\J2_0p27\2tensor_twoC3\D_7\energy_magnetization_correlation.txt,D:\HyraiOn\ENS_Lyon\Internship\2026-EPFL\data\0713summary\J2_0p27\2tensor_twoC3\D_7\tensor_best.pt
False,True,False,,legacy:s001:left:insurance1:5a297bbc6dc1,plaquette,0.275,7,91,legacy:s001:left:insurance1,-0.4301462278395,True,-0.4300468913218,-9.93365176999994e-05,0.19816009911875,3.1944121079358217e-06,0.16101055798735003,0.23072736096174914,-0.9942051188367048,1.1565966606716929,-0.3986020835791,3.051067699988419e-06,-0.39802792646625,1.504565000365332e-08,-0.20044198446035,9.461789499953799e-07,D:\HyraiOn\ENS_Lyon\Internship\2026-EPFL\data\distinVBCsJ2Continuation\Results_Izar_J2_sequences\s001_J2_0p28_D_7_plaquette\left\insurance_1\J2_0p275\D_7_chi_91_energy_magnetization_correlation.txt,D:\HyraiOn\ENS_Lyon\Internship\2026-EPFL\data\distinVBCsJ2Continuation\Results_Izar_J2_sequences\s001_J2_0p28_D_7_plaquette\left\insurance_1\J2_0p275\sweep_D7_chi91_best.pt
False,True,False,,legacy:s001:left:insurance2:b28227943c01,plaquette,0.275,7,91,legacy:s001:left:insurance2,-0.4301462118398,True,-0.4300468913218,-9.932051799999009e-05,0.19788827313170007,3.1866762026866182e-06,0.16101055798735003,0.2290391115050193,-0.9925864718925326,1.1465023716566287,-0.39857666182035006,3.0258391500170845e-06,-0.39784313668285004,2.247915001363232e-08,-0.20068838868865,9.99601249995763e-07,D:\HyraiOn\ENS_Lyon\Internship\2026-EPFL\data\distinVBCsJ2Continuation\Results_Izar_J2_sequences\s001_J2_0p28_D_7_plaquette\left\insurance_2\J2_0p275\D_7_chi_91_energy_magnetization_correlation.txt,D:\HyraiOn\ENS_Lyon\Internship\2026-EPFL\data\distinVBCsJ2Continuation\Results_Izar_J2_sequences\s001_J2_0p28_D_7_plaquette\left\insurance_2\J2_0p275\sweep_D7_chi91_best.pt
True,True,False,,original_2c3:symmetry_restored:548155324c50,plaquette,0.275,7,0,original_2c3:symmetry_restored,-0.4300468913218,True,-0.4300468913218,0.0,0.16101055798735003,2.5727072063779474e-06,0.16101055798735003,0.0,-0.9705834211140854,0.0,-0.3878101415194,2.416226399987176e-06,-0.38544195162915,1.6267262500091473e-06,-0.22679958353205,8.835566499970637e-07,D:\HyraiOn\ENS_Lyon\Internship\2026-EPFL\data\0713summary\J2_0p275\2tensor_twoC3\D_7\energy_magnetization_correlation.txt,D:\HyraiOn\ENS_Lyon\Internship\2026-EPFL\data\0713summary\J2_0p275\2tensor_twoC3\D_7\tensor_best.pt
False,True,False,,catalog:izar_replica1_small_h:plaquette:7271571dca91,plaquette,0.28,7,91,catalog:izar_replica1_small_h:plaquette,-0.4289188870681,True,-0.4289195349411,6.478730000258892e-07,0.20624180358249994,2.1676927505704743e-06,0.20589257358955002,0.0016961757622502621,-0.9937618934951508,-0.018142187272421374,-0.40004488756959994,2.159222300013308e-06,-0.39940160840135003,1.1580435002600531e-07,-0.1938030839871,1.9144429999617962e-07,D:\HyraiOn\ENS_Lyon\Internship\2026-EPFL\data\distinVBCsSmallH\Results_Izar_replica1\J2_0.28\D_7\orientation_2\plaquette\replica_1\h_0\D_7_chi_91_energy_magnetization_correlation.txt,D:\HyraiOn\ENS_Lyon\Internship\2026-EPFL\data\distinVBCsSmallH\Results_Izar_replica1\J2_0.28\D_7\orientation_2\plaquette\replica_1\h_0\sweep_D7_chi91_best.pt
True,True,False,,legacy_seed:s001:7f99ff22070b,plaquette,0.28,7,91,legacy_seed:s001,-0.4289195349411,True,-0.4289195349411,0.0,0.20589257358955002,3.6520939514319977e-06,0.20589257358955002,0.0,-0.996322613759691,-0.0182,-0.3998504474505,3.5653590000073176e-06,-0.39947187419195,6.086865000920483e-08,-0.19395787386095,7.912050500047396e-07,D:\HyraiOn\ENS_Lyon\Internship\2026-EPFL\6-AD-CTMRG\models\VBCJ2SeedContinuationIzar\seeds\s001\observation.txt,D:\HyraiOn\ENS_Lyon\Internship\2026-EPFL\6-AD-CTMRG\models\VBCJ2SeedContinuationIzar\seeds\s001\tensor_best.pt
False,True,False,,original_2c3:aa68cd4f4505,plaquette,0.28,7,0,original_2c3,-0.4289195349411,True,-0.4289195349411,0.0,0.20589257358955002,3.6520939514319977e-06,0.20589257358955002,0.0,-0.996322613759691,0.0,-0.3998504474505,3.5653590000073176e-06,-0.39947187419195,6.086865000920483e-08,-0.19395787386095,7.912050500047396e-07,D:\HyraiOn\ENS_Lyon\Internship\2026-EPFL\data\0713summary\J2_0p28\2tensor_twoC3\D_7\energy_magnetization_correlation.txt,D:\HyraiOn\ENS_Lyon\Internship\2026-EPFL\data\0713summary\J2_0p28\2tensor_twoC3\D_7\tensor_best.pt
True,True,False,,legacy:s001:right:insurance1:ae10361fd342,plaquette,0.29,7,91,legacy:s001:right:insurance1,-0.4265706897232,True,-0.4264626942928,-0.0001079954304000208,0.22148762322145002,2.994669694494395e-07,0.24719374638720004,0.10399180214488271,-0.997553211537882,0.7033736242550443,-0.40237738618880003,1.8283880001690456e-07,-0.40210641950829995,3.9581419999934475e-06,-0.18088976296735002,2.3717175000326218e-07,D:\HyraiOn\ENS_Lyon\Internship\2026-EPFL\data\distinVBCsJ2Continuation\Results_Izar_J2_sequences\s001_J2_0p28_D_7_plaquette\right\insurance_1\J2_0p29\D_7_chi_91_energy_magnetization_correlation.txt,D:\HyraiOn\ENS_Lyon\Internship\2026-EPFL\data\distinVBCsJ2Continuation\Results_Izar_J2_sequences\s001_J2_0p28_D_7_plaquette\right\insurance_1\J2_0p29\sweep_D7_chi91_best.pt
False,True,False,,legacy:s001:right:insurance2:03ea18cc64a0,plaquette,0.29,7,91,legacy:s001:right:insurance2,-0.4265707762296,True,-0.4264626942928,-0.00010808193680000855,0.2213830509906499,2.9729332747082743e-07,0.24719374638720004,0.10441483967042078,-0.9974611914051917,0.7054367250375679,-0.40234560701014993,1.8905915000200224e-07,-0.40206458241384996,4.014719750006224e-06,-0.18096255601950004,2.2943400000696723e-07,D:\HyraiOn\ENS_Lyon\Internship\2026-EPFL\data\distinVBCsJ2Continuation\Results_Izar_J2_sequences\s001_J2_0p28_D_7_plaquette\right\insurance_2\J2_0p29\D_7_chi_91_energy_magnetization_correlation.txt,D:\HyraiOn\ENS_Lyon\Internship\2026-EPFL\data\distinVBCsJ2Continuation\Results_Izar_J2_sequences\s001_J2_0p28_D_7_plaquette\right\insurance_2\J2_0p29\sweep_D7_chi91_best.pt
True,True,False,,legacy:s001:right:insurance1:df1f8ee7bffe,plaquette,0.3,7,91,legacy:s001:right:insurance1,-0.4243607588864,True,-0.4242729290438,-8.782984260002902e-05,0.23706259976840002,3.854524752800674e-07,0.2762568420718501,0.14187609620635658,-0.9982776930460615,0.625153043994162,-0.40481224734055,2.6410424999734344e-07,-0.40460810005850006,3.832348900001392e-06,-0.16774964757214997,2.8075354999157476e-07,D:\HyraiOn\ENS_Lyon\Internship\2026-EPFL\data\distinVBCsJ2Continuation\Results_Izar_J2_sequences\s001_J2_0p28_D_7_plaquette\right\insurance_1\J2_0p30\D_7_chi_91_energy_magnetization_correlation.txt,D:\HyraiOn\ENS_Lyon\Internship\2026-EPFL\data\distinVBCsJ2Continuation\Results_Izar_J2_sequences\s001_J2_0p28_D_7_plaquette\right\insurance_1\J2_0p30\sweep_D7_chi91_best.pt
False,True,False,,legacy:s001:right:insurance2:ed5cd0610ac0,plaquette,0.3,7,91,legacy:s001:right:insurance2,-0.4243625569489,True,-0.4242729290438,-8.962790510003149e-05,0.23758086641020004,5.620078196515366e-07,0.2762568420718501,0.14000006432995793,-0.9932452941933069,0.6343382991896348,-0.4051567789982,5.451471999928792e-07,-0.40435438456924994,4.1444463499962225e-06,-0.16757591258799998,1.3662840001038568e-07,D:\HyraiOn\ENS_Lyon\Internship\2026-EPFL\data\distinVBCsJ2Continuation\Results_Izar_J2_sequences\s001_J2_0p28_D_7_plaquette\right\insurance_2\J2_0p30\D_7_chi_91_energy_magnetization_correlation.txt,D:\HyraiOn\ENS_Lyon\Internship\2026-EPFL\data\distinVBCsJ2Continuation\Results_Izar_J2_sequences\s001_J2_0p28_D_7_plaquette\right\insurance_2\J2_0p30\sweep_D7_chi91_best.pt
True,True,False,,legacy:s001:right:insurance1:f843e16a241a,plaquette,0.31,7,91,legacy:s001:right:insurance1,-0.4222890696133,True,-0.4222206393717,-6.843024159997046e-05,0.25219938527819996,1.6979020587981968e-06,0.2890064128838,0.1273571310696104,-0.9921382635996008,0.42354883535032506,-0.40734018941135,1.667358349999315e-06,-0.40634882686765,4.638064150019883e-06,-0.15514080413315,3.206049499909769e-07,D:\HyraiOn\ENS_Lyon\Internship\2026-EPFL\data\distinVBCsJ2Continuation\Results_Izar_J2_sequences\s001_J2_0p28_D_7_plaquette\right\insurance_1\J2_0p31\D_7_chi_91_energy_magnetization_correlation.txt,D:\HyraiOn\ENS_Lyon\Internship\2026-EPFL\data\distinVBCsJ2Continuation\Results_Izar_J2_sequences\s001_J2_0p28_D_7_plaquette\right\insurance_1\J2_0p31\sweep_D7_chi91_best.pt
False,True,False,,legacy:s001:right:insurance2:3e06a33a6649,plaquette,0.31,7,91,legacy:s001:right:insurance2,-0.4222921144864,True,-0.4222206393717,-7.147511470001477e-05,0.25196633064095003,1.789767901164933e-06,0.2890064128838,0.12816353060560837,-0.9925709483321108,0.4474860004583857,-0.40723576966935005,1.7483795499984023e-06,-0.4062998342249,4.848124900008743e-06,-0.1552694390284,3.826723000005528e-07,D:\HyraiOn\ENS_Lyon\Internship\2026-EPFL\data\distinVBCsJ2Continuation\Results_Izar_J2_sequences\s001_J2_0p28_D_7_plaquette\right\insurance_2\J2_0p31\D_7_chi_91_energy_magnetization_correlation.txt,D:\HyraiOn\ENS_Lyon\Internship\2026-EPFL\data\distinVBCsJ2Continuation\Results_Izar_J2_sequences\s001_J2_0p28_D_7_plaquette\right\insurance_2\J2_0p31\sweep_D7_chi91_best.pt
True,True,False,,legacy:s001:right:insurance1:d88aa65fdc51,plaquette,0.32,7,91,legacy:s001:right:insurance1,-0.4203523477597,True,-0.4203108986799,-4.1449079799971145e-05,0.2663383648648999,1.4998721502045413e-06,0.26733007728625,0.003709692644453919,-0.9851552585302326,0.06787746210302764,-0.40958882130955,1.4088330499983928e-06,-0.4076119592246,4.8004590000039205e-06,-0.14325045644465004,5.145929500016688e-07,D:\HyraiOn\ENS_Lyon\Internship\2026-EPFL\data\distinVBCsJ2Continuation\Results_Izar_J2_sequences\s001_J2_0p28_D_7_plaquette\right\insurance_1\J2_0p32\D_7_chi_91_energy_magnetization_correlation.txt,D:\HyraiOn\ENS_Lyon\Internship\2026-EPFL\data\distinVBCsJ2Continuation\Results_Izar_J2_sequences\s001_J2_0p28_D_7_plaquette\right\insurance_1\J2_0p32\sweep_D7_chi91_best.pt
False,True,False,,legacy:s001:right:insurance2:1463b484ff4f,plaquette,0.32,7,91,legacy:s001:right:insurance2,-0.4203608120919,True,-0.4203108986799,-4.991341200000221e-05,0.2663780226501,7.806253561623313e-07,0.26733007728625,0.003561345007694613,-0.9982892147900707,0.10652977955587528,-0.40889523882210005,6.75352699985865e-07,-0.40866738103140005,4.879342799996023e-06,-0.142517216172,3.9150309999458344e-07,D:\HyraiOn\ENS_Lyon\Internship\2026-EPFL\data\distinVBCsJ2Continuation\Results_Izar_J2_sequences\s001_J2_0p28_D_7_plaquette\right\insurance_2\J2_0p32\D_7_chi_91_energy_magnetization_correlation.txt,D:\HyraiOn\ENS_Lyon\Internship\2026-EPFL\data\distinVBCsJ2Continuation\Results_Izar_J2_sequences\s001_J2_0p28_D_7_plaquette\right\insurance_2\J2_0p32\sweep_D7_chi91_best.pt
False,False,False,relative Delta difference 4318.6%>35%,legacy:s003:left:insurance1:5e1bdfdbf923,plaquette,0.26,8,104,legacy:s003:left:insurance1,-0.4342889912743,True,-0.4343870123737,9.802109939999193e-05,0.14065720788455,2.0859888633578413e-06,0.00318330461709998,43.18590892275022,-0.9610238587097525,inf,-0.3841773542898,1.5707048000024315e-06,-0.3814362166858,5.445394199998788e-06,-0.24352014640525,1.372674750005354e-06,D:\HyraiOn\ENS_Lyon\Internship\2026-EPFL\data\distinVBCsJ2Continuation\Results_Izar_J2_sequences\s003_J2_0p28_D_8_plaquette\left\insurance_1\J2_0p26\D_8_chi_104_energy_magnetization_correlation.txt,D:\HyraiOn\ENS_Lyon\Internship\2026-EPFL\data\distinVBCsJ2Continuation\Results_Izar_J2_sequences\s003_J2_0p28_D_8_plaquette\left\insurance_1\J2_0p26\sweep_D8_chi104_best.pt
False,False,False,relative Delta difference 4282.3%>35%,legacy:s003:left:insurance2:52012a8ac665,plaquette,0.26,8,104,legacy:s003:left:insurance2,-0.4342918077479,True,-0.4343870123737,9.520462579998279e-05,0.13950299009985004,2.6303949245477445e-06,0.00318330461709998,42.823324148896106,-0.9677474360393301,inf,-0.38364842388930004,1.6468525000090663e-06,-0.38139875933385,7.822712949995259e-06,-0.24414543378945,2.0510617499969186e-06,D:\HyraiOn\ENS_Lyon\Internship\2026-EPFL\data\distinVBCsJ2Continuation\Results_Izar_J2_sequences\s003_J2_0p28_D_8_plaquette\left\insurance_2\J2_0p26\D_8_chi_104_energy_magnetization_correlation.txt,D:\HyraiOn\ENS_Lyon\Internship\2026-EPFL\data\distinVBCsJ2Continuation\Results_Izar_J2_sequences\s003_J2_0p28_D_8_plaquette\left\insurance_2\J2_0p26\sweep_D8_chi104_best.pt
True,True,False,,original_2c3:symmetry_restored:dc98440f817b,plaquette,0.26,8,0,original_2c3:symmetry_restored,-0.4343870123737,True,-0.4343870123737,0.0,0.00318330461709998,6.978928978051355e-06,0.00318330461709998,0.0,-0.3896712994843683,0.0,-0.3393040874213,6.517603100025805e-06,-0.33833265633615,2.9762857499948674e-06,-0.33612078280420005,2.495255399997953e-06,D:\HyraiOn\ENS_Lyon\Internship\2026-EPFL\data\0713summary\J2_0p26\2tensor_twoC3\D_8\energy_magnetization_correlation.txt,D:\HyraiOn\ENS_Lyon\Internship\2026-EPFL\data\0713summary\J2_0p26\2tensor_twoC3\D_8\tensor_best.pt
False,False,False,relative Delta difference 1454.7%>35%,legacy:s003:left:insurance1:7fd6ced511ae,plaquette,0.265,8,104,legacy:s003:left:insurance1,-0.4329573821319,True,-0.4330308105537,7.342842180002584e-05,0.1573678100713,2.2345828606975793e-06,0.010122164664600086,14.546853394082518,-0.9457445849558966,inf,-0.3888331716397,2.1243819000038577e-06,-0.3845641437147,5.911708899991598e-06,-0.2314653615684,6.93081600000589e-07,D:\HyraiOn\ENS_Lyon\Internship\2026-EPFL\data\distinVBCsJ2Continuation\Results_Izar_J2_sequences\s003_J2_0p28_D_8_plaquette\left\insurance_1\J2_0p265\D_8_chi_104_energy_magnetization_correlation.txt,D:\HyraiOn\ENS_Lyon\Internship\2026-EPFL\data\distinVBCsJ2Continuation\Results_Izar_J2_sequences\s003_J2_0p28_D_8_plaquette\left\insurance_1\J2_0p265\sweep_D8_chi104_best.pt
False,False,False,relative Delta difference 1467.9%>35%,legacy:s003:left:insurance2:ec264fdcbe50,plaquette,0.265,8,104,legacy:s003:left:insurance2,-0.4329593291354,True,-0.4330308105537,7.148141830004562e-05,0.15870166805165006,2.825164272947197e-06,0.010122164664600086,14.678629355504578,-0.9766792124768621,inf,-0.38842372784690005,1.5186685000112554e-06,-0.3865732039068,8.1221893000194e-06,-0.22972205979524998,2.382267649994607e-06,D:\HyraiOn\ENS_Lyon\Internship\2026-EPFL\data\distinVBCsJ2Continuation\Results_Izar_J2_sequences\s003_J2_0p28_D_8_plaquette\left\insurance_2\J2_0p265\D_8_chi_104_energy_magnetization_correlation.txt,D:\HyraiOn\ENS_Lyon\Internship\2026-EPFL\data\distinVBCsJ2Continuation\Results_Izar_J2_sequences\s003_J2_0p28_D_8_plaquette\left\insurance_2\J2_0p265\sweep_D8_chi104_best.pt
True,True,False,,original_2c3:symmetry_restored:57adc8daac3a,plaquette,0.265,8,0,original_2c3:symmetry_restored,-0.4330308105537,True,-0.4330308105537,0.0,0.010122164664600086,1.2661630546015344e-05,0.010122164664600086,0.0,-0.2424960982490575,0.0,-0.34138744342815003,4.074102949974678e-06,-0.33755365381435,1.1797149350012415e-05,-0.33126527876354994,1.198826815002052e-05,D:\HyraiOn\ENS_Lyon\Internship\2026-EPFL\data\0713summary\J2_0p265\2tensor_twoC3\D_8\energy_magnetization_correlation.txt,D:\HyraiOn\ENS_Lyon\Internship\2026-EPFL\data\0713summary\J2_0p265\2tensor_twoC3\D_8\tensor_best.pt
False,False,False,relative Delta difference 2149.9%>35%,legacy:s003:left:insurance1:61a5c1b32f0d,plaquette,0.27,8,104,legacy:s003:left:insurance1,-0.4316619378737,True,-0.4316550562418,-6.881631899990914e-06,0.1736263467266,1.1820914955458086e-06,0.007716971509599935,21.499285699138362,-0.9552512769468426,inf,-0.39269330674065,1.0450120500049564e-06,-0.38880852808844996,3.7239981499903596e-06,-0.21906696001405002,5.525306499970518e-07,D:\HyraiOn\ENS_Lyon\Internship\2026-EPFL\data\distinVBCsJ2Continuation\Results_Izar_J2_sequences\s003_J2_0p28_D_8_plaquette\left\insurance_1\J2_0p27\D_8_chi_104_energy_magnetization_correlation.txt,D:\HyraiOn\ENS_Lyon\Internship\2026-EPFL\data\distinVBCsJ2Continuation\Results_Izar_J2_sequences\s003_J2_0p28_D_8_plaquette\left\insurance_1\J2_0p27\sweep_D8_chi104_best.pt
False,False,False,relative Delta difference 2091.9%>35%,legacy:s003:left:insurance2:225358a4e714,plaquette,0.27,8,104,legacy:s003:left:insurance2,-0.43166800792,True,-0.4316550562418,-1.2951678199979444e-05,0.16914990084394993,2.568500194990826e-06,0.007716971509599935,20.919207636509604,-0.9685738153780893,inf,-0.39088243280209994,1.989806000024519e-06,-0.38822456479575,8.467620549984511e-06,-0.22173253195815001,1.6241506500119796e-06,D:\HyraiOn\ENS_Lyon\Internship\2026-EPFL\data\distinVBCsJ2Continuation\Results_Izar_J2_sequences\s003_J2_0p28_D_8_plaquette\left\insurance_2\J2_0p27\D_8_chi_104_energy_magnetization_correlation.txt,D:\HyraiOn\ENS_Lyon\Internship\2026-EPFL\data\distinVBCsJ2Continuation\Results_Izar_J2_sequences\s003_J2_0p28_D_8_plaquette\left\insurance_2\J2_0p27\sweep_D8_chi104_best.pt
True,True,False,,original_2c3:symmetry_restored:8aaa203c1b0f,plaquette,0.27,8,0,original_2c3:symmetry_restored,-0.4316550562418,True,-0.4316550562418,0.0,0.007716971509599935,1.261801329772833e-05,0.007716971509599935,0.0,-0.532284936258999,0.0,-0.33861760127485,1.2362958049988439e-05,-0.3368129293641,3.101697199997533e-06,-0.3309006297652501,2.5241885499849293e-06,D:\HyraiOn\ENS_Lyon\Internship\2026-EPFL\data\0713summary\J2_0p27\2tensor_twoC3\D_8\energy_magnetization_correlation.txt,D:\HyraiOn\ENS_Lyon\Internship\2026-EPFL\data\0713summary\J2_0p27\2tensor_twoC3\D_8\tensor_best.pt
False,False,False,relative Delta difference 1233.8%>35%,legacy:s003:left:insurance1:abce35a5b0b2,plaquette,0.275,8,104,legacy:s003:left:insurance1,-0.4304087864439,True,-0.4303882490411,-2.0537402800002713e-05,0.1825268145980499,1.3598431492486857e-06,0.013685008532400067,12.33772018964452,-0.9582173084026339,inf,-0.3943390656163999,7.569139000018765e-07,-0.39052583481509995,4.073466299991946e-06,-0.21181225101835002,1.129714450001651e-06,D:\HyraiOn\ENS_Lyon\Internship\2026-EPFL\data\distinVBCsJ2Continuation\Results_Izar_J2_sequences\s003_J2_0p28_D_8_plaquette\left\insurance_1\J2_0p275\D_8_chi_104_energy_magnetization_correlation.txt,D:\HyraiOn\ENS_Lyon\Internship\2026-EPFL\data\distinVBCsJ2Continuation\Results_Izar_J2_sequences\s003_J2_0p28_D_8_plaquette\left\insurance_1\J2_0p275\sweep_D8_chi104_best.pt
False,False,False,relative Delta difference 1233.3%>35%,legacy:s003:left:insurance2:075dd7c1c60a,plaquette,0.275,8,104,legacy:s003:left:insurance2,-0.4304088416646,True,-0.4303882490411,-2.0592623499959828e-05,0.18246901614054997,1.3814299737017763e-06,0.013685008532400067,12.333496702507988,-0.9587107608833885,inf,-0.39430124116674997,7.698442499870506e-07,-0.39053423774734997,4.07002075000773e-06,-0.2118322250262,1.1470346999997716e-06,D:\HyraiOn\ENS_Lyon\Internship\2026-EPFL\data\distinVBCsJ2Continuation\Results_Izar_J2_sequences\s003_J2_0p28_D_8_plaquette\left\insurance_2\J2_0p275\D_8_chi_104_energy_magnetization_correlation.txt,D:\HyraiOn\ENS_Lyon\Internship\2026-EPFL\data\distinVBCsJ2Continuation\Results_Izar_J2_sequences\s003_J2_0p28_D_8_plaquette\left\insurance_2\J2_0p275\sweep_D8_chi104_best.pt
True,True,False,,original_2c3:symmetry_restored:eb2606dbad80,plaquette,0.275,8,0,original_2c3:symmetry_restored,-0.4303882490411,True,-0.4303882490411,0.0,0.013685008532400067,9.767241872269607e-06,0.013685008532400067,0.0,-0.845317832094278,0.0,-0.3390522824381,6.932105000023726e-07,-0.3379938690443,7.001952500002018e-06,-0.3253672739056999,9.74261119998654e-06,D:\HyraiOn\ENS_Lyon\Internship\2026-EPFL\data\0713summary\J2_0p275\2tensor_twoC3\D_8\energy_magnetization_correlation.txt,D:\HyraiOn\ENS_Lyon\Internship\2026-EPFL\data\0713summary\J2_0p275\2tensor_twoC3\D_8\tensor_best.pt
False,True,False,,catalog:izar_replica1_small_h:plaquette:3e9303a26412,plaquette,0.28,8,104,catalog:izar_replica1_small_h:plaquette,-0.4291916976238,True,-0.4291893313359,-2.366287900013031e-06,0.19128279540694998,1.3290710718040027e-06,0.19287477053204996,0.008253931401750875,-0.9581982320104182,-0.01964800356882704,-0.39596813715109996,7.228819000060226e-07,-0.3919701576341,4.156355399992373e-06,-0.20468534174414998,1.11528994999055e-06,D:\HyraiOn\ENS_Lyon\Internship\2026-EPFL\data\distinVBCsSmallH\Results_Izar_replica1\J2_0.28\D_8\orientation_0\plaquette\replica_1\h_0\D_8_chi_104_energy_magnetization_correlation.txt,D:\HyraiOn\ENS_Lyon\Internship\2026-EPFL\data\distinVBCsSmallH\Results_Izar_replica1\J2_0.28\D_8\orientation_0\plaquette\replica_1\h_0\sweep_D8_chi104_best.pt
False,True,False,,legacy_seed:s003:a50e726a764c,plaquette,0.28,8,104,legacy_seed:s003,-0.4291916976238,True,-0.4291893313359,-2.366287900013031e-06,0.19128279540694998,1.3290710718040027e-06,0.19287477053204996,0.008253931401750875,-0.9581982320104182,-0.01964800356882704,-0.39596813715109996,7.228819000060226e-07,-0.3919701576341,4.156355399992373e-06,-0.20468534174414998,1.11528994999055e-06,D:\HyraiOn\ENS_Lyon\Internship\2026-EPFL\6-AD-CTMRG\models\VBCJ2SeedContinuationIzar\seeds\s003\observation.txt,D:\HyraiOn\ENS_Lyon\Internship\2026-EPFL\6-AD-CTMRG\models\VBCJ2SeedContinuationIzar\seeds\s003\tensor_best.pt
True,True,False,,original_2c3:af6b612c4a1c,plaquette,0.28,8,0,original_2c3,-0.4291893313359,True,-0.4291893313359,0.0,0.19287477053204996,3.047945184143473e-06,0.19287477053204996,0.0,-0.8505366972757613,0.0,-0.40008061361209996,2.9580007999963076e-06,-0.38566676350415,2.4432174999811096e-07,-0.20720584308005,7.34983750000362e-07,D:\HyraiOn\ENS_Lyon\Internship\2026-EPFL\data\0713summary\J2_0p28\2tensor_twoC3\D_8\energy_magnetization_correlation.txt,D:\HyraiOn\ENS_Lyon\Internship\2026-EPFL\data\0713summary\J2_0p28\2tensor_twoC3\D_8\tensor_best.pt
False,True,False,,catalog:izar_replica1:plaquette:1b50648098af,plaquette,0.29,8,104,catalog:izar_replica1:plaquette,-0.4268665487844,True,-0.4268483479623,-1.820082210002294e-05,0.20692101737699994,2.4899835316598776e-06,0.21976394898254994,0.05843966521810989,-0.9501721227258673,0.039477985482135144,-0.39887749039274994,2.4472846499867806e-06,-0.3937222728631,7.66506249999521e-06,-0.19195647301575,4.591468500125817e-07,D:\HyraiOn\ENS_Lyon\Internship\2026-EPFL\data\distinVBCs\Results_Izar_replica1\J2_0.29\D_8\orientation_2\plaquette\replica_1\h_0p0\D_8_chi_104_energy_magnetization_correlation.txt,D:\HyraiOn\ENS_Lyon\Internship\2026-EPFL\data\distinVBCs\Results_Izar_replica1\J2_0.29\D_8\orientation_2\plaquette\replica_1\h_0p0\sweep_D8_chi104_best.pt
False,True,False,,catalog:izar_replica1_small_h:dimer-plaquette:3fcf69da2394,plaquette,0.29,8,104,catalog:izar_replica1_small_h:dimer-plaquette,-0.4268633123622,True,-0.4268483479623,-1.4964399900008196e-05,0.21281772874800003,2.3899376748348173e-06,0.21976394898254994,0.03160764204824817,-0.8095637522807603,0.0031844140772506364,-0.40592393068405,2.173802549992887e-06,-0.3856598258286,2.7784390999874287e-06,-0.19310620193605,9.931689499975693e-07,D:\HyraiOn\ENS_Lyon\Internship\2026-EPFL\data\distinVBCsSmallH\Results_Izar_replica1\J2_0.29\D_8\orientation_2\dimer-plaquette\replica_1\h_0\D_8_chi_104_energy_magnetization_correlation.txt,D:\HyraiOn\ENS_Lyon\Internship\2026-EPFL\data\distinVBCsSmallH\Results_Izar_replica1\J2_0.29\D_8\orientation_2\dimer-plaquette\replica_1\h_0\sweep_D8_chi104_best.pt
True,True,False,,catalog:izar_replica1_small_h:plaquette:0fdec6f767f5,plaquette,0.29,8,104,catalog:izar_replica1_small_h:plaquette,-0.4268662207217,True,-0.4268483479623,-1.7872759400017202e-05,0.20753218614054997,2.4168278713586095e-06,0.21976394898254994,0.055658641458846476,-0.941769276384842,0.03482469635231379,-0.39937667921479997,2.353252099990266e-06,-0.3933343045286,5.549069099997083e-06,-0.19184449307425,5.506918500097768e-07,D:\HyraiOn\ENS_Lyon\Internship\2026-EPFL\data\distinVBCsSmallH\Results_Izar_replica1\J2_0.29\D_8\orientation_2\plaquette\replica_1\h_0\D_8_chi_104_energy_magnetization_correlation.txt,D:\HyraiOn\ENS_Lyon\Internship\2026-EPFL\data\distinVBCsSmallH\Results_Izar_replica1\J2_0.29\D_8\orientation_2\plaquette\replica_1\h_0\sweep_D8_chi104_best.pt
False,True,False,,legacy:s003:right:insurance1:b15508a3c289,plaquette,0.29,8,104,legacy:s003:right:insurance1,-0.4268656015277,True,-0.4268483479623,-1.725356539999945e-05,0.20673398717185004,2.0200145249730154e-06,0.21976394898254994,0.059290715656618136,-0.9580836935317423,0.03908125467794937,-0.3985538224094,1.1171700000089935e-06,-0.39422105982754996,3.6742908499920457e-06,-0.19181983523754997,1.6829705500043257e-06,D:\HyraiOn\ENS_Lyon\Internship\2026-EPFL\data\distinVBCsJ2Continuation\Results_Izar_J2_sequences\s003_J2_0p28_D_8_plaquette\right\insurance_1\J2_0p29\D_8_chi_104_energy_magnetization_correlation.txt,D:\HyraiOn\ENS_Lyon\Internship\2026-EPFL\data\distinVBCsJ2Continuation\Results_Izar_J2_sequences\s003_J2_0p28_D_8_plaquette\right\insurance_1\J2_0p29\sweep_D8_chi104_best.pt
False,True,False,,legacy:s003:right:insurance2:caafbf099fae,plaquette,0.29,8,104,legacy:s003:right:insurance2,-0.4268653393888,True,-0.4268483479623,-1.699142650002372e-05,0.20662303619715,1.995634250376161e-06,0.21976394898254994,0.059795579967683324,-0.9607631703061204,0.039401974436282045,-0.3984221064627,1.1166477000001949e-06,-0.39436849002165003,3.339881449987425e-06,-0.19179907026555,1.6539812500021567e-06,D:\HyraiOn\ENS_Lyon\Internship\2026-EPFL\data\distinVBCsJ2Continuation\Results_Izar_J2_sequences\s003_J2_0p28_D_8_plaquette\right\insurance_2\J2_0p29\D_8_chi_104_energy_magnetization_correlation.txt,D:\HyraiOn\ENS_Lyon\Internship\2026-EPFL\data\distinVBCsJ2Continuation\Results_Izar_J2_sequences\s003_J2_0p28_D_8_plaquette\right\insurance_2\J2_0p29\sweep_D8_chi104_best.pt
False,True,False,,original_2c3:09f04d03c42f,plaquette,0.29,8,0,original_2c3,-0.4268483479623,True,-0.4268483479623,0.0,0.21976394898254994,4.050659192152768e-06,0.21976394898254994,0.0,-0.6254176496189718,0.0,-0.41524805718889995,3.5493790999929775e-06,-0.37408820891945,6.374254499785792e-07,-0.19548410820635,1.951857550003267e-06,D:\HyraiOn\ENS_Lyon\Internship\2026-EPFL\data\0713summary\J2_0p29\2tensor_twoC3\D_8\energy_magnetization_correlation.txt,D:\HyraiOn\ENS_Lyon\Internship\2026-EPFL\data\0713summary\J2_0p29\2tensor_twoC3\D_8\tensor_best.pt
False,True,False,,catalog:izar_replica1_small_h:plaquette:d03c3faea5a0,plaquette,0.3,8,104,catalog:izar_replica1_small_h:plaquette,-0.4246494769689,True,-0.4246130246619,-3.645230700000113e-05,0.22739383767559998,2.694062597641704e-06,0.22733669968019998,0.0002513364339342249,-0.9339884549786523,0.04563934285715525,-0.40362565841889997,1.9556200001047408e-07,-0.39612034914225003,9.07257024998498e-06,-0.1762318207433,2.686955299993632e-06,D:\HyraiOn\ENS_Lyon\Internship\2026-EPFL\data\distinVBCsSmallH\Results_Izar_replica1\J2_0.30\D_8\orientation_2\plaquette\replica_1\h_0\D_8_chi_104_energy_magnetization_correlation.txt,D:\HyraiOn\ENS_Lyon\Internship\2026-EPFL\data\distinVBCsSmallH\Results_Izar_replica1\J2_0.30\D_8\orientation_2\plaquette\replica_1\h_0\sweep_D8_chi104_best.pt
False,True,False,,legacy:s003:right:insurance1:649f95a5f6c3,plaquette,0.3,8,104,legacy:s003:right:insurance1,-0.4246812907167,True,-0.4246130246619,-6.826605480003689e-05,0.2219484713315,1.566048758033099e-06,0.22733669968019998,0.023701533260048778,-0.957075233581716,0.2194032741877101,-0.40097293220104996,1.01246545000655e-06,-0.39620938905665004,1.7874893500080535e-06,-0.17902446086954996,1.1947478500001774e-06,D:\HyraiOn\ENS_Lyon\Internship\2026-EPFL\data\distinVBCsJ2Continuation\Results_Izar_J2_sequences\s003_J2_0p28_D_8_plaquette\right\insurance_1\J2_0p30\D_8_chi_104_energy_magnetization_correlation.txt,D:\HyraiOn\ENS_Lyon\Internship\2026-EPFL\data\distinVBCsJ2Continuation\Results_Izar_J2_sequences\s003_J2_0p28_D_8_plaquette\right\insurance_1\J2_0p30\sweep_D8_chi104_best.pt
True,True,False,,legacy:s003:right:insurance2:a2437ba575fe,plaquette,0.3,8,104,legacy:s003:right:insurance2,-0.4246805363005,True,-0.4246130246619,-6.751163860002629e-05,0.2218890850724,1.6699822308078753e-06,0.22733669968019998,0.023962759270558978,-0.951343939340787,0.21444100437082012,-0.40119481336959995,1.2134749000081158e-06,-0.39579668897814996,2.568920650009021e-06,-0.17930572829719996,1.1473096000053085e-06,D:\HyraiOn\ENS_Lyon\Internship\2026-EPFL\data\distinVBCsJ2Continuation\Results_Izar_J2_sequences\s003_J2_0p28_D_8_plaquette\right\insurance_2\J2_0p30\D_8_chi_104_energy_magnetization_correlation.txt,D:\HyraiOn\ENS_Lyon\Internship\2026-EPFL\data\distinVBCsJ2Continuation\Results_Izar_J2_sequences\s003_J2_0p28_D_8_plaquette\right\insurance_2\J2_0p30\sweep_D8_chi104_best.pt
False,True,False,,catalog:izar_replica1:plaquette:558f630990d3,plaquette,0.31,8,104,catalog:izar_replica1:plaquette,-0.4226262413428,True,-0.4225934640509,-3.2777291900043526e-05,0.23617449830345,1.1142994555726987e-05,0.23818076860754997,0.008423309387357381,-0.9824840346603183,0.03382573062028278,-0.4019207759115,1.0947303200004031e-05,-0.3998523637483,1.0914471999801112e-06,-0.16574627760805,2.079153750000895e-06,D:\HyraiOn\ENS_Lyon\Internship\2026-EPFL\data\distinVBCs\Results_Izar_replica1\J2_0.31\D_8\orientation_0\plaquette\replica_1\h_0p0\D_8_chi_104_energy_magnetization_correlation.txt,D:\HyraiOn\ENS_Lyon\Internship\2026-EPFL\data\distinVBCs\Results_Izar_replica1\J2_0.31\D_8\orientation_0\plaquette\replica_1\h_0p0\sweep_D8_chi104_best.pt
False,True,False,,catalog:izar_replica1_small_h:plaquette:d3a32a32d94c,plaquette,0.31,8,104,catalog:izar_replica1_small_h:plaquette,-0.4226064593188,True,-0.4225934640509,-1.299526789999561e-05,0.24088899465095,1.4967538531365703e-05,0.23818076860754997,0.01137046479122914,-0.9514665831731306,-0.010701270999889342,-0.4047577918101,1.488279389999514e-05,-0.3989122088169,2.2207469999868668e-06,-0.16386879715915,1.5904890500045843e-06,D:\HyraiOn\ENS_Lyon\Internship\2026-EPFL\data\distinVBCsSmallH\Results_Izar_replica1\J2_0.31\D_8\orientation_0\plaquette\replica_1\h_0\D_8_chi_104_energy_magnetization_correlation.txt,D:\HyraiOn\ENS_Lyon\Internship\2026-EPFL\data\distinVBCsSmallH\Results_Izar_replica1\J2_0.31\D_8\orientation_0\plaquette\replica_1\h_0\sweep_D8_chi104_best.pt
False,True,False,,legacy:s003:right:insurance1:4cb3713cfb3e,plaquette,0.31,8,104,legacy:s003:right:insurance1,-0.4226372644143,True,-0.4225934640509,-4.380036340001503e-05,0.2357432257727,2.1307069764541296e-06,0.23818076860754997,0.010234003564184968,-0.955273870307662,0.07646419750925121,-0.4029160997291,1.5211113000013208e-06,-0.3976441586841,1.5745037999781442e-06,-0.1671728739564,1.4920229999965118e-06,D:\HyraiOn\ENS_Lyon\Internship\2026-EPFL\data\distinVBCsJ2Continuation\Results_Izar_J2_sequences\s003_J2_0p28_D_8_plaquette\right\insurance_1\J2_0p31\D_8_chi_104_energy_magnetization_correlation.txt,D:\HyraiOn\ENS_Lyon\Internship\2026-EPFL\data\distinVBCsJ2Continuation\Results_Izar_J2_sequences\s003_J2_0p28_D_8_plaquette\right\insurance_1\J2_0p31\sweep_D8_chi104_best.pt
True,True,False,,legacy:s003:right:insurance2:d7bfd9c8bbad,plaquette,0.31,8,104,legacy:s003:right:insurance2,-0.4226353029482,True,-0.4225934640509,-4.183889730002832e-05,0.23520374732465002,2.2080944170065654e-06,0.23818076860754997,0.01249899939572864,-0.9528667997763737,0.0687243461835645,-0.4028646933956,1.7021064999955815e-06,-0.3973217407376,1.9643904000110624e-06,-0.16766094607094997,1.4065967499921062e-06,D:\HyraiOn\ENS_Lyon\Internship\2026-EPFL\data\distinVBCsJ2Continuation\Results_Izar_J2_sequences\s003_J2_0p28_D_8_plaquette\right\insurance_2\J2_0p31\D_8_chi_104_energy_magnetization_correlation.txt,D:\HyraiOn\ENS_Lyon\Internship\2026-EPFL\data\distinVBCsJ2Continuation\Results_Izar_J2_sequences\s003_J2_0p28_D_8_plaquette\right\insurance_2\J2_0p31\sweep_D8_chi104_best.pt
False,True,False,,catalog:izar_replica1:dimer-plaquette:2377056e784e,plaquette,0.32,8,104,catalog:izar_replica1:dimer-plaquette,-0.4207319760275,True,-0.4207280842888,-3.891738700023684e-06,0.25439815025025003,2.8474328955100257e-06,0.25092832021520006,0.013827972992742268,-0.8823722972841438,-0.01759519417981038,-0.40938300291220003,1.060826299997819e-06,-0.39442086791764996,5.535227499964268e-07,-0.15498485266195003,2.642446150002975e-06,D:\HyraiOn\ENS_Lyon\Internship\2026-EPFL\data\distinVBCs\Results_Izar_replica1\J2_0.32\D_8\orientation_0\dimer-plaquette\replica_1\h_0p0\D_8_chi_104_energy_magnetization_correlation.txt,D:\HyraiOn\ENS_Lyon\Internship\2026-EPFL\data\distinVBCs\Results_Izar_replica1\J2_0.32\D_8\orientation_0\dimer-plaquette\replica_1\h_0p0\sweep_D8_chi104_best.pt
False,True,False,,catalog:izar_replica1:plaquette:b1762753ad56,plaquette,0.32,8,104,catalog:izar_replica1:plaquette,-0.420732815962,True,-0.4207280842888,-4.731673200031317e-06,0.2502200112098,9.072291125125945e-06,0.25092832021520006,0.002822754341927728,-0.9563100123369681,-0.019578573777846914,-0.40480704740795,9.052022349992361e-06,-0.39934099280655005,1.8379365002152426e-07,-0.15458703619814998,6.061003500063e-07,D:\HyraiOn\ENS_Lyon\Internship\2026-EPFL\data\distinVBCs\Results_Izar_replica1\J2_0.32\D_8\orientation_0\plaquette\replica_1\h_0p0\D_8_chi_104_energy_magnetization_correlation.txt,D:\HyraiOn\ENS_Lyon\Internship\2026-EPFL\data\distinVBCs\Results_Izar_replica1\J2_0.32\D_8\orientation_0\plaquette\replica_1\h_0p0\sweep_D8_chi104_best.pt
True,True,False,,catalog:izar_replica1_small_h:dimer-plaquette:e33ead20812b,plaquette,0.32,8,104,catalog:izar_replica1_small_h:dimer-plaquette,-0.4207345061122,True,-0.4207280842888,-6.4218233999935315e-06,0.2537021983635499,3.6238621796539864e-06,0.25092832021520006,0.011054464262825808,-0.8852964047737601,-0.01717383410519719,-0.40902900572849993,2.6700985999994487e-06,-0.39447872859395,2.590458499929227e-07,-0.15532680736495,2.4500919499903517e-06,D:\HyraiOn\ENS_Lyon\Internship\2026-EPFL\data\distinVBCsSmallH\Results_Izar_replica1\J2_0.32\D_8\orientation_0\dimer-plaquette\replica_1\h_0\D_8_chi_104_energy_magnetization_correlation.txt,D:\HyraiOn\ENS_Lyon\Internship\2026-EPFL\data\distinVBCsSmallH\Results_Izar_replica1\J2_0.32\D_8\orientation_0\dimer-plaquette\replica_1\h_0\sweep_D8_chi104_best.pt
False,True,False,,catalog:izar_replica1_small_h:plaquette:b9e5d5afc0bb,plaquette,0.32,8,104,catalog:izar_replica1_small_h:plaquette,-0.420729430174,True,-0.4207280842888,-1.3458852000103327e-06,0.2513351274312,7.14961347466832e-06,0.25092832021520006,0.0016212088601679751,-0.9515460506672165,-0.020675787178865583,-0.40537411904935,6.896052450022783e-06,-0.3992850292843,7.851210999942904e-07,-0.15403899161815002,1.8871760499999946e-06,D:\HyraiOn\ENS_Lyon\Internship\2026-EPFL\data\distinVBCsSmallH\Results_Izar_replica1\J2_0.32\D_8\orientation_0\plaquette\replica_1\h_0\D_8_chi_104_energy_magnetization_correlation.txt,D:\HyraiOn\ENS_Lyon\Internship\2026-EPFL\data\distinVBCsSmallH\Results_Izar_replica1\J2_0.32\D_8\orientation_0\plaquette\replica_1\h_0\sweep_D8_chi104_best.pt
False,True,False,,legacy:s003:right:insurance1:c1a7c9424629,plaquette,0.32,8,104,legacy:s003:right:insurance1,-0.4207334366194,True,-0.4207280842888,-5.352330600005839e-06,0.2505657058335501,2.0208826425608492e-06,0.25092832021520006,0.0014450914960056679,-0.9305877153964804,-0.01934089775268466,-0.40606936631280005,1.4348351000115223e-06,-0.3973731972702,1.5763755999986806e-06,-0.15550366047925,1.4231004499959399e-06,D:\HyraiOn\ENS_Lyon\Internship\2026-EPFL\data\distinVBCsJ2Continuation\Results_Izar_J2_sequences\s003_J2_0p28_D_8_plaquette\right\insurance_1\J2_0p32\D_8_chi_104_energy_magnetization_correlation.txt,D:\HyraiOn\ENS_Lyon\Internship\2026-EPFL\data\distinVBCsJ2Continuation\Results_Izar_J2_sequences\s003_J2_0p28_D_8_plaquette\right\insurance_1\J2_0p32\sweep_D8_chi104_best.pt
False,True,False,,legacy:s003:right:insurance2:e86817341173,plaquette,0.32,8,104,legacy:s003:right:insurance2,-0.4207323033562,True,-0.4207280842888,-4.219067400001997e-06,0.2506847140201,1.7867245595087767e-06,0.25092832021520006,0.0009708198536184917,-0.9279528085703228,-0.01989790962650332,-0.40623638509525,1.53268085001379e-06,-0.3972058203055,9.028026000112988e-07,-0.15555167107515,9.182995500123249e-07,D:\HyraiOn\ENS_Lyon\Internship\2026-EPFL\data\distinVBCsJ2Continuation\Results_Izar_J2_sequences\s003_J2_0p28_D_8_plaquette\right\insurance_2\J2_0p32\D_8_chi_104_energy_magnetization_correlation.txt,D:\HyraiOn\ENS_Lyon\Internship\2026-EPFL\data\distinVBCsJ2Continuation\Results_Izar_J2_sequences\s003_J2_0p28_D_8_plaquette\right\insurance_2\J2_0p32\sweep_D8_chi104_best.pt
False,True,False,,original_2c3:b0e6d886a836,plaquette,0.32,8,0,original_2c3,-0.4207280842888,True,-0.4207280842888,0.0,0.25092832021520006,4.708823350283483e-06,0.25092832021520006,0.0,-0.9435345219505368,0.0,-0.40562073761465006,4.333426549985031e-06,-0.39853634383610004,3.417350000201047e-08,-0.15469241739945003,1.842398349993779e-06,D:\HyraiOn\ENS_Lyon\Internship\2026-EPFL\data\0713summary\J2_0p32\2tensor_twoC3\D_8\energy_magnetization_correlation.txt,D:\HyraiOn\ENS_Lyon\Internship\2026-EPFL\data\0713summary\J2_0p32\2tensor_twoC3\D_8\tensor_best.pt
False,False,False,relative Delta difference 1187.2%>35%,legacy:s005:left:insurance1:af8e71f63345,plaquette,0.26,9,108,legacy:s005:left:insurance1,-0.434588454618,True,-0.4346062193824,1.776476440001895e-05,0.03146270911435001,6.214358165338064e-06,0.0024443624944001097,11.871539792657275,-0.9353517459126838,inf,-0.34805590661314995,3.290879249995271e-06,-0.34703890200660004,1.0598895099994676e-05,-0.31659319749879994,5.27146669998535e-06,D:\HyraiOn\ENS_Lyon\Internship\2026-EPFL\data\distinVBCsJ2Continuation\Results_Izar_J2_sequences\s005_J2_0p3_D_9_plaquette\left\insurance_1\J2_0p26\D_9_chi_108_energy_magnetization_correlation.txt,D:\HyraiOn\ENS_Lyon\Internship\2026-EPFL\data\distinVBCsJ2Continuation\Results_Izar_J2_sequences\s005_J2_0p3_D_9_plaquette\left\insurance_1\J2_0p26\sweep_D9_chi108_best.pt
False,False,False,relative Delta difference 1179.3%>35%,legacy:s005:left:insurance2:ba5252cd493a,plaquette,0.26,9,108,legacy:s005:left:insurance2,-0.4345932622565,True,-0.4346062193824,1.295712589999276e-05,0.03127057930904997,4.667157068387118e-06,0.0024443624944001097,11.792938600837243,-0.8545353947989266,inf,-0.34843690805574995,1.029809949981697e-06,-0.34616252681895004,2.0228276649991717e-05,-0.3171663287467,4.552125500018045e-06,D:\HyraiOn\ENS_Lyon\Internship\2026-EPFL\data\distinVBCsJ2Continuation\Results_Izar_J2_sequences\s005_J2_0p3_D_9_plaquette\left\insurance_2\J2_0p26\D_9_chi_108_energy_magnetization_correlation.txt,D:\HyraiOn\ENS_Lyon\Internship\2026-EPFL\data\distinVBCsJ2Continuation\Results_Izar_J2_sequences\s005_J2_0p3_D_9_plaquette\left\insurance_2\J2_0p26\sweep_D9_chi108_best.pt
False,False,False,relative Delta difference 2290.9%>35%,legacy:s103:left:insurance1:e113396470dc,plaquette,0.26,9,108,legacy:s103:left:insurance1,-0.4345395737007,True,-0.4346062193824,6.664568170000607e-05,0.05844206116310002,8.83324567752036e-06,0.0024443624944001097,22.908917477251162,-0.7352827124504597,inf,-0.35802297484115003,7.98070295002229e-06,-0.35028766288619995,1.488104219998787e-05,-0.29958091367805,3.7861074499989655e-06,D:\HyraiOn\ENS_Lyon\Internship\2026-EPFL\data\distinVBCsJ2Continuation\Results_Izar_J2_sequences\s103_J2_0p31_D_9_plaquette\left\insurance_1\J2_0p26\D_9_chi_108_energy_magnetization_correlation.txt,D:\HyraiOn\ENS_Lyon\Internship\2026-EPFL\data\distinVBCsJ2Continuation\Results_Izar_J2_sequences\s103_J2_0p31_D_9_plaquette\left\insurance_1\J2_0p26\sweep_D9_chi108_best.pt
False,False,False,relative Delta difference 840.3%>35%,legacy:s103:left:insurance2:1fb2bf3a834d,plaquette,0.26,9,108,legacy:s103:left:insurance2,-0.4345744423802,True,-0.4346062193824,3.177700220002855e-05,0.022985494709350074,1.3854500045666026e-05,0.0024443624944001097,8.403472178127625,-0.6949969034624128,inf,-0.3462042026536,1.342928000000465e-05,-0.3426988791227,1.9803053099981538e-05,-0.32321870794424995,3.406113650017417e-06,D:\HyraiOn\ENS_Lyon\Internship\2026-EPFL\data\distinVBCsJ2Continuation\Results_Izar_J2_sequences\s103_J2_0p31_D_9_plaquette\left\insurance_2\J2_0p26\D_9_chi_108_energy_magnetization_correlation.txt,D:\HyraiOn\ENS_Lyon\Internship\2026-EPFL\data\distinVBCsJ2Continuation\Results_Izar_J2_sequences\s103_J2_0p31_D_9_plaquette\left\insurance_2\J2_0p26\sweep_D9_chi108_best.pt
True,True,False,,original_2c3:symmetry_restored:becc439d4f6e,plaquette,0.26,9,0,original_2c3:symmetry_restored,-0.4346062193824,True,-0.4346062193824,0.0,0.0024443624944001097,2.6862964113233356e-07,0.0024443624944001097,0.0,-0.11413204970174962,0.0,-0.33849952883250006,1.3409130000807679e-07,-0.33741683763615,6.493704049981286e-06,-0.33605516633809995,2.327689999914728e-07,D:\HyraiOn\ENS_Lyon\Internship\2026-EPFL\data\0713summary\J2_0p26\2tensor_twoC3\D_9\energy_magnetization_correlation.txt,D:\HyraiOn\ENS_Lyon\Internship\2026-EPFL\data\0713summary\J2_0p26\2tensor_twoC3\D_9\tensor_best.pt
False,False,False,relative Delta difference 741.0%>35%,legacy:s005:left:insurance1:0f39d7b28ee6,plaquette,0.265,9,108,legacy:s005:left:insurance1,-0.4332365923422,True,-0.4332520538593,1.5461517099968347e-05,0.04438155495069995,6.904750908889448e-06,0.005276996820050006,7.410381219498135,-0.8361427969214212,inf,-0.35191867235494995,3.678790150007938e-06,-0.3482825536237,1.128688269999567e-05,-0.30753711740425,5.843123149995577e-06,D:\HyraiOn\ENS_Lyon\Internship\2026-EPFL\data\distinVBCsJ2Continuation\Results_Izar_J2_sequences\s005_J2_0p3_D_9_plaquette\left\insurance_1\J2_0p265\D_9_chi_108_energy_magnetization_correlation.txt,D:\HyraiOn\ENS_Lyon\Internship\2026-EPFL\data\distinVBCsJ2Continuation\Results_Izar_J2_sequences\s005_J2_0p3_D_9_plaquette\left\insurance_1\J2_0p265\sweep_D9_chi108_best.pt
False,False,False,relative Delta difference 675.6%>35%,legacy:s005:left:insurance2:a720553cfeb7,plaquette,0.265,9,108,legacy:s005:left:insurance2,-0.4332359139163,True,-0.4332520538593,1.6139942999982004e-05,0.04093048875854999,5.058718466695316e-06,0.005276996820050006,6.756398223139752,-0.8845159658443494,inf,-0.3503723865398,5.692337000096082e-07,-0.3480089775589001,1.86417423999885e-05,-0.30944189778125003,5.02658984999349e-06,D:\HyraiOn\ENS_Lyon\Internship\2026-EPFL\data\distinVBCsJ2Continuation\Results_Izar_J2_sequences\s005_J2_0p3_D_9_plaquette\left\insurance_2\J2_0p265\D_9_chi_108_energy_magnetization_correlation.txt,D:\HyraiOn\ENS_Lyon\Internship\2026-EPFL\data\distinVBCsJ2Continuation\Results_Izar_J2_sequences\s005_J2_0p3_D_9_plaquette\left\insurance_2\J2_0p265\sweep_D9_chi108_best.pt
False,False,False,relative Delta difference 1007.5%>35%,legacy:s103:left:insurance1:cc75aaf36b19,plaquette,0.265,9,108,legacy:s103:left:insurance1,-0.4332048436071,True,-0.4332520538593,4.7210252200002856e-05,0.058443311184800006,8.834903734654137e-06,0.005276996820050006,10.075108281806049,-0.735268443169182,inf,-0.35802351316445,7.981487949976218e-06,-0.3502876187863,1.489277569999281e-05,-0.29958020197965,3.788320750014451e-06,D:\HyraiOn\ENS_Lyon\Internship\2026-EPFL\data\distinVBCsJ2Continuation\Results_Izar_J2_sequences\s103_J2_0p31_D_9_plaquette\left\insurance_1\J2_0p265\D_9_chi_108_energy_magnetization_correlation.txt,D:\HyraiOn\ENS_Lyon\Internship\2026-EPFL\data\distinVBCsJ2Continuation\Results_Izar_J2_sequences\s103_J2_0p31_D_9_plaquette\left\insurance_1\J2_0p265\sweep_D9_chi108_best.pt
False,False,False,relative Delta difference 1089.0%>35%,legacy:s103:left:insurance2:09d5be0162ad,plaquette,0.265,9,108,legacy:s103:left:insurance2,-0.4332044707969,True,-0.4332520538593,4.758306239999177e-05,0.06274112994104997,7.4784630655046764e-06,0.005276996820050006,10.889552349674416,-0.7609701028098981,inf,-0.35933095650605,6.198638650006805e-06,-0.35183245358635,1.42135756500128e-05,-0.29658982656500005,4.183812700009337e-06,D:\HyraiOn\ENS_Lyon\Internship\2026-EPFL\data\distinVBCsJ2Continuation\Results_Izar_J2_sequences\s103_J2_0p31_D_9_plaquette\left\insurance_2\J2_0p265\D_9_chi_108_energy_magnetization_correlation.txt,D:\HyraiOn\ENS_Lyon\Internship\2026-EPFL\data\distinVBCsJ2Continuation\Results_Izar_J2_sequences\s103_J2_0p31_D_9_plaquette\left\insurance_2\J2_0p265\sweep_D9_chi108_best.pt
True,True,False,,original_2c3:symmetry_restored:53b3b5b7d227,plaquette,0.265,9,0,original_2c3:symmetry_restored,-0.4332520538593,True,-0.4332520538593,0.0,0.005276996820050006,2.7086751862271726e-05,0.005276996820050006,0.0,0.4810234965663496,0.0,-0.33916005971045,1.5916496249990253e-05,-0.33525238156955,1.4824237500044024e-06,-0.3338830628904,2.19170543999947e-05,D:\HyraiOn\ENS_Lyon\Internship\2026-EPFL\data\0713summary\J2_0p265\2tensor_twoC3\D_9\energy_magnetization_correlation.txt,D:\HyraiOn\ENS_Lyon\Internship\2026-EPFL\data\0713summary\J2_0p265\2tensor_twoC3\D_9\tensor_best.pt
False,False,False,relative Delta difference 276.5%>35%,legacy:s005:left:insurance1:d89d529cf1c7,plaquette,0.27,9,108,legacy:s005:left:insurance1,-0.4319204903855,True,-0.4319224900806,1.999695100007859e-06,0.06050072927115002,7.768426196366397e-06,0.01607055140720004,2.764695295025413,-0.8155867058676882,inf,-0.35661381796495,4.275451649993212e-06,-0.35103524857380003,1.2092979699979134e-05,-0.2961130886938,6.4860587999926445e-06,D:\HyraiOn\ENS_Lyon\Internship\2026-EPFL\data\distinVBCsJ2Continuation\Results_Izar_J2_sequences\s005_J2_0p3_D_9_plaquette\left\insurance_1\J2_0p27\D_9_chi_108_energy_magnetization_correlation.txt,D:\HyraiOn\ENS_Lyon\Internship\2026-EPFL\data\distinVBCsJ2Continuation\Results_Izar_J2_sequences\s005_J2_0p3_D_9_plaquette\left\insurance_1\J2_0p27\sweep_D9_chi108_best.pt
False,False,False,relative Delta difference 424.2%>35%,legacy:s005:left:insurance2:c51b063d42ef,plaquette,0.27,9,108,legacy:s005:left:insurance2,-0.4319163874156,True,-0.4319224900806,6.102665000007335e-06,0.08423874555064997,6.34065158539334e-06,0.01607055140720004,4.241808038578486,-0.8605842741278878,inf,-0.36441719100505,1.1872040500127135e-06,-0.3585450880763,1.614736480001766e-05,-0.2801784454544,6.228515800010825e-06,D:\HyraiOn\ENS_Lyon\Internship\2026-EPFL\data\distinVBCsJ2Continuation\Results_Izar_J2_sequences\s005_J2_0p3_D_9_plaquette\left\insurance_2\J2_0p27\D_9_chi_108_energy_magnetization_correlation.txt,D:\HyraiOn\ENS_Lyon\Internship\2026-EPFL\data\distinVBCsJ2Continuation\Results_Izar_J2_sequences\s005_J2_0p3_D_9_plaquette\left\insurance_2\J2_0p27\sweep_D9_chi108_best.pt
False,False,False,relative Delta difference 592.1%>35%,legacy:s103:left:insurance1:89d6ddc4cc76,plaquette,0.27,9,108,legacy:s103:left:insurance1,-0.4318651131283,True,-0.4319224900806,5.7376952300014494e-05,0.11122318427224992,7.679166653706874e-06,0.01607055140720004,5.92093142631179,-0.7675949662551682,inf,-0.37438576872705,4.294555450007342e-06,-0.36146135478005004,1.453056975000977e-05,-0.26316258445480006,6.366034400018261e-06,D:\HyraiOn\ENS_Lyon\Internship\2026-EPFL\data\distinVBCsJ2Continuation\Results_Izar_J2_sequences\s103_J2_0p31_D_9_plaquette\left\insurance_1\J2_0p27\D_9_chi_108_energy_magnetization_correlation.txt,D:\HyraiOn\ENS_Lyon\Internship\2026-EPFL\data\distinVBCsJ2Continuation\Results_Izar_J2_sequences\s103_J2_0p31_D_9_plaquette\left\insurance_1\J2_0p27\sweep_D9_chi108_best.pt
False,False,False,relative Delta difference 571.8%>35%,legacy:s103:left:insurance2:a5164f956809,plaquette,0.27,9,108,legacy:s103:left:insurance2,-0.4318834999111,True,-0.4319224900806,3.899016950004164e-05,0.10795767460294997,6.789766065292015e-06,0.01607055140720004,5.717733067614719,-0.7501871029031685,inf,-0.37474304704614997,3.8039350499785574e-06,-0.36125843731795,1.377885445000282e-05,-0.2667853724432,5.624144500004925e-06,D:\HyraiOn\ENS_Lyon\Internship\2026-EPFL\data\distinVBCsJ2Continuation\Results_Izar_J2_sequences\s103_J2_0p31_D_9_plaquette\left\insurance_2\J2_0p27\D_9_chi_108_energy_magnetization_correlation.txt,D:\HyraiOn\ENS_Lyon\Internship\2026-EPFL\data\distinVBCsJ2Continuation\Results_Izar_J2_sequences\s103_J2_0p31_D_9_plaquette\left\insurance_2\J2_0p27\sweep_D9_chi108_best.pt
True,True,False,,original_2c3:symmetry_restored:b9d3f9377ffc,plaquette,0.27,9,0,original_2c3:symmetry_restored,-0.4319224900806,True,-0.4319224900806,0.0,0.01607055140720004,1.2474643750003887e-05,0.01607055140720004,0.0,0.4825093568056389,0.0,-0.34412055860070007,5.546849200011028e-06,-0.3322081871856,5.783502400019679e-06,-0.3280500071935,1.1173593899987955e-05,D:\HyraiOn\ENS_Lyon\Internship\2026-EPFL\data\0713summary\J2_0p27\2tensor_twoC3\D_9\energy_magnetization_correlation.txt,D:\HyraiOn\ENS_Lyon\Internship\2026-EPFL\data\0713summary\J2_0p27\2tensor_twoC3\D_9\tensor_best.pt
False,False,False,relative Delta difference 169.3%>35%,legacy:s005:left:insurance1:18c72e292bfe,plaquette,0.275,9,108,legacy:s005:left:insurance1,-0.4306423198822,True,-0.4306492031144,6.883232200050049e-06,0.10110511353984997,8.545904913097123e-06,0.03754181505705001,1.6931333337561512,-0.8810856742823278,inf,-0.36869970233385,4.859954050001614e-06,-0.36268827913225005,9.200504050010938e-06,-0.26759458879400005,7.029462100016648e-06,D:\HyraiOn\ENS_Lyon\Internship\2026-EPFL\data\distinVBCsJ2Continuation\Results_Izar_J2_sequences\s005_J2_0p3_D_9_plaquette\left\insurance_1\J2_0p275\D_9_chi_108_energy_magnetization_correlation.txt,D:\HyraiOn\ENS_Lyon\Internship\2026-EPFL\data\distinVBCsJ2Continuation\Results_Izar_J2_sequences\s005_J2_0p3_D_9_plaquette\left\insurance_1\J2_0p275\sweep_D9_chi108_best.pt
False,False,False,relative Delta difference 174.9%>35%,legacy:s005:left:insurance2:d2cde2c773bb,plaquette,0.275,9,108,legacy:s005:left:insurance2,-0.4306449913778,True,-0.4306492031144,4.211736600034932e-06,0.10319284610914986,6.507789484366829e-06,0.03754181505705001,1.7487441923714657,-0.8566277186506628,inf,-0.36984556279189995,1.1771087000123082e-06,-0.3624480659091,1.663395189999139e-05,-0.2666527166827501,6.400448350013522e-06,D:\HyraiOn\ENS_Lyon\Internship\2026-EPFL\data\distinVBCsJ2Continuation\Results_Izar_J2_sequences\s005_J2_0p3_D_9_plaquette\left\insurance_2\J2_0p275\D_9_chi_108_energy_magnetization_correlation.txt,D:\HyraiOn\ENS_Lyon\Internship\2026-EPFL\data\distinVBCsJ2Continuation\Results_Izar_J2_sequences\s005_J2_0p3_D_9_plaquette\left\insurance_2\J2_0p275\sweep_D9_chi108_best.pt
False,False,False,relative Delta difference 196.3%>35%,legacy:s103:left:insurance1:c41b66e4bcd9,plaquette,0.275,9,108,legacy:s103:left:insurance1,-0.4306125280765,True,-0.4306492031144,3.667503790000248e-05,0.11122417611624996,7.671584696865238e-06,0.03754181505705001,1.9626744457408187,-0.7675997899864548,inf,-0.37438594336935,4.280062049999422e-06,-0.36146168242535,1.4539803749991087e-05,-0.26316176725310003,6.36665380002177e-06,D:\HyraiOn\ENS_Lyon\Internship\2026-EPFL\data\distinVBCsJ2Continuation\Results_Izar_J2_sequences\s103_J2_0p31_D_9_plaquette\left\insurance_1\J2_0p275\D_9_chi_108_energy_magnetization_correlation.txt,D:\HyraiOn\ENS_Lyon\Internship\2026-EPFL\data\distinVBCsJ2Continuation\Results_Izar_J2_sequences\s103_J2_0p31_D_9_plaquette\left\insurance_1\J2_0p275\sweep_D9_chi108_best.pt
False,False,False,relative Delta difference 260.1%>35%,legacy:s103:left:insurance2:57d1da32c97d,plaquette,0.275,9,108,legacy:s103:left:insurance2,-0.4305960882142,True,-0.4306492031144,5.311490020004639e-05,0.13519572028980004,7.84474856498527e-06,0.03754181505705001,2.60120362013268,-0.7548109400508798,inf,-0.38212094097005006,3.649880550016249e-06,-0.3655466851865499,1.6105246749997804e-05,-0.24692522068025002,6.9439507500018705e-06,D:\HyraiOn\ENS_Lyon\Internship\2026-EPFL\data\distinVBCsJ2Continuation\Results_Izar_J2_sequences\s103_J2_0p31_D_9_plaquette\left\insurance_2\J2_0p275\D_9_chi_108_energy_magnetization_correlation.txt,D:\HyraiOn\ENS_Lyon\Internship\2026-EPFL\data\distinVBCsJ2Continuation\Results_Izar_J2_sequences\s103_J2_0p31_D_9_plaquette\left\insurance_2\J2_0p275\sweep_D9_chi108_best.pt
True,True,False,,original_2c3:symmetry_restored:e9702359890b,plaquette,0.275,9,0,original_2c3:symmetry_restored,-0.4306492031144,True,-0.4306492031144,0.0,0.03754181505705001,1.2788949382317885e-06,0.03754181505705001,0.0,-0.3034868289355759,0.0,-0.35026724528354997,1.27888694997913e-06,-0.33719306095709994,5.668797300018014e-06,-0.31272543022649996,4.5201999920863045e-09,D:\HyraiOn\ENS_Lyon\Internship\2026-EPFL\data\0713summary\J2_0p275\2tensor_twoC3\D_9\energy_magnetization_correlation.txt,D:\HyraiOn\ENS_Lyon\Internship\2026-EPFL\data\0713summary\J2_0p275\2tensor_twoC3\D_9\tensor_best.pt
False,True,False,,legacy:s005:left:insurance1:3d5055347f91,plaquette,0.28,9,108,legacy:s005:left:insurance1,-0.4294088089708,True,-0.4294108101266,2.0011557999577434e-06,0.12249244892404998,8.734453941723862e-06,0.10589849796614997,0.15669675469055466,-0.9108264337332941,0.2928898047378491,-0.3741898055144,4.986023800002126e-06,-0.3687282612587501,8.298329250006065e-06,-0.25169735659035003,7.171488850016284e-06,D:\HyraiOn\ENS_Lyon\Internship\2026-EPFL\data\distinVBCsJ2Continuation\Results_Izar_J2_sequences\s005_J2_0p3_D_9_plaquette\left\insurance_1\J2_0p28\D_9_chi_108_energy_magnetization_correlation.txt,D:\HyraiOn\ENS_Lyon\Internship\2026-EPFL\data\distinVBCsJ2Continuation\Results_Izar_J2_sequences\s005_J2_0p3_D_9_plaquette\left\insurance_1\J2_0p28\sweep_D9_chi108_best.pt
False,True,False,,legacy:s005:left:insurance2:8a44fab1a7ab,plaquette,0.28,9,108,legacy:s005:left:insurance2,-0.4294124084997,True,-0.4294108101266,-1.598373100042405e-06,0.12498440131819999,6.76956227564781e-06,0.10589849796614997,0.18022827253084125,-0.8903825668579255,0.39430028663732214,-0.3754297330593,1.4473930000091784e-06,-0.36857949843165,1.5489549250014e-05,-0.2504453317411,6.613019500001371e-06,D:\HyraiOn\ENS_Lyon\Internship\2026-EPFL\data\distinVBCsJ2Continuation\Results_Izar_J2_sequences\s005_J2_0p3_D_9_plaquette\left\insurance_2\J2_0p28\D_9_chi_108_energy_magnetization_correlation.txt,D:\HyraiOn\ENS_Lyon\Internship\2026-EPFL\data\distinVBCsJ2Continuation\Results_Izar_J2_sequences\s005_J2_0p3_D_9_plaquette\left\insurance_2\J2_0p28\sweep_D9_chi108_best.pt
False,False,False,relative Delta difference 38.8%>35%,legacy:s103:left:insurance1:2f877d2a7176,plaquette,0.28,9,108,legacy:s103:left:insurance1,-0.429374441377,True,-0.4294108101266,3.6368749600002026e-05,0.14700468781560003,6.358571093051267e-06,0.10589849796614997,0.3881659385064128,-0.8405346243624184,inf,-0.38429769774760003,1.8230313999778591e-06,-0.3725766188661,1.252473969998169e-05,-0.237293009932,6.0916322000004195e-06,D:\HyraiOn\ENS_Lyon\Internship\2026-EPFL\data\distinVBCsJ2Continuation\Results_Izar_J2_sequences\s103_J2_0p31_D_9_plaquette\left\insurance_1\J2_0p28\D_9_chi_108_energy_magnetization_correlation.txt,D:\HyraiOn\ENS_Lyon\Internship\2026-EPFL\data\distinVBCsJ2Continuation\Results_Izar_J2_sequences\s103_J2_0p31_D_9_plaquette\left\insurance_1\J2_0p28\sweep_D9_chi108_best.pt
False,True,False,,legacy:s103:left:insurance2:c41ff8e23141,plaquette,0.28,9,108,legacy:s103:left:insurance2,-0.4293833495426,True,-0.4294108101266,2.746058399999418e-05,0.13519645749474998,7.882336376489276e-06,0.10589849796614997,0.2766607656509442,-0.7548028624774625,0.9958312780882904,-0.38212133794855,3.7220908500057437e-06,-0.36554644575809997,1.6073137499988954e-05,-0.24692488045380004,6.948184400001889e-06,D:\HyraiOn\ENS_Lyon\Internship\2026-EPFL\data\distinVBCsJ2Continuation\Results_Izar_J2_sequences\s103_J2_0p31_D_9_plaquette\left\insurance_2\J2_0p28\D_9_chi_108_energy_magnetization_correlation.txt,D:\HyraiOn\ENS_Lyon\Internship\2026-EPFL\data\distinVBCsJ2Continuation\Results_Izar_J2_sequences\s103_J2_0p31_D_9_plaquette\left\insurance_2\J2_0p28\sweep_D9_chi108_best.pt
True,True,False,,original_2c3:c8fe6a2c785e,plaquette,0.28,9,0,original_2c3,-0.4294108101266,True,-0.4294108101266,0.0,0.10589849796614997,2.129979555265584e-06,0.10589849796614997,0.0,-0.6771749109224618,0.0,-0.37271205817709996,1.9761615999980275e-06,-0.35561871215755003,5.498693550015642e-06,-0.26681356021095,7.947315499856612e-07,D:\HyraiOn\ENS_Lyon\Internship\2026-EPFL\data\0713summary\J2_0p28\2tensor_twoC3\D_9\energy_magnetization_correlation.txt,D:\HyraiOn\ENS_Lyon\Internship\2026-EPFL\data\0713summary\J2_0p28\2tensor_twoC3\D_9\tensor_best.pt
False,True,False,,legacy:s005:left:insurance1:f5ddc13ca5bd,plaquette,0.29,9,108,legacy:s005:left:insurance1,-0.4270614113048,True,-0.4270572980804,-4.113224400026372e-06,0.16221133076915,5.865908465854773e-06,0.17369976289764996,0.06613959591452835,-0.9662909131429183,0.03523884143928344,-0.3834683198253,1.940271800005e-06,-0.38073432190624995,5.732828849996929e-06,-0.22125698905615,5.535722849989155e-06,D:\HyraiOn\ENS_Lyon\Internship\2026-EPFL\data\distinVBCsJ2Continuation\Results_Izar_J2_sequences\s005_J2_0p3_D_9_plaquette\left\insurance_1\J2_0p29\D_9_chi_108_energy_magnetization_correlation.txt,D:\HyraiOn\ENS_Lyon\Internship\2026-EPFL\data\distinVBCsJ2Continuation\Results_Izar_J2_sequences\s005_J2_0p3_D_9_plaquette\left\insurance_1\J2_0p29\sweep_D9_chi108_best.pt
True,True,False,,legacy:s005:left:insurance2:8bbd514a1208,plaquette,0.29,9,108,legacy:s005:left:insurance2,-0.4270670811143,True,-0.4270572980804,-9.783033899979365e-06,0.16171302281775,5.507893340380243e-06,0.17369976289764996,0.069008384812609,-0.9153446986893052,0.04414099944730487,-0.3847004801843,3.3566673000029468e-06,-0.37785554784805003,1.1441969949982367e-05,-0.22298745736654998,4.366883750009376e-06,D:\HyraiOn\ENS_Lyon\Internship\2026-EPFL\data\distinVBCsJ2Continuation\Results_Izar_J2_sequences\s005_J2_0p3_D_9_plaquette\left\insurance_2\J2_0p29\D_9_chi_108_energy_magnetization_correlation.txt,D:\HyraiOn\ENS_Lyon\Internship\2026-EPFL\data\distinVBCsJ2Continuation\Results_Izar_J2_sequences\s005_J2_0p3_D_9_plaquette\left\insurance_2\J2_0p29\sweep_D9_chi108_best.pt
False,True,False,,legacy:s103:left:insurance1:7c3eb196c17c,plaquette,0.29,9,108,legacy:s103:left:insurance1,-0.4270321934133,True,-0.4270572980804,2.510466709998438e-05,0.17685135089935003,4.848366018592538e-06,0.17369976289764996,0.018143882001480306,-0.872232608948179,0.014125981322322512,-0.39113809461225,2.3789904998738898e-07,-0.37984017675805,1.1218450349986808e-05,-0.2142867437129,4.842525900008998e-06,D:\HyraiOn\ENS_Lyon\Internship\2026-EPFL\data\distinVBCsJ2Continuation\Results_Izar_J2_sequences\s103_J2_0p31_D_9_plaquette\left\insurance_1\J2_0p29\D_9_chi_108_energy_magnetization_correlation.txt,D:\HyraiOn\ENS_Lyon\Internship\2026-EPFL\data\distinVBCsJ2Continuation\Results_Izar_J2_sequences\s103_J2_0p31_D_9_plaquette\left\insurance_1\J2_0p29\sweep_D9_chi108_best.pt
False,True,False,,legacy:s103:left:insurance2:fdc2b8cfd02f,plaquette,0.29,9,108,legacy:s103:left:insurance2,-0.4270280725398,True,-0.4270572980804,2.9225540599975286e-05,0.17717515105394996,7.424178593972308e-06,0.17369976289764996,0.020008018999702483,-0.8759655186566867,0.026230717718983623,-0.39114427083415,5.398369749998189e-06,-0.38015635685020005,4.230889499995394e-06,-0.21396911978020003,5.096668699994256e-06,D:\HyraiOn\ENS_Lyon\Internship\2026-EPFL\data\distinVBCsJ2Continuation\Results_Izar_J2_sequences\s103_J2_0p31_D_9_plaquette\left\insurance_2\J2_0p29\D_9_chi_108_energy_magnetization_correlation.txt,D:\HyraiOn\ENS_Lyon\Internship\2026-EPFL\data\distinVBCsJ2Continuation\Results_Izar_J2_sequences\s103_J2_0p31_D_9_plaquette\left\insurance_2\J2_0p29\sweep_D9_chi108_best.pt
False,True,False,,original_2c3:26f24093ec8c,plaquette,0.29,9,0,original_2c3,-0.4270572980804,True,-0.4270572980804,0.0,0.17369976289764996,4.7265473460739485e-06,0.17369976289764996,0.0,-0.5184020432169998,0.0,-0.40040651820874995,2.3168625500058493e-06,-0.35857979275615004,1.0891242150007363e-05,-0.2267067553111,4.119757000001223e-06,D:\HyraiOn\ENS_Lyon\Internship\2026-EPFL\data\0713summary\J2_0p29\2tensor_twoC3\D_9\energy_magnetization_correlation.txt,D:\HyraiOn\ENS_Lyon\Internship\2026-EPFL\data\0713summary\J2_0p29\2tensor_twoC3\D_9\tensor_best.pt
True,True,False,,catalog:izar_replica1:plaquette:4d2b37f16198,plaquette,0.3,9,108,catalog:izar_replica1:plaquette,-0.4248737910839,True,-0.4248712511494,-2.5399345000010065e-06,0.19037114463125,2.030844028642872e-05,0.18628662899459994,0.021925973209641635,-0.9804372820491597,-0.015123858381554223,-0.38954709376795,2.0216547750001587e-05,-0.3876850052637501,2.912404549998415e-06,-0.1991759491367,1.929752299997811e-06,D:\HyraiOn\ENS_Lyon\Internship\2026-EPFL\data\distinVBCs\Results_Izar_replica1\J2_0.30\D_9\orientation_0\plaquette\replica_1\h_0p0\D_9_chi_108_energy_magnetization_correlation.txt,D:\HyraiOn\ENS_Lyon\Internship\2026-EPFL\data\distinVBCs\Results_Izar_replica1\J2_0.30\D_9\orientation_0\plaquette\replica_1\h_0p0\sweep_D9_chi108_best.pt
False,True,False,,catalog:kuma_replica1:plaquette:98569104d731,plaquette,0.3,9,180,catalog:kuma_replica1:plaquette,-0.4248714133549,True,-0.4248712511494,-1.6220549997614242e-07,0.18743108821199997,8.435300795907735e-07,0.18628662899459994,0.006143539252262729,-0.9931878364572282,-0.03551557311462449,-0.38821400822604996,5.300491500159765e-07,-0.38757560261310003,1.5995540000035557e-06,-0.20078292001405,6.561942500066253e-07,D:\HyraiOn\ENS_Lyon\Internship\2026-EPFL\data\distinVBCs\Results_Kuma_replica1\J2_0.30\D_9\orientation_0\plaquette\replica_1\h_0p0\D_9_chi_180_energy_magnetization_correlation.txt,D:\HyraiOn\ENS_Lyon\Internship\2026-EPFL\data\distinVBCs\Results_Kuma_replica1\J2_0.30\D_9\orientation_0\plaquette\replica_1\h_0p0\sweep_D9_chi180_best.pt
False,True,False,,catalog:kuma_replica1:rank-split:447491631312,plaquette,0.3,9,180,catalog:kuma_replica1:rank-split,-0.4248698394051,True,-0.4248712511494,1.4117443000172258e-06,0.18976203387350002,8.610875359817598e-07,0.18628662899459994,0.01865622292730856,-0.9441399688197573,-0.0314452493314765,-0.39053617358535003,8.112565500206781e-07,-0.38523611702085003,9.858153499908706e-07,-0.20077413971185,2.8867725000714106e-07,D:\HyraiOn\ENS_Lyon\Internship\2026-EPFL\data\distinVBCs\Results_Kuma_replica1\J2_0.30\D_9\orientation_0\rank-split\replica_1\h_0p0\D_9_chi_180_energy_magnetization_correlation.txt,D:\HyraiOn\ENS_Lyon\Internship\2026-EPFL\data\distinVBCs\Results_Kuma_replica1\J2_0.30\D_9\orientation_0\rank-split\replica_1\h_0p0\sweep_D9_chi180_best.pt
False,True,False,,legacy:s103:left:insurance1:674fae89784f,plaquette,0.3,9,108,legacy:s103:left:insurance1,-0.4248394134175,True,-0.4248712511494,3.1837731900019595e-05,0.19965182812760005,6.077274652847661e-06,0.18628662899459994,0.07174534857994308,-0.9305253183946045,0.09496871517545277,-0.39430733629575004,2.4395767500018373e-06,-0.38737196270019997,9.71122009998937e-06,-0.19465550816815,5.566123649991539e-06,D:\HyraiOn\ENS_Lyon\Internship\2026-EPFL\data\distinVBCsJ2Continuation\Results_Izar_J2_sequences\s103_J2_0p31_D_9_plaquette\left\insurance_1\J2_0p30\D_9_chi_108_energy_magnetization_correlation.txt,D:\HyraiOn\ENS_Lyon\Internship\2026-EPFL\data\distinVBCsJ2Continuation\Results_Izar_J2_sequences\s103_J2_0p31_D_9_plaquette\left\insurance_1\J2_0p30\sweep_D9_chi108_best.pt
False,True,False,,legacy:s103:left:insurance2:7bcf5c5e37a1,plaquette,0.3,9,108,legacy:s103:left:insurance2,-0.4248402943446,True,-0.4248712511494,3.095680479997531e-05,0.19892140597730001,6.1532306676044836e-06,0.18628662899459994,0.06782439003212802,-0.9279684521673088,0.08519808107653562,-0.39418614803745,2.351260249999765e-06,-0.38702183965264997,9.90703844999663e-06,-0.19526474206015,5.686283750000466e-06,D:\HyraiOn\ENS_Lyon\Internship\2026-EPFL\data\distinVBCsJ2Continuation\Results_Izar_J2_sequences\s103_J2_0p31_D_9_plaquette\left\insurance_2\J2_0p30\D_9_chi_108_energy_magnetization_correlation.txt,D:\HyraiOn\ENS_Lyon\Internship\2026-EPFL\data\distinVBCsJ2Continuation\Results_Izar_J2_sequences\s103_J2_0p31_D_9_plaquette\left\insurance_2\J2_0p30\sweep_D9_chi108_best.pt
False,True,False,,legacy_seed:s005:75b3bf732dda,plaquette,0.3,9,108,legacy_seed:s005,-0.4248712511494,True,-0.4248712511494,0.0,0.18628662899459994,5.02224094306977e-07,0.18628662899459994,0.0,-0.9943788550624837,-0.0216,-0.38779609943904997,3.040959500044682e-07,-0.3872725273683,7.771995000072085e-07,-0.20150947044445003,3.996932499972239e-07,D:\HyraiOn\ENS_Lyon\Internship\2026-EPFL\6-AD-CTMRG\models\VBCJ2SeedContinuationIzar\seeds\s005\observation.txt,D:\HyraiOn\ENS_Lyon\Internship\2026-EPFL\6-AD-CTMRG\models\VBCJ2SeedContinuationIzar\seeds\s005\tensor_best.pt
False,True,False,,original_2c3:5dd2b3f79859,plaquette,0.3,9,0,original_2c3,-0.4248712511494,True,-0.4248712511494,0.0,0.18628662899459994,5.02224094306977e-07,0.18628662899459994,0.0,-0.9943788550624837,0.0,-0.38779609943904997,3.040959500044682e-07,-0.3872725273683,7.771995000072085e-07,-0.20150947044445003,3.996932499972239e-07,D:\HyraiOn\ENS_Lyon\Internship\2026-EPFL\data\0713summary\J2_0p3\2tensor_twoC3\D_9\energy_magnetization_correlation.txt,D:\HyraiOn\ENS_Lyon\Internship\2026-EPFL\data\0713summary\J2_0p3\2tensor_twoC3\D_9\tensor_best.pt
True,True,False,,catalog:izar_replica1:dimer-plaquette:6e6c1300bd94,plaquette,0.31,9,108,catalog:izar_replica1:dimer-plaquette,-0.4227968957218,True,-0.422819428413,2.2532691200005672e-05,0.2142262221166,6.858809062992063e-06,0.23034873012145005,0.06999173816304324,-0.9335319499988667,0.0664913042976159,-0.39631669557415,2.0931194499862467e-06,-0.38919709595255,1.0254882549992628e-05,-0.18209047345755,6.531624050010176e-06,D:\HyraiOn\ENS_Lyon\Internship\2026-EPFL\data\distinVBCs\Results_Izar_replica1\J2_0.31\D_9\orientation_2\dimer-plaquette\replica_1\h_0p0\D_9_chi_108_energy_magnetization_correlation.txt,D:\HyraiOn\ENS_Lyon\Internship\2026-EPFL\data\distinVBCs\Results_Izar_replica1\J2_0.31\D_9\orientation_2\dimer-plaquette\replica_1\h_0p0\sweep_D9_chi108_best.pt
False,True,False,,catalog:izar_replica1:plaquette:17f9170c0f54,plaquette,0.31,9,108,catalog:izar_replica1:plaquette,-0.4228205968837,True,-0.422819428413,-1.1684706999748329e-06,0.22731452515050005,4.399193021716276e-06,0.23034873012145005,0.013172223564463466,-0.7722866576615406,-0.019310838148672772,-0.40689576575455005,4.3522967499987075e-06,-0.3810144906125,5.575976799981896e-06,-0.17958124060405,6.406342499959417e-07,D:\HyraiOn\ENS_Lyon\Internship\2026-EPFL\data\distinVBCs\Results_Izar_replica1\J2_0.31\D_9\orientation_2\plaquette\replica_1\h_0p0\D_9_chi_108_energy_magnetization_correlation.txt,D:\HyraiOn\ENS_Lyon\Internship\2026-EPFL\data\distinVBCs\Results_Izar_replica1\J2_0.31\D_9\orientation_2\plaquette\replica_1\h_0p0\sweep_D9_chi108_best.pt
False,True,False,,legacy:s005:right:insurance1:ec2dc397eb97,plaquette,0.31,9,108,legacy:s005:right:insurance1,-0.4228312513957,True,-0.422819428413,-1.1822982699971618e-05,0.20525041036350003,2.538679531714788e-06,0.23034873012145005,0.10895792542340942,-0.984673406287818,0.13734856375712898,-0.3914999167868,2.202152800001578e-06,-0.38992702196235,1.719477250000656e-06,-0.1862495064233,1.2630980999878139e-06,D:\HyraiOn\ENS_Lyon\Internship\2026-EPFL\data\distinVBCsJ2Continuation\Results_Izar_J2_sequences\s005_J2_0p3_D_9_plaquette\right\insurance_1\J2_0p31\D_9_chi_108_energy_magnetization_correlation.txt,D:\HyraiOn\ENS_Lyon\Internship\2026-EPFL\data\distinVBCsJ2Continuation\Results_Izar_J2_sequences\s005_J2_0p3_D_9_plaquette\right\insurance_1\J2_0p31\sweep_D9_chi108_best.pt
False,True,False,,legacy:s005:right:insurance2:6637175db9d8,plaquette,0.31,9,108,legacy:s005:right:insurance2,-0.4228311828353,True,-0.422819428413,-1.1754422300003231e-05,0.20542923947255007,2.532748091009872e-06,0.23034873012145005,0.10818158465975185,-0.9849277142068481,0.13510998950187736,-0.39155336224795007,2.203937350009344e-06,-0.39000521814415,1.669908750001614e-06,-0.1861241227754,1.2479875999976686e-06,D:\HyraiOn\ENS_Lyon\Internship\2026-EPFL\data\distinVBCsJ2Continuation\Results_Izar_J2_sequences\s005_J2_0p3_D_9_plaquette\right\insurance_2\J2_0p31\D_9_chi_108_energy_magnetization_correlation.txt,D:\HyraiOn\ENS_Lyon\Internship\2026-EPFL\data\distinVBCsJ2Continuation\Results_Izar_J2_sequences\s005_J2_0p3_D_9_plaquette\right\insurance_2\J2_0p31\sweep_D9_chi108_best.pt
False,True,False,,legacy_seed:s103:b937427f43c2,plaquette,0.31,9,108,legacy_seed:s103,-0.4227968957218,True,-0.422819428413,2.2532691200005672e-05,0.2142262221166,6.858809062992063e-06,0.23034873012145005,0.06999173816304324,-0.9335319499988667,0.0664913042976159,-0.39631669557415,2.0931194499862467e-06,-0.38919709595255,1.0254882549992628e-05,-0.18209047345755,6.531624050010176e-06,D:\HyraiOn\ENS_Lyon\Internship\2026-EPFL\6-AD-CTMRG\models\VBCJ2SeedContinuationIzar\d9_supplemental_seeds\s103\observation.txt,D:\HyraiOn\ENS_Lyon\Internship\2026-EPFL\6-AD-CTMRG\models\VBCJ2SeedContinuationIzar\d9_supplemental_seeds\s103\tensor_best.pt
False,True,False,,original_2c3:a21ac4c1756c,plaquette,0.31,9,0,original_2c3,-0.422819428413,True,-0.422819428413,0.0,0.23034873012145005,5.494333631345252e-06,0.23034873012145005,0.0,-0.60284862730493,0.0,-0.41458649806130005,5.469595200008337e-06,-0.36884484087815,4.3819605000106066e-07,-0.18423776793985,5.207978500121335e-07,D:\HyraiOn\ENS_Lyon\Internship\2026-EPFL\data\0713summary\J2_0p31\2tensor_twoC3\D_9\energy_magnetization_correlation.txt,D:\HyraiOn\ENS_Lyon\Internship\2026-EPFL\data\0713summary\J2_0p31\2tensor_twoC3\D_9\tensor_best.pt
False,True,False,,catalog:izar_replica1:plaquette:43a7d191c79f,plaquette,0.32,9,108,catalog:izar_replica1:plaquette,-0.4209318215406,True,-0.4209327748874,9.533468000033629e-07,0.2340220771687,1.1468044460666246e-05,0.23613894093274998,0.00896448402660046,-0.8868680255559198,-0.02052592322849753,-0.4018362197429,1.1248716499989708e-05,-0.38859852991610006,3.4936380000072376e-07,-0.16781414257420002,2.232133700000305e-06,D:\HyraiOn\ENS_Lyon\Internship\2026-EPFL\data\distinVBCs\Results_Izar_replica1\J2_0.32\D_9\orientation_2\plaquette\replica_1\h_0p0\D_9_chi_108_energy_magnetization_correlation.txt,D:\HyraiOn\ENS_Lyon\Internship\2026-EPFL\data\distinVBCs\Results_Izar_replica1\J2_0.32\D_9\orientation_2\plaquette\replica_1\h_0p0\sweep_D9_chi108_best.pt
False,True,False,,legacy:s005:right:insurance1:a9b2d014f0a9,plaquette,0.32,9,108,legacy:s005:right:insurance1,-0.4209349773521,True,-0.4209327748874,-2.2024647000074005e-06,0.21822079501394995,3.4814320465745147e-06,0.23613894093274998,0.07587967426305575,-0.9878733497147658,0.05234142210596223,-0.3927870643016,3.2558431999896165e-06,-0.39146392066855,3.5526481499958966e-06,-0.17456626928765004,1.2328236499992151e-06,D:\HyraiOn\ENS_Lyon\Internship\2026-EPFL\data\distinVBCsJ2Continuation\Results_Izar_J2_sequences\s005_J2_0p3_D_9_plaquette\right\insurance_1\J2_0p32\D_9_chi_108_energy_magnetization_correlation.txt,D:\HyraiOn\ENS_Lyon\Internship\2026-EPFL\data\distinVBCsJ2Continuation\Results_Izar_J2_sequences\s005_J2_0p3_D_9_plaquette\right\insurance_1\J2_0p32\sweep_D9_chi108_best.pt
False,True,False,,legacy:s005:right:insurance2:e45dcc8dffd9,plaquette,0.32,9,108,legacy:s005:right:insurance2,-0.4209380740329,True,-0.4209327748874,-5.29914550001509e-06,0.21894495931879993,4.938128708736361e-06,0.23613894093274998,0.07281298690522513,-0.9950308803217724,0.047666204745890735,-0.39272068767014995,4.79554994997633e-06,-0.39217670581725006,6.239803150009937e-06,-0.17377572835135002,1.1780559499990906e-06,D:\HyraiOn\ENS_Lyon\Internship\2026-EPFL\data\distinVBCsJ2Continuation\Results_Izar_J2_sequences\s005_J2_0p3_D_9_plaquette\right\insurance_2\J2_0p32\D_9_chi_108_energy_magnetization_correlation.txt,D:\HyraiOn\ENS_Lyon\Internship\2026-EPFL\data\distinVBCsJ2Continuation\Results_Izar_J2_sequences\s005_J2_0p3_D_9_plaquette\right\insurance_2\J2_0p32\sweep_D9_chi108_best.pt
False,True,False,,legacy:s103:right:insurance1:cae1eeaf1c33,plaquette,0.32,9,108,legacy:s103:right:insurance1,-0.420894142858,True,-0.4209327748874,3.863202940002086e-05,0.22558484552134997,8.311993248473012e-06,0.23613894093274998,0.04469443019313664,-0.9435828533473213,0.07859086353390513,-0.39703611118489995,4.776005399997896e-06,-0.3906726845287,5.9196392000193665e-06,-0.17145126566354998,6.8028673500114545e-06,D:\HyraiOn\ENS_Lyon\Internship\2026-EPFL\data\distinVBCsJ2Continuation\Results_Izar_J2_sequences\s103_J2_0p31_D_9_plaquette\right\insurance_1\J2_0p32\D_9_chi_108_energy_magnetization_correlation.txt,D:\HyraiOn\ENS_Lyon\Internship\2026-EPFL\data\distinVBCsJ2Continuation\Results_Izar_J2_sequences\s103_J2_0p31_D_9_plaquette\right\insurance_1\J2_0p32\sweep_D9_chi108_best.pt
False,True,False,,legacy:s103:right:insurance2:408ec32113e0,plaquette,0.32,9,108,legacy:s103:right:insurance2,-0.42089742886,True,-0.4209327748874,3.5346027400018354e-05,0.22592266282320003,6.470788453525864e-06,0.23613894093274998,0.04326384318145749,-0.9391816727582893,0.06482561227156317,-0.39729893376765,6.827020500033143e-07,-0.3904288145482,1.1239790299988341e-05,-0.17137627094445,6.434673350000365e-06,D:\HyraiOn\ENS_Lyon\Internship\2026-EPFL\data\distinVBCsJ2Continuation\Results_Izar_J2_sequences\s103_J2_0p31_D_9_plaquette\right\insurance_2\J2_0p32\D_9_chi_108_energy_magnetization_correlation.txt,D:\HyraiOn\ENS_Lyon\Internship\2026-EPFL\data\distinVBCsJ2Continuation\Results_Izar_J2_sequences\s103_J2_0p31_D_9_plaquette\right\insurance_2\J2_0p32\sweep_D9_chi108_best.pt
True,True,False,,original_2c3:000afab80dd8,plaquette,0.32,9,0,original_2c3,-0.4209327748874,True,-0.4209327748874,0.0,0.23613894093274998,3.7511664996831985e-06,0.23613894093274998,0.0,-0.7786074571496078,0.0,-0.4069294340482,3.69670319999571e-06,-0.38078973374864994,8.227809499827821e-07,-0.17079049311545,6.368952500113156e-07,D:\HyraiOn\ENS_Lyon\Internship\2026-EPFL\data\0713summary\J2_0p32\2tensor_twoC3\D_9\energy_magnetization_correlation.txt,D:\HyraiOn\ENS_Lyon\Internship\2026-EPFL\data\0713summary\J2_0p32\2tensor_twoC3\D_9\tensor_best.pt
True,True,False,,original_2c3:symmetry_restored:6304fed04cf7,plaquette,0.26,10,0,original_2c3:symmetry_restored,-0.4346810460999,True,-0.4346810460999,0.0,0.0013430109016500102,1.6419656399002836e-05,0.0013430109016500102,0.0,0.9377630985739243,0.0,-0.33810357039,1.1924817000019681e-05,-0.33680235190690005,6.981621999968546e-07,-0.33676055948835,1.1287331650011723e-05,D:\HyraiOn\ENS_Lyon\Internship\2026-EPFL\data\0713summary\J2_0p26\2tensor_twoC3\D_10\energy_magnetization_correlation.txt,D:\HyraiOn\ENS_Lyon\Internship\2026-EPFL\data\0713summary\J2_0p26\2tensor_twoC3\D_10\tensor_best.pt
False,False,False,relative Delta difference 4030.1%>35%,sep27:a01:left:insurance0:d279db1c4de7,plaquette,0.26,10,120,sep27:a01:left:insurance0,-0.4346936385568,True,-0.4346810460999,-1.2592456899995774e-05,0.05546782794425004,7.893129269279748e-05,0.0013430109016500102,40.30110029345465,-0.8803453863657547,inf,-0.35537781613555003,7.162797364998474e-05,-0.35205932537465,1.6546347750001633e-05,-0.2999099881913,3.315995109998138e-05,D:\HyraiOn\ENS_Lyon\Internship\2026-EPFL\data\external\Working_AD_Honeycomb_Sep27\Results_Sep27\a01\left\J2_0p26\D_10_chi_120_energy_magnetization_correlation.txt,D:\HyraiOn\ENS_Lyon\Internship\2026-EPFL\data\external\Working_AD_Honeycomb_Sep27\Results_Sep27\a01\left\J2_0p26\sweep_D10_chi120_best.pt
True,True,False,,original_2c3:symmetry_restored:466cf0a8a7bb,plaquette,0.265,10,0,original_2c3:symmetry_restored,-0.4333419227966,True,-0.4333419227966,0.0,0.003704748007200054,1.1613896709056442e-05,0.003704748007200054,0.0,0.011336231996985857,0.0,-0.33781682969845006,9.650152950013702e-06,-0.33594345675340004,1.2757677000097e-06,-0.33411208169125,6.461976850002937e-06,D:\HyraiOn\ENS_Lyon\Internship\2026-EPFL\data\0713summary\J2_0p265\2tensor_twoC3\D_10\energy_magnetization_correlation.txt,D:\HyraiOn\ENS_Lyon\Internship\2026-EPFL\data\0713summary\J2_0p265\2tensor_twoC3\D_10\tensor_best.pt
False,False,False,relative Delta difference 1397.2%>35%,sep27:a01:left:insurance0:e84c1a5bbc22,plaquette,0.265,10,120,sep27:a01:left:insurance0,-0.4333671014896,True,-0.4333419227966,-2.5178693000005303e-05,0.05546782747309986,7.89310619616456e-05,0.003704748007200054,13.972091857610828,-0.8803454211160786,inf,-0.3553778156265999,7.162766870000281e-05,-0.35205932585765004,1.654634494999141e-05,-0.29990998815350006,3.316006060000154e-05,D:\HyraiOn\ENS_Lyon\Internship\2026-EPFL\data\external\Working_AD_Honeycomb_Sep27\Results_Sep27\a01\left\J2_0p265\D_10_chi_120_energy_magnetization_correlation.txt,D:\HyraiOn\ENS_Lyon\Internship\2026-EPFL\data\external\Working_AD_Honeycomb_Sep27\Results_Sep27\a01\left\J2_0p265\sweep_D10_chi120_best.pt
True,True,False,,original_2c3:symmetry_restored:ff44b11387c7,plaquette,0.27,10,0,original_2c3:symmetry_restored,-0.4320399938912,True,-0.4320399938912,0.0,0.005405208556650054,2.2803523200302454e-05,0.005405208556650054,0.0,0.21653573489037958,0.0,-0.3375670253172,5.518173199992038e-06,-0.33427921063535,1.2115468500106807e-06,-0.33216181676054995,2.2125786650006862e-05,D:\HyraiOn\ENS_Lyon\Internship\2026-EPFL\data\0713summary\J2_0p27\2tensor_twoC3\D_10\energy_magnetization_correlation.txt,D:\HyraiOn\ENS_Lyon\Internship\2026-EPFL\data\0713summary\J2_0p27\2tensor_twoC3\D_10\tensor_best.pt
False,False,False,relative Delta difference 1482.7%>35%,sep27:a01:left:insurance0:1c89a5ca63f5,plaquette,0.27,10,120,sep27:a01:left:insurance0,-0.4320489797985,True,-0.4320399938912,-8.985907299974283e-06,0.08555069700389989,6.666025202753784e-05,0.005405208556650054,14.827455334474829,-0.8863526276512198,inf,-0.36436790191734997,6.35749795499796e-05,-0.3595065959588,1.8098311799996658e-05,-0.2788172049134501,2.0045228249998548e-05,D:\HyraiOn\ENS_Lyon\Internship\2026-EPFL\data\external\Working_AD_Honeycomb_Sep27\Results_Sep27\a01\left\J2_0p27\D_10_chi_120_energy_magnetization_correlation.txt,D:\HyraiOn\ENS_Lyon\Internship\2026-EPFL\data\external\Working_AD_Honeycomb_Sep27\Results_Sep27\a01\left\J2_0p27\sweep_D10_chi120_best.pt
True,True,False,,original_2c3:symmetry_restored:e13448690f18,plaquette,0.275,10,0,original_2c3:symmetry_restored,-0.4307514424297,True,-0.4307514424297,0.0,0.04003511143390004,9.025969649178702e-06,0.04003511143390004,0.0,0.24102576224702132,0.09294946890681224,-0.35488708585145007,4.0529876499939554e-06,-0.33004478350949995,8.70870039998417e-06,-0.31485197441755003,8.064826050008245e-06,D:\HyraiOn\ENS_Lyon\Internship\2026-EPFL\data\0713summary\J2_0p275\2tensor_twoC3\D_10\energy_magnetization_correlation.txt,D:\HyraiOn\ENS_Lyon\Internship\2026-EPFL\data\0713summary\J2_0p275\2tensor_twoC3\D_10\tensor_best.pt
False,False,False,relative Delta difference 183.0%>35%,sep27:a01:left:insurance0:1926ebafb157,plaquette,0.275,10,120,sep27:a01:left:insurance0,-0.4307565231371,True,-0.4307514424297,-5.080707400018092e-06,0.11331728009519998,8.046309510325588e-05,0.04003511143390004,1.8304474756437845,-0.8964063274406348,inf,-0.37155648750795,7.823062994999352e-05,-0.3656870109032,5.234669800013858e-06,-0.25823920741275,1.882227964999927e-05,D:\HyraiOn\ENS_Lyon\Internship\2026-EPFL\data\external\Working_AD_Honeycomb_Sep27\Results_Sep27\a01\left\J2_0p275\D_10_chi_120_energy_magnetization_correlation.txt,D:\HyraiOn\ENS_Lyon\Internship\2026-EPFL\data\external\Working_AD_Honeycomb_Sep27\Results_Sep27\a01\left\J2_0p275\sweep_D10_chi120_best.pt
True,True,False,,original_2c3:62af02b6905c,plaquette,0.28,10,0,original_2c3,-0.4295193839466,True,-0.4295193839466,0.0,0.09583276390064999,1.5984564287776646e-05,0.09583276390064999,0.0,-0.7008953377582207,0.0,-0.36840765220485,1.5830081450007864e-05,-0.35407563896574995,1.7684641449994265e-05,-0.2725748883042,2.2169386000026048e-06,D:\HyraiOn\ENS_Lyon\Internship\2026-EPFL\data\0713summary\J2_0p28\2tensor_twoC3\D_10\energy_magnetization_correlation.txt,D:\HyraiOn\ENS_Lyon\Internship\2026-EPFL\data\0713summary\J2_0p28\2tensor_twoC3\D_10\tensor_best.pt
False,True,False,,sep27:a01:left:insurance0:99e05668d5d6,plaquette,0.28,10,120,sep27:a01:left:insurance0,-0.4295413670337,True,-0.4295193839466,-2.198308709999708e-05,0.11681803048009998,8.064332510909078e-05,0.09583276390064999,0.21897799588881164,-0.9044944905195892,0.6139402482708521,-0.37224879566995,7.820809495001635e-05,-0.36667041291119995,4.5597808999986444e-06,-0.25543076518985003,1.9668242650011658e-05,D:\HyraiOn\ENS_Lyon\Internship\2026-EPFL\data\external\Working_AD_Honeycomb_Sep27\Results_Sep27\a01\left\J2_0p28\D_10_chi_120_energy_magnetization_correlation.txt,D:\HyraiOn\ENS_Lyon\Internship\2026-EPFL\data\external\Working_AD_Honeycomb_Sep27\Results_Sep27\a01\left\J2_0p28\sweep_D10_chi120_best.pt
False,True,False,,original_2c3:9fe15fd3d6c7,plaquette,0.29,10,0,original_2c3,-0.4271813261246,True,-0.4271813261246,0.0,0.15746218474085005,2.443928281640014e-05,0.15746218474085005,0.0,-0.8608135709029422,0.0,-0.38468846503630005,2.4414357299995526e-05,-0.37373016543035,6.934409950004605e-06,-0.22722628029545,1.1034954499888894e-06,D:\HyraiOn\ENS_Lyon\Internship\2026-EPFL\data\0713summary\J2_0p29\2tensor_twoC3\D_10\energy_magnetization_correlation.txt,D:\HyraiOn\ENS_Lyon\Internship\2026-EPFL\data\0713summary\J2_0p29\2tensor_twoC3\D_10\tensor_best.pt
True,True,False,,sep27_seed:a01:fb51d20cd4f5,plaquette,0.29,10,120,sep27_seed:a01,-0.4271813261246,True,-0.4271813261246,0.0,0.15746218474085005,2.443928281640014e-05,0.15746218474085005,0.0,-0.8608135709029422,-0.024,-0.38468846503630005,2.4414357299995526e-05,-0.37373016543035,6.934409950004605e-06,-0.22722628029545,1.1034954499888894e-06,D:\HyraiOn\ENS_Lyon\Internship\2026-EPFL\data\external\Working_AD_Honeycomb_Sep27\seeds\a01\observation.txt,D:\HyraiOn\ENS_Lyon\Internship\2026-EPFL\data\external\Working_AD_Honeycomb_Sep27\seeds\a01\tensor_best.pt
False,True,False,,catalog:kuma_replica1:plaquette:440a13223d1a,plaquette,0.3,10,180,catalog:kuma_replica1:plaquette,-0.4250136988285,True,-0.425007050824,-6.648004500009463e-06,0.19456892713624993,4.512577174871791e-06,0.19488318441555,0.00161254179134294,-0.6951412063465667,-0.03375691808322371,-0.40024864103209995,1.5085159998928788e-07,-0.3705906168275,1.4401199100011473e-05,-0.20567971389585002,4.510055049991579e-06,D:\HyraiOn\ENS_Lyon\Internship\2026-EPFL\data\distinVBCs\Results_Kuma_replica1\J2_0.30\D_10\orientation_0\plaquette\replica_1\h_0p0\D_10_chi_180_energy_magnetization_correlation.txt,D:\HyraiOn\ENS_Lyon\Internship\2026-EPFL\data\distinVBCs\Results_Kuma_replica1\J2_0.30\D_10\orientation_0\plaquette\replica_1\h_0p0\sweep_D10_chi180_best.pt
False,True,False,,original_2c3:5cd62bffd685,plaquette,0.3,10,0,original_2c3,-0.425007050824,True,-0.425007050824,0.0,0.19488318441555,8.306067233114144e-06,0.19488318441555,0.0,-0.6935520690299499,0.0,-0.4004428344961,2.2996504999983625e-06,-0.3705820601736,1.2936782800010427e-05,-0.20555965008055002,7.981375849994143e-06,D:\HyraiOn\ENS_Lyon\Internship\2026-EPFL\data\0713summary\J2_0p3\2tensor_twoC3\D_10\energy_magnetization_correlation.txt,D:\HyraiOn\ENS_Lyon\Internship\2026-EPFL\data\0713summary\J2_0p3\2tensor_twoC3\D_10\tensor_best.pt
True,True,False,,sep27:a01:right:insurance0:49750dd0dd48,plaquette,0.3,10,120,sep27:a01:right:insurance0,-0.4250172218011,True,-0.425007050824,-1.0170977100043554e-05,0.1803348900539,7.244344134554739e-05,0.19488318441555,0.07465135796749212,-0.8089270861861445,0.052504601912280825,-0.3914224839137,7.179013930000422e-05,-0.37419392746125,2.1287357950011687e-05,-0.2110875938598,9.707115599999483e-06,D:\HyraiOn\ENS_Lyon\Internship\2026-EPFL\data\external\Working_AD_Honeycomb_Sep27\Results_Sep27\a01\right\J2_0p30\D_10_chi_120_energy_magnetization_correlation.txt,D:\HyraiOn\ENS_Lyon\Internship\2026-EPFL\data\external\Working_AD_Honeycomb_Sep27\Results_Sep27\a01\right\J2_0p30\sweep_D10_chi120_best.pt
False,True,False,,original_2c3:0e789a6ae1f7,plaquette,0.31,10,0,original_2c3,-0.4229589784093,True,-0.4229589784093,0.0,0.22488914269584995,7.176931299566311e-06,0.22488914269584995,0.0,-0.4189733131122333,0.0,-0.4192060612415999,5.196169099996872e-06,-0.3538727644928,2.193719499998803e-06,-0.19431691854574998,4.950572650000429e-06,D:\HyraiOn\ENS_Lyon\Internship\2026-EPFL\data\0713summary\J2_0p31\2tensor_twoC3\D_10\energy_magnetization_correlation.txt,D:\HyraiOn\ENS_Lyon\Internship\2026-EPFL\data\0713summary\J2_0p31\2tensor_twoC3\D_10\tensor_best.pt
True,True,False,,sep27:a01:right:insurance0:6e5ca71837a2,plaquette,0.31,10,120,sep27:a01:right:insurance0,-0.4229910521499,True,-0.4229589784093,-3.2073740599991574e-05,0.18953342017659994,0.00011575871417957342,0.22488914269584995,0.15721400373279318,-0.8796910831596173,0.3438041518158696,-0.38962097823555,0.00011368237184999908,-0.37821969799230004,2.706517129999475e-05,-0.20008755805895004,2.1826548949999136e-05,D:\HyraiOn\ENS_Lyon\Internship\2026-EPFL\data\external\Working_AD_Honeycomb_Sep27\Results_Sep27\a01\right\J2_0p31\D_10_chi_120_energy_magnetization_correlation.txt,D:\HyraiOn\ENS_Lyon\Internship\2026-EPFL\data\external\Working_AD_Honeycomb_Sep27\Results_Sep27\a01\right\J2_0p31\sweep_D10_chi120_best.pt
True,True,False,,original_2c3:245d32ee40ea,plaquette,0.32,10,0,original_2c3,-0.4210683557824,True,-0.4210683557824,0.0,0.23507323869515,5.477100411940528e-06,0.23507323869515,0.0,-0.5815448340605623,0.0,-0.4141941795155,5.2860189999892615e-06,-0.36501037396245,9.126209500054383e-07,-0.17912094082035002,1.4340962499886922e-06,D:\HyraiOn\ENS_Lyon\Internship\2026-EPFL\data\0713summary\J2_0p32\2tensor_twoC3\D_10\energy_magnetization_correlation.txt,D:\HyraiOn\ENS_Lyon\Internship\2026-EPFL\data\0713summary\J2_0p32\2tensor_twoC3\D_10\tensor_best.pt
False,True,False,,sep27:a01:right:insurance0:67b38a065ed4,plaquette,0.32,10,120,sep27:a01:right:insurance0,-0.4210241994472,True,-0.4210683557824,4.415633519999629e-05,0.18953364191495004,0.00011583285632157841,0.23507323869515,0.1937251429936569,-0.8796830841559359,0.5538658140720056,-0.3896213152515,0.00011374865649999011,-0.37821926362955,2.718101915000215e-05,-0.20008767333654998,2.1874499950003123e-05,D:\HyraiOn\ENS_Lyon\Internship\2026-EPFL\data\external\Working_AD_Honeycomb_Sep27\Results_Sep27\a01\right\J2_0p32\D_10_chi_120_energy_magnetization_correlation.txt,D:\HyraiOn\ENS_Lyon\Internship\2026-EPFL\data\external\Working_AD_Honeycomb_Sep27\Results_Sep27\a01\right\J2_0p32\sweep_D10_chi120_best.pt
True,True,False,,sep27:a03:left:insurance0:0b04ed8d67fc,plaquette,0.26,11,140,sep27:a03:left:insurance0,-0.434699069093,False,nan,nan,0.07046409256449992,7.031388581462161e-05,nan,nan,-0.8859182489430113,-0.028,-0.3616045891967499,6.564380904999778e-05,-0.35758525566355,4.040952850004054e-06,-0.29114049663225,2.5197874350013635e-05,D:\HyraiOn\ENS_Lyon\Internship\2026-EPFL\data\external\Working_AD_Honeycomb_Sep27\Results_Sep27\a03\left\J2_0p26\D_11_chi_140_energy_magnetization_correlation.txt,D:\HyraiOn\ENS_Lyon\Internship\2026-EPFL\data\external\Working_AD_Honeycomb_Sep27\Results_Sep27\a03\left\J2_0p26\sweep_D11_chi140_best.pt
True,True,False,,sep27:a03:left:insurance0:52edd7e90f4e,plaquette,0.265,11,140,sep27:a03:left:insurance0,-0.4333249870471,False,nan,nan,0.08703074868499994,1.875212541829941e-05,nan,nan,-0.963368677638993,-0.028,-0.3648987763419,1.6031169399993717e-05,-0.3633047506367,3.1996083000029873e-06,-0.27786802765690005,9.728505300010683e-06,D:\HyraiOn\ENS_Lyon\Internship\2026-EPFL\data\external\Working_AD_Honeycomb_Sep27\Results_Sep27\a03\left\J2_0p265\D_11_chi_140_energy_magnetization_correlation.txt,D:\HyraiOn\ENS_Lyon\Internship\2026-EPFL\data\external\Working_AD_Honeycomb_Sep27\Results_Sep27\a03\left\J2_0p265\sweep_D11_chi140_best.pt
True,True,False,,sep27:a03:left:insurance0:bb09fbe5fdb4,plaquette,0.27,11,140,sep27:a03:left:insurance0,-0.4320194058459,False,nan,nan,0.09983283542084997,1.4035908788425468e-05,nan,nan,-0.9728629011018337,-0.028,-0.36794586872025,3.487542650004727e-06,-0.3665912819562,1.3911510200026456e-05,-0.2681130332994,1.3595726599979763e-05,D:\HyraiOn\ENS_Lyon\Internship\2026-EPFL\data\external\Working_AD_Honeycomb_Sep27\Results_Sep27\a03\left\J2_0p27\D_11_chi_140_energy_magnetization_correlation.txt,D:\HyraiOn\ENS_Lyon\Internship\2026-EPFL\data\external\Working_AD_Honeycomb_Sep27\Results_Sep27\a03\left\J2_0p27\sweep_D11_chi140_best.pt
True,True,False,,original_2c3:symmetry_restored:762658141a7f,plaquette,0.275,11,0,original_2c3:symmetry_restored,-0.4308055188782,True,-0.4308055188782,0.0,0.05654529697265004,2.93313105549431e-05,0.05654529697265004,0.0,0.4048756677964471,0.26227889019779044,-0.36519463529210006,1.0013046500001455e-05,-0.3254750793695,1.7265328299986837e-05,-0.30864933831945,2.7569270550004132e-05,D:\HyraiOn\ENS_Lyon\Internship\2026-EPFL\data\0713summary\J2_0p275\2tensor_twoC3\D_11\energy_magnetization_correlation.txt,D:\HyraiOn\ENS_Lyon\Internship\2026-EPFL\data\0713summary\J2_0p275\2tensor_twoC3\D_11\tensor_best.pt
False,False,False,relative Delta difference 109.1%>35%,sep27:a03:left:insurance0:24d7d2fd429d,plaquette,0.275,11,140,sep27:a03:left:insurance0,-0.4307901357414,True,-0.4308055188782,1.53831367999957e-05,0.11823562525750009,6.949466261939037e-05,0.05654529697265004,1.0909895532901448,-0.9775382791437343,inf,-0.3725980945619,6.829752720000082e-05,-0.371270206757,4.680958199998475e-06,-0.25436246930439993,1.2843516299987368e-05,D:\HyraiOn\ENS_Lyon\Internship\2026-EPFL\data\external\Working_AD_Honeycomb_Sep27\Results_Sep27\a03\left\J2_0p275\D_11_chi_140_energy_magnetization_correlation.txt,D:\HyraiOn\ENS_Lyon\Internship\2026-EPFL\data\external\Working_AD_Honeycomb_Sep27\Results_Sep27\a03\left\J2_0p275\sweep_D11_chi140_best.pt
True,True,False,,original_2c3:3a0408712ac7,plaquette,0.28,11,0,original_2c3,-0.4296290863775,True,-0.4296290863775,0.0,0.07302863472490007,6.323581394565213e-05,0.07302863472490007,0.0,-0.38124345102684776,0.0,-0.3636723918699,6.244192579998864e-05,-0.3410789188706,1.9752078100010454e-05,-0.29064375714499996,9.988697000001823e-06,D:\HyraiOn\ENS_Lyon\Internship\2026-EPFL\data\0713summary\J2_0p28\2tensor_twoC3\D_11\energy_magnetization_correlation.txt,D:\HyraiOn\ENS_Lyon\Internship\2026-EPFL\data\0713summary\J2_0p28\2tensor_twoC3\D_11\tensor_best.pt
False,False,False,relative Delta difference 84.7%>35%,sep27:a03:left:insurance0:c73f2a4a4801,plaquette,0.28,11,140,sep27:a03:left:insurance0,-0.4295616244863,True,-0.4296290863775,6.746189120004908e-05,0.13485761262989995,6.4748716688392e-05,0.07302863472490007,0.846640199942263,-0.9663629520511469,inf,-0.37693107475744997,6.431177695001566e-05,-0.37466296876630006,4.3639915000004414e-06,-0.24207346212755002,7.509437950012354e-06,D:\HyraiOn\ENS_Lyon\Internship\2026-EPFL\data\external\Working_AD_Honeycomb_Sep27\Results_Sep27\a03\left\J2_0p28\D_11_chi_140_energy_magnetization_correlation.txt,D:\HyraiOn\ENS_Lyon\Internship\2026-EPFL\data\external\Working_AD_Honeycomb_Sep27\Results_Sep27\a03\left\J2_0p28\sweep_D11_chi140_best.pt
False,True,False,,original_2c3:808c72e6a0e7,plaquette,0.29,11,0,original_2c3,-0.4272115104186,True,-0.4272115104186,0.0,0.17097715429395002,1.8350273721260073e-05,0.17097715429395002,0.0,-0.3265997879245667,0.01340987571857766,-0.40456954401320006,1.0326991000009222e-05,-0.34700151803240004,1.4802229899996133e-05,-0.23359238971925003,1.5168579449997832e-05,D:\HyraiOn\ENS_Lyon\Internship\2026-EPFL\data\0713summary\J2_0p29\2tensor_twoC3\D_11\energy_magnetization_correlation.txt,D:\HyraiOn\ENS_Lyon\Internship\2026-EPFL\data\0713summary\J2_0p29\2tensor_twoC3\D_11\tensor_best.pt
True,True,False,,sep27:a03:left:insurance0:e6e18195ae36,plaquette,0.29,11,140,sep27:a03:left:insurance0,-0.4272081308145,True,-0.4272115104186,3.379604100017808e-06,0.17370427465195007,2.950016094077956e-05,0.17097715429395002,0.015950203226049037,-0.8682362822638623,-0.024172478824568147,-0.38991672831655005,2.944466894999609e-05,-0.37847276780915,1.3404858499876937e-06,-0.21621245366459999,1.808581200010706e-06,D:\HyraiOn\ENS_Lyon\Internship\2026-EPFL\data\external\Working_AD_Honeycomb_Sep27\Results_Sep27\a03\left\J2_0p29\D_11_chi_140_energy_magnetization_correlation.txt,D:\HyraiOn\ENS_Lyon\Internship\2026-EPFL\data\external\Working_AD_Honeycomb_Sep27\Results_Sep27\a03\left\J2_0p29\sweep_D11_chi140_best.pt
False,True,False,,original_2c3:88969084dc81,plaquette,0.3,11,0,original_2c3,-0.4250380256901,True,-0.4250380256901,0.0,0.18454616231874998,2.4417818331548134e-05,0.18454616231874998,0.0,-0.875560868678835,0.0,-0.39072960296229997,2.1006042899979205e-05,-0.3792472208985,2.501150900002802e-06,-0.20618344064355,1.2448936250006315e-05,D:\HyraiOn\ENS_Lyon\Internship\2026-EPFL\data\0713summary\J2_0p3\2tensor_twoC3\D_11\energy_magnetization_correlation.txt,D:\HyraiOn\ENS_Lyon\Internship\2026-EPFL\data\0713summary\J2_0p3\2tensor_twoC3\D_11\tensor_best.pt
True,True,False,,sep27_seed:a03:b9becdf1eede,plaquette,0.3,11,140,sep27_seed:a03,-0.4250323912486,True,-0.4250380256901,5.6344415000353365e-06,0.1886043661748,2.7819408257074962e-05,0.18454616231874998,0.021990182862977384,-0.8891848054989914,-0.020222981227090018,-0.39166156311425,2.7742517349993442e-05,-0.38121144835355003,4.1337324999113356e-07,-0.20305719693944999,2.0669317499916184e-06,D:\HyraiOn\ENS_Lyon\Internship\2026-EPFL\data\external\Working_AD_Honeycomb_Sep27\seeds\a03\observation.txt,D:\HyraiOn\ENS_Lyon\Internship\2026-EPFL\data\external\Working_AD_Honeycomb_Sep27\seeds\a03\tensor_best.pt
False,True,False,,original_2c3:a84200bf9cef,plaquette,0.31,11,0,original_2c3,-0.4230447218773,True,-0.4230447218773,0.0,0.21601437556625006,1.2840640191449156e-05,0.21601437556625006,0.0,-0.3699551342352234,0.0,-0.41711652344110006,2.2728326000143184e-06,-0.34906714931265004,5.4852028500140815e-06,-0.20110214787485,1.263789034999796e-05,D:\HyraiOn\ENS_Lyon\Internship\2026-EPFL\data\0713summary\J2_0p31\2tensor_twoC3\D_11\energy_magnetization_correlation.txt,D:\HyraiOn\ENS_Lyon\Internship\2026-EPFL\data\0713summary\J2_0p31\2tensor_twoC3\D_11\tensor_best.pt
True,True,False,,sep27:a03:right:insurance0:abd2d3c91950,plaquette,0.31,11,140,sep27:a03:right:insurance0,-0.423020486929,True,-0.4230447218773,2.4234948300005943e-05,0.2026840222124,5.283478153378324e-05,0.21601437556625006,0.06171049180827193,-0.9122720754556242,0.05011140138519865,-0.39284030151320004,5.2790560899990124e-05,-0.3839497772097,1.1085572999836035e-06,-0.19015627930080004,2.1612079000032924e-06,D:\HyraiOn\ENS_Lyon\Internship\2026-EPFL\data\external\Working_AD_Honeycomb_Sep27\Results_Sep27\a03\right\J2_0p31\D_11_chi_140_energy_magnetization_correlation.txt,D:\HyraiOn\ENS_Lyon\Internship\2026-EPFL\data\external\Working_AD_Honeycomb_Sep27\Results_Sep27\a03\right\J2_0p31\sweep_D11_chi140_best.pt
True,True,False,,original_2c3:681314fc51f4,plaquette,0.32,11,0,original_2c3,-0.4211057865373,True,-0.4211057865373,0.0,0.23489032479299995,4.1284238696466345e-06,0.23489032479299995,0.0,-0.5734714060658245,0.0,-0.41423770971505,3.5368571500160595e-06,-0.36414398973369994,9.981220200017129e-06,-0.17934738492205002,2.129442449996799e-06,D:\HyraiOn\ENS_Lyon\Internship\2026-EPFL\data\0713summary\J2_0p32\2tensor_twoC3\D_11\energy_magnetization_correlation.txt,D:\HyraiOn\ENS_Lyon\Internship\2026-EPFL\data\0713summary\J2_0p32\2tensor_twoC3\D_11\tensor_best.pt
False,True,False,,sep27:a03:right:insurance0:fcb893470376,plaquette,0.32,11,140,sep27:a03:right:insurance0,-0.4211450278419,True,-0.4211057865373,-3.924130459997954e-05,0.21442252632220002,6.393108076702803e-05,0.23489032479299995,0.08713768218779314,-0.9299710656326442,0.14618408774579758,-0.39333445916345,6.382867624998845e-05,-0.3858265686521,1.923746200005461e-06,-0.17891193284124998,3.6170673499980044e-06,D:\HyraiOn\ENS_Lyon\Internship\2026-EPFL\data\external\Working_AD_Honeycomb_Sep27\Results_Sep27\a03\right\J2_0p32\D_11_chi_140_energy_magnetization_correlation.txt,D:\HyraiOn\ENS_Lyon\Internship\2026-EPFL\data\external\Working_AD_Honeycomb_Sep27\Results_Sep27\a03\right\J2_0p32\sweep_D11_chi140_best.pt
