{
  "step": 15,
  "D_bond": 2,
  "chi": 8,
  "loss": -2.8619655346353277,
  "loss_per_bond": -0.3179961705150364,
  "E1": -0.7173380764263368,
  "E2": -0.8282965242724472,
  "E3": -12.786059002770939,
  "E1_per_bond": -0.23911269214211228,
  "E2_per_bond": -0.27609884142414903,
  "E3_per_bond": -4.262019667590313,
  "ctm_steps": 70,
  "ctm_converged": false,
  "tensor_norms": {
    "a": 1.0000768032779828,
    "b": 1.0000557201262739,
    "c": 1.0011385767903191,
    "d": 1.0013193713878947,
    "e": 1.0000212486623559,
    "f": 1.0000023141045975
  },
  "has_nan": false,
  "has_inf": false,
  "optimizer": "lbfgs",
  "is_extreme": false,
  "is_component_extreme": true
}