{
  "step": 12,
  "D_bond": 2,
  "chi": 8,
  "loss": -2.78717222973496,
  "loss_per_bond": -0.30968580330388445,
  "E1": -31.827376756346307,
  "E2": -0.73051220668261,
  "E3": -0.7089626357121085,
  "E1_per_bond": -10.60912558544877,
  "E2_per_bond": -0.2435040688942033,
  "E3_per_bond": -0.23632087857070283,
  "ctm_steps": 4,
  "ctm_converged": true,
  "tensor_norms": {
    "a": 1.000551671451859,
    "b": 1.0010064668869763,
    "c": 1.0158825260501783,
    "d": 1.0001575861370104,
    "e": 1.0030872122883423,
    "f": 1.0028887661295565
  },
  "has_nan": false,
  "has_inf": false,
  "optimizer": "lbfgs",
  "is_extreme": false,
  "is_component_extreme": true
}