{
  "step": 6,
  "D_bond": 2,
  "chi": 9,
  "loss": 1000000.0,
  "loss_per_bond": 111111.11111111111,
  "ctm_steps": 0,
  "ctm_converged": true,
  "tensor_norms": {
    "a": 7.0570837320152275,
    "b": 5.792270458285372,
    "c": 6.386206036730953,
    "d": 6.064273686797549,
    "e": 7.3000896837864655,
    "f": 6.727652839106549
  },
  "has_nan": false,
  "has_inf": false,
  "optimizer": "lbfgs",
  "is_extreme": true
}