{
  "step": 0,
  "D_bond": 2,
  "chi": 5,
  "loss": 0.7528612580134683,
  "loss_per_bond": 0.08365125089038536,
  "E1": -24929.534779127946,
  "E2": -0.04946217882097646,
  "E3": -0.2287325891703187,
  "E1_per_bond": -8309.844926375981,
  "E2_per_bond": -0.016487392940325488,
  "E3_per_bond": -0.07624419639010623,
  "ctm_steps": 13,
  "ctm_converged": true,
  "tensor_norms": {
    "a": 1.3131222168795598,
    "b": 1.0948072812306544,
    "c": 1.1582760359612307,
    "d": 1.0887926900144338,
    "e": 1.083495436515245,
    "f": 1.2216850691714523
  },
  "has_nan": false,
  "has_inf": false,
  "optimizer": "lbfgs",
  "is_extreme": false,
  "is_component_extreme": true
}