{
  "step": 0,
  "D_bond": 2,
  "chi": 5,
  "loss": 1.1640973774300085,
  "loss_per_bond": 0.12934415304777871,
  "E1": -0.008430081315071117,
  "E2": -0.359820788362532,
  "E3": -290.5289365163013,
  "E1_per_bond": -0.002810027105023706,
  "E2_per_bond": -0.11994026278751067,
  "E3_per_bond": -96.84297883876711,
  "ctm_steps": 11,
  "ctm_converged": true,
  "tensor_norms": {
    "a": 1.3147191268354719,
    "b": 1.1659277819832858,
    "c": 1.1267987856472104,
    "d": 1.1067570088056464,
    "e": 1.2486477107093512,
    "f": 1.2326845638253758
  },
  "has_nan": false,
  "has_inf": false,
  "optimizer": "lbfgs",
  "is_extreme": false,
  "is_component_extreme": true
}