{
  "step": 2,
  "D_bond": 2,
  "chi": 5,
  "loss": -2.598354602879178,
  "loss_per_bond": -0.28870606698657536,
  "E1": -206.78623677563553,
  "E2": -0.5172871426163065,
  "E3": -0.3457442665282604,
  "E1_per_bond": -68.92874559187851,
  "E2_per_bond": -0.17242904753876884,
  "E3_per_bond": -0.11524808884275346,
  "ctm_steps": 6,
  "ctm_converged": true,
  "tensor_norms": {
    "a": 1.0080518498325541,
    "b": 1.0125062991698832,
    "c": 1.0091278041281884,
    "d": 1.0137629331841709,
    "e": 1.009716179557755,
    "f": 1.00309200201946
  },
  "has_nan": false,
  "has_inf": false,
  "optimizer": "lbfgs",
  "is_extreme": false,
  "is_component_extreme": true
}