J2,branch,D,signed_h,energy,used,aggregation,point_id,path
0.26,dimer-plaquette,6,-0.08,-0.4643635795965,True,"median within (D, branch, h)",8b0e73212ca6ae,D:\HyraiOn\ENS_Lyon\Internship\2026-EPFL\data\distinVBCs\Results_Izar_replica1\J2_0.26\D_6\orientation_2\dimer-plaquette\replica_1\h_0p08\D_6_chi_72_energy_magnetization_correlation.txt
0.26,dimer-plaquette,6,-0.04,-0.4460151627207,True,"median within (D, branch, h)",2df9c1de808671,D:\HyraiOn\ENS_Lyon\Internship\2026-EPFL\data\distinVBCs\Results_Izar_replica1\J2_0.26\D_6\orientation_2\dimer-plaquette\replica_1\h_0p04\D_6_chi_72_energy_magnetization_correlation.txt
0.26,dimer-plaquette,6,-0.02,-0.4388354545635,True,"median within (D, branch, h)",90cac6aae57d33,D:\HyraiOn\ENS_Lyon\Internship\2026-EPFL\data\distinVBCs\Results_Izar_replica1\J2_0.26\D_6\orientation_2\dimer-plaquette\replica_1\h_0p02\D_6_chi_72_energy_magnetization_correlation.txt
0.26,dimer-plaquette,6,-0.01,-0.4359206441943,True,"median within (D, branch, h)",0abc3114723569,D:\HyraiOn\ENS_Lyon\Internship\2026-EPFL\data\distinVBCs\Results_Izar_replica1\J2_0.26\D_6\orientation_2\dimer-plaquette\replica_1\h_0p01\D_6_chi_72_energy_magnetization_correlation.txt
0.26,dimer-plaquette,6,-0.005,-0.4346819633782,True,"median within (D, branch, h)",3a4f5994686df0,D:\HyraiOn\ENS_Lyon\Internship\2026-EPFL\data\distinVBCs\Results_Izar_replica1\J2_0.26\D_6\orientation_2\dimer-plaquette\replica_1\h_0p005\D_6_chi_72_energy_magnetization_correlation.txt
0.26,dimer-plaquette,6,-0.003,-0.4342283429485,True,"median within (D, branch, h)",1c5976bec5fed4,D:\HyraiOn\ENS_Lyon\Internship\2026-EPFL\data\distinVBCsSmallH\Results_Izar_replica1\J2_0.26\D_6\orientation_2\dimer-plaquette\replica_1\h_0p003\D_6_chi_72_energy_magnetization_correlation.txt
0.26,dimer-plaquette,6,-0.002,-0.4340117513363,True,"median within (D, branch, h)",995a5be09bcce0,D:\HyraiOn\ENS_Lyon\Internship\2026-EPFL\data\distinVBCsSmallH\Results_Izar_replica1\J2_0.26\D_6\orientation_2\dimer-plaquette\replica_1\h_0p002\D_6_chi_72_energy_magnetization_correlation.txt
0.26,dimer-plaquette,6,-0.001,-0.4338022017712,True,"median within (D, branch, h)",f526a86cc3c42e,D:\HyraiOn\ENS_Lyon\Internship\2026-EPFL\data\distinVBCsSmallH\Results_Izar_replica1\J2_0.26\D_6\orientation_2\dimer-plaquette\replica_1\h_0p001\D_6_chi_72_energy_magnetization_correlation.txt
0.26,dimer-plaquette,6,0.0,-0.4336002626257,True,"median within (D, branch, h)",bad23aad725a35,D:\HyraiOn\ENS_Lyon\Internship\2026-EPFL\data\distinVBCsSmallH\Results_Izar_replica1\J2_0.26\D_6\orientation_2\dimer-plaquette\replica_1\h_0\D_6_chi_72_energy_magnetization_correlation.txt
0.26,plaquette,6,0.0,-0.4336216533534,True,"median within (D, branch, h)",866b5e18bbfd02,D:\HyraiOn\ENS_Lyon\Internship\2026-EPFL\data\distinVBCsSmallH\Results_Izar_replica1\J2_0.26\D_6\orientation_2\plaquette\replica_1\h_0\D_6_chi_72_energy_magnetization_correlation.txt
0.26,plaquette,6,0.001,-0.4337957386403,True,"median within (D, branch, h)",6443bbf76b4472,D:\HyraiOn\ENS_Lyon\Internship\2026-EPFL\data\distinVBCsSmallH\Results_Izar_replica1\J2_0.26\D_6\orientation_2\plaquette\replica_1\h_0p001\D_6_chi_72_energy_magnetization_correlation.txt
0.26,plaquette,6,0.002,-0.4339862526055,True,"median within (D, branch, h)",a6c3eff1576fc2,D:\HyraiOn\ENS_Lyon\Internship\2026-EPFL\data\distinVBCsSmallH\Results_Izar_replica1\J2_0.26\D_6\orientation_2\plaquette\replica_1\h_0p002\D_6_chi_72_energy_magnetization_correlation.txt
0.26,plaquette,6,0.003,-0.4341883280526,True,"median within (D, branch, h)",82b551c1bbf4bc,D:\HyraiOn\ENS_Lyon\Internship\2026-EPFL\data\distinVBCsSmallH\Results_Izar_replica1\J2_0.26\D_6\orientation_2\plaquette\replica_1\h_0p003\D_6_chi_72_energy_magnetization_correlation.txt
0.26,plaquette,6,0.005,-0.4346183165469,True,"median within (D, branch, h)",2773274aaab0e3,D:\HyraiOn\ENS_Lyon\Internship\2026-EPFL\data\distinVBCs\Results_Izar_replica1\J2_0.26\D_6\orientation_2\plaquette\replica_1\h_0p005\D_6_chi_72_energy_magnetization_correlation.txt
0.26,plaquette,6,0.01,-0.4358121675542,True,"median within (D, branch, h)",088801400949a4,D:\HyraiOn\ENS_Lyon\Internship\2026-EPFL\data\distinVBCs\Results_Izar_replica1\J2_0.26\D_6\orientation_2\plaquette\replica_1\h_0p01\D_6_chi_72_energy_magnetization_correlation.txt
0.26,plaquette,6,0.02,-0.4385719973414,True,"median within (D, branch, h)",6a51062da5c9e6,D:\HyraiOn\ENS_Lyon\Internship\2026-EPFL\data\distinVBCs\Results_Izar_replica1\J2_0.26\D_6\orientation_2\plaquette\replica_1\h_0p02\D_6_chi_72_energy_magnetization_correlation.txt
0.26,plaquette,6,0.04,-0.445090752503,True,"median within (D, branch, h)",c317f4412bc736,D:\HyraiOn\ENS_Lyon\Internship\2026-EPFL\data\distinVBCs\Results_Izar_replica1\J2_0.26\D_6\orientation_2\plaquette\replica_1\h_0p04\D_6_chi_72_energy_magnetization_correlation.txt
0.26,plaquette,6,0.08,-0.4603343060561,True,"median within (D, branch, h)",026ab8a3a58e27,D:\HyraiOn\ENS_Lyon\Internship\2026-EPFL\data\distinVBCs\Results_Izar_replica1\J2_0.26\D_6\orientation_2\plaquette\replica_1\h_0p08\D_6_chi_72_energy_magnetization_correlation.txt
0.26,dimer-plaquette,7,-0.08,-0.4644506267948,True,"median within (D, branch, h)",c528e389d53bc5,D:\HyraiOn\ENS_Lyon\Internship\2026-EPFL\data\distinVBCs\Results_Izar_replica1\J2_0.26\D_7\orientation_1\dimer-plaquette\replica_1\h_0p08\D_7_chi_91_energy_magnetization_correlation.txt
0.26,dimer-plaquette,7,-0.04,-0.4461506833903,True,"median within (D, branch, h)",8acd693d7ca693,D:\HyraiOn\ENS_Lyon\Internship\2026-EPFL\data\distinVBCs\Results_Izar_replica1\J2_0.26\D_7\orientation_1\dimer-plaquette\replica_1\h_0p04\D_7_chi_91_energy_magnetization_correlation.txt
0.26,dimer-plaquette,7,-0.02,-0.4390030173555,True,"median within (D, branch, h)",e8d27f82a22c0a,D:\HyraiOn\ENS_Lyon\Internship\2026-EPFL\data\distinVBCs\Results_Izar_replica1\J2_0.26\D_7\orientation_1\dimer-plaquette\replica_1\h_0p02\D_7_chi_91_energy_magnetization_correlation.txt
0.26,dimer-plaquette,7,-0.02,-0.4390026349272,True,"median within (D, branch, h)",8ef1eecf0bfe30,D:\HyraiOn\ENS_Lyon\Internship\2026-EPFL\data\distinVBCsJ2Continuation\D7DimerJ2_0p26\Results_D7DimerJ2_0p26\pin_h0p02\pin\D_7_chi_91_energy_magnetization_correlation.txt
0.26,dimer-plaquette,7,-0.01,-0.4361049768476,True,"median within (D, branch, h)",5a0be6f389f1de,D:\HyraiOn\ENS_Lyon\Internship\2026-EPFL\data\distinVBCs\Results_Izar_replica1\J2_0.26\D_7\orientation_1\dimer-plaquette\replica_1\h_0p01\D_7_chi_91_energy_magnetization_correlation.txt
0.26,dimer-plaquette,7,-0.005,-0.4348634356008,True,"median within (D, branch, h)",34db5583f86afd,D:\HyraiOn\ENS_Lyon\Internship\2026-EPFL\data\distinVBCs\Results_Izar_replica1\J2_0.26\D_7\orientation_1\dimer-plaquette\replica_1\h_0p005\D_7_chi_91_energy_magnetization_correlation.txt
0.26,dimer-plaquette,7,-0.003,-0.4344543740103,True,"median within (D, branch, h)",d50234b2fe5486,D:\HyraiOn\ENS_Lyon\Internship\2026-EPFL\data\distinVBCsSmallH\Results_Izar_replica1\J2_0.26\D_7\orientation_1\dimer-plaquette\replica_1\h_0p003\D_7_chi_91_energy_magnetization_correlation.txt
0.26,dimer-plaquette,7,-0.002,-0.4342447681641,True,"median within (D, branch, h)",3d0881939b5711,D:\HyraiOn\ENS_Lyon\Internship\2026-EPFL\data\distinVBCsSmallH\Results_Izar_replica1\J2_0.26\D_7\orientation_1\dimer-plaquette\replica_1\h_0p002\D_7_chi_91_energy_magnetization_correlation.txt
0.26,dimer-plaquette,7,-0.001,-0.434042972409,True,"median within (D, branch, h)",f5c5df0cc06400,D:\HyraiOn\ENS_Lyon\Internship\2026-EPFL\data\distinVBCsSmallH\Results_Izar_replica1\J2_0.26\D_7\orientation_1\dimer-plaquette\replica_1\h_0p001\D_7_chi_91_energy_magnetization_correlation.txt
0.26,dimer-plaquette,7,0.0,-0.4338823933342,True,"median within (D, branch, h)",524826532a661a,D:\HyraiOn\ENS_Lyon\Internship\2026-EPFL\data\distinVBCsJ2Continuation\D7DimerJ2_0p26\Results_D7DimerJ2_0p26\adiabatic\duplicate_3\D_7_chi_91_energy_magnetization_correlation.txt
0.26,dimer-plaquette,7,0.0,-0.4338785460085,True,"median within (D, branch, h)",ba8e4fbe7dc501,D:\HyraiOn\ENS_Lyon\Internship\2026-EPFL\data\distinVBCsJ2Continuation\D7DimerJ2_0p26\Results_D7DimerJ2_0p26\adiabatic\duplicate_4\D_7_chi_91_energy_magnetization_correlation.txt
0.26,plaquette,7,0.0,-0.4340437417707,True,"median within (D, branch, h)",887e23d4303c69,D:\HyraiOn\ENS_Lyon\Internship\2026-EPFL\data\distinVBCsSmallH\Results_Izar_replica1\J2_0.26\D_7\orientation_1\plaquette\replica_1\h_0\D_7_chi_91_energy_magnetization_correlation.txt
0.26,plaquette,7,0.0,-0.4340422852083,True,"median within (D, branch, h)",2d3649f8151261,D:\HyraiOn\ENS_Lyon\Internship\2026-EPFL\data\distinVBCsJ2Continuation\Results_Izar_J2_sequences\s001_J2_0p28_D_7_plaquette\left\insurance_2\J2_0p26\D_7_chi_91_energy_magnetization_correlation.txt
0.26,plaquette,7,0.0,-0.4340418482675,True,"median within (D, branch, h)",c06f2366d8f4b6,D:\HyraiOn\ENS_Lyon\Internship\2026-EPFL\data\distinVBCsJ2Continuation\Results_Izar_J2_sequences\s001_J2_0p28_D_7_plaquette\left\insurance_1\J2_0p26\D_7_chi_91_energy_magnetization_correlation.txt
0.26,plaquette,7,0.001,-0.4342205757038,True,"median within (D, branch, h)",db5b4ac320e637,D:\HyraiOn\ENS_Lyon\Internship\2026-EPFL\data\distinVBCsSmallH\Results_Izar_replica1\J2_0.26\D_7\orientation_1\plaquette\replica_1\h_0p001\D_7_chi_91_energy_magnetization_correlation.txt
0.26,plaquette,7,0.002,-0.4344076391755,True,"median within (D, branch, h)",8794fe672a36aa,D:\HyraiOn\ENS_Lyon\Internship\2026-EPFL\data\distinVBCsSmallH\Results_Izar_replica1\J2_0.26\D_7\orientation_1\plaquette\replica_1\h_0p002\D_7_chi_91_energy_magnetization_correlation.txt
0.26,plaquette,7,0.003,-0.4346034215974,True,"median within (D, branch, h)",3e82f3c42db741,D:\HyraiOn\ENS_Lyon\Internship\2026-EPFL\data\distinVBCsSmallH\Results_Izar_replica1\J2_0.26\D_7\orientation_1\plaquette\replica_1\h_0p003\D_7_chi_91_energy_magnetization_correlation.txt
0.26,plaquette,7,0.005,-0.4350193173175,True,"median within (D, branch, h)",f044e7316145a1,D:\HyraiOn\ENS_Lyon\Internship\2026-EPFL\data\distinVBCs\Results_Izar_replica1\J2_0.26\D_7\orientation_1\plaquette\replica_1\h_0p005\D_7_chi_91_energy_magnetization_correlation.txt
0.26,plaquette,7,0.01,-0.436181156884,True,"median within (D, branch, h)",63a5c669674cd7,D:\HyraiOn\ENS_Lyon\Internship\2026-EPFL\data\distinVBCs\Results_Izar_replica1\J2_0.26\D_7\orientation_1\plaquette\replica_1\h_0p01\D_7_chi_91_energy_magnetization_correlation.txt
0.26,plaquette,7,0.02,-0.4388881570162,True,"median within (D, branch, h)",e8a89d44417ec0,D:\HyraiOn\ENS_Lyon\Internship\2026-EPFL\data\distinVBCs\Results_Izar_replica1\J2_0.26\D_7\orientation_1\plaquette\replica_1\h_0p02\D_7_chi_91_energy_magnetization_correlation.txt
0.26,plaquette,7,0.04,-0.4453467049823,True,"median within (D, branch, h)",ceeb263251247b,D:\HyraiOn\ENS_Lyon\Internship\2026-EPFL\data\distinVBCs\Results_Izar_replica1\J2_0.26\D_7\orientation_1\plaquette\replica_1\h_0p04\D_7_chi_91_energy_magnetization_correlation.txt
0.26,plaquette,7,0.08,-0.4605397562186,True,"median within (D, branch, h)",7ff5f7d805e406,D:\HyraiOn\ENS_Lyon\Internship\2026-EPFL\data\distinVBCs\Results_Izar_replica1\J2_0.26\D_7\orientation_1\plaquette\replica_1\h_0p08\D_7_chi_91_energy_magnetization_correlation.txt
0.26,dimer-plaquette,8,-0.08,-0.4644837495629,True,"median within (D, branch, h)",2c45ea3a35c9f6,D:\HyraiOn\ENS_Lyon\Internship\2026-EPFL\data\distinVBCs\Results_Izar_replica1\J2_0.26\D_8\orientation_1\dimer-plaquette\replica_1\h_0p08\D_8_chi_104_energy_magnetization_correlation.txt
0.26,dimer-plaquette,8,-0.04,-0.4462160576185,True,"median within (D, branch, h)",09bd42c825a292,D:\HyraiOn\ENS_Lyon\Internship\2026-EPFL\data\distinVBCs\Results_Izar_replica1\J2_0.26\D_8\orientation_1\dimer-plaquette\replica_1\h_0p04\D_8_chi_104_energy_magnetization_correlation.txt
0.26,dimer-plaquette,8,-0.02,-0.4391141773047,True,"median within (D, branch, h)",5f042439dfb4e5,D:\HyraiOn\ENS_Lyon\Internship\2026-EPFL\data\distinVBCs\Results_Izar_replica1\J2_0.26\D_8\orientation_1\dimer-plaquette\replica_1\h_0p02\D_8_chi_104_energy_magnetization_correlation.txt
0.26,dimer-plaquette,8,-0.01,-0.4362804837618,True,"median within (D, branch, h)",533a9f844a4f24,D:\HyraiOn\ENS_Lyon\Internship\2026-EPFL\data\distinVBCs\Results_Izar_replica1\J2_0.26\D_8\orientation_1\dimer-plaquette\replica_1\h_0p01\D_8_chi_104_energy_magnetization_correlation.txt
0.26,dimer-plaquette,8,-0.005,-0.4350975168359,True,"median within (D, branch, h)",c18a632782c238,D:\HyraiOn\ENS_Lyon\Internship\2026-EPFL\data\distinVBCsSmallH\Results_Izar_replica1\J2_0.26\D_8\orientation_1\dimer-plaquette\replica_1\h_0p005\D_8_chi_104_energy_magnetization_correlation.txt
0.26,dimer-plaquette,8,-0.003,-0.4346852697151,True,"median within (D, branch, h)",aeebff7681690f,D:\HyraiOn\ENS_Lyon\Internship\2026-EPFL\data\distinVBCsSmallH\Results_Izar_replica1\J2_0.26\D_8\orientation_1\dimer-plaquette\replica_1\h_0p003\D_8_chi_104_energy_magnetization_correlation.txt
0.26,dimer-plaquette,8,-0.002,-0.4344991311972,True,"median within (D, branch, h)",7597aebb7d07e6,D:\HyraiOn\ENS_Lyon\Internship\2026-EPFL\data\distinVBCsSmallH\Results_Izar_replica1\J2_0.26\D_8\orientation_1\dimer-plaquette\replica_1\h_0p002\D_8_chi_104_energy_magnetization_correlation.txt
0.26,dimer-plaquette,8,-0.001,-0.4343345078361,True,"median within (D, branch, h)",d46267d525a0f1,D:\HyraiOn\ENS_Lyon\Internship\2026-EPFL\data\distinVBCsSmallH\Results_Izar_replica1\J2_0.26\D_8\orientation_1\dimer-plaquette\replica_1\h_0p001\D_8_chi_104_energy_magnetization_correlation.txt
0.26,dimer-plaquette,8,0.0,-0.4341694544855,True,"median within (D, branch, h)",5017913f59613e,D:\HyraiOn\ENS_Lyon\Internship\2026-EPFL\data\distinVBCsSmallH\Results_Izar_replica1\J2_0.26\D_8\orientation_1\dimer-plaquette\replica_1\h_0\D_8_chi_104_energy_magnetization_correlation.txt
0.26,dimer-plaquette,8,0.0,-0.4341601189605,True,"median within (D, branch, h)",b54603e992ed56,D:\HyraiOn\ENS_Lyon\Internship\2026-EPFL\data\distinVBCsJ2Continuation\Results_Izar_J2_sequences\s004_J2_0p3_D_8_dimer-plaquette\left\insurance_1\J2_0p26\D_8_chi_104_energy_magnetization_correlation.txt
0.26,dimer-plaquette,8,0.0,-0.4341570589966,True,"median within (D, branch, h)",92c59b4d6dbd38,D:\HyraiOn\ENS_Lyon\Internship\2026-EPFL\data\distinVBCsJ2Continuation\Results_Izar_J2_sequences\s004_J2_0p3_D_8_dimer-plaquette\left\insurance_2\J2_0p26\D_8_chi_104_energy_magnetization_correlation.txt
0.26,plaquette,8,0.0,-0.4342918077479,True,"median within (D, branch, h)",02fc1e7ad09479,D:\HyraiOn\ENS_Lyon\Internship\2026-EPFL\data\distinVBCsJ2Continuation\Results_Izar_J2_sequences\s003_J2_0p28_D_8_plaquette\left\insurance_2\J2_0p26\D_8_chi_104_energy_magnetization_correlation.txt
0.26,plaquette,8,0.0,-0.4342889912743,True,"median within (D, branch, h)",edba25750703b9,D:\HyraiOn\ENS_Lyon\Internship\2026-EPFL\data\distinVBCsJ2Continuation\Results_Izar_J2_sequences\s003_J2_0p28_D_8_plaquette\left\insurance_1\J2_0p26\D_8_chi_104_energy_magnetization_correlation.txt
0.26,plaquette,8,0.0,-0.4342829739691,True,"median within (D, branch, h)",fdec1559ca2668,D:\HyraiOn\ENS_Lyon\Internship\2026-EPFL\data\distinVBCsSmallH\Results_Izar_replica1\J2_0.26\D_8\orientation_1\plaquette\replica_1\h_0\D_8_chi_104_energy_magnetization_correlation.txt
0.26,plaquette,8,0.001,-0.4344422212515,True,"median within (D, branch, h)",c7015153b29d84,D:\HyraiOn\ENS_Lyon\Internship\2026-EPFL\data\distinVBCsSmallH\Results_Izar_replica1\J2_0.26\D_8\orientation_1\plaquette\replica_1\h_0p001\D_8_chi_104_energy_magnetization_correlation.txt
0.26,plaquette,8,0.002,-0.4346176822461,True,"median within (D, branch, h)",fa0cf552bfc332,D:\HyraiOn\ENS_Lyon\Internship\2026-EPFL\data\distinVBCsSmallH\Results_Izar_replica1\J2_0.26\D_8\orientation_1\plaquette\replica_1\h_0p002\D_8_chi_104_energy_magnetization_correlation.txt
0.26,plaquette,8,0.003,-0.4348024751218,True,"median within (D, branch, h)",dabbc4f4c99ad8,D:\HyraiOn\ENS_Lyon\Internship\2026-EPFL\data\distinVBCsSmallH\Results_Izar_replica1\J2_0.26\D_8\orientation_1\plaquette\replica_1\h_0p003\D_8_chi_104_energy_magnetization_correlation.txt
0.26,plaquette,8,0.005,-0.4352002816686,True,"median within (D, branch, h)",17d6b992fac926,D:\HyraiOn\ENS_Lyon\Internship\2026-EPFL\data\distinVBCs\Results_Izar_replica1\J2_0.26\D_8\orientation_1\plaquette\replica_1\h_0p005\D_8_chi_104_energy_magnetization_correlation.txt
0.26,plaquette,8,0.01,-0.4363285530623,True,"median within (D, branch, h)",b4101ae1578ef3,D:\HyraiOn\ENS_Lyon\Internship\2026-EPFL\data\distinVBCs\Results_Izar_replica1\J2_0.26\D_8\orientation_1\plaquette\replica_1\h_0p01\D_8_chi_104_energy_magnetization_correlation.txt
0.26,plaquette,8,0.02,-0.4390045148097,True,"median within (D, branch, h)",0b5a1b95c3226f,D:\HyraiOn\ENS_Lyon\Internship\2026-EPFL\data\distinVBCs\Results_Izar_replica1\J2_0.26\D_8\orientation_1\plaquette\replica_1\h_0p02\D_8_chi_104_energy_magnetization_correlation.txt
0.26,plaquette,8,0.04,-0.4454163165618,True,"median within (D, branch, h)",f8a2123fa3bb0a,D:\HyraiOn\ENS_Lyon\Internship\2026-EPFL\data\distinVBCs\Results_Izar_replica1\J2_0.26\D_8\orientation_1\plaquette\replica_1\h_0p04\D_8_chi_104_energy_magnetization_correlation.txt
0.26,plaquette,8,0.08,-0.4605804273314,True,"median within (D, branch, h)",f0ff5b4042d9f3,D:\HyraiOn\ENS_Lyon\Internship\2026-EPFL\data\distinVBCs\Results_Izar_replica1\J2_0.26\D_8\orientation_1\plaquette\replica_1\h_0p08\D_8_chi_104_energy_magnetization_correlation.txt
0.26,dimer-plaquette,9,-0.08,-0.4644871390066,True,"median within (D, branch, h)",631791fe844f6d,D:\HyraiOn\ENS_Lyon\Internship\2026-EPFL\data\distinVBCs\Results_Izar_replica1\J2_0.26\D_9\orientation_1\dimer-plaquette\replica_1\h_0p08\D_9_chi_108_energy_magnetization_correlation.txt
0.26,dimer-plaquette,9,-0.04,-0.4462345070406,True,"median within (D, branch, h)",185707bd9bae8b,D:\HyraiOn\ENS_Lyon\Internship\2026-EPFL\data\distinVBCs\Results_Izar_replica1\J2_0.26\D_9\orientation_1\dimer-plaquette\replica_1\h_0p04\D_9_chi_108_energy_magnetization_correlation.txt
0.26,dimer-plaquette,9,-0.02,-0.4391763780466,True,"median within (D, branch, h)",89f05ec5dff444,D:\HyraiOn\ENS_Lyon\Internship\2026-EPFL\data\distinVBCs\Results_Izar_replica1\J2_0.26\D_9\orientation_1\dimer-plaquette\replica_1\h_0p02\D_9_chi_108_energy_magnetization_correlation.txt
0.26,dimer-plaquette,9,-0.005,-0.4353010216927,True,"median within (D, branch, h)",666b3d36c4b084,D:\HyraiOn\ENS_Lyon\Internship\2026-EPFL\data\distinVBCsSmallH\Results_Izar_replica1\J2_0.26\D_9\orientation_1\dimer-plaquette\replica_1\h_0p005\D_9_chi_108_energy_magnetization_correlation.txt
0.26,dimer-plaquette,9,-0.003,-0.4349399721478,True,"median within (D, branch, h)",5841b0fe678124,D:\HyraiOn\ENS_Lyon\Internship\2026-EPFL\data\distinVBCsSmallH\Results_Izar_replica1\J2_0.26\D_9\orientation_1\dimer-plaquette\replica_1\h_0p003\D_9_chi_108_energy_magnetization_correlation.txt
0.26,dimer-plaquette,9,-0.002,-0.4347831884615,True,"median within (D, branch, h)",742f723b2ff365,D:\HyraiOn\ENS_Lyon\Internship\2026-EPFL\data\distinVBCsSmallH\Results_Izar_replica1\J2_0.26\D_9\orientation_1\dimer-plaquette\replica_1\h_0p002\D_9_chi_108_energy_magnetization_correlation.txt
0.26,dimer-plaquette,9,-0.001,-0.4346508485862,True,"median within (D, branch, h)",1ea11085d3128e,D:\HyraiOn\ENS_Lyon\Internship\2026-EPFL\data\distinVBCsSmallH\Results_Izar_replica1\J2_0.26\D_9\orientation_1\dimer-plaquette\replica_1\h_0p001\D_9_chi_108_energy_magnetization_correlation.txt
0.26,dimer-plaquette,9,0.0,-0.4345967858546,True,"median within (D, branch, h)",69597a391d022c,D:\HyraiOn\ENS_Lyon\Internship\2026-EPFL\data\distinVBCsJ2Continuation\Results_Izar_J2_sequences\s006_J2_0p33_D_9_dimer-plaquette\left\insurance_2\J2_0p26\D_9_chi_108_energy_magnetization_correlation.txt
0.26,dimer-plaquette,9,0.0,-0.4345845648534,True,"median within (D, branch, h)",486f234bc5796b,D:\HyraiOn\ENS_Lyon\Internship\2026-EPFL\data\distinVBCsJ2Continuation\Results_Izar_J2_sequences\s006_J2_0p33_D_9_dimer-plaquette\left\insurance_1\J2_0p26\D_9_chi_108_energy_magnetization_correlation.txt
0.26,dimer-plaquette,9,0.0,-0.434581254709,True,"median within (D, branch, h)",07d22d9ab70a39,D:\HyraiOn\ENS_Lyon\Internship\2026-EPFL\data\distinVBCsJ2Continuation\Results_Izar_J2_sequences\s101_J2_0p28_D_9_dimer-plaquette\left\insurance_1\J2_0p26\D_9_chi_108_energy_magnetization_correlation.txt
0.26,dimer-plaquette,9,0.0,-0.434575239718,True,"median within (D, branch, h)",e7071ee74da8d5,D:\HyraiOn\ENS_Lyon\Internship\2026-EPFL\data\distinVBCsJ2Continuation\Results_Izar_J2_sequences\s101_J2_0p28_D_9_dimer-plaquette\left\insurance_2\J2_0p26\D_9_chi_108_energy_magnetization_correlation.txt
0.26,dimer-plaquette,9,0.0,-0.4345636223148,True,"median within (D, branch, h)",236645be97cf9e,D:\HyraiOn\ENS_Lyon\Internship\2026-EPFL\data\distinVBCsJ2Continuation\Results_Izar_J2_sequences\s102_J2_0p3_D_9_dimer-plaquette\left\insurance_2\J2_0p26\D_9_chi_108_energy_magnetization_correlation.txt
0.26,plaquette,9,0.0,-0.4345932622565,True,"median within (D, branch, h)",d901e005b3b4fa,D:\HyraiOn\ENS_Lyon\Internship\2026-EPFL\data\distinVBCsJ2Continuation\Results_Izar_J2_sequences\s005_J2_0p3_D_9_plaquette\left\insurance_2\J2_0p26\D_9_chi_108_energy_magnetization_correlation.txt
0.26,plaquette,9,0.0,-0.434588454618,True,"median within (D, branch, h)",f9e01a23d4e3bc,D:\HyraiOn\ENS_Lyon\Internship\2026-EPFL\data\distinVBCsJ2Continuation\Results_Izar_J2_sequences\s005_J2_0p3_D_9_plaquette\left\insurance_1\J2_0p26\D_9_chi_108_energy_magnetization_correlation.txt
0.26,plaquette,9,0.0,-0.4345744423802,True,"median within (D, branch, h)",9162c36d098fee,D:\HyraiOn\ENS_Lyon\Internship\2026-EPFL\data\distinVBCsJ2Continuation\Results_Izar_J2_sequences\s103_J2_0p31_D_9_plaquette\left\insurance_2\J2_0p26\D_9_chi_108_energy_magnetization_correlation.txt
0.26,plaquette,9,0.0,-0.4345395737007,True,"median within (D, branch, h)",e28489347d3598,D:\HyraiOn\ENS_Lyon\Internship\2026-EPFL\data\distinVBCsJ2Continuation\Results_Izar_J2_sequences\s103_J2_0p31_D_9_plaquette\left\insurance_1\J2_0p26\D_9_chi_108_energy_magnetization_correlation.txt
0.26,plaquette,9,0.0,-0.434487557205,True,"median within (D, branch, h)",bf749d3dafe005,D:\HyraiOn\ENS_Lyon\Internship\2026-EPFL\data\distinVBCsSmallH\Results_Izar_replica1\J2_0.26\D_9\orientation_1\plaquette\replica_1\h_0\D_9_chi_108_energy_magnetization_correlation.txt
0.26,plaquette,9,0.001,-0.4345867905135,True,"median within (D, branch, h)",149044239eb2a3,D:\HyraiOn\ENS_Lyon\Internship\2026-EPFL\data\distinVBCsSmallH\Results_Izar_replica1\J2_0.26\D_9\orientation_1\plaquette\replica_1\h_0p001\D_9_chi_108_energy_magnetization_correlation.txt
0.26,plaquette,9,0.002,-0.4347493190869,True,"median within (D, branch, h)",50cc489c10dba5,D:\HyraiOn\ENS_Lyon\Internship\2026-EPFL\data\distinVBCsSmallH\Results_Izar_replica1\J2_0.26\D_9\orientation_1\plaquette\replica_1\h_0p002\D_9_chi_108_energy_magnetization_correlation.txt
0.26,plaquette,9,0.003,-0.4349178336813,True,"median within (D, branch, h)",5201359b2c9a51,D:\HyraiOn\ENS_Lyon\Internship\2026-EPFL\data\distinVBCsSmallH\Results_Izar_replica1\J2_0.26\D_9\orientation_1\plaquette\replica_1\h_0p003\D_9_chi_108_energy_magnetization_correlation.txt
0.26,plaquette,9,0.005,-0.4352937325768,True,"median within (D, branch, h)",71ad8ad691e386,D:\HyraiOn\ENS_Lyon\Internship\2026-EPFL\data\distinVBCsSmallH\Results_Izar_replica1\J2_0.26\D_9\orientation_1\plaquette\replica_1\h_0p005\D_9_chi_108_energy_magnetization_correlation.txt
0.26,plaquette,9,0.01,-0.4363920279828,True,"median within (D, branch, h)",20ade1f79005b4,D:\HyraiOn\ENS_Lyon\Internship\2026-EPFL\data\distinVBCs\Results_Izar_replica1\J2_0.26\D_9\orientation_1\plaquette\replica_1\h_0p01\D_9_chi_108_energy_magnetization_correlation.txt
0.26,plaquette,9,0.02,-0.4390426839761,True,"median within (D, branch, h)",e1512a2c9b1115,D:\HyraiOn\ENS_Lyon\Internship\2026-EPFL\data\distinVBCs\Results_Izar_replica1\J2_0.26\D_9\orientation_1\plaquette\replica_1\h_0p02\D_9_chi_108_energy_magnetization_correlation.txt
0.26,plaquette,9,0.04,-0.4454499145828,True,"median within (D, branch, h)",b0a61d6517458d,D:\HyraiOn\ENS_Lyon\Internship\2026-EPFL\data\distinVBCs\Results_Izar_replica1\J2_0.26\D_9\orientation_1\plaquette\replica_1\h_0p04\D_9_chi_108_energy_magnetization_correlation.txt
0.26,plaquette,9,0.08,-0.460593328215,True,"median within (D, branch, h)",0a6eed3fda3b81,D:\HyraiOn\ENS_Lyon\Internship\2026-EPFL\data\distinVBCs\Results_Izar_replica1\J2_0.26\D_9\orientation_1\plaquette\replica_1\h_0p08\D_9_chi_108_energy_magnetization_correlation.txt
0.265,dimer-plaquette,6,-0.08,-0.4635241334405,True,"median within (D, branch, h)",36777f03495602,D:\HyraiOn\ENS_Lyon\Internship\2026-EPFL\data\distinVBCs\Results_Izar_replica1\J2_0.265\D_6\orientation_2\dimer-plaquette\replica_1\h_0p08\D_6_chi_72_energy_magnetization_correlation.txt
0.265,dimer-plaquette,6,-0.04,-0.444947185739,True,"median within (D, branch, h)",1015d7b5b3015e,D:\HyraiOn\ENS_Lyon\Internship\2026-EPFL\data\distinVBCs\Results_Izar_replica1\J2_0.265\D_6\orientation_2\dimer-plaquette\replica_1\h_0p04\D_6_chi_72_energy_magnetization_correlation.txt
0.265,dimer-plaquette,6,-0.02,-0.4376440681662,True,"median within (D, branch, h)",5bba8ec8b7fb27,D:\HyraiOn\ENS_Lyon\Internship\2026-EPFL\data\distinVBCs\Results_Izar_replica1\J2_0.265\D_6\orientation_2\dimer-plaquette\replica_1\h_0p02\D_6_chi_72_energy_magnetization_correlation.txt
0.265,dimer-plaquette,6,-0.01,-0.4346643855281,True,"median within (D, branch, h)",834189a6127f69,D:\HyraiOn\ENS_Lyon\Internship\2026-EPFL\data\distinVBCs\Results_Izar_replica1\J2_0.265\D_6\orientation_2\dimer-plaquette\replica_1\h_0p01\D_6_chi_72_energy_magnetization_correlation.txt
0.265,dimer-plaquette,6,-0.005,-0.4333842914714,True,"median within (D, branch, h)",19295bc63ba997,D:\HyraiOn\ENS_Lyon\Internship\2026-EPFL\data\distinVBCs\Results_Izar_replica1\J2_0.265\D_6\orientation_2\dimer-plaquette\replica_1\h_0p005\D_6_chi_72_energy_magnetization_correlation.txt
0.265,dimer-plaquette,6,-0.003,-0.432920588202,True,"median within (D, branch, h)",ec103f148d8d2e,D:\HyraiOn\ENS_Lyon\Internship\2026-EPFL\data\distinVBCsSmallH\Results_Izar_replica1\J2_0.265\D_6\orientation_2\dimer-plaquette\replica_1\h_0p003\D_6_chi_72_energy_magnetization_correlation.txt
0.265,dimer-plaquette,6,-0.002,-0.4326974491345,True,"median within (D, branch, h)",0d976601ac3b97,D:\HyraiOn\ENS_Lyon\Internship\2026-EPFL\data\distinVBCsSmallH\Results_Izar_replica1\J2_0.265\D_6\orientation_2\dimer-plaquette\replica_1\h_0p002\D_6_chi_72_energy_magnetization_correlation.txt
0.265,dimer-plaquette,6,-0.001,-0.4324815043985,True,"median within (D, branch, h)",fa772767d06a83,D:\HyraiOn\ENS_Lyon\Internship\2026-EPFL\data\distinVBCsSmallH\Results_Izar_replica1\J2_0.265\D_6\orientation_2\dimer-plaquette\replica_1\h_0p001\D_6_chi_72_energy_magnetization_correlation.txt
0.265,dimer-plaquette,6,0.0,-0.4322729426607,True,"median within (D, branch, h)",8819c390bd86c7,D:\HyraiOn\ENS_Lyon\Internship\2026-EPFL\data\distinVBCsSmallH\Results_Izar_replica1\J2_0.265\D_6\orientation_2\dimer-plaquette\replica_1\h_0\D_6_chi_72_energy_magnetization_correlation.txt
0.265,plaquette,6,0.0,-0.4322716028274,True,"median within (D, branch, h)",a5fadf305a20a9,D:\HyraiOn\ENS_Lyon\Internship\2026-EPFL\data\distinVBCsSmallH\Results_Izar_replica1\J2_0.265\D_6\orientation_2\plaquette\replica_1\h_0\D_6_chi_72_energy_magnetization_correlation.txt
0.265,plaquette,6,0.001,-0.4324501109266,True,"median within (D, branch, h)",8c4d3ece1f125d,D:\HyraiOn\ENS_Lyon\Internship\2026-EPFL\data\distinVBCsSmallH\Results_Izar_replica1\J2_0.265\D_6\orientation_2\plaquette\replica_1\h_0p001\D_6_chi_72_energy_magnetization_correlation.txt
0.265,plaquette,6,0.002,-0.4326455428408,True,"median within (D, branch, h)",f358f9ece955cd,D:\HyraiOn\ENS_Lyon\Internship\2026-EPFL\data\distinVBCsSmallH\Results_Izar_replica1\J2_0.265\D_6\orientation_2\plaquette\replica_1\h_0p002\D_6_chi_72_energy_magnetization_correlation.txt
0.265,plaquette,6,0.003,-0.4328538194114,True,"median within (D, branch, h)",faa72dc2492749,D:\HyraiOn\ENS_Lyon\Internship\2026-EPFL\data\distinVBCsSmallH\Results_Izar_replica1\J2_0.265\D_6\orientation_2\plaquette\replica_1\h_0p003\D_6_chi_72_energy_magnetization_correlation.txt
0.265,plaquette,6,0.005,-0.433297798909,True,"median within (D, branch, h)",eeefa56a0cf4fa,D:\HyraiOn\ENS_Lyon\Internship\2026-EPFL\data\distinVBCs\Results_Izar_replica1\J2_0.265\D_6\orientation_2\plaquette\replica_1\h_0p005\D_6_chi_72_energy_magnetization_correlation.txt
0.265,plaquette,6,0.01,-0.4345277735353,True,"median within (D, branch, h)",02e01106e6d396,D:\HyraiOn\ENS_Lyon\Internship\2026-EPFL\data\distinVBCs\Results_Izar_replica1\J2_0.265\D_6\orientation_2\plaquette\replica_1\h_0p01\D_6_chi_72_energy_magnetization_correlation.txt
0.265,plaquette,6,0.02,-0.4373578937733,True,"median within (D, branch, h)",41e25546064111,D:\HyraiOn\ENS_Lyon\Internship\2026-EPFL\data\distinVBCs\Results_Izar_replica1\J2_0.265\D_6\orientation_2\plaquette\replica_1\h_0p02\D_6_chi_72_energy_magnetization_correlation.txt
0.265,plaquette,6,0.04,-0.4439831319941,True,"median within (D, branch, h)",99873bb0dc1188,D:\HyraiOn\ENS_Lyon\Internship\2026-EPFL\data\distinVBCs\Results_Izar_replica1\J2_0.265\D_6\orientation_2\plaquette\replica_1\h_0p04\D_6_chi_72_energy_magnetization_correlation.txt
0.265,plaquette,6,0.08,-0.4593779844734,True,"median within (D, branch, h)",ba36b884af2992,D:\HyraiOn\ENS_Lyon\Internship\2026-EPFL\data\distinVBCs\Results_Izar_replica1\J2_0.265\D_6\orientation_2\plaquette\replica_1\h_0p08\D_6_chi_72_energy_magnetization_correlation.txt
0.265,dimer-plaquette,7,-0.08,-0.4635761925422,True,"median within (D, branch, h)",e7213f86c453c5,D:\HyraiOn\ENS_Lyon\Internship\2026-EPFL\data\distinVBCs\Results_Izar_replica1\J2_0.265\D_7\orientation_0\dimer-plaquette\replica_1\h_0p08\D_7_chi_91_energy_magnetization_correlation.txt
0.265,dimer-plaquette,7,-0.04,-0.4450196205505,True,"median within (D, branch, h)",d606d29cea9d7c,D:\HyraiOn\ENS_Lyon\Internship\2026-EPFL\data\distinVBCs\Results_Izar_replica1\J2_0.265\D_7\orientation_0\dimer-plaquette\replica_1\h_0p04\D_7_chi_91_energy_magnetization_correlation.txt
0.265,dimer-plaquette,7,-0.02,-0.4377506752683,True,"median within (D, branch, h)",59874cf526cf33,D:\HyraiOn\ENS_Lyon\Internship\2026-EPFL\data\distinVBCs\Results_Izar_replica1\J2_0.265\D_7\orientation_0\dimer-plaquette\replica_1\h_0p02\D_7_chi_91_energy_magnetization_correlation.txt
0.265,dimer-plaquette,7,-0.01,-0.4348121489258,True,"median within (D, branch, h)",6fbf18883d3132,D:\HyraiOn\ENS_Lyon\Internship\2026-EPFL\data\distinVBCs\Results_Izar_replica1\J2_0.265\D_7\orientation_0\dimer-plaquette\replica_1\h_0p01\D_7_chi_91_energy_magnetization_correlation.txt
0.265,dimer-plaquette,7,-0.005,-0.4335784184857,True,"median within (D, branch, h)",56f49136c54102,D:\HyraiOn\ENS_Lyon\Internship\2026-EPFL\data\distinVBCs\Results_Izar_replica1\J2_0.265\D_7\orientation_0\dimer-plaquette\replica_1\h_0p005\D_7_chi_91_energy_magnetization_correlation.txt
0.265,dimer-plaquette,7,-0.003,-0.433136828203,True,"median within (D, branch, h)",3ce3ee6e9f0dc7,D:\HyraiOn\ENS_Lyon\Internship\2026-EPFL\data\distinVBCsSmallH\Results_Izar_replica1\J2_0.265\D_7\orientation_0\dimer-plaquette\replica_1\h_0p003\D_7_chi_91_energy_magnetization_correlation.txt
0.265,dimer-plaquette,7,-0.002,-0.4329287908073,True,"median within (D, branch, h)",8efed26db1fb09,D:\HyraiOn\ENS_Lyon\Internship\2026-EPFL\data\distinVBCsSmallH\Results_Izar_replica1\J2_0.265\D_7\orientation_0\dimer-plaquette\replica_1\h_0p002\D_7_chi_91_energy_magnetization_correlation.txt
0.265,dimer-plaquette,7,-0.001,-0.4327245915629,True,"median within (D, branch, h)",06368d6889c09a,D:\HyraiOn\ENS_Lyon\Internship\2026-EPFL\data\distinVBCsSmallH\Results_Izar_replica1\J2_0.265\D_7\orientation_0\dimer-plaquette\replica_1\h_0p001\D_7_chi_91_energy_magnetization_correlation.txt
0.265,dimer-plaquette,7,0.0,-0.4325386595502,True,"median within (D, branch, h)",62a411d13fbe15,D:\HyraiOn\ENS_Lyon\Internship\2026-EPFL\data\distinVBCsJ2Continuation\Results_Izar_J2_sequences\s002_J2_0p3_D_7_dimer-plaquette\left\insurance_2\J2_0p265\D_7_chi_91_energy_magnetization_correlation.txt
0.265,dimer-plaquette,7,0.0,-0.4325382533838,True,"median within (D, branch, h)",62e45e0a72aad5,D:\HyraiOn\ENS_Lyon\Internship\2026-EPFL\data\distinVBCsJ2Continuation\Results_Izar_J2_sequences\s002_J2_0p3_D_7_dimer-plaquette\left\insurance_1\J2_0p265\D_7_chi_91_energy_magnetization_correlation.txt
0.265,dimer-plaquette,7,0.0,-0.4325204121644,True,"median within (D, branch, h)",a8aafde615f626,D:\HyraiOn\ENS_Lyon\Internship\2026-EPFL\data\distinVBCsSmallH\Results_Izar_replica1\J2_0.265\D_7\orientation_0\dimer-plaquette\replica_1\h_0\D_7_chi_91_energy_magnetization_correlation.txt
0.265,plaquette,7,0.0,-0.4327075169242,True,"median within (D, branch, h)",ee892bb7f724f0,D:\HyraiOn\ENS_Lyon\Internship\2026-EPFL\data\distinVBCsJ2Continuation\Results_Izar_J2_sequences\s001_J2_0p28_D_7_plaquette\left\insurance_2\J2_0p265\D_7_chi_91_energy_magnetization_correlation.txt
0.265,plaquette,7,0.0,-0.4327074355911,True,"median within (D, branch, h)",144449db4ae53f,D:\HyraiOn\ENS_Lyon\Internship\2026-EPFL\data\distinVBCsJ2Continuation\Results_Izar_J2_sequences\s001_J2_0p28_D_7_plaquette\left\insurance_1\J2_0p265\D_7_chi_91_energy_magnetization_correlation.txt
0.265,plaquette,7,0.0,-0.4326786924286,True,"median within (D, branch, h)",e8f7da79b142c0,D:\HyraiOn\ENS_Lyon\Internship\2026-EPFL\data\distinVBCsSmallH\Results_Izar_replica1\J2_0.265\D_7\orientation_0\plaquette\replica_1\h_0\D_7_chi_91_energy_magnetization_correlation.txt
0.265,plaquette,7,0.001,-0.4328641872551,True,"median within (D, branch, h)",618a4547399f3f,D:\HyraiOn\ENS_Lyon\Internship\2026-EPFL\data\distinVBCsSmallH\Results_Izar_replica1\J2_0.265\D_7\orientation_0\plaquette\replica_1\h_0p001\D_7_chi_91_energy_magnetization_correlation.txt
0.265,plaquette,7,0.002,-0.4330612927127,True,"median within (D, branch, h)",aa93bcaa42956e,D:\HyraiOn\ENS_Lyon\Internship\2026-EPFL\data\distinVBCsSmallH\Results_Izar_replica1\J2_0.265\D_7\orientation_0\plaquette\replica_1\h_0p002\D_7_chi_91_energy_magnetization_correlation.txt
0.265,plaquette,7,0.003,-0.4332667935366,True,"median within (D, branch, h)",7f27c5205b0d7b,D:\HyraiOn\ENS_Lyon\Internship\2026-EPFL\data\distinVBCsSmallH\Results_Izar_replica1\J2_0.265\D_7\orientation_0\plaquette\replica_1\h_0p003\D_7_chi_91_energy_magnetization_correlation.txt
0.265,plaquette,7,0.005,-0.4335407020452,True,"median within (D, branch, h)",77367dd2792553,D:\HyraiOn\ENS_Lyon\Internship\2026-EPFL\data\distinVBCs\Results_Izar_replica1\J2_0.265\D_7\orientation_0\plaquette\replica_1\h_0p005\D_7_chi_91_energy_magnetization_correlation.txt
0.265,plaquette,7,0.01,-0.4347454621736,True,"median within (D, branch, h)",7a8042eb8f58b5,D:\HyraiOn\ENS_Lyon\Internship\2026-EPFL\data\distinVBCs\Results_Izar_replica1\J2_0.265\D_7\orientation_0\plaquette\replica_1\h_0p01\D_7_chi_91_energy_magnetization_correlation.txt
0.265,plaquette,7,0.02,-0.4374821717793,True,"median within (D, branch, h)",f8f84dbe13258c,D:\HyraiOn\ENS_Lyon\Internship\2026-EPFL\data\distinVBCs\Results_Izar_replica1\J2_0.265\D_7\orientation_0\plaquette\replica_1\h_0p02\D_7_chi_91_energy_magnetization_correlation.txt
0.265,plaquette,7,0.04,-0.4441293771587,True,"median within (D, branch, h)",a1c166f6264ae3,D:\HyraiOn\ENS_Lyon\Internship\2026-EPFL\data\distinVBCs\Results_Izar_replica1\J2_0.265\D_7\orientation_0\plaquette\replica_1\h_0p04\D_7_chi_91_energy_magnetization_correlation.txt
0.265,plaquette,7,0.08,-0.459478458185,True,"median within (D, branch, h)",006a797bbe2821,D:\HyraiOn\ENS_Lyon\Internship\2026-EPFL\data\distinVBCs\Results_Izar_replica1\J2_0.265\D_7\orientation_0\plaquette\replica_1\h_0p08\D_7_chi_91_energy_magnetization_correlation.txt
0.265,dimer-plaquette,8,-0.08,-0.4636519252798,True,"median within (D, branch, h)",8c859c40e917be,D:\HyraiOn\ENS_Lyon\Internship\2026-EPFL\data\distinVBCs\Results_Izar_replica1\J2_0.265\D_8\orientation_2\dimer-plaquette\replica_1\h_0p08\D_8_chi_104_energy_magnetization_correlation.txt
0.265,dimer-plaquette,8,-0.04,-0.4451588110417,True,"median within (D, branch, h)",a054ff59563845,D:\HyraiOn\ENS_Lyon\Internship\2026-EPFL\data\distinVBCs\Results_Izar_replica1\J2_0.265\D_8\orientation_2\dimer-plaquette\replica_1\h_0p04\D_8_chi_104_energy_magnetization_correlation.txt
0.265,dimer-plaquette,8,-0.02,-0.4379369700507,True,"median within (D, branch, h)",2fd47bfe021097,D:\HyraiOn\ENS_Lyon\Internship\2026-EPFL\data\distinVBCs\Results_Izar_replica1\J2_0.265\D_8\orientation_2\dimer-plaquette\replica_1\h_0p02\D_8_chi_104_energy_magnetization_correlation.txt
0.265,dimer-plaquette,8,-0.01,-0.4350322146454,True,"median within (D, branch, h)",fe641ce538f5f5,D:\HyraiOn\ENS_Lyon\Internship\2026-EPFL\data\distinVBCs\Results_Izar_replica1\J2_0.265\D_8\orientation_2\dimer-plaquette\replica_1\h_0p01\D_8_chi_104_energy_magnetization_correlation.txt
0.265,dimer-plaquette,8,-0.005,-0.4338089048272,True,"median within (D, branch, h)",56f6a466d89841,D:\HyraiOn\ENS_Lyon\Internship\2026-EPFL\data\distinVBCs\Results_Izar_replica1\J2_0.265\D_8\orientation_2\dimer-plaquette\replica_1\h_0p005\D_8_chi_104_energy_magnetization_correlation.txt
0.265,dimer-plaquette,8,-0.003,-0.4333711030571,True,"median within (D, branch, h)",53e567c23b644c,D:\HyraiOn\ENS_Lyon\Internship\2026-EPFL\data\distinVBCsSmallH\Results_Izar_replica1\J2_0.265\D_8\orientation_2\dimer-plaquette\replica_1\h_0p003\D_8_chi_104_energy_magnetization_correlation.txt
0.265,dimer-plaquette,8,-0.002,-0.4331681968292,True,"median within (D, branch, h)",97be68dde3d314,D:\HyraiOn\ENS_Lyon\Internship\2026-EPFL\data\distinVBCsSmallH\Results_Izar_replica1\J2_0.265\D_8\orientation_2\dimer-plaquette\replica_1\h_0p002\D_8_chi_104_energy_magnetization_correlation.txt
0.265,dimer-plaquette,8,-0.001,-0.4330082317469,True,"median within (D, branch, h)",7f8f829b4739ab,D:\HyraiOn\ENS_Lyon\Internship\2026-EPFL\data\distinVBCsSmallH\Results_Izar_replica1\J2_0.265\D_8\orientation_2\dimer-plaquette\replica_1\h_0p001\D_8_chi_104_energy_magnetization_correlation.txt
0.265,dimer-plaquette,8,0.0,-0.4328330239185,True,"median within (D, branch, h)",09269b9ba189eb,D:\HyraiOn\ENS_Lyon\Internship\2026-EPFL\data\distinVBCsJ2Continuation\Results_Izar_J2_sequences\s004_J2_0p3_D_8_dimer-plaquette\left\insurance_2\J2_0p265\D_8_chi_104_energy_magnetization_correlation.txt
0.265,dimer-plaquette,8,0.0,-0.4328326451627,True,"median within (D, branch, h)",3d345aaad490ee,D:\HyraiOn\ENS_Lyon\Internship\2026-EPFL\data\distinVBCsJ2Continuation\Results_Izar_J2_sequences\s004_J2_0p3_D_8_dimer-plaquette\left\insurance_1\J2_0p265\D_8_chi_104_energy_magnetization_correlation.txt
0.265,dimer-plaquette,8,0.0,-0.4328322046551,True,"median within (D, branch, h)",5998a314559f89,D:\HyraiOn\ENS_Lyon\Internship\2026-EPFL\data\distinVBCsSmallH\Results_Izar_replica1\J2_0.265\D_8\orientation_2\dimer-plaquette\replica_1\h_0\D_8_chi_104_energy_magnetization_correlation.txt
0.265,plaquette,8,0.0,-0.4329593291354,True,"median within (D, branch, h)",5b756f0cc31311,D:\HyraiOn\ENS_Lyon\Internship\2026-EPFL\data\distinVBCsJ2Continuation\Results_Izar_J2_sequences\s003_J2_0p28_D_8_plaquette\left\insurance_2\J2_0p265\D_8_chi_104_energy_magnetization_correlation.txt
0.265,plaquette,8,0.0,-0.4329573821319,True,"median within (D, branch, h)",5b57c00d8b2790,D:\HyraiOn\ENS_Lyon\Internship\2026-EPFL\data\distinVBCsJ2Continuation\Results_Izar_J2_sequences\s003_J2_0p28_D_8_plaquette\left\insurance_1\J2_0p265\D_8_chi_104_energy_magnetization_correlation.txt
0.265,plaquette,8,0.0,-0.4329425219768,True,"median within (D, branch, h)",3f47d308ae657b,D:\HyraiOn\ENS_Lyon\Internship\2026-EPFL\data\distinVBCsSmallH\Results_Izar_replica1\J2_0.265\D_8\orientation_2\plaquette\replica_1\h_0\D_8_chi_104_energy_magnetization_correlation.txt
0.265,plaquette,8,0.001,-0.4331112633847,True,"median within (D, branch, h)",bdf9458c373d22,D:\HyraiOn\ENS_Lyon\Internship\2026-EPFL\data\distinVBCsSmallH\Results_Izar_replica1\J2_0.265\D_8\orientation_2\plaquette\replica_1\h_0p001\D_8_chi_104_energy_magnetization_correlation.txt
0.265,plaquette,8,0.002,-0.4332955406885,True,"median within (D, branch, h)",0bd1cd881c5e83,D:\HyraiOn\ENS_Lyon\Internship\2026-EPFL\data\distinVBCsSmallH\Results_Izar_replica1\J2_0.265\D_8\orientation_2\plaquette\replica_1\h_0p002\D_8_chi_104_energy_magnetization_correlation.txt
0.265,plaquette,8,0.003,-0.4334887641704,True,"median within (D, branch, h)",340362e839d824,D:\HyraiOn\ENS_Lyon\Internship\2026-EPFL\data\distinVBCsSmallH\Results_Izar_replica1\J2_0.265\D_8\orientation_2\plaquette\replica_1\h_0p003\D_8_chi_104_energy_magnetization_correlation.txt
0.265,plaquette,8,0.005,-0.4339026149875,True,"median within (D, branch, h)",cd5cd12c2fa540,D:\HyraiOn\ENS_Lyon\Internship\2026-EPFL\data\distinVBCs\Results_Izar_replica1\J2_0.265\D_8\orientation_2\plaquette\replica_1\h_0p005\D_8_chi_104_energy_magnetization_correlation.txt
0.265,plaquette,8,0.01,-0.435064455048,True,"median within (D, branch, h)",ebf9955306e7f4,D:\HyraiOn\ENS_Lyon\Internship\2026-EPFL\data\distinVBCs\Results_Izar_replica1\J2_0.265\D_8\orientation_2\plaquette\replica_1\h_0p01\D_8_chi_104_energy_magnetization_correlation.txt
0.265,plaquette,8,0.02,-0.4378119841466,True,"median within (D, branch, h)",63f090a8bd3369,D:\HyraiOn\ENS_Lyon\Internship\2026-EPFL\data\distinVBCs\Results_Izar_replica1\J2_0.265\D_8\orientation_2\plaquette\replica_1\h_0p02\D_8_chi_104_energy_magnetization_correlation.txt
0.265,plaquette,8,0.04,-0.4443388525055,True,"median within (D, branch, h)",4002c091cea00c,D:\HyraiOn\ENS_Lyon\Internship\2026-EPFL\data\distinVBCs\Results_Izar_replica1\J2_0.265\D_8\orientation_2\plaquette\replica_1\h_0p04\D_8_chi_104_energy_magnetization_correlation.txt
0.265,plaquette,8,0.08,-0.4596568567384,True,"median within (D, branch, h)",b1a0747df03c7b,D:\HyraiOn\ENS_Lyon\Internship\2026-EPFL\data\distinVBCs\Results_Izar_replica1\J2_0.265\D_8\orientation_2\plaquette\replica_1\h_0p08\D_8_chi_104_energy_magnetization_correlation.txt
0.265,dimer-plaquette,9,-0.08,-0.4636563500145,True,"median within (D, branch, h)",85464680c8c38b,D:\HyraiOn\ENS_Lyon\Internship\2026-EPFL\data\distinVBCs\Results_Izar_replica1\J2_0.265\D_9\orientation_1\dimer-plaquette\replica_1\h_0p08\D_9_chi_108_energy_magnetization_correlation.txt
0.265,dimer-plaquette,9,-0.04,-0.4451799761042,True,"median within (D, branch, h)",b7528b790a3b45,D:\HyraiOn\ENS_Lyon\Internship\2026-EPFL\data\distinVBCs\Results_Izar_replica1\J2_0.265\D_9\orientation_1\dimer-plaquette\replica_1\h_0p04\D_9_chi_108_energy_magnetization_correlation.txt
0.265,dimer-plaquette,9,-0.02,-0.4379940533883,True,"median within (D, branch, h)",d804a1a10cb7ca,D:\HyraiOn\ENS_Lyon\Internship\2026-EPFL\data\distinVBCs\Results_Izar_replica1\J2_0.265\D_9\orientation_1\dimer-plaquette\replica_1\h_0p02\D_9_chi_108_energy_magnetization_correlation.txt
0.265,dimer-plaquette,9,-0.005,-0.4340130854174,True,"median within (D, branch, h)",651af695688078,D:\HyraiOn\ENS_Lyon\Internship\2026-EPFL\data\distinVBCsSmallH\Results_Izar_replica1\J2_0.265\D_9\orientation_1\dimer-plaquette\replica_1\h_0p005\D_9_chi_108_energy_magnetization_correlation.txt
0.265,dimer-plaquette,9,-0.003,-0.433628020615,True,"median within (D, branch, h)",2ac63b53f8a184,D:\HyraiOn\ENS_Lyon\Internship\2026-EPFL\data\distinVBCsSmallH\Results_Izar_replica1\J2_0.265\D_9\orientation_1\dimer-plaquette\replica_1\h_0p003\D_9_chi_108_energy_magnetization_correlation.txt
0.265,dimer-plaquette,9,0.0,-0.4332296281066,True,"median within (D, branch, h)",e4eef3fed70bec,D:\HyraiOn\ENS_Lyon\Internship\2026-EPFL\data\distinVBCsJ2Continuation\Results_Izar_J2_sequences\s101_J2_0p28_D_9_dimer-plaquette\left\insurance_1\J2_0p265\D_9_chi_108_energy_magnetization_correlation.txt
0.265,dimer-plaquette,9,0.0,-0.4332256924537,True,"median within (D, branch, h)",cba664b0054e42,D:\HyraiOn\ENS_Lyon\Internship\2026-EPFL\data\distinVBCsJ2Continuation\Results_Izar_J2_sequences\s006_J2_0p33_D_9_dimer-plaquette\left\insurance_1\J2_0p265\D_9_chi_108_energy_magnetization_correlation.txt
0.265,dimer-plaquette,9,0.0,-0.4332230615953,True,"median within (D, branch, h)",317cc76365f57d,D:\HyraiOn\ENS_Lyon\Internship\2026-EPFL\data\distinVBCsJ2Continuation\Results_Izar_J2_sequences\s101_J2_0p28_D_9_dimer-plaquette\left\insurance_2\J2_0p265\D_9_chi_108_energy_magnetization_correlation.txt
0.265,dimer-plaquette,9,0.0,-0.4331853473785,True,"median within (D, branch, h)",207933afd320f9,D:\HyraiOn\ENS_Lyon\Internship\2026-EPFL\data\distinVBCsJ2Continuation\Results_Izar_J2_sequences\s102_J2_0p3_D_9_dimer-plaquette\left\insurance_2\J2_0p265\D_9_chi_108_energy_magnetization_correlation.txt
0.265,dimer-plaquette,9,0.0,-0.4331363047658,True,"median within (D, branch, h)",0366fa540ecf09,D:\HyraiOn\ENS_Lyon\Internship\2026-EPFL\data\distinVBCsJ2Continuation\Results_Izar_J2_sequences\s102_J2_0p3_D_9_dimer-plaquette\left\insurance_1\J2_0p265\D_9_chi_108_energy_magnetization_correlation.txt
0.265,dimer-plaquette,9,0.0,-0.4329923892622,True,"median within (D, branch, h)",16668978b241f7,D:\HyraiOn\ENS_Lyon\Internship\2026-EPFL\data\distinVBCsJ2Continuation\Results_Izar_J2_sequences\s006_J2_0p33_D_9_dimer-plaquette\left\insurance_2\J2_0p265\D_9_chi_108_energy_magnetization_correlation.txt
0.265,plaquette,9,0.0,-0.4332365923422,True,"median within (D, branch, h)",9d4e03d400cc2c,D:\HyraiOn\ENS_Lyon\Internship\2026-EPFL\data\distinVBCsJ2Continuation\Results_Izar_J2_sequences\s005_J2_0p3_D_9_plaquette\left\insurance_1\J2_0p265\D_9_chi_108_energy_magnetization_correlation.txt
0.265,plaquette,9,0.0,-0.4332359139163,True,"median within (D, branch, h)",61dee2898fb52b,D:\HyraiOn\ENS_Lyon\Internship\2026-EPFL\data\distinVBCsJ2Continuation\Results_Izar_J2_sequences\s005_J2_0p3_D_9_plaquette\left\insurance_2\J2_0p265\D_9_chi_108_energy_magnetization_correlation.txt
0.265,plaquette,9,0.0,-0.4332048436071,True,"median within (D, branch, h)",153bc3c06a69f5,D:\HyraiOn\ENS_Lyon\Internship\2026-EPFL\data\distinVBCsJ2Continuation\Results_Izar_J2_sequences\s103_J2_0p31_D_9_plaquette\left\insurance_1\J2_0p265\D_9_chi_108_energy_magnetization_correlation.txt
0.265,plaquette,9,0.0,-0.4332044707969,True,"median within (D, branch, h)",731f19409f77b2,D:\HyraiOn\ENS_Lyon\Internship\2026-EPFL\data\distinVBCsJ2Continuation\Results_Izar_J2_sequences\s103_J2_0p31_D_9_plaquette\left\insurance_2\J2_0p265\D_9_chi_108_energy_magnetization_correlation.txt
0.265,plaquette,9,0.002,-0.4333755975857,True,"median within (D, branch, h)",0bd97bb81bf8dd,D:\HyraiOn\ENS_Lyon\Internship\2026-EPFL\data\distinVBCsSmallH\Results_Izar_replica1\J2_0.265\D_9\orientation_1\plaquette\replica_1\h_0p002\D_9_chi_108_energy_magnetization_correlation.txt
0.265,plaquette,9,0.003,-0.4335840449446,True,"median within (D, branch, h)",9eeb4286aac53b,D:\HyraiOn\ENS_Lyon\Internship\2026-EPFL\data\distinVBCsSmallH\Results_Izar_replica1\J2_0.265\D_9\orientation_1\plaquette\replica_1\h_0p003\D_9_chi_108_energy_magnetization_correlation.txt
0.265,plaquette,9,0.005,-0.4340039804049,True,"median within (D, branch, h)",f0e173d3f3b2ed,D:\HyraiOn\ENS_Lyon\Internship\2026-EPFL\data\distinVBCsSmallH\Results_Izar_replica1\J2_0.265\D_9\orientation_1\plaquette\replica_1\h_0p005\D_9_chi_108_energy_magnetization_correlation.txt
0.265,plaquette,9,0.02,-0.437869102269,True,"median within (D, branch, h)",0cfa5849afc666,D:\HyraiOn\ENS_Lyon\Internship\2026-EPFL\data\distinVBCs\Results_Izar_replica1\J2_0.265\D_9\orientation_1\plaquette\replica_1\h_0p02\D_9_chi_108_energy_magnetization_correlation.txt
0.265,plaquette,9,0.04,-0.4443748405559,True,"median within (D, branch, h)",a1035e63afea71,D:\HyraiOn\ENS_Lyon\Internship\2026-EPFL\data\distinVBCs\Results_Izar_replica1\J2_0.265\D_9\orientation_1\plaquette\replica_1\h_0p04\D_9_chi_108_energy_magnetization_correlation.txt
0.265,plaquette,9,0.08,-0.4596764459204,True,"median within (D, branch, h)",73e1ca11aaad86,D:\HyraiOn\ENS_Lyon\Internship\2026-EPFL\data\distinVBCs\Results_Izar_replica1\J2_0.265\D_9\orientation_1\plaquette\replica_1\h_0p08\D_9_chi_108_energy_magnetization_correlation.txt
0.27,dimer-plaquette,6,-0.08,-0.4627132120396,True,"median within (D, branch, h)",6912383ddd4268,D:\HyraiOn\ENS_Lyon\Internship\2026-EPFL\data\distinVBCs\Results_Izar_replica1\J2_0.27\D_6\orientation_0\dimer-plaquette\replica_1\h_0p08\D_6_chi_72_energy_magnetization_correlation.txt
0.27,dimer-plaquette,6,-0.04,-0.4439068938062,True,"median within (D, branch, h)",1fb6827f752f38,D:\HyraiOn\ENS_Lyon\Internship\2026-EPFL\data\distinVBCs\Results_Izar_replica1\J2_0.27\D_6\orientation_0\dimer-plaquette\replica_1\h_0p04\D_6_chi_72_energy_magnetization_correlation.txt
0.27,dimer-plaquette,6,-0.02,-0.4364817646604,True,"median within (D, branch, h)",08b8bd7ab08fcb,D:\HyraiOn\ENS_Lyon\Internship\2026-EPFL\data\distinVBCs\Results_Izar_replica1\J2_0.27\D_6\orientation_0\dimer-plaquette\replica_1\h_0p02\D_6_chi_72_energy_magnetization_correlation.txt
0.27,dimer-plaquette,6,-0.01,-0.4334390783092,True,"median within (D, branch, h)",8c3631cffd9cbd,D:\HyraiOn\ENS_Lyon\Internship\2026-EPFL\data\distinVBCs\Results_Izar_replica1\J2_0.27\D_6\orientation_0\dimer-plaquette\replica_1\h_0p01\D_6_chi_72_energy_magnetization_correlation.txt
0.27,dimer-plaquette,6,-0.005,-0.4321328038553,True,"median within (D, branch, h)",59bc3f9c835119,D:\HyraiOn\ENS_Lyon\Internship\2026-EPFL\data\distinVBCs\Results_Izar_replica1\J2_0.27\D_6\orientation_0\dimer-plaquette\replica_1\h_0p005\D_6_chi_72_energy_magnetization_correlation.txt
0.27,dimer-plaquette,6,-0.003,-0.4316520862141,True,"median within (D, branch, h)",e36cf6f3a9d85e,D:\HyraiOn\ENS_Lyon\Internship\2026-EPFL\data\distinVBCsSmallH\Results_Izar_replica1\J2_0.27\D_6\orientation_0\dimer-plaquette\replica_1\h_0p003\D_6_chi_72_energy_magnetization_correlation.txt
0.27,dimer-plaquette,6,-0.002,-0.4314222775557,True,"median within (D, branch, h)",5d7800d0eaeef2,D:\HyraiOn\ENS_Lyon\Internship\2026-EPFL\data\distinVBCsSmallH\Results_Izar_replica1\J2_0.27\D_6\orientation_0\dimer-plaquette\replica_1\h_0p002\D_6_chi_72_energy_magnetization_correlation.txt
0.27,dimer-plaquette,6,-0.001,-0.4311992222519,True,"median within (D, branch, h)",98cc356c185fce,D:\HyraiOn\ENS_Lyon\Internship\2026-EPFL\data\distinVBCsSmallH\Results_Izar_replica1\J2_0.27\D_6\orientation_0\dimer-plaquette\replica_1\h_0p001\D_6_chi_72_energy_magnetization_correlation.txt
0.27,dimer-plaquette,6,0.0,-0.4309834162261,True,"median within (D, branch, h)",91f9800ae3c198,D:\HyraiOn\ENS_Lyon\Internship\2026-EPFL\data\distinVBCsSmallH\Results_Izar_replica1\J2_0.27\D_6\orientation_0\dimer-plaquette\replica_1\h_0\D_6_chi_72_energy_magnetization_correlation.txt
0.27,plaquette,6,0.0,-0.4309132570448,True,"median within (D, branch, h)",20bc4c17e52dcb,D:\HyraiOn\ENS_Lyon\Internship\2026-EPFL\data\distinVBCsJ2Continuation\LastIzar\Results_LastIzar\task1_D6_adiabatic\J2_0p27\D_6_chi_72_energy_magnetization_correlation.txt
0.27,plaquette,6,0.0,-0.4309130976692,True,"median within (D, branch, h)",9956129fbd2971,D:\HyraiOn\ENS_Lyon\Internship\2026-EPFL\data\distinVBCsJ2Continuation\LastIzar\Results_LastIzar\task1_D6_adiabatic\insurance_5\J2_0p27\D_6_chi_72_energy_magnetization_correlation.txt
0.27,plaquette,6,0.0,-0.4309130493949,True,"median within (D, branch, h)",b900def5f18666,D:\HyraiOn\ENS_Lyon\Internship\2026-EPFL\data\distinVBCsJ2Continuation\LastIzar\Results_LastIzar\task1_D6_adiabatic\insurance_4\J2_0p27\D_6_chi_72_energy_magnetization_correlation.txt
0.27,plaquette,6,0.0,-0.4309129990864,True,"median within (D, branch, h)",188f18407a8d7e,D:\HyraiOn\ENS_Lyon\Internship\2026-EPFL\data\distinVBCsJ2Continuation\LastIzar\Results_LastIzar\task1_D6_adiabatic\insurance_2\J2_0p27\D_6_chi_72_energy_magnetization_correlation.txt
0.27,plaquette,6,0.0,-0.4309129893156,True,"median within (D, branch, h)",1bfac002cdbd16,D:\HyraiOn\ENS_Lyon\Internship\2026-EPFL\data\distinVBCsJ2Continuation\LastIzar\Results_LastIzar\task1_D6_adiabatic\insurance_3\J2_0p27\D_6_chi_72_energy_magnetization_correlation.txt
0.27,plaquette,6,0.001,-0.4311042955945,True,"median within (D, branch, h)",aee6b7740f35af,D:\HyraiOn\ENS_Lyon\Internship\2026-EPFL\data\distinVBCsSmallH\Results_Izar_replica1\J2_0.27\D_6\orientation_0\plaquette\replica_1\h_0p001\D_6_chi_72_energy_magnetization_correlation.txt
0.27,plaquette,6,0.002,-0.4313122843135,True,"median within (D, branch, h)",6ab4d2cf2af472,D:\HyraiOn\ENS_Lyon\Internship\2026-EPFL\data\distinVBCsSmallH\Results_Izar_replica1\J2_0.27\D_6\orientation_0\plaquette\replica_1\h_0p002\D_6_chi_72_energy_magnetization_correlation.txt
0.27,plaquette,6,0.003,-0.4315336183839,True,"median within (D, branch, h)",8f808f0be596db,D:\HyraiOn\ENS_Lyon\Internship\2026-EPFL\data\distinVBCsSmallH\Results_Izar_replica1\J2_0.27\D_6\orientation_0\plaquette\replica_1\h_0p003\D_6_chi_72_energy_magnetization_correlation.txt
0.27,plaquette,6,0.005,-0.4320051442906,True,"median within (D, branch, h)",4cadaabb21fef2,D:\HyraiOn\ENS_Lyon\Internship\2026-EPFL\data\distinVBCs\Results_Izar_replica1\J2_0.27\D_6\orientation_0\plaquette\replica_1\h_0p005\D_6_chi_72_energy_magnetization_correlation.txt
0.27,plaquette,6,0.01,-0.4332935301229,True,"median within (D, branch, h)",5cc587ee1fc8a3,D:\HyraiOn\ENS_Lyon\Internship\2026-EPFL\data\distinVBCs\Results_Izar_replica1\J2_0.27\D_6\orientation_0\plaquette\replica_1\h_0p01\D_6_chi_72_energy_magnetization_correlation.txt
0.27,plaquette,6,0.01,-0.4332858437015,True,"median within (D, branch, h)",d59e5fff42b2f1,D:\HyraiOn\ENS_Lyon\Internship\2026-EPFL\data\distinVBCsJ2Continuation\LastIzar\Results_LastIzar\task_pin_D6_h0p01_adam\J2_0p27\h_0p01\D_6_chi_72_energy_magnetization_correlation.txt
0.27,plaquette,6,0.02,-0.4362126597071,True,"median within (D, branch, h)",15bf4b071530bb,D:\HyraiOn\ENS_Lyon\Internship\2026-EPFL\data\distinVBCsJ2Continuation\LastIzar\Results_LastIzar\task_pin_D6_h0p02_adam\J2_0p27\h_0p02\D_6_chi_72_energy_magnetization_correlation.txt
0.27,plaquette,6,0.02,-0.4362115963026,True,"median within (D, branch, h)",f86514b7fc43ed,D:\HyraiOn\ENS_Lyon\Internship\2026-EPFL\data\distinVBCs\Results_Izar_replica1\J2_0.27\D_6\orientation_0\plaquette\replica_1\h_0p02\D_6_chi_72_energy_magnetization_correlation.txt
0.27,plaquette,6,0.03,-0.4394563893449,True,"median within (D, branch, h)",debb38f3c93ec5,D:\HyraiOn\ENS_Lyon\Internship\2026-EPFL\data\distinVBCsJ2Continuation\LastIzar\Results_LastIzar\task_pin_D6_h0p03_adam\J2_0p27\h_0p03\D_6_chi_72_energy_magnetization_correlation.txt
0.27,plaquette,6,0.04,-0.4429539780667,True,"median within (D, branch, h)",149918b1682f31,D:\HyraiOn\ENS_Lyon\Internship\2026-EPFL\data\distinVBCs\Results_Izar_replica1\J2_0.27\D_6\orientation_0\plaquette\replica_1\h_0p04\D_6_chi_72_energy_magnetization_correlation.txt
0.27,plaquette,6,0.08,-0.4584939438377,True,"median within (D, branch, h)",b2b5ef1abd81dd,D:\HyraiOn\ENS_Lyon\Internship\2026-EPFL\data\distinVBCs\Results_Izar_replica1\J2_0.27\D_6\orientation_0\plaquette\replica_1\h_0p08\D_6_chi_72_energy_magnetization_correlation.txt
0.27,dimer-plaquette,7,-0.08,-0.4628112087771,True,"median within (D, branch, h)",a4b7d36c903e23,D:\HyraiOn\ENS_Lyon\Internship\2026-EPFL\data\distinVBCs\Results_Izar_replica1\J2_0.27\D_7\orientation_0\dimer-plaquette\replica_1\h_0p08\D_7_chi_91_energy_magnetization_correlation.txt
0.27,dimer-plaquette,7,-0.04,-0.4440609699355,True,"median within (D, branch, h)",281ebb2fb9d883,D:\HyraiOn\ENS_Lyon\Internship\2026-EPFL\data\distinVBCs\Results_Izar_replica1\J2_0.27\D_7\orientation_0\dimer-plaquette\replica_1\h_0p04\D_7_chi_91_energy_magnetization_correlation.txt
0.27,dimer-plaquette,7,-0.02,-0.4366749295672,True,"median within (D, branch, h)",1c3ef9af12cfb5,D:\HyraiOn\ENS_Lyon\Internship\2026-EPFL\data\distinVBCs\Results_Izar_replica1\J2_0.27\D_7\orientation_0\dimer-plaquette\replica_1\h_0p02\D_7_chi_91_energy_magnetization_correlation.txt
0.27,dimer-plaquette,7,-0.01,-0.4336543397039,True,"median within (D, branch, h)",4dc0606c3e9227,D:\HyraiOn\ENS_Lyon\Internship\2026-EPFL\data\distinVBCs\Results_Izar_replica1\J2_0.27\D_7\orientation_0\dimer-plaquette\replica_1\h_0p01\D_7_chi_91_energy_magnetization_correlation.txt
0.27,dimer-plaquette,7,-0.005,-0.4323499085573,True,"median within (D, branch, h)",4d8e9478c25694,D:\HyraiOn\ENS_Lyon\Internship\2026-EPFL\data\distinVBCs\Results_Izar_replica1\J2_0.27\D_7\orientation_0\dimer-plaquette\replica_1\h_0p005\D_7_chi_91_energy_magnetization_correlation.txt
0.27,dimer-plaquette,7,-0.003,-0.4318719409013,True,"median within (D, branch, h)",e6655eb3cf1d22,D:\HyraiOn\ENS_Lyon\Internship\2026-EPFL\data\distinVBCsSmallH\Results_Izar_replica1\J2_0.27\D_7\orientation_0\dimer-plaquette\replica_1\h_0p003\D_7_chi_91_energy_magnetization_correlation.txt
0.27,dimer-plaquette,7,-0.002,-0.4316429317706,True,"median within (D, branch, h)",8578ad9f76468e,D:\HyraiOn\ENS_Lyon\Internship\2026-EPFL\data\distinVBCsSmallH\Results_Izar_replica1\J2_0.27\D_7\orientation_0\dimer-plaquette\replica_1\h_0p002\D_7_chi_91_energy_magnetization_correlation.txt
0.27,dimer-plaquette,7,-0.001,-0.4314653184137,True,"median within (D, branch, h)",2398b6c033c179,D:\HyraiOn\ENS_Lyon\Internship\2026-EPFL\data\distinVBCsSmallH\Results_Izar_replica1\J2_0.27\D_7\orientation_0\dimer-plaquette\replica_1\h_0p001\D_7_chi_91_energy_magnetization_correlation.txt
0.27,dimer-plaquette,7,0.0,-0.4312592400066,True,"median within (D, branch, h)",d28d8fa1c7e72e,D:\HyraiOn\ENS_Lyon\Internship\2026-EPFL\data\distinVBCsJ2Continuation\Results_Izar_J2_sequences\s002_J2_0p3_D_7_dimer-plaquette\left\insurance_1\J2_0p27\D_7_chi_91_energy_magnetization_correlation.txt
0.27,dimer-plaquette,7,0.0,-0.431258870808,True,"median within (D, branch, h)",f093a39f5e91a7,D:\HyraiOn\ENS_Lyon\Internship\2026-EPFL\data\distinVBCsJ2Continuation\Results_Izar_J2_sequences\s002_J2_0p3_D_7_dimer-plaquette\left\insurance_2\J2_0p27\D_7_chi_91_energy_magnetization_correlation.txt
0.27,dimer-plaquette,7,0.0,-0.4312577598218,True,"median within (D, branch, h)",ee491a046920d9,D:\HyraiOn\ENS_Lyon\Internship\2026-EPFL\data\distinVBCsSmallH\Results_Izar_replica1\J2_0.27\D_7\orientation_0\dimer-plaquette\replica_1\h_0\D_7_chi_91_energy_magnetization_correlation.txt
0.27,plaquette,7,0.0,-0.4314102820206,True,"median within (D, branch, h)",858131c0e1bdef,D:\HyraiOn\ENS_Lyon\Internship\2026-EPFL\data\distinVBCsSmallH\Results_Izar_replica1\J2_0.27\D_7\orientation_0\plaquette\replica_1\h_0\D_7_chi_91_energy_magnetization_correlation.txt
0.27,plaquette,7,0.0,-0.4314088723113,True,"median within (D, branch, h)",68bda4bd1d622f,D:\HyraiOn\ENS_Lyon\Internship\2026-EPFL\data\distinVBCsJ2Continuation\Results_Izar_J2_sequences\s001_J2_0p28_D_7_plaquette\left\insurance_2\J2_0p27\D_7_chi_91_energy_magnetization_correlation.txt
0.27,plaquette,7,0.0,-0.4314085765828,True,"median within (D, branch, h)",6f4f55778a648f,D:\HyraiOn\ENS_Lyon\Internship\2026-EPFL\data\distinVBCsJ2Continuation\Results_Izar_J2_sequences\s001_J2_0p28_D_7_plaquette\left\insurance_1\J2_0p27\D_7_chi_91_energy_magnetization_correlation.txt
0.27,plaquette,7,0.001,-0.4315999339021,True,"median within (D, branch, h)",27f3a95c9f8b63,D:\HyraiOn\ENS_Lyon\Internship\2026-EPFL\data\distinVBCsSmallH\Results_Izar_replica1\J2_0.27\D_7\orientation_0\plaquette\replica_1\h_0p001\D_7_chi_91_energy_magnetization_correlation.txt
0.27,plaquette,7,0.002,-0.4318038491298,True,"median within (D, branch, h)",b5c1e8ee292aef,D:\HyraiOn\ENS_Lyon\Internship\2026-EPFL\data\distinVBCsSmallH\Results_Izar_replica1\J2_0.27\D_7\orientation_0\plaquette\replica_1\h_0p002\D_7_chi_91_energy_magnetization_correlation.txt
0.27,plaquette,7,0.003,-0.4320149672441,True,"median within (D, branch, h)",288da9b9ba0c02,D:\HyraiOn\ENS_Lyon\Internship\2026-EPFL\data\distinVBCsSmallH\Results_Izar_replica1\J2_0.27\D_7\orientation_0\plaquette\replica_1\h_0p003\D_7_chi_91_energy_magnetization_correlation.txt
0.27,plaquette,7,0.005,-0.4324433591021,True,"median within (D, branch, h)",8c584673f4e7e6,D:\HyraiOn\ENS_Lyon\Internship\2026-EPFL\data\distinVBCs\Results_Izar_replica1\J2_0.27\D_7\orientation_0\plaquette\replica_1\h_0p005\D_7_chi_91_energy_magnetization_correlation.txt
0.27,plaquette,7,0.01,-0.4336847153383,True,"median within (D, branch, h)",9fced58822291a,D:\HyraiOn\ENS_Lyon\Internship\2026-EPFL\data\distinVBCs\Results_Izar_replica1\J2_0.27\D_7\orientation_0\plaquette\replica_1\h_0p01\D_7_chi_91_energy_magnetization_correlation.txt
0.27,plaquette,7,0.02,-0.4365397907236,True,"median within (D, branch, h)",ae5c977d6ba32b,D:\HyraiOn\ENS_Lyon\Internship\2026-EPFL\data\distinVBCs\Results_Izar_replica1\J2_0.27\D_7\orientation_0\plaquette\replica_1\h_0p02\D_7_chi_91_energy_magnetization_correlation.txt
0.27,plaquette,7,0.04,-0.4432096634944,True,"median within (D, branch, h)",9d760bbd6811ee,D:\HyraiOn\ENS_Lyon\Internship\2026-EPFL\data\distinVBCs\Results_Izar_replica1\J2_0.27\D_7\orientation_0\plaquette\replica_1\h_0p04\D_7_chi_91_energy_magnetization_correlation.txt
0.27,plaquette,7,0.08,-0.4587169300582,True,"median within (D, branch, h)",b6b0749f222b4d,D:\HyraiOn\ENS_Lyon\Internship\2026-EPFL\data\distinVBCs\Results_Izar_replica1\J2_0.27\D_7\orientation_0\plaquette\replica_1\h_0p08\D_7_chi_91_energy_magnetization_correlation.txt
0.27,dimer-plaquette,8,-0.08,-0.4628471492452,True,"median within (D, branch, h)",7177d477744344,D:\HyraiOn\ENS_Lyon\Internship\2026-EPFL\data\distinVBCs\Results_Izar_replica1\J2_0.27\D_8\orientation_0\dimer-plaquette\replica_1\h_0p08\D_8_chi_104_energy_magnetization_correlation.txt
0.27,dimer-plaquette,8,-0.04,-0.4441324381617,True,"median within (D, branch, h)",07b63b8150c744,D:\HyraiOn\ENS_Lyon\Internship\2026-EPFL\data\distinVBCs\Results_Izar_replica1\J2_0.27\D_8\orientation_0\dimer-plaquette\replica_1\h_0p04\D_8_chi_104_energy_magnetization_correlation.txt
0.27,dimer-plaquette,8,-0.02,-0.4367923151512,True,"median within (D, branch, h)",cd20d79951e565,D:\HyraiOn\ENS_Lyon\Internship\2026-EPFL\data\distinVBCs\Results_Izar_replica1\J2_0.27\D_8\orientation_0\dimer-plaquette\replica_1\h_0p02\D_8_chi_104_energy_magnetization_correlation.txt
0.27,dimer-plaquette,8,-0.01,-0.4338287819066,True,"median within (D, branch, h)",0e33356cee9a1c,D:\HyraiOn\ENS_Lyon\Internship\2026-EPFL\data\distinVBCs\Results_Izar_replica1\J2_0.27\D_8\orientation_0\dimer-plaquette\replica_1\h_0p01\D_8_chi_104_energy_magnetization_correlation.txt
0.27,dimer-plaquette,8,-0.005,-0.4325796902002,True,"median within (D, branch, h)",e08d1234e1d54c,D:\HyraiOn\ENS_Lyon\Internship\2026-EPFL\data\distinVBCs\Results_Izar_replica1\J2_0.27\D_8\orientation_0\dimer-plaquette\replica_1\h_0p005\D_8_chi_104_energy_magnetization_correlation.txt
0.27,dimer-plaquette,8,-0.003,-0.4321343814057,True,"median within (D, branch, h)",cf057bce7eee12,D:\HyraiOn\ENS_Lyon\Internship\2026-EPFL\data\distinVBCsSmallH\Results_Izar_replica1\J2_0.27\D_8\orientation_0\dimer-plaquette\replica_1\h_0p003\D_8_chi_104_energy_magnetization_correlation.txt
0.27,dimer-plaquette,8,-0.002,-0.4319241499701,True,"median within (D, branch, h)",e5003621039bab,D:\HyraiOn\ENS_Lyon\Internship\2026-EPFL\data\distinVBCsSmallH\Results_Izar_replica1\J2_0.27\D_8\orientation_0\dimer-plaquette\replica_1\h_0p002\D_8_chi_104_energy_magnetization_correlation.txt
0.27,dimer-plaquette,8,-0.001,-0.4317244740007,True,"median within (D, branch, h)",22ca86cc5fc1a2,D:\HyraiOn\ENS_Lyon\Internship\2026-EPFL\data\distinVBCsSmallH\Results_Izar_replica1\J2_0.27\D_8\orientation_0\dimer-plaquette\replica_1\h_0p001\D_8_chi_104_energy_magnetization_correlation.txt
0.27,dimer-plaquette,8,0.0,-0.4315517867579,True,"median within (D, branch, h)",35817f827ffae9,D:\HyraiOn\ENS_Lyon\Internship\2026-EPFL\data\distinVBCsSmallH\Results_Izar_replica1\J2_0.27\D_8\orientation_0\dimer-plaquette\replica_1\h_0\D_8_chi_104_energy_magnetization_correlation.txt
0.27,dimer-plaquette,8,0.0,-0.431539351131,True,"median within (D, branch, h)",79d7528f5ad9ce,D:\HyraiOn\ENS_Lyon\Internship\2026-EPFL\data\distinVBCsJ2Continuation\Results_Izar_J2_sequences\s004_J2_0p3_D_8_dimer-plaquette\left\insurance_2\J2_0p27\D_8_chi_104_energy_magnetization_correlation.txt
0.27,dimer-plaquette,8,0.0,-0.4315326849499,True,"median within (D, branch, h)",489d5c00579de5,D:\HyraiOn\ENS_Lyon\Internship\2026-EPFL\data\distinVBCsJ2Continuation\Results_Izar_J2_sequences\s004_J2_0p3_D_8_dimer-plaquette\left\insurance_1\J2_0p27\D_8_chi_104_energy_magnetization_correlation.txt
0.27,plaquette,8,0.0,-0.43166800792,True,"median within (D, branch, h)",9ce565d8db504d,D:\HyraiOn\ENS_Lyon\Internship\2026-EPFL\data\distinVBCsJ2Continuation\Results_Izar_J2_sequences\s003_J2_0p28_D_8_plaquette\left\insurance_2\J2_0p27\D_8_chi_104_energy_magnetization_correlation.txt
0.27,plaquette,8,0.0,-0.4316619378737,True,"median within (D, branch, h)",a891ea735d15b6,D:\HyraiOn\ENS_Lyon\Internship\2026-EPFL\data\distinVBCsJ2Continuation\Results_Izar_J2_sequences\s003_J2_0p28_D_8_plaquette\left\insurance_1\J2_0p27\D_8_chi_104_energy_magnetization_correlation.txt
0.27,plaquette,8,0.0,-0.4316525940732,True,"median within (D, branch, h)",51f66d1c50b43e,D:\HyraiOn\ENS_Lyon\Internship\2026-EPFL\data\distinVBCsSmallH\Results_Izar_replica1\J2_0.27\D_8\orientation_0\plaquette\replica_1\h_0\D_8_chi_104_energy_magnetization_correlation.txt
0.27,plaquette,8,0.001,-0.4318316594007,True,"median within (D, branch, h)",43a37e6d8e6a34,D:\HyraiOn\ENS_Lyon\Internship\2026-EPFL\data\distinVBCsSmallH\Results_Izar_replica1\J2_0.27\D_8\orientation_0\plaquette\replica_1\h_0p001\D_8_chi_104_energy_magnetization_correlation.txt
0.27,plaquette,8,0.002,-0.4320220455462,True,"median within (D, branch, h)",c675c96c5ec2e9,D:\HyraiOn\ENS_Lyon\Internship\2026-EPFL\data\distinVBCsSmallH\Results_Izar_replica1\J2_0.27\D_8\orientation_0\plaquette\replica_1\h_0p002\D_8_chi_104_energy_magnetization_correlation.txt
0.27,plaquette,8,0.003,-0.4322222116159,True,"median within (D, branch, h)",5d98fc8f7973d6,D:\HyraiOn\ENS_Lyon\Internship\2026-EPFL\data\distinVBCsSmallH\Results_Izar_replica1\J2_0.27\D_8\orientation_0\plaquette\replica_1\h_0p003\D_8_chi_104_energy_magnetization_correlation.txt
0.27,plaquette,8,0.005,-0.4326397030075,True,"median within (D, branch, h)",a1cae34c000880,D:\HyraiOn\ENS_Lyon\Internship\2026-EPFL\data\distinVBCs\Results_Izar_replica1\J2_0.27\D_8\orientation_0\plaquette\replica_1\h_0p005\D_8_chi_104_energy_magnetization_correlation.txt
0.27,plaquette,8,0.01,-0.4338446839748,True,"median within (D, branch, h)",78d3413dc7cf3f,D:\HyraiOn\ENS_Lyon\Internship\2026-EPFL\data\distinVBCs\Results_Izar_replica1\J2_0.27\D_8\orientation_0\plaquette\replica_1\h_0p01\D_8_chi_104_energy_magnetization_correlation.txt
0.27,plaquette,8,0.02,-0.436657668214,True,"median within (D, branch, h)",9e572e666dd57d,D:\HyraiOn\ENS_Lyon\Internship\2026-EPFL\data\distinVBCs\Results_Izar_replica1\J2_0.27\D_8\orientation_0\plaquette\replica_1\h_0p02\D_8_chi_104_energy_magnetization_correlation.txt
0.27,plaquette,8,0.04,-0.4432930080495,True,"median within (D, branch, h)",4a1e26f13706c5,D:\HyraiOn\ENS_Lyon\Internship\2026-EPFL\data\distinVBCs\Results_Izar_replica1\J2_0.27\D_8\orientation_0\plaquette\replica_1\h_0p04\D_8_chi_104_energy_magnetization_correlation.txt
0.27,plaquette,8,0.08,-0.4587561054459,True,"median within (D, branch, h)",3af6e90a2ad03c,D:\HyraiOn\ENS_Lyon\Internship\2026-EPFL\data\distinVBCs\Results_Izar_replica1\J2_0.27\D_8\orientation_0\plaquette\replica_1\h_0p08\D_8_chi_104_energy_magnetization_correlation.txt
0.27,dimer-plaquette,9,-0.08,-0.4628538032546,True,"median within (D, branch, h)",f9a2e23575ddd9,D:\HyraiOn\ENS_Lyon\Internship\2026-EPFL\data\distinVBCs\Results_Izar_replica1\J2_0.27\D_9\orientation_0\dimer-plaquette\replica_1\h_0p08\D_9_chi_108_energy_magnetization_correlation.txt
0.27,dimer-plaquette,9,-0.04,-0.4441495776289,True,"median within (D, branch, h)",c82fe67eb7d7e4,D:\HyraiOn\ENS_Lyon\Internship\2026-EPFL\data\distinVBCs\Results_Izar_replica1\J2_0.27\D_9\orientation_0\dimer-plaquette\replica_1\h_0p04\D_9_chi_108_energy_magnetization_correlation.txt
0.27,dimer-plaquette,9,-0.02,-0.4368441504874,True,"median within (D, branch, h)",5b48c941591c17,D:\HyraiOn\ENS_Lyon\Internship\2026-EPFL\data\distinVBCs\Results_Izar_replica1\J2_0.27\D_9\orientation_0\dimer-plaquette\replica_1\h_0p02\D_9_chi_108_energy_magnetization_correlation.txt
0.27,dimer-plaquette,9,-0.005,-0.4327608051453,True,"median within (D, branch, h)",f0809039cf148d,D:\HyraiOn\ENS_Lyon\Internship\2026-EPFL\data\distinVBCsSmallH\Results_Izar_replica1\J2_0.27\D_9\orientation_0\dimer-plaquette\replica_1\h_0p005\D_9_chi_108_energy_magnetization_correlation.txt
0.27,dimer-plaquette,9,-0.003,-0.4323550278915,True,"median within (D, branch, h)",1c6ecad59f8def,D:\HyraiOn\ENS_Lyon\Internship\2026-EPFL\data\distinVBCsSmallH\Results_Izar_replica1\J2_0.27\D_9\orientation_0\dimer-plaquette\replica_1\h_0p003\D_9_chi_108_energy_magnetization_correlation.txt
0.27,dimer-plaquette,9,-0.002,-0.4321707333144,True,"median within (D, branch, h)",f2ba0b08f2c738,D:\HyraiOn\ENS_Lyon\Internship\2026-EPFL\data\distinVBCsSmallH\Results_Izar_replica1\J2_0.27\D_9\orientation_0\dimer-plaquette\replica_1\h_0p002\D_9_chi_108_energy_magnetization_correlation.txt
0.27,dimer-plaquette,9,-0.001,-0.4320175163291,True,"median within (D, branch, h)",5450ad2567b75d,D:\HyraiOn\ENS_Lyon\Internship\2026-EPFL\data\distinVBCsSmallH\Results_Izar_replica1\J2_0.27\D_9\orientation_0\dimer-plaquette\replica_1\h_0p001\D_9_chi_108_energy_magnetization_correlation.txt
0.27,dimer-plaquette,9,0.0,-0.4319136928269,True,"median within (D, branch, h)",3b0e019565e522,D:\HyraiOn\ENS_Lyon\Internship\2026-EPFL\data\distinVBCsJ2Continuation\Results_Izar_J2_sequences\s101_J2_0p28_D_9_dimer-plaquette\left\insurance_1\J2_0p27\D_9_chi_108_energy_magnetization_correlation.txt
0.27,dimer-plaquette,9,0.0,-0.4319037646043,True,"median within (D, branch, h)",4dc8c3daaa9d6a,D:\HyraiOn\ENS_Lyon\Internship\2026-EPFL\data\distinVBCsJ2Continuation\Results_Izar_J2_sequences\s101_J2_0p28_D_9_dimer-plaquette\left\insurance_2\J2_0p27\D_9_chi_108_energy_magnetization_correlation.txt
0.27,dimer-plaquette,9,0.0,-0.4319010131772,True,"median within (D, branch, h)",6fa9066270c006,D:\HyraiOn\ENS_Lyon\Internship\2026-EPFL\data\distinVBCsJ2Continuation\Results_Izar_J2_sequences\s006_J2_0p33_D_9_dimer-plaquette\left\insurance_1\J2_0p27\D_9_chi_108_energy_magnetization_correlation.txt
0.27,dimer-plaquette,9,0.0,-0.4318946604845,True,"median within (D, branch, h)",9b47076aad2d0f,D:\HyraiOn\ENS_Lyon\Internship\2026-EPFL\data\distinVBCsJ2Continuation\Results_Izar_J2_sequences\s102_J2_0p3_D_9_dimer-plaquette\left\insurance_2\J2_0p27\D_9_chi_108_energy_magnetization_correlation.txt
0.27,dimer-plaquette,9,0.0,-0.4318844235151,True,"median within (D, branch, h)",a43b493167e322,D:\HyraiOn\ENS_Lyon\Internship\2026-EPFL\data\distinVBCsJ2Continuation\Results_Izar_J2_sequences\s102_J2_0p3_D_9_dimer-plaquette\left\insurance_1\J2_0p27\D_9_chi_108_energy_magnetization_correlation.txt
0.27,dimer-plaquette,9,0.0,-0.4318717103727,True,"median within (D, branch, h)",04bf9e5e85bcfb,D:\HyraiOn\ENS_Lyon\Internship\2026-EPFL\data\distinVBCsSmallH\Results_Izar_replica1\J2_0.27\D_9\orientation_0\dimer-plaquette\replica_1\h_0\D_9_chi_108_energy_magnetization_correlation.txt
0.27,dimer-plaquette,9,0.0,-0.4317790853273,True,"median within (D, branch, h)",30a8c4cb2bc460,D:\HyraiOn\ENS_Lyon\Internship\2026-EPFL\data\distinVBCsJ2Continuation\Results_Izar_J2_sequences\s006_J2_0p33_D_9_dimer-plaquette\left\insurance_2\J2_0p27\D_9_chi_108_energy_magnetization_correlation.txt
0.27,plaquette,9,0.0,-0.4319204903855,True,"median within (D, branch, h)",60e7e070e36573,D:\HyraiOn\ENS_Lyon\Internship\2026-EPFL\data\distinVBCsJ2Continuation\Results_Izar_J2_sequences\s005_J2_0p3_D_9_plaquette\left\insurance_1\J2_0p27\D_9_chi_108_energy_magnetization_correlation.txt
0.27,plaquette,9,0.0,-0.4319163874156,True,"median within (D, branch, h)",828a23a4c02b06,D:\HyraiOn\ENS_Lyon\Internship\2026-EPFL\data\distinVBCsJ2Continuation\Results_Izar_J2_sequences\s005_J2_0p3_D_9_plaquette\left\insurance_2\J2_0p27\D_9_chi_108_energy_magnetization_correlation.txt
0.27,plaquette,9,0.0,-0.4318834999111,True,"median within (D, branch, h)",3d1c99024ea745,D:\HyraiOn\ENS_Lyon\Internship\2026-EPFL\data\distinVBCsJ2Continuation\Results_Izar_J2_sequences\s103_J2_0p31_D_9_plaquette\left\insurance_2\J2_0p27\D_9_chi_108_energy_magnetization_correlation.txt
0.27,plaquette,9,0.0,-0.4318651131283,True,"median within (D, branch, h)",3ba3b11c824911,D:\HyraiOn\ENS_Lyon\Internship\2026-EPFL\data\distinVBCsJ2Continuation\Results_Izar_J2_sequences\s103_J2_0p31_D_9_plaquette\left\insurance_1\J2_0p27\D_9_chi_108_energy_magnetization_correlation.txt
0.27,plaquette,9,0.0,-0.4318162525415,True,"median within (D, branch, h)",daf0187a2ee2bc,D:\HyraiOn\ENS_Lyon\Internship\2026-EPFL\data\distinVBCsSmallH\Results_Izar_replica1\J2_0.27\D_9\orientation_0\plaquette\replica_1\h_0\D_9_chi_108_energy_magnetization_correlation.txt
0.27,plaquette,9,0.001,-0.4319947692423,True,"median within (D, branch, h)",b2836d1f641280,D:\HyraiOn\ENS_Lyon\Internship\2026-EPFL\data\distinVBCsSmallH\Results_Izar_replica1\J2_0.27\D_9\orientation_0\plaquette\replica_1\h_0p001\D_9_chi_108_energy_magnetization_correlation.txt
0.27,plaquette,9,0.002,-0.4321732860317,True,"median within (D, branch, h)",43ab99500b8e7f,D:\HyraiOn\ENS_Lyon\Internship\2026-EPFL\data\distinVBCsSmallH\Results_Izar_replica1\J2_0.27\D_9\orientation_0\plaquette\replica_1\h_0p002\D_9_chi_108_energy_magnetization_correlation.txt
0.27,plaquette,9,0.003,-0.4323574173505,True,"median within (D, branch, h)",d0caf6e6b3a22b,D:\HyraiOn\ENS_Lyon\Internship\2026-EPFL\data\distinVBCsSmallH\Results_Izar_replica1\J2_0.27\D_9\orientation_0\plaquette\replica_1\h_0p003\D_9_chi_108_energy_magnetization_correlation.txt
0.27,plaquette,9,0.005,-0.4327459644939,True,"median within (D, branch, h)",873a60565fc352,D:\HyraiOn\ENS_Lyon\Internship\2026-EPFL\data\distinVBCsSmallH\Results_Izar_replica1\J2_0.27\D_9\orientation_0\plaquette\replica_1\h_0p005\D_9_chi_108_energy_magnetization_correlation.txt
0.27,plaquette,9,0.01,-0.4339290439402,True,"median within (D, branch, h)",beca27a318cd0b,D:\HyraiOn\ENS_Lyon\Internship\2026-EPFL\data\distinVBCs\Results_Izar_replica1\J2_0.27\D_9\orientation_0\plaquette\replica_1\h_0p01\D_9_chi_108_energy_magnetization_correlation.txt
0.27,plaquette,9,0.02,-0.4367175132708,True,"median within (D, branch, h)",ffd2b1734489d8,D:\HyraiOn\ENS_Lyon\Internship\2026-EPFL\data\distinVBCs\Results_Izar_replica1\J2_0.27\D_9\orientation_0\plaquette\replica_1\h_0p02\D_9_chi_108_energy_magnetization_correlation.txt
0.27,plaquette,9,0.04,-0.443328730122,True,"median within (D, branch, h)",f2d01ff8d5736b,D:\HyraiOn\ENS_Lyon\Internship\2026-EPFL\data\distinVBCs\Results_Izar_replica1\J2_0.27\D_9\orientation_0\plaquette\replica_1\h_0p04\D_9_chi_108_energy_magnetization_correlation.txt
0.27,plaquette,9,0.08,-0.458785557324,True,"median within (D, branch, h)",8d69ba459c8d61,D:\HyraiOn\ENS_Lyon\Internship\2026-EPFL\data\distinVBCs\Results_Izar_replica1\J2_0.27\D_9\orientation_0\plaquette\replica_1\h_0p08\D_9_chi_108_energy_magnetization_correlation.txt
0.275,dimer-plaquette,6,-0.08,-0.4619294499835,True,"median within (D, branch, h)",2cf03d9132ea23,D:\HyraiOn\ENS_Lyon\Internship\2026-EPFL\data\distinVBCs\Results_Izar_replica1\J2_0.275\D_6\orientation_0\dimer-plaquette\replica_1\h_0p08\D_6_chi_72_energy_magnetization_correlation.txt
0.275,dimer-plaquette,6,-0.04,-0.4428949522524,True,"median within (D, branch, h)",cb5ae117cdcb36,D:\HyraiOn\ENS_Lyon\Internship\2026-EPFL\data\distinVBCs\Results_Izar_replica1\J2_0.275\D_6\orientation_0\dimer-plaquette\replica_1\h_0p04\D_6_chi_72_energy_magnetization_correlation.txt
0.275,dimer-plaquette,6,-0.02,-0.4353496065184,True,"median within (D, branch, h)",a74bb9fd410812,D:\HyraiOn\ENS_Lyon\Internship\2026-EPFL\data\distinVBCs\Results_Izar_replica1\J2_0.275\D_6\orientation_0\dimer-plaquette\replica_1\h_0p02\D_6_chi_72_energy_magnetization_correlation.txt
0.275,dimer-plaquette,6,-0.01,-0.4322442446614,True,"median within (D, branch, h)",1fdb39cf269abf,D:\HyraiOn\ENS_Lyon\Internship\2026-EPFL\data\distinVBCs\Results_Izar_replica1\J2_0.275\D_6\orientation_0\dimer-plaquette\replica_1\h_0p01\D_6_chi_72_energy_magnetization_correlation.txt
0.275,dimer-plaquette,6,-0.005,-0.4308962100526,True,"median within (D, branch, h)",5c1d8f7e671360,D:\HyraiOn\ENS_Lyon\Internship\2026-EPFL\data\distinVBCs\Results_Izar_replica1\J2_0.275\D_6\orientation_0\dimer-plaquette\replica_1\h_0p005\D_6_chi_72_energy_magnetization_correlation.txt
0.275,dimer-plaquette,6,-0.003,-0.4304059776868,True,"median within (D, branch, h)",1482ee2ec506b5,D:\HyraiOn\ENS_Lyon\Internship\2026-EPFL\data\distinVBCsSmallH\Results_Izar_replica1\J2_0.275\D_6\orientation_0\dimer-plaquette\replica_1\h_0p003\D_6_chi_72_energy_magnetization_correlation.txt
0.275,dimer-plaquette,6,-0.002,-0.4301693249012,True,"median within (D, branch, h)",b1524a97073dca,D:\HyraiOn\ENS_Lyon\Internship\2026-EPFL\data\distinVBCsSmallH\Results_Izar_replica1\J2_0.275\D_6\orientation_0\dimer-plaquette\replica_1\h_0p002\D_6_chi_72_energy_magnetization_correlation.txt
0.275,dimer-plaquette,6,-0.001,-0.4299439131016,True,"median within (D, branch, h)",10fecdc7fcacba,D:\HyraiOn\ENS_Lyon\Internship\2026-EPFL\data\distinVBCsSmallH\Results_Izar_replica1\J2_0.275\D_6\orientation_0\dimer-plaquette\replica_1\h_0p001\D_6_chi_72_energy_magnetization_correlation.txt
0.275,dimer-plaquette,6,0.0,-0.4297216927978,True,"median within (D, branch, h)",cc894507c3d799,D:\HyraiOn\ENS_Lyon\Internship\2026-EPFL\data\distinVBCsSmallH\Results_Izar_replica1\J2_0.275\D_6\orientation_0\dimer-plaquette\replica_1\h_0\D_6_chi_72_energy_magnetization_correlation.txt
0.275,plaquette,6,0.0,-0.4296021094366,True,"median within (D, branch, h)",0a3bd6d28f95d3,D:\HyraiOn\ENS_Lyon\Internship\2026-EPFL\data\distinVBCsJ2Continuation\LastIzar\Results_LastIzar\task1_D6_adiabatic\insurance_2\J2_0p275\D_6_chi_72_energy_magnetization_correlation.txt
0.275,plaquette,6,0.0,-0.4296019694139,True,"median within (D, branch, h)",af43f31bc075d9,D:\HyraiOn\ENS_Lyon\Internship\2026-EPFL\data\distinVBCsJ2Continuation\LastIzar\Results_LastIzar\task1_D6_adiabatic\insurance_3\J2_0p275\D_6_chi_72_energy_magnetization_correlation.txt
0.275,plaquette,6,0.0,-0.4296019615696,True,"median within (D, branch, h)",45941fc407c299,D:\HyraiOn\ENS_Lyon\Internship\2026-EPFL\data\distinVBCsJ2Continuation\LastIzar\Results_LastIzar\task1_D6_adiabatic\insurance_5\J2_0p275\D_6_chi_72_energy_magnetization_correlation.txt
0.275,plaquette,6,0.0,-0.4295994058911,True,"median within (D, branch, h)",e45c5710908dbe,D:\HyraiOn\ENS_Lyon\Internship\2026-EPFL\data\distinVBCsJ2Continuation\LastIzar\Results_LastIzar\task1_D6_adiabatic\J2_0p275\D_6_chi_72_energy_magnetization_correlation.txt
0.275,plaquette,6,0.0,-0.4295810779753,True,"median within (D, branch, h)",e549e835d74f33,D:\HyraiOn\ENS_Lyon\Internship\2026-EPFL\data\distinVBCsJ2Continuation\LastIzar\Results_LastIzar\task1_D6_adiabatic\insurance_4\J2_0p275\D_6_chi_72_energy_magnetization_correlation.txt
0.275,plaquette,6,0.001,-0.4298501564472,True,"median within (D, branch, h)",fcc3e8c5e0d053,D:\HyraiOn\ENS_Lyon\Internship\2026-EPFL\data\distinVBCsSmallH\Results_Izar_replica1\J2_0.275\D_6\orientation_0\plaquette\replica_1\h_0p001\D_6_chi_72_energy_magnetization_correlation.txt
0.275,plaquette,6,0.002,-0.4300528779038,True,"median within (D, branch, h)",de03a9601c44c9,D:\HyraiOn\ENS_Lyon\Internship\2026-EPFL\data\distinVBCsSmallH\Results_Izar_replica1\J2_0.275\D_6\orientation_0\plaquette\replica_1\h_0p002\D_6_chi_72_energy_magnetization_correlation.txt
0.275,plaquette,6,0.003,-0.4302782330935,True,"median within (D, branch, h)",f240f983869595,D:\HyraiOn\ENS_Lyon\Internship\2026-EPFL\data\distinVBCsSmallH\Results_Izar_replica1\J2_0.275\D_6\orientation_0\plaquette\replica_1\h_0p003\D_6_chi_72_energy_magnetization_correlation.txt
0.275,plaquette,6,0.005,-0.4307627677862,True,"median within (D, branch, h)",c7e0202eb6c8aa,D:\HyraiOn\ENS_Lyon\Internship\2026-EPFL\data\distinVBCs\Results_Izar_replica1\J2_0.275\D_6\orientation_0\plaquette\replica_1\h_0p005\D_6_chi_72_energy_magnetization_correlation.txt
0.275,plaquette,6,0.01,-0.432086941429,True,"median within (D, branch, h)",ba252957cfd61f,D:\HyraiOn\ENS_Lyon\Internship\2026-EPFL\data\distinVBCs\Results_Izar_replica1\J2_0.275\D_6\orientation_0\plaquette\replica_1\h_0p01\D_6_chi_72_energy_magnetization_correlation.txt
0.275,plaquette,6,0.01,-0.4320666691672,True,"median within (D, branch, h)",9ed7e4c9b44a9e,D:\HyraiOn\ENS_Lyon\Internship\2026-EPFL\data\distinVBCsJ2Continuation\LastIzar\Results_LastIzar\task_pin_D6_h0p01_adam\J2_0p275\h_0p01\D_6_chi_72_energy_magnetization_correlation.txt
0.275,plaquette,6,0.02,-0.4350710932178,True,"median within (D, branch, h)",007cccf18d1286,D:\HyraiOn\ENS_Lyon\Internship\2026-EPFL\data\distinVBCsJ2Continuation\LastIzar\Results_LastIzar\task_pin_D6_h0p02_adam\J2_0p275\h_0p02\D_6_chi_72_energy_magnetization_correlation.txt
0.275,plaquette,6,0.02,-0.435069708056,True,"median within (D, branch, h)",a7a48c16e539e9,D:\HyraiOn\ENS_Lyon\Internship\2026-EPFL\data\distinVBCs\Results_Izar_replica1\J2_0.275\D_6\orientation_0\plaquette\replica_1\h_0p02\D_6_chi_72_energy_magnetization_correlation.txt
0.275,plaquette,6,0.03,-0.4383574568615,True,"median within (D, branch, h)",1ec34ffa4c34c6,D:\HyraiOn\ENS_Lyon\Internship\2026-EPFL\data\distinVBCsJ2Continuation\LastIzar\Results_LastIzar\task_pin_D6_h0p03_adam\J2_0p275\h_0p03\D_6_chi_72_energy_magnetization_correlation.txt
0.275,plaquette,6,0.04,-0.4419152129566,True,"median within (D, branch, h)",abe9e17af4a99a,D:\HyraiOn\ENS_Lyon\Internship\2026-EPFL\data\distinVBCs\Results_Izar_replica1\J2_0.275\D_6\orientation_0\plaquette\replica_1\h_0p04\D_6_chi_72_energy_magnetization_correlation.txt
0.275,plaquette,6,0.08,-0.4576089596114,True,"median within (D, branch, h)",dedc9260ede44e,D:\HyraiOn\ENS_Lyon\Internship\2026-EPFL\data\distinVBCs\Results_Izar_replica1\J2_0.275\D_6\orientation_0\plaquette\replica_1\h_0p08\D_6_chi_72_energy_magnetization_correlation.txt
0.275,dimer-plaquette,7,-0.08,-0.4620326099797,True,"median within (D, branch, h)",487035557309ca,D:\HyraiOn\ENS_Lyon\Internship\2026-EPFL\data\distinVBCs\Results_Izar_replica1\J2_0.275\D_7\orientation_1\dimer-plaquette\replica_1\h_0p08\D_7_chi_91_energy_magnetization_correlation.txt
0.275,dimer-plaquette,7,-0.04,-0.443060759815,True,"median within (D, branch, h)",ccdfcb18c7f820,D:\HyraiOn\ENS_Lyon\Internship\2026-EPFL\data\distinVBCs\Results_Izar_replica1\J2_0.275\D_7\orientation_1\dimer-plaquette\replica_1\h_0p04\D_7_chi_91_energy_magnetization_correlation.txt
0.275,dimer-plaquette,7,-0.02,-0.4355583039982,True,"median within (D, branch, h)",85719aead4a7ab,D:\HyraiOn\ENS_Lyon\Internship\2026-EPFL\data\distinVBCs\Results_Izar_replica1\J2_0.275\D_7\orientation_1\dimer-plaquette\replica_1\h_0p02\D_7_chi_91_energy_magnetization_correlation.txt
0.275,dimer-plaquette,7,-0.01,-0.4324766732939,True,"median within (D, branch, h)",06422e6399ba73,D:\HyraiOn\ENS_Lyon\Internship\2026-EPFL\data\distinVBCs\Results_Izar_replica1\J2_0.275\D_7\orientation_1\dimer-plaquette\replica_1\h_0p01\D_7_chi_91_energy_magnetization_correlation.txt
0.275,dimer-plaquette,7,-0.005,-0.4311425029723,True,"median within (D, branch, h)",36e415afd88030,D:\HyraiOn\ENS_Lyon\Internship\2026-EPFL\data\distinVBCs\Results_Izar_replica1\J2_0.275\D_7\orientation_1\dimer-plaquette\replica_1\h_0p005\D_7_chi_91_energy_magnetization_correlation.txt
0.275,dimer-plaquette,7,-0.003,-0.4306833507111,True,"median within (D, branch, h)",53b6d08ec1d5f1,D:\HyraiOn\ENS_Lyon\Internship\2026-EPFL\data\distinVBCsSmallH\Results_Izar_replica1\J2_0.275\D_7\orientation_1\dimer-plaquette\replica_1\h_0p003\D_7_chi_91_energy_magnetization_correlation.txt
0.275,dimer-plaquette,7,-0.002,-0.4304532589307,True,"median within (D, branch, h)",2eb8854b7a2571,D:\HyraiOn\ENS_Lyon\Internship\2026-EPFL\data\distinVBCsSmallH\Results_Izar_replica1\J2_0.275\D_7\orientation_1\dimer-plaquette\replica_1\h_0p002\D_7_chi_91_energy_magnetization_correlation.txt
0.275,dimer-plaquette,7,-0.001,-0.4302308172526,True,"median within (D, branch, h)",a5f2bd1dfd4b26,D:\HyraiOn\ENS_Lyon\Internship\2026-EPFL\data\distinVBCsSmallH\Results_Izar_replica1\J2_0.275\D_7\orientation_1\dimer-plaquette\replica_1\h_0p001\D_7_chi_91_energy_magnetization_correlation.txt
0.275,dimer-plaquette,7,0.0,-0.4300161054745,True,"median within (D, branch, h)",5e481a1b1def90,D:\HyraiOn\ENS_Lyon\Internship\2026-EPFL\data\distinVBCsSmallH\Results_Izar_replica1\J2_0.275\D_7\orientation_1\dimer-plaquette\replica_1\h_0\D_7_chi_91_energy_magnetization_correlation.txt
0.275,dimer-plaquette,7,0.0,-0.4299628281356,True,"median within (D, branch, h)",382f56de023a05,D:\HyraiOn\ENS_Lyon\Internship\2026-EPFL\data\distinVBCsJ2Continuation\Results_Izar_J2_sequences\s002_J2_0p3_D_7_dimer-plaquette\left\insurance_2\J2_0p275\D_7_chi_91_energy_magnetization_correlation.txt
0.275,dimer-plaquette,7,0.0,-0.4299628230012,True,"median within (D, branch, h)",709a2631e15201,D:\HyraiOn\ENS_Lyon\Internship\2026-EPFL\data\distinVBCsJ2Continuation\Results_Izar_J2_sequences\s002_J2_0p3_D_7_dimer-plaquette\left\insurance_1\J2_0p275\D_7_chi_91_energy_magnetization_correlation.txt
0.275,plaquette,7,0.0,-0.4301462278395,True,"median within (D, branch, h)",d4019a26e91842,D:\HyraiOn\ENS_Lyon\Internship\2026-EPFL\data\distinVBCsJ2Continuation\Results_Izar_J2_sequences\s001_J2_0p28_D_7_plaquette\left\insurance_1\J2_0p275\D_7_chi_91_energy_magnetization_correlation.txt
0.275,plaquette,7,0.0,-0.4301462118398,True,"median within (D, branch, h)",74fdaa0603ddb1,D:\HyraiOn\ENS_Lyon\Internship\2026-EPFL\data\distinVBCsJ2Continuation\Results_Izar_J2_sequences\s001_J2_0p28_D_7_plaquette\left\insurance_2\J2_0p275\D_7_chi_91_energy_magnetization_correlation.txt
0.275,plaquette,7,0.0,-0.4301332844665,True,"median within (D, branch, h)",afed7693a8b824,D:\HyraiOn\ENS_Lyon\Internship\2026-EPFL\data\distinVBCsSmallH\Results_Izar_replica1\J2_0.275\D_7\orientation_1\plaquette\replica_1\h_0\D_7_chi_91_energy_magnetization_correlation.txt
0.275,plaquette,7,0.001,-0.4303365384594,True,"median within (D, branch, h)",691faf6f3f91c0,D:\HyraiOn\ENS_Lyon\Internship\2026-EPFL\data\distinVBCsSmallH\Results_Izar_replica1\J2_0.275\D_7\orientation_1\plaquette\replica_1\h_0p001\D_7_chi_91_energy_magnetization_correlation.txt
0.275,plaquette,7,0.002,-0.430549130925,True,"median within (D, branch, h)",1a0314aba0228f,D:\HyraiOn\ENS_Lyon\Internship\2026-EPFL\data\distinVBCsSmallH\Results_Izar_replica1\J2_0.275\D_7\orientation_1\plaquette\replica_1\h_0p002\D_7_chi_91_energy_magnetization_correlation.txt
0.275,plaquette,7,0.003,-0.4307700191608,True,"median within (D, branch, h)",dbc5c56c0ed49a,D:\HyraiOn\ENS_Lyon\Internship\2026-EPFL\data\distinVBCsSmallH\Results_Izar_replica1\J2_0.275\D_7\orientation_1\plaquette\replica_1\h_0p003\D_7_chi_91_energy_magnetization_correlation.txt
0.275,plaquette,7,0.005,-0.4312335142634,True,"median within (D, branch, h)",3893a0f6a4cb86,D:\HyraiOn\ENS_Lyon\Internship\2026-EPFL\data\distinVBCs\Results_Izar_replica1\J2_0.275\D_7\orientation_1\plaquette\replica_1\h_0p005\D_7_chi_91_energy_magnetization_correlation.txt
0.275,plaquette,7,0.01,-0.432506089509,True,"median within (D, branch, h)",ed1da5f863df1a,D:\HyraiOn\ENS_Lyon\Internship\2026-EPFL\data\distinVBCs\Results_Izar_replica1\J2_0.275\D_7\orientation_1\plaquette\replica_1\h_0p01\D_7_chi_91_energy_magnetization_correlation.txt
0.275,plaquette,7,0.02,-0.435424350568,True,"median within (D, branch, h)",a8b9508f84bb49,D:\HyraiOn\ENS_Lyon\Internship\2026-EPFL\data\distinVBCs\Results_Izar_replica1\J2_0.275\D_7\orientation_1\plaquette\replica_1\h_0p02\D_7_chi_91_energy_magnetization_correlation.txt
0.275,plaquette,7,0.04,-0.4421841734352,True,"median within (D, branch, h)",2ecc100fb1dfd5,D:\HyraiOn\ENS_Lyon\Internship\2026-EPFL\data\distinVBCs\Results_Izar_replica1\J2_0.275\D_7\orientation_1\plaquette\replica_1\h_0p04\D_7_chi_91_energy_magnetization_correlation.txt
0.275,plaquette,7,0.08,-0.4578319538027,True,"median within (D, branch, h)",fe43f2357644dd,D:\HyraiOn\ENS_Lyon\Internship\2026-EPFL\data\distinVBCs\Results_Izar_replica1\J2_0.275\D_7\orientation_1\plaquette\replica_1\h_0p08\D_7_chi_91_energy_magnetization_correlation.txt
0.275,dimer-plaquette,8,-0.08,-0.4620653405179,True,"median within (D, branch, h)",674c8507d8a2d7,D:\HyraiOn\ENS_Lyon\Internship\2026-EPFL\data\distinVBCs\Results_Izar_replica1\J2_0.275\D_8\orientation_2\dimer-plaquette\replica_1\h_0p08\D_8_chi_104_energy_magnetization_correlation.txt
0.275,dimer-plaquette,8,-0.04,-0.4431213479737,True,"median within (D, branch, h)",552625283e2c94,D:\HyraiOn\ENS_Lyon\Internship\2026-EPFL\data\distinVBCs\Results_Izar_replica1\J2_0.275\D_8\orientation_2\dimer-plaquette\replica_1\h_0p04\D_8_chi_104_energy_magnetization_correlation.txt
0.275,dimer-plaquette,8,-0.02,-0.435659328919,True,"median within (D, branch, h)",fa7b355dfb19b7,D:\HyraiOn\ENS_Lyon\Internship\2026-EPFL\data\distinVBCs\Results_Izar_replica1\J2_0.275\D_8\orientation_2\dimer-plaquette\replica_1\h_0p02\D_8_chi_104_energy_magnetization_correlation.txt
0.275,dimer-plaquette,8,-0.01,-0.4326461316036,True,"median within (D, branch, h)",091cb29ad46667,D:\HyraiOn\ENS_Lyon\Internship\2026-EPFL\data\distinVBCs\Results_Izar_replica1\J2_0.275\D_8\orientation_2\dimer-plaquette\replica_1\h_0p01\D_8_chi_104_energy_magnetization_correlation.txt
0.275,dimer-plaquette,8,-0.005,-0.4313701497928,True,"median within (D, branch, h)",8f7ea4c5839f2b,D:\HyraiOn\ENS_Lyon\Internship\2026-EPFL\data\distinVBCs\Results_Izar_replica1\J2_0.275\D_8\orientation_2\dimer-plaquette\replica_1\h_0p005\D_8_chi_104_energy_magnetization_correlation.txt
0.275,dimer-plaquette,8,-0.003,-0.4309120603108,True,"median within (D, branch, h)",715e04a970956a,D:\HyraiOn\ENS_Lyon\Internship\2026-EPFL\data\distinVBCsSmallH\Results_Izar_replica1\J2_0.275\D_8\orientation_2\dimer-plaquette\replica_1\h_0p003\D_8_chi_104_energy_magnetization_correlation.txt
0.275,dimer-plaquette,8,-0.002,-0.4306962692013,True,"median within (D, branch, h)",eaee3d53acb8f4,D:\HyraiOn\ENS_Lyon\Internship\2026-EPFL\data\distinVBCsSmallH\Results_Izar_replica1\J2_0.275\D_8\orientation_2\dimer-plaquette\replica_1\h_0p002\D_8_chi_104_energy_magnetization_correlation.txt
0.275,dimer-plaquette,8,-0.001,-0.4304895995701,True,"median within (D, branch, h)",c45c6a177c817c,D:\HyraiOn\ENS_Lyon\Internship\2026-EPFL\data\distinVBCsSmallH\Results_Izar_replica1\J2_0.275\D_8\orientation_2\dimer-plaquette\replica_1\h_0p001\D_8_chi_104_energy_magnetization_correlation.txt
0.275,dimer-plaquette,8,0.0,-0.4302944752789,True,"median within (D, branch, h)",5143f18b87791f,D:\HyraiOn\ENS_Lyon\Internship\2026-EPFL\data\distinVBCsSmallH\Results_Izar_replica1\J2_0.275\D_8\orientation_2\dimer-plaquette\replica_1\h_0\D_8_chi_104_energy_magnetization_correlation.txt
0.275,dimer-plaquette,8,0.0,-0.4302932992314,True,"median within (D, branch, h)",26f6f5e24edd8d,D:\HyraiOn\ENS_Lyon\Internship\2026-EPFL\data\distinVBCsJ2Continuation\Results_Izar_J2_sequences\s004_J2_0p3_D_8_dimer-plaquette\left\insurance_2\J2_0p275\D_8_chi_104_energy_magnetization_correlation.txt
0.275,dimer-plaquette,8,0.0,-0.4302882741536,True,"median within (D, branch, h)",a31da4fcc27f25,D:\HyraiOn\ENS_Lyon\Internship\2026-EPFL\data\distinVBCsJ2Continuation\Results_Izar_J2_sequences\s004_J2_0p3_D_8_dimer-plaquette\left\insurance_1\J2_0p275\D_8_chi_104_energy_magnetization_correlation.txt
0.275,plaquette,8,0.0,-0.4304088416646,True,"median within (D, branch, h)",bdb48b05a638f2,D:\HyraiOn\ENS_Lyon\Internship\2026-EPFL\data\distinVBCsJ2Continuation\Results_Izar_J2_sequences\s003_J2_0p28_D_8_plaquette\left\insurance_2\J2_0p275\D_8_chi_104_energy_magnetization_correlation.txt
0.275,plaquette,8,0.0,-0.4304087864439,True,"median within (D, branch, h)",33d2d4f40acf57,D:\HyraiOn\ENS_Lyon\Internship\2026-EPFL\data\distinVBCsJ2Continuation\Results_Izar_J2_sequences\s003_J2_0p28_D_8_plaquette\left\insurance_1\J2_0p275\D_8_chi_104_energy_magnetization_correlation.txt
0.275,plaquette,8,0.0,-0.4303983598759,True,"median within (D, branch, h)",233636148d363f,D:\HyraiOn\ENS_Lyon\Internship\2026-EPFL\data\distinVBCsSmallH\Results_Izar_replica1\J2_0.275\D_8\orientation_2\plaquette\replica_1\h_0\D_8_chi_104_energy_magnetization_correlation.txt
0.275,plaquette,8,0.001,-0.430588015845,True,"median within (D, branch, h)",bdf0a45830dc8f,D:\HyraiOn\ENS_Lyon\Internship\2026-EPFL\data\distinVBCsSmallH\Results_Izar_replica1\J2_0.275\D_8\orientation_2\plaquette\replica_1\h_0p001\D_8_chi_104_energy_magnetization_correlation.txt
0.275,plaquette,8,0.002,-0.4307862887138,True,"median within (D, branch, h)",4430574e67574f,D:\HyraiOn\ENS_Lyon\Internship\2026-EPFL\data\distinVBCsSmallH\Results_Izar_replica1\J2_0.275\D_8\orientation_2\plaquette\replica_1\h_0p002\D_8_chi_104_energy_magnetization_correlation.txt
0.275,plaquette,8,0.003,-0.4309956840443,True,"median within (D, branch, h)",8f144bbd5cad3d,D:\HyraiOn\ENS_Lyon\Internship\2026-EPFL\data\distinVBCsSmallH\Results_Izar_replica1\J2_0.275\D_8\orientation_2\plaquette\replica_1\h_0p003\D_8_chi_104_energy_magnetization_correlation.txt
0.275,plaquette,8,0.005,-0.4314421277815,True,"median within (D, branch, h)",80310aac258784,D:\HyraiOn\ENS_Lyon\Internship\2026-EPFL\data\distinVBCs\Results_Izar_replica1\J2_0.275\D_8\orientation_2\plaquette\replica_1\h_0p005\D_8_chi_104_energy_magnetization_correlation.txt
0.275,plaquette,8,0.01,-0.4326827630969,True,"median within (D, branch, h)",d702bece2b5f1d,D:\HyraiOn\ENS_Lyon\Internship\2026-EPFL\data\distinVBCs\Results_Izar_replica1\J2_0.275\D_8\orientation_2\plaquette\replica_1\h_0p01\D_8_chi_104_energy_magnetization_correlation.txt
0.275,plaquette,8,0.02,-0.435543531048,True,"median within (D, branch, h)",f33808407c565a,D:\HyraiOn\ENS_Lyon\Internship\2026-EPFL\data\distinVBCs\Results_Izar_replica1\J2_0.275\D_8\orientation_2\plaquette\replica_1\h_0p02\D_8_chi_104_energy_magnetization_correlation.txt
0.275,plaquette,8,0.04,-0.4422765292981,True,"median within (D, branch, h)",7a3bdb66eb89ba,D:\HyraiOn\ENS_Lyon\Internship\2026-EPFL\data\distinVBCs\Results_Izar_replica1\J2_0.275\D_8\orientation_2\plaquette\replica_1\h_0p04\D_8_chi_104_energy_magnetization_correlation.txt
0.275,plaquette,8,0.08,-0.4578914834847,True,"median within (D, branch, h)",6c08838c19526e,D:\HyraiOn\ENS_Lyon\Internship\2026-EPFL\data\distinVBCs\Results_Izar_replica1\J2_0.275\D_8\orientation_2\plaquette\replica_1\h_0p08\D_8_chi_104_energy_magnetization_correlation.txt
0.275,dimer-plaquette,9,-0.08,-0.4620771016037,True,"median within (D, branch, h)",031d8614ac0986,D:\HyraiOn\ENS_Lyon\Internship\2026-EPFL\data\distinVBCs\Results_Izar_replica1\J2_0.275\D_9\orientation_1\dimer-plaquette\replica_1\h_0p08\D_9_chi_108_energy_magnetization_correlation.txt
0.275,dimer-plaquette,9,-0.04,-0.4431506763935,True,"median within (D, branch, h)",e92c8249c1f81f,D:\HyraiOn\ENS_Lyon\Internship\2026-EPFL\data\distinVBCs\Results_Izar_replica1\J2_0.275\D_9\orientation_1\dimer-plaquette\replica_1\h_0p04\D_9_chi_108_energy_magnetization_correlation.txt
0.275,dimer-plaquette,9,-0.02,-0.4357278498645,True,"median within (D, branch, h)",00d0a580eece2c,D:\HyraiOn\ENS_Lyon\Internship\2026-EPFL\data\distinVBCs\Results_Izar_replica1\J2_0.275\D_9\orientation_1\dimer-plaquette\replica_1\h_0p02\D_9_chi_108_energy_magnetization_correlation.txt
0.275,dimer-plaquette,9,-0.01,-0.4327505434685,True,"median within (D, branch, h)",1d6e456a832a9d,D:\HyraiOn\ENS_Lyon\Internship\2026-EPFL\data\distinVBCs\Results_Izar_replica1\J2_0.275\D_9\orientation_1\dimer-plaquette\replica_1\h_0p01\D_9_chi_108_energy_magnetization_correlation.txt
0.275,dimer-plaquette,9,-0.005,-0.4315413867513,True,"median within (D, branch, h)",05d9a6f26751c4,D:\HyraiOn\ENS_Lyon\Internship\2026-EPFL\data\distinVBCsSmallH\Results_Izar_replica1\J2_0.275\D_9\orientation_1\dimer-plaquette\replica_1\h_0p005\D_9_chi_108_energy_magnetization_correlation.txt
0.275,dimer-plaquette,9,-0.003,-0.4311237576728,True,"median within (D, branch, h)",355de886341fe8,D:\HyraiOn\ENS_Lyon\Internship\2026-EPFL\data\distinVBCsSmallH\Results_Izar_replica1\J2_0.275\D_9\orientation_1\dimer-plaquette\replica_1\h_0p003\D_9_chi_108_energy_magnetization_correlation.txt
0.275,dimer-plaquette,9,-0.002,-0.4309347377764,True,"median within (D, branch, h)",d2c0831b919704,D:\HyraiOn\ENS_Lyon\Internship\2026-EPFL\data\distinVBCsSmallH\Results_Izar_replica1\J2_0.275\D_9\orientation_1\dimer-plaquette\replica_1\h_0p002\D_9_chi_108_energy_magnetization_correlation.txt
0.275,dimer-plaquette,9,-0.001,-0.4307623485026,True,"median within (D, branch, h)",610acdbb210863,D:\HyraiOn\ENS_Lyon\Internship\2026-EPFL\data\distinVBCsSmallH\Results_Izar_replica1\J2_0.275\D_9\orientation_1\dimer-plaquette\replica_1\h_0p001\D_9_chi_108_energy_magnetization_correlation.txt
0.275,dimer-plaquette,9,0.0,-0.4306350068708,True,"median within (D, branch, h)",7581d797216181,D:\HyraiOn\ENS_Lyon\Internship\2026-EPFL\data\distinVBCsJ2Continuation\Results_Izar_J2_sequences\s101_J2_0p28_D_9_dimer-plaquette\left\insurance_2\J2_0p275\D_9_chi_108_energy_magnetization_correlation.txt
0.275,dimer-plaquette,9,0.0,-0.4306325422193,True,"median within (D, branch, h)",34d9d9b610c60f,D:\HyraiOn\ENS_Lyon\Internship\2026-EPFL\data\distinVBCsJ2Continuation\Results_Izar_J2_sequences\s102_J2_0p3_D_9_dimer-plaquette\left\insurance_1\J2_0p275\D_9_chi_108_energy_magnetization_correlation.txt
0.275,dimer-plaquette,9,0.0,-0.4306313667072,True,"median within (D, branch, h)",a7df238f400c11,D:\HyraiOn\ENS_Lyon\Internship\2026-EPFL\data\distinVBCsJ2Continuation\Results_Izar_J2_sequences\s101_J2_0p28_D_9_dimer-plaquette\left\insurance_1\J2_0p275\D_9_chi_108_energy_magnetization_correlation.txt
0.275,dimer-plaquette,9,0.0,-0.430616416295,True,"median within (D, branch, h)",a1a87e08e13433,D:\HyraiOn\ENS_Lyon\Internship\2026-EPFL\data\distinVBCsSmallH\Results_Izar_replica1\J2_0.275\D_9\orientation_1\dimer-plaquette\replica_1\h_0\D_9_chi_108_energy_magnetization_correlation.txt
0.275,dimer-plaquette,9,0.0,-0.430615492348,True,"median within (D, branch, h)",76002ee3be1144,D:\HyraiOn\ENS_Lyon\Internship\2026-EPFL\data\distinVBCsJ2Continuation\Results_Izar_J2_sequences\s102_J2_0p3_D_9_dimer-plaquette\left\insurance_2\J2_0p275\D_9_chi_108_energy_magnetization_correlation.txt
0.275,dimer-plaquette,9,0.0,-0.430566183459,True,"median within (D, branch, h)",47a9aae57f93b5,D:\HyraiOn\ENS_Lyon\Internship\2026-EPFL\data\distinVBCsJ2Continuation\Results_Izar_J2_sequences\s006_J2_0p33_D_9_dimer-plaquette\left\insurance_2\J2_0p275\D_9_chi_108_energy_magnetization_correlation.txt
0.275,dimer-plaquette,9,0.0,-0.4303935384368,True,"median within (D, branch, h)",b5e31ff1bf2b01,D:\HyraiOn\ENS_Lyon\Internship\2026-EPFL\data\distinVBCsJ2Continuation\Results_Izar_J2_sequences\s006_J2_0p33_D_9_dimer-plaquette\left\insurance_1\J2_0p275\D_9_chi_108_energy_magnetization_correlation.txt
0.275,plaquette,9,0.0,-0.4306449913778,True,"median within (D, branch, h)",2afdd80075c7d0,D:\HyraiOn\ENS_Lyon\Internship\2026-EPFL\data\distinVBCsJ2Continuation\Results_Izar_J2_sequences\s005_J2_0p3_D_9_plaquette\left\insurance_2\J2_0p275\D_9_chi_108_energy_magnetization_correlation.txt
0.275,plaquette,9,0.0,-0.4306423198822,True,"median within (D, branch, h)",69d506b293fa0b,D:\HyraiOn\ENS_Lyon\Internship\2026-EPFL\data\distinVBCsJ2Continuation\Results_Izar_J2_sequences\s005_J2_0p3_D_9_plaquette\left\insurance_1\J2_0p275\D_9_chi_108_energy_magnetization_correlation.txt
0.275,plaquette,9,0.0,-0.4306125280765,True,"median within (D, branch, h)",4b42b92ee05054,D:\HyraiOn\ENS_Lyon\Internship\2026-EPFL\data\distinVBCsJ2Continuation\Results_Izar_J2_sequences\s103_J2_0p31_D_9_plaquette\left\insurance_1\J2_0p275\D_9_chi_108_energy_magnetization_correlation.txt
0.275,plaquette,9,0.0,-0.4305960882142,True,"median within (D, branch, h)",8db97d06bd4362,D:\HyraiOn\ENS_Lyon\Internship\2026-EPFL\data\distinVBCsJ2Continuation\Results_Izar_J2_sequences\s103_J2_0p31_D_9_plaquette\left\insurance_2\J2_0p275\D_9_chi_108_energy_magnetization_correlation.txt
0.275,plaquette,9,0.001,-0.4307551667407,True,"median within (D, branch, h)",6ebbf055b81164,D:\HyraiOn\ENS_Lyon\Internship\2026-EPFL\data\distinVBCsSmallH\Results_Izar_replica1\J2_0.275\D_9\orientation_1\plaquette\replica_1\h_0p001\D_9_chi_108_energy_magnetization_correlation.txt
0.275,plaquette,9,0.002,-0.4309323630895,True,"median within (D, branch, h)",2459cdbd0b7fac,D:\HyraiOn\ENS_Lyon\Internship\2026-EPFL\data\distinVBCsSmallH\Results_Izar_replica1\J2_0.275\D_9\orientation_1\plaquette\replica_1\h_0p002\D_9_chi_108_energy_magnetization_correlation.txt
0.275,plaquette,9,0.003,-0.431127769151,True,"median within (D, branch, h)",d87b0cfa88c228,D:\HyraiOn\ENS_Lyon\Internship\2026-EPFL\data\distinVBCsSmallH\Results_Izar_replica1\J2_0.275\D_9\orientation_1\plaquette\replica_1\h_0p003\D_9_chi_108_energy_magnetization_correlation.txt
0.275,plaquette,9,0.005,-0.4315419953868,True,"median within (D, branch, h)",ec4089a29ba4d5,D:\HyraiOn\ENS_Lyon\Internship\2026-EPFL\data\distinVBCsSmallH\Results_Izar_replica1\J2_0.275\D_9\orientation_1\plaquette\replica_1\h_0p005\D_9_chi_108_energy_magnetization_correlation.txt
0.275,plaquette,9,0.01,-0.4327517626937,True,"median within (D, branch, h)",c26309fd9dec02,D:\HyraiOn\ENS_Lyon\Internship\2026-EPFL\data\distinVBCs\Results_Izar_replica1\J2_0.275\D_9\orientation_1\plaquette\replica_1\h_0p01\D_9_chi_108_energy_magnetization_correlation.txt
0.275,plaquette,9,0.02,-0.4355994375706,True,"median within (D, branch, h)",0c366401c9d739,D:\HyraiOn\ENS_Lyon\Internship\2026-EPFL\data\distinVBCs\Results_Izar_replica1\J2_0.275\D_9\orientation_1\plaquette\replica_1\h_0p02\D_9_chi_108_energy_magnetization_correlation.txt
0.275,plaquette,9,0.04,-0.442309724899,True,"median within (D, branch, h)",73b4b8b10808af,D:\HyraiOn\ENS_Lyon\Internship\2026-EPFL\data\distinVBCs\Results_Izar_replica1\J2_0.275\D_9\orientation_1\plaquette\replica_1\h_0p04\D_9_chi_108_energy_magnetization_correlation.txt
0.275,plaquette,9,0.08,-0.457911668245,True,"median within (D, branch, h)",4b95d1930fdd74,D:\HyraiOn\ENS_Lyon\Internship\2026-EPFL\data\distinVBCs\Results_Izar_replica1\J2_0.275\D_9\orientation_1\plaquette\replica_1\h_0p08\D_9_chi_108_energy_magnetization_correlation.txt
0.28,dimer-plaquette,6,-0.08,-0.4611732027777,True,"median within (D, branch, h)",f7738baa73aa72,D:\HyraiOn\ENS_Lyon\Internship\2026-EPFL\data\distinVBCs\Results_Izar_replica1\J2_0.28\D_6\orientation_2\dimer-plaquette\replica_1\h_0p08\D_6_chi_72_energy_magnetization_correlation.txt
0.28,dimer-plaquette,6,-0.04,-0.4419125549754,True,"median within (D, branch, h)",fcda96ce9da0a0,D:\HyraiOn\ENS_Lyon\Internship\2026-EPFL\data\distinVBCs\Results_Izar_replica1\J2_0.28\D_6\orientation_2\dimer-plaquette\replica_1\h_0p04\D_6_chi_72_energy_magnetization_correlation.txt
0.28,dimer-plaquette,6,-0.02,-0.4342499688208,True,"median within (D, branch, h)",6e75948af58e99,D:\HyraiOn\ENS_Lyon\Internship\2026-EPFL\data\distinVBCs\Results_Izar_replica1\J2_0.28\D_6\orientation_2\dimer-plaquette\replica_1\h_0p02\D_6_chi_72_energy_magnetization_correlation.txt
0.28,dimer-plaquette,6,-0.01,-0.4310818898557,True,"median within (D, branch, h)",0c3c2aca83840c,D:\HyraiOn\ENS_Lyon\Internship\2026-EPFL\data\distinVBCs\Results_Izar_replica1\J2_0.28\D_6\orientation_2\dimer-plaquette\replica_1\h_0p01\D_6_chi_72_energy_magnetization_correlation.txt
0.28,dimer-plaquette,6,-0.005,-0.4297012967305,True,"median within (D, branch, h)",a27d1e51526ce6,D:\HyraiOn\ENS_Lyon\Internship\2026-EPFL\data\distinVBCs\Results_Izar_replica1\J2_0.28\D_6\orientation_2\dimer-plaquette\replica_1\h_0p005\D_6_chi_72_energy_magnetization_correlation.txt
0.28,dimer-plaquette,6,-0.003,-0.4291925736498,True,"median within (D, branch, h)",78954ea89a08bf,D:\HyraiOn\ENS_Lyon\Internship\2026-EPFL\data\distinVBCsSmallH\Results_Izar_replica1\J2_0.28\D_6\orientation_2\dimer-plaquette\replica_1\h_0p003\D_6_chi_72_energy_magnetization_correlation.txt
0.28,dimer-plaquette,6,-0.002,-0.4289481310612,True,"median within (D, branch, h)",7d4a2f268b7b56,D:\HyraiOn\ENS_Lyon\Internship\2026-EPFL\data\distinVBCsSmallH\Results_Izar_replica1\J2_0.28\D_6\orientation_2\dimer-plaquette\replica_1\h_0p002\D_6_chi_72_energy_magnetization_correlation.txt
0.28,dimer-plaquette,6,-0.001,-0.4287105819137,True,"median within (D, branch, h)",fffaa7503ccdb6,D:\HyraiOn\ENS_Lyon\Internship\2026-EPFL\data\distinVBCsSmallH\Results_Izar_replica1\J2_0.28\D_6\orientation_2\dimer-plaquette\replica_1\h_0p001\D_6_chi_72_energy_magnetization_correlation.txt
0.28,dimer-plaquette,6,0.0,-0.4284800661376,True,"median within (D, branch, h)",8170c3292d390e,D:\HyraiOn\ENS_Lyon\Internship\2026-EPFL\data\distinVBCsSmallH\Results_Izar_replica1\J2_0.28\D_6\orientation_2\dimer-plaquette\replica_1\h_0\D_6_chi_72_energy_magnetization_correlation.txt
0.28,plaquette,6,0.0,-0.4284001103711,True,"median within (D, branch, h)",c2df9af8344d22,D:\HyraiOn\ENS_Lyon\Internship\2026-EPFL\data\distinVBCsJ2Continuation\LastIzar\Results_LastIzar\task_pin_D6_h0p02_lbfgs\J2_0p28\h_0\D_6_chi_72_energy_magnetization_correlation.txt
0.28,plaquette,6,0.0,-0.4283275507706,True,"median within (D, branch, h)",c0c915b24d28c1,D:\HyraiOn\ENS_Lyon\Internship\2026-EPFL\data\distinVBCsJ2Continuation\LastIzar\Results_LastIzar\task1_D6_adiabatic\insurance_4\J2_0p28\D_6_chi_72_energy_magnetization_correlation.txt
0.28,plaquette,6,0.0,-0.4283275114577,True,"median within (D, branch, h)",3e6d6b204bf280,D:\HyraiOn\ENS_Lyon\Internship\2026-EPFL\data\distinVBCsJ2Continuation\LastIzar\Results_LastIzar\task1_D6_adiabatic\insurance_3\J2_0p28\D_6_chi_72_energy_magnetization_correlation.txt
0.28,plaquette,6,0.0,-0.4283270927161,True,"median within (D, branch, h)",c6cb650daab730,D:\HyraiOn\ENS_Lyon\Internship\2026-EPFL\data\distinVBCsJ2Continuation\LastIzar\Results_LastIzar\task1_D6_adiabatic\insurance_5\J2_0p28\D_6_chi_72_energy_magnetization_correlation.txt
0.28,plaquette,6,0.0,-0.428326974792,True,"median within (D, branch, h)",496b03bb9a39ba,D:\HyraiOn\ENS_Lyon\Internship\2026-EPFL\data\distinVBCsJ2Continuation\LastIzar\Results_LastIzar\task1_D6_adiabatic\J2_0p28\D_6_chi_72_energy_magnetization_correlation.txt
0.28,plaquette,6,0.0,-0.4283268039288,True,"median within (D, branch, h)",ee00e7846ae57f,D:\HyraiOn\ENS_Lyon\Internship\2026-EPFL\data\distinVBCsJ2Continuation\LastIzar\Results_LastIzar\task1_D6_adiabatic\insurance_2\J2_0p28\D_6_chi_72_energy_magnetization_correlation.txt
0.28,plaquette,6,0.001,-0.4286095846614,True,"median within (D, branch, h)",0ea90eef9d03fd,D:\HyraiOn\ENS_Lyon\Internship\2026-EPFL\data\distinVBCsSmallH\Results_Izar_replica1\J2_0.28\D_6\orientation_2\plaquette\replica_1\h_0p001\D_6_chi_72_energy_magnetization_correlation.txt
0.28,plaquette,6,0.002,-0.4288262341522,True,"median within (D, branch, h)",3ed4eafb871e39,D:\HyraiOn\ENS_Lyon\Internship\2026-EPFL\data\distinVBCsSmallH\Results_Izar_replica1\J2_0.28\D_6\orientation_2\plaquette\replica_1\h_0p002\D_6_chi_72_energy_magnetization_correlation.txt
0.28,plaquette,6,0.003,-0.429057694992,True,"median within (D, branch, h)",713bde41b74067,D:\HyraiOn\ENS_Lyon\Internship\2026-EPFL\data\distinVBCsSmallH\Results_Izar_replica1\J2_0.28\D_6\orientation_2\plaquette\replica_1\h_0p003\D_6_chi_72_energy_magnetization_correlation.txt
0.28,plaquette,6,0.005,-0.4295515908665,True,"median within (D, branch, h)",ffe99c19794305,D:\HyraiOn\ENS_Lyon\Internship\2026-EPFL\data\distinVBCs\Results_Izar_replica1\J2_0.28\D_6\orientation_2\plaquette\replica_1\h_0p005\D_6_chi_72_energy_magnetization_correlation.txt
0.28,plaquette,6,0.01,-0.4309199838476,True,"median within (D, branch, h)",2ad61fc849bad2,D:\HyraiOn\ENS_Lyon\Internship\2026-EPFL\data\distinVBCsJ2Continuation\LastIzar\Results_LastIzar\task_pin_D6_h0p01_adam\J2_0p28\h_0p01\D_6_chi_72_energy_magnetization_correlation.txt
0.28,plaquette,6,0.01,-0.4309030134403,True,"median within (D, branch, h)",5055a19fa7346e,D:\HyraiOn\ENS_Lyon\Internship\2026-EPFL\data\distinVBCs\Results_Izar_replica1\J2_0.28\D_6\orientation_2\plaquette\replica_1\h_0p01\D_6_chi_72_energy_magnetization_correlation.txt
0.28,plaquette,6,0.02,-0.4339593982915,True,"median within (D, branch, h)",b4b59d25584e27,D:\HyraiOn\ENS_Lyon\Internship\2026-EPFL\data\distinVBCsJ2Continuation\LastIzar\Results_LastIzar\task_pin_D6_h0p02_adam\J2_0p28\h_0p02\D_6_chi_72_energy_magnetization_correlation.txt
0.28,plaquette,6,0.02,-0.433950127025,True,"median within (D, branch, h)",5f27b239dd4dfd,D:\HyraiOn\ENS_Lyon\Internship\2026-EPFL\data\distinVBCs\Results_Izar_replica1\J2_0.28\D_6\orientation_2\plaquette\replica_1\h_0p02\D_6_chi_72_energy_magnetization_correlation.txt
0.28,plaquette,6,0.03,-0.4373248217206,True,"median within (D, branch, h)",8e15602d60db52,D:\HyraiOn\ENS_Lyon\Internship\2026-EPFL\data\distinVBCsJ2Continuation\LastIzar\Results_LastIzar\task_pin_D6_h0p03_adam\J2_0p28\h_0p03\D_6_chi_72_energy_magnetization_correlation.txt
0.28,plaquette,6,0.04,-0.4409020287729,True,"median within (D, branch, h)",fb74e53bc0c189,D:\HyraiOn\ENS_Lyon\Internship\2026-EPFL\data\distinVBCs\Results_Izar_replica1\J2_0.28\D_6\orientation_2\plaquette\replica_1\h_0p04\D_6_chi_72_energy_magnetization_correlation.txt
0.28,plaquette,6,0.08,-0.4567323096234,True,"median within (D, branch, h)",5230a6b5c818d3,D:\HyraiOn\ENS_Lyon\Internship\2026-EPFL\data\distinVBCs\Results_Izar_replica1\J2_0.28\D_6\orientation_2\plaquette\replica_1\h_0p08\D_6_chi_72_energy_magnetization_correlation.txt
0.28,dimer-plaquette,7,-0.08,-0.4612629175919,True,"median within (D, branch, h)",c7d1031a5d4f26,D:\HyraiOn\ENS_Lyon\Internship\2026-EPFL\data\distinVBCs\Results_Izar_replica1\J2_0.28\D_7\orientation_2\dimer-plaquette\replica_1\h_0p08\D_7_chi_91_energy_magnetization_correlation.txt
0.28,dimer-plaquette,7,-0.04,-0.442055854464,True,"median within (D, branch, h)",6847e722a56a19,D:\HyraiOn\ENS_Lyon\Internship\2026-EPFL\data\distinVBCs\Results_Izar_replica1\J2_0.28\D_7\orientation_2\dimer-plaquette\replica_1\h_0p04\D_7_chi_91_energy_magnetization_correlation.txt
0.28,dimer-plaquette,7,-0.02,-0.4344441192469,True,"median within (D, branch, h)",ad28e7815677ec,D:\HyraiOn\ENS_Lyon\Internship\2026-EPFL\data\distinVBCs\Results_Izar_replica1\J2_0.28\D_7\orientation_2\dimer-plaquette\replica_1\h_0p02\D_7_chi_91_energy_magnetization_correlation.txt
0.28,dimer-plaquette,7,-0.01,-0.4313196465109,True,"median within (D, branch, h)",2b7b94e45eaa4b,D:\HyraiOn\ENS_Lyon\Internship\2026-EPFL\data\distinVBCs\Results_Izar_replica1\J2_0.28\D_7\orientation_2\dimer-plaquette\replica_1\h_0p01\D_7_chi_91_energy_magnetization_correlation.txt
0.28,dimer-plaquette,7,-0.005,-0.4299758717914,True,"median within (D, branch, h)",32da1504a1f901,D:\HyraiOn\ENS_Lyon\Internship\2026-EPFL\data\distinVBCs\Results_Izar_replica1\J2_0.28\D_7\orientation_2\dimer-plaquette\replica_1\h_0p005\D_7_chi_91_energy_magnetization_correlation.txt
0.28,dimer-plaquette,7,-0.003,-0.429489403659,True,"median within (D, branch, h)",10e43538d4ace2,D:\HyraiOn\ENS_Lyon\Internship\2026-EPFL\data\distinVBCsSmallH\Results_Izar_replica1\J2_0.28\D_7\orientation_2\dimer-plaquette\replica_1\h_0p003\D_7_chi_91_energy_magnetization_correlation.txt
0.28,dimer-plaquette,7,-0.002,-0.429259693537,True,"median within (D, branch, h)",06a78aaca7fe15,D:\HyraiOn\ENS_Lyon\Internship\2026-EPFL\data\distinVBCsSmallH\Results_Izar_replica1\J2_0.28\D_7\orientation_2\dimer-plaquette\replica_1\h_0p002\D_7_chi_91_energy_magnetization_correlation.txt
0.28,dimer-plaquette,7,-0.001,-0.4290662148498,True,"median within (D, branch, h)",22c0f0c38fc825,D:\HyraiOn\ENS_Lyon\Internship\2026-EPFL\data\distinVBCsSmallH\Results_Izar_replica1\J2_0.28\D_7\orientation_2\dimer-plaquette\replica_1\h_0p001\D_7_chi_91_energy_magnetization_correlation.txt
0.28,dimer-plaquette,7,0.0,-0.4287597121651,True,"median within (D, branch, h)",e590275706f596,D:\HyraiOn\ENS_Lyon\Internship\2026-EPFL\data\distinVBCsJ2Continuation\Results_Izar_J2_sequences\s002_J2_0p3_D_7_dimer-plaquette\left\insurance_1\J2_0p28\D_7_chi_91_energy_magnetization_correlation.txt
0.28,dimer-plaquette,7,0.0,-0.4287596978297,True,"median within (D, branch, h)",09bc2098f7f7c3,D:\HyraiOn\ENS_Lyon\Internship\2026-EPFL\data\distinVBCsJ2Continuation\Results_Izar_J2_sequences\s002_J2_0p3_D_7_dimer-plaquette\left\insurance_2\J2_0p28\D_7_chi_91_energy_magnetization_correlation.txt
0.28,plaquette,7,0.0,-0.4289188870681,True,"median within (D, branch, h)",38d8db4611b314,D:\HyraiOn\ENS_Lyon\Internship\2026-EPFL\data\distinVBCsSmallH\Results_Izar_replica1\J2_0.28\D_7\orientation_2\plaquette\replica_1\h_0\D_7_chi_91_energy_magnetization_correlation.txt
0.28,plaquette,7,0.001,-0.4291293386728,True,"median within (D, branch, h)",3a0b063a2ab546,D:\HyraiOn\ENS_Lyon\Internship\2026-EPFL\data\distinVBCsSmallH\Results_Izar_replica1\J2_0.28\D_7\orientation_2\plaquette\replica_1\h_0p001\D_7_chi_91_energy_magnetization_correlation.txt
0.28,plaquette,7,0.002,-0.4293478923779,True,"median within (D, branch, h)",e8ac8c90dbb8df,D:\HyraiOn\ENS_Lyon\Internship\2026-EPFL\data\distinVBCsSmallH\Results_Izar_replica1\J2_0.28\D_7\orientation_2\plaquette\replica_1\h_0p002\D_7_chi_91_energy_magnetization_correlation.txt
0.28,plaquette,7,0.003,-0.4295759277718,True,"median within (D, branch, h)",4b9ca548fd6ba5,D:\HyraiOn\ENS_Lyon\Internship\2026-EPFL\data\distinVBCsSmallH\Results_Izar_replica1\J2_0.28\D_7\orientation_2\plaquette\replica_1\h_0p003\D_7_chi_91_energy_magnetization_correlation.txt
0.28,plaquette,7,0.005,-0.4300545063653,True,"median within (D, branch, h)",3d95357a9d5c94,D:\HyraiOn\ENS_Lyon\Internship\2026-EPFL\data\distinVBCs\Results_Izar_replica1\J2_0.28\D_7\orientation_2\plaquette\replica_1\h_0p005\D_7_chi_91_energy_magnetization_correlation.txt
0.28,plaquette,7,0.01,-0.4313622035296,True,"median within (D, branch, h)",3591984975688a,D:\HyraiOn\ENS_Lyon\Internship\2026-EPFL\data\distinVBCs\Results_Izar_replica1\J2_0.28\D_7\orientation_2\plaquette\replica_1\h_0p01\D_7_chi_91_energy_magnetization_correlation.txt
0.28,plaquette,7,0.02,-0.4343384256632,True,"median within (D, branch, h)",77fbd960ca77ec,D:\HyraiOn\ENS_Lyon\Internship\2026-EPFL\data\distinVBCs\Results_Izar_replica1\J2_0.28\D_7\orientation_2\plaquette\replica_1\h_0p02\D_7_chi_91_energy_magnetization_correlation.txt
0.28,plaquette,7,0.04,-0.4412114594854,True,"median within (D, branch, h)",1644bc7a67bbe0,D:\HyraiOn\ENS_Lyon\Internship\2026-EPFL\data\distinVBCs\Results_Izar_replica1\J2_0.28\D_7\orientation_2\plaquette\replica_1\h_0p04\D_7_chi_91_energy_magnetization_correlation.txt
0.28,plaquette,7,0.08,-0.4569990047072,True,"median within (D, branch, h)",1688187aac22e9,D:\HyraiOn\ENS_Lyon\Internship\2026-EPFL\data\distinVBCs\Results_Izar_replica1\J2_0.28\D_7\orientation_2\plaquette\replica_1\h_0p08\D_7_chi_91_energy_magnetization_correlation.txt
0.28,dimer-plaquette,8,-0.08,-0.461265827575,True,"median within (D, branch, h)",f29e808d5b0110,D:\HyraiOn\ENS_Lyon\Internship\2026-EPFL\data\distinVBCs\Results_Izar_replica1\J2_0.28\D_8\orientation_0\dimer-plaquette\replica_1\h_0p08\D_8_chi_104_energy_magnetization_correlation.txt
0.28,dimer-plaquette,8,-0.04,-0.4420290891513,True,"median within (D, branch, h)",e7445be6a9ffcc,D:\HyraiOn\ENS_Lyon\Internship\2026-EPFL\data\distinVBCs\Results_Izar_replica1\J2_0.28\D_8\orientation_0\dimer-plaquette\replica_1\h_0p04\D_8_chi_104_energy_magnetization_correlation.txt
0.28,dimer-plaquette,8,-0.02,-0.4343234872083,True,"median within (D, branch, h)",0f0d9886302500,D:\HyraiOn\ENS_Lyon\Internship\2026-EPFL\data\distinVBCs\Results_Izar_replica1\J2_0.28\D_8\orientation_0\dimer-plaquette\replica_1\h_0p02\D_8_chi_104_energy_magnetization_correlation.txt
0.28,dimer-plaquette,8,-0.01,-0.4312278634692,True,"median within (D, branch, h)",75ce21c1984807,D:\HyraiOn\ENS_Lyon\Internship\2026-EPFL\data\distinVBCs\Results_Izar_replica1\J2_0.28\D_8\orientation_0\dimer-plaquette\replica_1\h_0p01\D_8_chi_104_energy_magnetization_correlation.txt
0.28,dimer-plaquette,8,-0.005,-0.4297870449524,True,"median within (D, branch, h)",f1c3856fb5f275,D:\HyraiOn\ENS_Lyon\Internship\2026-EPFL\data\distinVBCs\Results_Izar_replica1\J2_0.28\D_8\orientation_0\dimer-plaquette\replica_1\h_0p005\D_8_chi_104_energy_magnetization_correlation.txt
0.28,dimer-plaquette,8,-0.003,-0.4293986057968,True,"median within (D, branch, h)",edda0ba96e7536,D:\HyraiOn\ENS_Lyon\Internship\2026-EPFL\data\distinVBCsSmallH\Results_Izar_replica1\J2_0.28\D_8\orientation_0\dimer-plaquette\replica_1\h_0p003\D_8_chi_104_energy_magnetization_correlation.txt
0.28,dimer-plaquette,8,-0.002,-0.4291277786872,True,"median within (D, branch, h)",e383fc8b94b28a,D:\HyraiOn\ENS_Lyon\Internship\2026-EPFL\data\distinVBCsSmallH\Results_Izar_replica1\J2_0.28\D_8\orientation_0\dimer-plaquette\replica_1\h_0p002\D_8_chi_104_energy_magnetization_correlation.txt
0.28,dimer-plaquette,8,-0.001,-0.4289376879462,True,"median within (D, branch, h)",9e0c5d76818599,D:\HyraiOn\ENS_Lyon\Internship\2026-EPFL\data\distinVBCsSmallH\Results_Izar_replica1\J2_0.28\D_8\orientation_0\dimer-plaquette\replica_1\h_0p001\D_8_chi_104_energy_magnetization_correlation.txt
0.28,dimer-plaquette,8,0.0,-0.4290740133702,True,"median within (D, branch, h)",e30df1ffc970d3,D:\HyraiOn\ENS_Lyon\Internship\2026-EPFL\data\distinVBCsJ2Continuation\Results_Izar_J2_sequences\s004_J2_0p3_D_8_dimer-plaquette\left\insurance_2\J2_0p28\D_8_chi_104_energy_magnetization_correlation.txt
0.28,dimer-plaquette,8,0.0,-0.4287036453326,True,"median within (D, branch, h)",781f4ce9029000,D:\HyraiOn\ENS_Lyon\Internship\2026-EPFL\data\distinVBCsSmallH\Results_Izar_replica1\J2_0.28\D_8\orientation_0\dimer-plaquette\replica_1\h_0\D_8_chi_104_energy_magnetization_correlation.txt
0.28,plaquette,8,0.0,-0.4291916976238,True,"median within (D, branch, h)",db15f808425210,D:\HyraiOn\ENS_Lyon\Internship\2026-EPFL\data\distinVBCsSmallH\Results_Izar_replica1\J2_0.28\D_8\orientation_0\plaquette\replica_1\h_0\D_8_chi_104_energy_magnetization_correlation.txt
0.28,plaquette,8,0.001,-0.4293865557047,True,"median within (D, branch, h)",ff11c0d1722801,D:\HyraiOn\ENS_Lyon\Internship\2026-EPFL\data\distinVBCsSmallH\Results_Izar_replica1\J2_0.28\D_8\orientation_0\plaquette\replica_1\h_0p001\D_8_chi_104_energy_magnetization_correlation.txt
0.28,plaquette,8,0.002,-0.4295914495858,True,"median within (D, branch, h)",3296a5450f1e8f,D:\HyraiOn\ENS_Lyon\Internship\2026-EPFL\data\distinVBCsSmallH\Results_Izar_replica1\J2_0.28\D_8\orientation_0\plaquette\replica_1\h_0p002\D_8_chi_104_energy_magnetization_correlation.txt
0.28,plaquette,8,0.003,-0.4298079196074,True,"median within (D, branch, h)",66f61c8b0aab40,D:\HyraiOn\ENS_Lyon\Internship\2026-EPFL\data\distinVBCsSmallH\Results_Izar_replica1\J2_0.28\D_8\orientation_0\plaquette\replica_1\h_0p003\D_8_chi_104_energy_magnetization_correlation.txt
0.28,plaquette,8,0.005,-0.4302666008047,True,"median within (D, branch, h)",3b4fd1c23500b3,D:\HyraiOn\ENS_Lyon\Internship\2026-EPFL\data\distinVBCs\Results_Izar_replica1\J2_0.28\D_8\orientation_0\plaquette\replica_1\h_0p005\D_8_chi_104_energy_magnetization_correlation.txt
0.28,plaquette,8,0.01,-0.4315368826408,True,"median within (D, branch, h)",8d9c31fbb1a83b,D:\HyraiOn\ENS_Lyon\Internship\2026-EPFL\data\distinVBCs\Results_Izar_replica1\J2_0.28\D_8\orientation_0\plaquette\replica_1\h_0p01\D_8_chi_104_energy_magnetization_correlation.txt
0.28,plaquette,8,0.02,-0.4344682089865,True,"median within (D, branch, h)",0c9b8fc4301cc4,D:\HyraiOn\ENS_Lyon\Internship\2026-EPFL\data\distinVBCs\Results_Izar_replica1\J2_0.28\D_8\orientation_0\plaquette\replica_1\h_0p02\D_8_chi_104_energy_magnetization_correlation.txt
0.28,plaquette,8,0.04,-0.4412944886333,True,"median within (D, branch, h)",9c714e8f58dabf,D:\HyraiOn\ENS_Lyon\Internship\2026-EPFL\data\distinVBCs\Results_Izar_replica1\J2_0.28\D_8\orientation_0\plaquette\replica_1\h_0p04\D_8_chi_104_energy_magnetization_correlation.txt
0.28,plaquette,8,0.08,-0.4570440779959,True,"median within (D, branch, h)",d6c1df682bb8eb,D:\HyraiOn\ENS_Lyon\Internship\2026-EPFL\data\distinVBCs\Results_Izar_replica1\J2_0.28\D_8\orientation_0\plaquette\replica_1\h_0p08\D_8_chi_104_energy_magnetization_correlation.txt
0.28,dimer-plaquette,9,-0.08,-0.4613284899089,True,"median within (D, branch, h)",939f7ff7135073,D:\HyraiOn\ENS_Lyon\Internship\2026-EPFL\data\distinVBCs\Results_Izar_replica1\J2_0.28\D_9\orientation_2\dimer-plaquette\replica_1\h_0p08\D_9_chi_108_energy_magnetization_correlation.txt
0.28,dimer-plaquette,9,-0.04,-0.4421795019577,True,"median within (D, branch, h)",1d727217983c67,D:\HyraiOn\ENS_Lyon\Internship\2026-EPFL\data\distinVBCs\Results_Izar_replica1\J2_0.28\D_9\orientation_2\dimer-plaquette\replica_1\h_0p04\D_9_chi_108_energy_magnetization_correlation.txt
0.28,dimer-plaquette,9,-0.02,-0.4346395201062,True,"median within (D, branch, h)",0efdb972ce970a,D:\HyraiOn\ENS_Lyon\Internship\2026-EPFL\data\distinVBCs\Results_Izar_replica1\J2_0.28\D_9\orientation_2\dimer-plaquette\replica_1\h_0p02\D_9_chi_108_energy_magnetization_correlation.txt
0.28,dimer-plaquette,9,-0.005,-0.4303469772684,True,"median within (D, branch, h)",540662a9d29369,D:\HyraiOn\ENS_Lyon\Internship\2026-EPFL\data\distinVBCsSmallH\Results_Izar_replica1\J2_0.28\D_9\orientation_2\dimer-plaquette\replica_1\h_0p005\D_9_chi_108_energy_magnetization_correlation.txt
0.28,dimer-plaquette,9,-0.003,-0.4299227678083,True,"median within (D, branch, h)",fa03c160a4f304,D:\HyraiOn\ENS_Lyon\Internship\2026-EPFL\data\distinVBCsSmallH\Results_Izar_replica1\J2_0.28\D_9\orientation_2\dimer-plaquette\replica_1\h_0p003\D_9_chi_108_energy_magnetization_correlation.txt
0.28,dimer-plaquette,9,-0.002,-0.4297277147402,True,"median within (D, branch, h)",1a0a60bf103b24,D:\HyraiOn\ENS_Lyon\Internship\2026-EPFL\data\distinVBCsSmallH\Results_Izar_replica1\J2_0.28\D_9\orientation_2\dimer-plaquette\replica_1\h_0p002\D_9_chi_108_energy_magnetization_correlation.txt
0.28,dimer-plaquette,9,-0.001,-0.4295418056278,True,"median within (D, branch, h)",7eb0d8f0d0977b,D:\HyraiOn\ENS_Lyon\Internship\2026-EPFL\data\distinVBCsSmallH\Results_Izar_replica1\J2_0.28\D_9\orientation_2\dimer-plaquette\replica_1\h_0p001\D_9_chi_108_energy_magnetization_correlation.txt
0.28,dimer-plaquette,9,0.0,-0.4293999510728,True,"median within (D, branch, h)",c96e85dc23c78f,D:\HyraiOn\ENS_Lyon\Internship\2026-EPFL\data\distinVBCsSmallH\Results_Izar_replica1\J2_0.28\D_9\orientation_2\dimer-plaquette\replica_1\h_0\D_9_chi_108_energy_magnetization_correlation.txt
0.28,dimer-plaquette,9,0.0,-0.4293914128243,True,"median within (D, branch, h)",ebba6198bfcaaa,D:\HyraiOn\ENS_Lyon\Internship\2026-EPFL\data\distinVBCsJ2Continuation\Results_Izar_J2_sequences\s102_J2_0p3_D_9_dimer-plaquette\left\insurance_2\J2_0p28\D_9_chi_108_energy_magnetization_correlation.txt
0.28,dimer-plaquette,9,0.0,-0.4293905561528,True,"median within (D, branch, h)",31044bb801ac74,D:\HyraiOn\ENS_Lyon\Internship\2026-EPFL\data\distinVBCsJ2Continuation\Results_Izar_J2_sequences\s102_J2_0p3_D_9_dimer-plaquette\left\insurance_1\J2_0p28\D_9_chi_108_energy_magnetization_correlation.txt
0.28,dimer-plaquette,9,0.0,-0.4293524510415,True,"median within (D, branch, h)",8317efee873a4c,D:\HyraiOn\ENS_Lyon\Internship\2026-EPFL\data\distinVBCsJ2Continuation\Results_Izar_J2_sequences\s006_J2_0p33_D_9_dimer-plaquette\left\insurance_2\J2_0p28\D_9_chi_108_energy_magnetization_correlation.txt
0.28,dimer-plaquette,9,0.0,-0.4292625382235,True,"median within (D, branch, h)",2b45220e051823,D:\HyraiOn\ENS_Lyon\Internship\2026-EPFL\data\distinVBCsJ2Continuation\Results_Izar_J2_sequences\s006_J2_0p33_D_9_dimer-plaquette\left\insurance_1\J2_0p28\D_9_chi_108_energy_magnetization_correlation.txt
0.28,plaquette,9,0.0,-0.4294124084997,True,"median within (D, branch, h)",3015472f7e0943,D:\HyraiOn\ENS_Lyon\Internship\2026-EPFL\data\distinVBCsJ2Continuation\Results_Izar_J2_sequences\s005_J2_0p3_D_9_plaquette\left\insurance_2\J2_0p28\D_9_chi_108_energy_magnetization_correlation.txt
0.28,plaquette,9,0.0,-0.4294088089708,True,"median within (D, branch, h)",97469ed5bfbcc2,D:\HyraiOn\ENS_Lyon\Internship\2026-EPFL\data\distinVBCsJ2Continuation\Results_Izar_J2_sequences\s005_J2_0p3_D_9_plaquette\left\insurance_1\J2_0p28\D_9_chi_108_energy_magnetization_correlation.txt
0.28,plaquette,9,0.0,-0.4293833495426,True,"median within (D, branch, h)",e908084e29ea48,D:\HyraiOn\ENS_Lyon\Internship\2026-EPFL\data\distinVBCsJ2Continuation\Results_Izar_J2_sequences\s103_J2_0p31_D_9_plaquette\left\insurance_2\J2_0p28\D_9_chi_108_energy_magnetization_correlation.txt
0.28,plaquette,9,0.0,-0.429374441377,True,"median within (D, branch, h)",2ac27ff7e2d6c4,D:\HyraiOn\ENS_Lyon\Internship\2026-EPFL\data\distinVBCsJ2Continuation\Results_Izar_J2_sequences\s103_J2_0p31_D_9_plaquette\left\insurance_1\J2_0p28\D_9_chi_108_energy_magnetization_correlation.txt
0.28,plaquette,9,0.002,-0.4297273378806,True,"median within (D, branch, h)",ed4d0d577e8a40,D:\HyraiOn\ENS_Lyon\Internship\2026-EPFL\data\distinVBCsSmallH\Results_Izar_replica1\J2_0.28\D_9\orientation_2\plaquette\replica_1\h_0p002\D_9_chi_108_energy_magnetization_correlation.txt
0.28,plaquette,9,0.003,-0.4299309024193,True,"median within (D, branch, h)",bfef5a069309f3,D:\HyraiOn\ENS_Lyon\Internship\2026-EPFL\data\distinVBCsSmallH\Results_Izar_replica1\J2_0.28\D_9\orientation_2\plaquette\replica_1\h_0p003\D_9_chi_108_energy_magnetization_correlation.txt
0.28,plaquette,9,0.005,-0.4303698636692,True,"median within (D, branch, h)",e11a10bd6d0aaf,D:\HyraiOn\ENS_Lyon\Internship\2026-EPFL\data\distinVBCsSmallH\Results_Izar_replica1\J2_0.28\D_9\orientation_2\plaquette\replica_1\h_0p005\D_9_chi_108_energy_magnetization_correlation.txt
0.28,plaquette,9,0.01,-0.431606852969,True,"median within (D, branch, h)",61c7bf10a7834a,D:\HyraiOn\ENS_Lyon\Internship\2026-EPFL\data\distinVBCs\Results_Izar_replica1\J2_0.28\D_9\orientation_2\plaquette\replica_1\h_0p01\D_9_chi_108_energy_magnetization_correlation.txt
0.28,plaquette,9,0.02,-0.4345193136102,True,"median within (D, branch, h)",bcd7b9787ea21c,D:\HyraiOn\ENS_Lyon\Internship\2026-EPFL\data\distinVBCs\Results_Izar_replica1\J2_0.28\D_9\orientation_2\plaquette\replica_1\h_0p02\D_9_chi_108_energy_magnetization_correlation.txt
0.28,plaquette,9,0.04,-0.4413310397021,True,"median within (D, branch, h)",a9866ec1d38a59,D:\HyraiOn\ENS_Lyon\Internship\2026-EPFL\data\distinVBCs\Results_Izar_replica1\J2_0.28\D_9\orientation_2\plaquette\replica_1\h_0p04\D_9_chi_108_energy_magnetization_correlation.txt
0.28,plaquette,9,0.08,-0.4570697313445,True,"median within (D, branch, h)",1a969e65bd5d44,D:\HyraiOn\ENS_Lyon\Internship\2026-EPFL\data\distinVBCs\Results_Izar_replica1\J2_0.28\D_9\orientation_2\plaquette\replica_1\h_0p08\D_9_chi_108_energy_magnetization_correlation.txt
0.29,dimer-plaquette,6,-0.08,-0.4597445445129,True,"median within (D, branch, h)",4da68915c50ffc,D:\HyraiOn\ENS_Lyon\Internship\2026-EPFL\data\distinVBCs\Results_Izar_replica1\J2_0.29\D_6\orientation_2\dimer-plaquette\replica_1\h_0p08\D_6_chi_72_energy_magnetization_correlation.txt
0.29,dimer-plaquette,6,-0.04,-0.4400339177398,True,"median within (D, branch, h)",336b97861a0714,D:\HyraiOn\ENS_Lyon\Internship\2026-EPFL\data\distinVBCs\Results_Izar_replica1\J2_0.29\D_6\orientation_2\dimer-plaquette\replica_1\h_0p04\D_6_chi_72_energy_magnetization_correlation.txt
0.29,dimer-plaquette,6,-0.02,-0.4321334288207,True,"median within (D, branch, h)",8c8bd71dcb8b5f,D:\HyraiOn\ENS_Lyon\Internship\2026-EPFL\data\distinVBCs\Results_Izar_replica1\J2_0.29\D_6\orientation_2\dimer-plaquette\replica_1\h_0p02\D_6_chi_72_energy_magnetization_correlation.txt
0.29,dimer-plaquette,6,-0.01,-0.4288500957716,True,"median within (D, branch, h)",22fc93069b77a7,D:\HyraiOn\ENS_Lyon\Internship\2026-EPFL\data\distinVBCs\Results_Izar_replica1\J2_0.29\D_6\orientation_2\dimer-plaquette\replica_1\h_0p01\D_6_chi_72_energy_magnetization_correlation.txt
0.29,dimer-plaquette,6,-0.005,-0.4274084735685,True,"median within (D, branch, h)",c52ea664b72ccf,D:\HyraiOn\ENS_Lyon\Internship\2026-EPFL\data\distinVBCs\Results_Izar_replica1\J2_0.29\D_6\orientation_2\dimer-plaquette\replica_1\h_0p005\D_6_chi_72_energy_magnetization_correlation.txt
0.29,dimer-plaquette,6,-0.003,-0.4268752590209,True,"median within (D, branch, h)",af3224f59b9921,D:\HyraiOn\ENS_Lyon\Internship\2026-EPFL\data\distinVBCsSmallH\Results_Izar_replica1\J2_0.29\D_6\orientation_2\dimer-plaquette\replica_1\h_0p003\D_6_chi_72_energy_magnetization_correlation.txt
0.29,dimer-plaquette,6,-0.002,-0.4266284338637,True,"median within (D, branch, h)",956e25240add9a,D:\HyraiOn\ENS_Lyon\Internship\2026-EPFL\data\distinVBCsSmallH\Results_Izar_replica1\J2_0.29\D_6\orientation_2\dimer-plaquette\replica_1\h_0p002\D_6_chi_72_energy_magnetization_correlation.txt
0.29,dimer-plaquette,6,-0.001,-0.4263800961918,True,"median within (D, branch, h)",40c5ca6bbaf496,D:\HyraiOn\ENS_Lyon\Internship\2026-EPFL\data\distinVBCsSmallH\Results_Izar_replica1\J2_0.29\D_6\orientation_2\dimer-plaquette\replica_1\h_0p001\D_6_chi_72_energy_magnetization_correlation.txt
0.29,dimer-plaquette,6,0.0,-0.4261384302902,True,"median within (D, branch, h)",88b4e84e7906f8,D:\HyraiOn\ENS_Lyon\Internship\2026-EPFL\data\distinVBCsSmallH\Results_Izar_replica1\J2_0.29\D_6\orientation_2\dimer-plaquette\replica_1\h_0\D_6_chi_72_energy_magnetization_correlation.txt
0.29,plaquette,6,0.001,-0.4259670984456,True,"median within (D, branch, h)",01967f43cc3c9a,D:\HyraiOn\ENS_Lyon\Internship\2026-EPFL\data\distinVBCsSmallH\Results_Izar_replica1\J2_0.29\D_6\orientation_2\plaquette\replica_1\h_0p001\D_6_chi_72_energy_magnetization_correlation.txt
0.29,plaquette,6,0.002,-0.426204088898,True,"median within (D, branch, h)",5d6ae778a9864e,D:\HyraiOn\ENS_Lyon\Internship\2026-EPFL\data\distinVBCsSmallH\Results_Izar_replica1\J2_0.29\D_6\orientation_2\plaquette\replica_1\h_0p002\D_6_chi_72_energy_magnetization_correlation.txt
0.29,plaquette,6,0.003,-0.4264552834018,True,"median within (D, branch, h)",0726486241ef5e,D:\HyraiOn\ENS_Lyon\Internship\2026-EPFL\data\distinVBCsSmallH\Results_Izar_replica1\J2_0.29\D_6\orientation_2\plaquette\replica_1\h_0p003\D_6_chi_72_energy_magnetization_correlation.txt
0.29,plaquette,6,0.005,-0.4269858031349,True,"median within (D, branch, h)",6acba39116ccb1,D:\HyraiOn\ENS_Lyon\Internship\2026-EPFL\data\distinVBCs\Results_Izar_replica1\J2_0.29\D_6\orientation_2\plaquette\replica_1\h_0p005\D_6_chi_72_energy_magnetization_correlation.txt
0.29,plaquette,6,0.01,-0.4286767497043,True,"median within (D, branch, h)",e556bcfa20c42d,D:\HyraiOn\ENS_Lyon\Internship\2026-EPFL\data\distinVBCsJ2Continuation\LastIzar\Results_LastIzar\task_pin_D6_h0p01_adam\J2_0p29\h_0p01\D_6_chi_72_energy_magnetization_correlation.txt
0.29,plaquette,6,0.01,-0.4284287116909,True,"median within (D, branch, h)",e046ecb91d13e4,D:\HyraiOn\ENS_Lyon\Internship\2026-EPFL\data\distinVBCs\Results_Izar_replica1\J2_0.29\D_6\orientation_2\plaquette\replica_1\h_0p01\D_6_chi_72_energy_magnetization_correlation.txt
0.29,plaquette,6,0.02,-0.4318478654509,True,"median within (D, branch, h)",42bc06d12ec14b,D:\HyraiOn\ENS_Lyon\Internship\2026-EPFL\data\distinVBCsJ2Continuation\LastIzar\Results_LastIzar\task_pin_D6_h0p02_adam\J2_0p29\h_0p02\D_6_chi_72_energy_magnetization_correlation.txt
0.29,plaquette,6,0.02,-0.4316212838606,True,"median within (D, branch, h)",12ac7afcdf86be,D:\HyraiOn\ENS_Lyon\Internship\2026-EPFL\data\distinVBCs\Results_Izar_replica1\J2_0.29\D_6\orientation_2\plaquette\replica_1\h_0p02\D_6_chi_72_energy_magnetization_correlation.txt
0.29,plaquette,6,0.03,-0.4352900291626,True,"median within (D, branch, h)",9ad5d3acfe8309,D:\HyraiOn\ENS_Lyon\Internship\2026-EPFL\data\distinVBCsJ2Continuation\LastIzar\Results_LastIzar\task_pin_D6_h0p03_lbfgs\J2_0p29\h_0p03\D_6_chi_72_energy_magnetization_correlation.txt
0.29,plaquette,6,0.03,-0.4352038868447,True,"median within (D, branch, h)",3482d465d57300,D:\HyraiOn\ENS_Lyon\Internship\2026-EPFL\data\distinVBCsJ2Continuation\LastIzar\Results_LastIzar\task_pin_D6_h0p03_adam\J2_0p29\h_0p03\D_6_chi_72_energy_magnetization_correlation.txt
0.29,plaquette,6,0.04,-0.4387898129619,True,"median within (D, branch, h)",6b8a3a6f961965,D:\HyraiOn\ENS_Lyon\Internship\2026-EPFL\data\distinVBCs\Results_Izar_replica1\J2_0.29\D_6\orientation_2\plaquette\replica_1\h_0p04\D_6_chi_72_energy_magnetization_correlation.txt
0.29,plaquette,6,0.08,-0.4549330410497,True,"median within (D, branch, h)",0155e22dc9716a,D:\HyraiOn\ENS_Lyon\Internship\2026-EPFL\data\distinVBCs\Results_Izar_replica1\J2_0.29\D_6\orientation_2\plaquette\replica_1\h_0p08\D_6_chi_72_energy_magnetization_correlation.txt
0.29,dimer-plaquette,7,-0.08,-0.4598637704342,True,"median within (D, branch, h)",46073bae3821ca,D:\HyraiOn\ENS_Lyon\Internship\2026-EPFL\data\distinVBCs\Results_Izar_replica1\J2_0.29\D_7\orientation_0\dimer-plaquette\replica_1\h_0p08\D_7_chi_91_energy_magnetization_correlation.txt
0.29,dimer-plaquette,7,-0.04,-0.4402336864389,True,"median within (D, branch, h)",86d6198e4c3d08,D:\HyraiOn\ENS_Lyon\Internship\2026-EPFL\data\distinVBCs\Results_Izar_replica1\J2_0.29\D_7\orientation_0\dimer-plaquette\replica_1\h_0p04\D_7_chi_91_energy_magnetization_correlation.txt
0.29,dimer-plaquette,7,-0.02,-0.4323920831913,True,"median within (D, branch, h)",a4fd208a8c4461,D:\HyraiOn\ENS_Lyon\Internship\2026-EPFL\data\distinVBCs\Results_Izar_replica1\J2_0.29\D_7\orientation_0\dimer-plaquette\replica_1\h_0p02\D_7_chi_91_energy_magnetization_correlation.txt
0.29,dimer-plaquette,7,-0.01,-0.4291393664862,True,"median within (D, branch, h)",5f372523d4938b,D:\HyraiOn\ENS_Lyon\Internship\2026-EPFL\data\distinVBCs\Results_Izar_replica1\J2_0.29\D_7\orientation_0\dimer-plaquette\replica_1\h_0p01\D_7_chi_91_energy_magnetization_correlation.txt
0.29,dimer-plaquette,7,-0.005,-0.4277164410079,True,"median within (D, branch, h)",9e25bae7f0b760,D:\HyraiOn\ENS_Lyon\Internship\2026-EPFL\data\distinVBCs\Results_Izar_replica1\J2_0.29\D_7\orientation_0\dimer-plaquette\replica_1\h_0p005\D_7_chi_91_energy_magnetization_correlation.txt
0.29,dimer-plaquette,7,-0.003,-0.4271903500854,True,"median within (D, branch, h)",382d614bc3e719,D:\HyraiOn\ENS_Lyon\Internship\2026-EPFL\data\distinVBCsSmallH\Results_Izar_replica1\J2_0.29\D_7\orientation_0\dimer-plaquette\replica_1\h_0p003\D_7_chi_91_energy_magnetization_correlation.txt
0.29,dimer-plaquette,7,-0.002,-0.4269372444156,True,"median within (D, branch, h)",a355de72f1cbd0,D:\HyraiOn\ENS_Lyon\Internship\2026-EPFL\data\distinVBCsSmallH\Results_Izar_replica1\J2_0.29\D_7\orientation_0\dimer-plaquette\replica_1\h_0p002\D_7_chi_91_energy_magnetization_correlation.txt
0.29,dimer-plaquette,7,-0.001,-0.4266909410579,True,"median within (D, branch, h)",b247cd1cb346bc,D:\HyraiOn\ENS_Lyon\Internship\2026-EPFL\data\distinVBCsSmallH\Results_Izar_replica1\J2_0.29\D_7\orientation_0\dimer-plaquette\replica_1\h_0p001\D_7_chi_91_energy_magnetization_correlation.txt
0.29,dimer-plaquette,7,0.0,-0.4264519911067,True,"median within (D, branch, h)",6c7016b3f62fea,D:\HyraiOn\ENS_Lyon\Internship\2026-EPFL\data\distinVBCsJ2Continuation\Results_Izar_J2_sequences\s002_J2_0p3_D_7_dimer-plaquette\left\insurance_1\J2_0p29\D_7_chi_91_energy_magnetization_correlation.txt
0.29,dimer-plaquette,7,0.0,-0.4264519643028,True,"median within (D, branch, h)",8ce4df77d00b42,D:\HyraiOn\ENS_Lyon\Internship\2026-EPFL\data\distinVBCsJ2Continuation\Results_Izar_J2_sequences\s002_J2_0p3_D_7_dimer-plaquette\left\insurance_2\J2_0p29\D_7_chi_91_energy_magnetization_correlation.txt
0.29,dimer-plaquette,7,0.0,-0.4264517654917,True,"median within (D, branch, h)",996369e106a167,D:\HyraiOn\ENS_Lyon\Internship\2026-EPFL\data\distinVBCsSmallH\Results_Izar_replica1\J2_0.29\D_7\orientation_0\dimer-plaquette\replica_1\h_0\D_7_chi_91_energy_magnetization_correlation.txt
0.29,plaquette,7,0.0,-0.4265707762296,True,"median within (D, branch, h)",6ffc81395a8fae,D:\HyraiOn\ENS_Lyon\Internship\2026-EPFL\data\distinVBCsJ2Continuation\Results_Izar_J2_sequences\s001_J2_0p28_D_7_plaquette\right\insurance_2\J2_0p29\D_7_chi_91_energy_magnetization_correlation.txt
0.29,plaquette,7,0.0,-0.4265706897232,True,"median within (D, branch, h)",263240998a958c,D:\HyraiOn\ENS_Lyon\Internship\2026-EPFL\data\distinVBCsJ2Continuation\Results_Izar_J2_sequences\s001_J2_0p28_D_7_plaquette\right\insurance_1\J2_0p29\D_7_chi_91_energy_magnetization_correlation.txt
0.29,plaquette,7,0.0,-0.426405879585,True,"median within (D, branch, h)",a3ba02d78c0040,D:\HyraiOn\ENS_Lyon\Internship\2026-EPFL\data\distinVBCsSmallH\Results_Izar_replica1\J2_0.29\D_7\orientation_0\plaquette\replica_1\h_0\D_7_chi_91_energy_magnetization_correlation.txt
0.29,plaquette,7,0.001,-0.4266390631206,True,"median within (D, branch, h)",7fc29b7c167217,D:\HyraiOn\ENS_Lyon\Internship\2026-EPFL\data\distinVBCsSmallH\Results_Izar_replica1\J2_0.29\D_7\orientation_0\plaquette\replica_1\h_0p001\D_7_chi_91_energy_magnetization_correlation.txt
0.29,plaquette,7,0.002,-0.4268770149163,True,"median within (D, branch, h)",42709959d2f538,D:\HyraiOn\ENS_Lyon\Internship\2026-EPFL\data\distinVBCsSmallH\Results_Izar_replica1\J2_0.29\D_7\orientation_0\plaquette\replica_1\h_0p002\D_7_chi_91_energy_magnetization_correlation.txt
0.29,plaquette,7,0.003,-0.4271239464505,True,"median within (D, branch, h)",8d188f3489aeca,D:\HyraiOn\ENS_Lyon\Internship\2026-EPFL\data\distinVBCsSmallH\Results_Izar_replica1\J2_0.29\D_7\orientation_0\plaquette\replica_1\h_0p003\D_7_chi_91_energy_magnetization_correlation.txt
0.29,plaquette,7,0.005,-0.4276386748208,True,"median within (D, branch, h)",1c18e1f5b99727,D:\HyraiOn\ENS_Lyon\Internship\2026-EPFL\data\distinVBCs\Results_Izar_replica1\J2_0.29\D_7\orientation_0\plaquette\replica_1\h_0p005\D_7_chi_91_energy_magnetization_correlation.txt
0.29,plaquette,7,0.01,-0.4290057943454,True,"median within (D, branch, h)",3e875061c1957d,D:\HyraiOn\ENS_Lyon\Internship\2026-EPFL\data\distinVBCs\Results_Izar_replica1\J2_0.29\D_7\orientation_0\plaquette\replica_1\h_0p01\D_7_chi_91_energy_magnetization_correlation.txt
0.29,plaquette,7,0.02,-0.4321237074579,True,"median within (D, branch, h)",fffb08b3622f94,D:\HyraiOn\ENS_Lyon\Internship\2026-EPFL\data\distinVBCs\Results_Izar_replica1\J2_0.29\D_7\orientation_0\plaquette\replica_1\h_0p02\D_7_chi_91_energy_magnetization_correlation.txt
0.29,plaquette,7,0.04,-0.4391813970912,True,"median within (D, branch, h)",abc91d5832ff6c,D:\HyraiOn\ENS_Lyon\Internship\2026-EPFL\data\distinVBCs\Results_Izar_replica1\J2_0.29\D_7\orientation_0\plaquette\replica_1\h_0p04\D_7_chi_91_energy_magnetization_correlation.txt
0.29,plaquette,7,0.08,-0.4552562649799,True,"median within (D, branch, h)",4215a1502a2313,D:\HyraiOn\ENS_Lyon\Internship\2026-EPFL\data\distinVBCs\Results_Izar_replica1\J2_0.29\D_7\orientation_0\plaquette\replica_1\h_0p08\D_7_chi_91_energy_magnetization_correlation.txt
0.29,dimer-plaquette,8,-0.08,-0.4598213892194,True,"median within (D, branch, h)",47129bcd99ff7a,D:\HyraiOn\ENS_Lyon\Internship\2026-EPFL\6-AD-CTMRG\models\VBCPinningClusterBundle\Results_VBC_branches\J2_0.29\D_8\orientation_2\dimer-plaquette\replica_1\h_0p08\D_8_chi_104_energy_magnetization_correlation.txt
0.29,dimer-plaquette,8,-0.08,-0.4598158538202,True,"median within (D, branch, h)",57ac62f3000a55,D:\HyraiOn\ENS_Lyon\Internship\2026-EPFL\data\distinVBCs\Results_Izar_replica1\J2_0.29\D_8\orientation_2\dimer-plaquette\replica_1\h_0p08\D_8_chi_104_energy_magnetization_correlation.txt
0.29,dimer-plaquette,8,-0.04,-0.4401324568144,True,"median within (D, branch, h)",e223f4f38277bc,D:\HyraiOn\ENS_Lyon\Internship\2026-EPFL\6-AD-CTMRG\models\VBCPinningClusterBundle\Results_VBC_branches\J2_0.29\D_8\orientation_2\dimer-plaquette\replica_1\h_0p04\D_8_chi_104_energy_magnetization_correlation.txt
0.29,dimer-plaquette,8,-0.04,-0.4401018423281,True,"median within (D, branch, h)",242c13b14838f1,D:\HyraiOn\ENS_Lyon\Internship\2026-EPFL\data\distinVBCs\Results_Izar_replica1\J2_0.29\D_8\orientation_2\dimer-plaquette\replica_1\h_0p04\D_8_chi_104_energy_magnetization_correlation.txt
0.29,dimer-plaquette,8,-0.02,-0.432499278446,True,"median within (D, branch, h)",96fd790ffc1ed0,D:\HyraiOn\ENS_Lyon\Internship\2026-EPFL\6-AD-CTMRG\models\VBCPinningClusterBundle\Results_VBC_branches\J2_0.29\D_8\orientation_2\dimer-plaquette\replica_2\h_0p02\D_8_chi_104_energy_magnetization_correlation.txt
0.29,dimer-plaquette,8,-0.02,-0.4322137218558,True,"median within (D, branch, h)",6ac8c9e0b9e917,D:\HyraiOn\ENS_Lyon\Internship\2026-EPFL\6-AD-CTMRG\models\VBCPinningClusterBundle\Results_VBC_branches\J2_0.29\D_8\orientation_2\dimer-plaquette\replica_1\h_0p02\D_8_chi_104_energy_magnetization_correlation.txt
0.29,dimer-plaquette,8,-0.02,-0.4321826661032,True,"median within (D, branch, h)",22f65bed07b7e2,D:\HyraiOn\ENS_Lyon\Internship\2026-EPFL\data\distinVBCs\Results_Izar_replica1\J2_0.29\D_8\orientation_2\dimer-plaquette\replica_1\h_0p02\D_8_chi_104_energy_magnetization_correlation.txt
0.29,dimer-plaquette,8,-0.01,-0.4289713129805,True,"median within (D, branch, h)",3e11d6fd9c1724,D:\HyraiOn\ENS_Lyon\Internship\2026-EPFL\data\distinVBCs\Results_Izar_replica1\J2_0.29\D_8\orientation_2\dimer-plaquette\replica_1\h_0p01\D_8_chi_104_energy_magnetization_correlation.txt
0.29,dimer-plaquette,8,-0.005,-0.427578296712,True,"median within (D, branch, h)",3482e2999d310b,D:\HyraiOn\ENS_Lyon\Internship\2026-EPFL\data\distinVBCsSmallH\Results_Izar_replica1\J2_0.29\D_8\orientation_2\dimer-plaquette\replica_1\h_0p005\D_8_chi_104_energy_magnetization_correlation.txt
0.29,dimer-plaquette,8,-0.003,-0.4270597866211,True,"median within (D, branch, h)",7055424a583e96,D:\HyraiOn\ENS_Lyon\Internship\2026-EPFL\data\distinVBCsSmallH\Results_Izar_replica1\J2_0.29\D_8\orientation_2\dimer-plaquette\replica_1\h_0p003\D_8_chi_104_energy_magnetization_correlation.txt
0.29,dimer-plaquette,8,-0.002,-0.4268634389196,True,"median within (D, branch, h)",be5659c945ee1b,D:\HyraiOn\ENS_Lyon\Internship\2026-EPFL\data\distinVBCsSmallH\Results_Izar_replica1\J2_0.29\D_8\orientation_2\dimer-plaquette\replica_1\h_0p002\D_8_chi_104_energy_magnetization_correlation.txt
0.29,dimer-plaquette,8,0.0,-0.4267738830989,True,"median within (D, branch, h)",086328e11cbb8d,D:\HyraiOn\ENS_Lyon\Internship\2026-EPFL\data\distinVBCsJ2Continuation\Results_Izar_J2_sequences\s004_J2_0p3_D_8_dimer-plaquette\left\insurance_1\J2_0p29\D_8_chi_104_energy_magnetization_correlation.txt
0.29,dimer-plaquette,8,0.0,-0.4267738356416,True,"median within (D, branch, h)",3360020287fd38,D:\HyraiOn\ENS_Lyon\Internship\2026-EPFL\data\distinVBCsJ2Continuation\Results_Izar_J2_sequences\s004_J2_0p3_D_8_dimer-plaquette\left\insurance_2\J2_0p29\D_8_chi_104_energy_magnetization_correlation.txt
0.29,plaquette,8,0.0,-0.4268665487844,True,"median within (D, branch, h)",2063528e51e0e3,D:\HyraiOn\ENS_Lyon\Internship\2026-EPFL\data\distinVBCs\Results_Izar_replica1\J2_0.29\D_8\orientation_2\plaquette\replica_1\h_0p0\D_8_chi_104_energy_magnetization_correlation.txt
0.29,plaquette,8,0.0,-0.4268662207217,True,"median within (D, branch, h)",bb53472c684594,D:\HyraiOn\ENS_Lyon\Internship\2026-EPFL\data\distinVBCsSmallH\Results_Izar_replica1\J2_0.29\D_8\orientation_2\plaquette\replica_1\h_0\D_8_chi_104_energy_magnetization_correlation.txt
0.29,plaquette,8,0.0,-0.4268656015277,True,"median within (D, branch, h)",502721bbebf43e,D:\HyraiOn\ENS_Lyon\Internship\2026-EPFL\data\distinVBCsJ2Continuation\Results_Izar_J2_sequences\s003_J2_0p28_D_8_plaquette\right\insurance_1\J2_0p29\D_8_chi_104_energy_magnetization_correlation.txt
0.29,plaquette,8,0.0,-0.4268653393888,True,"median within (D, branch, h)",2f17510a5a5e79,D:\HyraiOn\ENS_Lyon\Internship\2026-EPFL\data\distinVBCsJ2Continuation\Results_Izar_J2_sequences\s003_J2_0p28_D_8_plaquette\right\insurance_2\J2_0p29\D_8_chi_104_energy_magnetization_correlation.txt
0.29,plaquette,8,0.001,-0.4270685654429,True,"median within (D, branch, h)",3dfeeb28034751,D:\HyraiOn\ENS_Lyon\Internship\2026-EPFL\data\distinVBCsSmallH\Results_Izar_replica1\J2_0.29\D_8\orientation_2\plaquette\replica_1\h_0p001\D_8_chi_104_energy_magnetization_correlation.txt
0.29,plaquette,8,0.002,-0.4272911549842,True,"median within (D, branch, h)",701ac69851cc5a,D:\HyraiOn\ENS_Lyon\Internship\2026-EPFL\data\distinVBCsSmallH\Results_Izar_replica1\J2_0.29\D_8\orientation_2\plaquette\replica_1\h_0p002\D_8_chi_104_energy_magnetization_correlation.txt
0.29,plaquette,8,0.003,-0.4275228944643,True,"median within (D, branch, h)",1e479590dba56a,D:\HyraiOn\ENS_Lyon\Internship\2026-EPFL\data\distinVBCsSmallH\Results_Izar_replica1\J2_0.29\D_8\orientation_2\plaquette\replica_1\h_0p003\D_8_chi_104_energy_magnetization_correlation.txt
0.29,plaquette,8,0.005,-0.4280118045436,True,"median within (D, branch, h)",5d2b0bf9e4f966,D:\HyraiOn\ENS_Lyon\Internship\2026-EPFL\data\distinVBCs\Results_Izar_replica1\J2_0.29\D_8\orientation_2\plaquette\replica_1\h_0p005\D_8_chi_104_energy_magnetization_correlation.txt
0.29,plaquette,8,0.01,-0.4293499838756,True,"median within (D, branch, h)",b7c628d5325b3b,D:\HyraiOn\ENS_Lyon\Internship\2026-EPFL\6-AD-CTMRG\models\VBCPinningClusterBundle\Results_VBC_branches\J2_0.29\D_8\orientation_2\plaquette\replica_1\h_0p01\D_8_chi_104_energy_magnetization_correlation.txt
0.29,plaquette,8,0.01,-0.4293492337007,True,"median within (D, branch, h)",b5d48db8c93752,D:\HyraiOn\ENS_Lyon\Internship\2026-EPFL\data\distinVBCs\Results_Izar_replica1\J2_0.29\D_8\orientation_2\plaquette\replica_1\h_0p01\D_8_chi_104_energy_magnetization_correlation.txt
0.29,plaquette,8,0.02,-0.4324006991224,True,"median within (D, branch, h)",579797f4185f93,D:\HyraiOn\ENS_Lyon\Internship\2026-EPFL\6-AD-CTMRG\models\VBCPinningClusterBundle\Results_VBC_branches\J2_0.29\D_8\orientation_2\plaquette\replica_1\h_0p02\D_8_chi_104_energy_magnetization_correlation.txt
0.29,plaquette,8,0.02,-0.4323978543144,True,"median within (D, branch, h)",f549f3331c74b4,D:\HyraiOn\ENS_Lyon\Internship\2026-EPFL\data\distinVBCs\Results_Izar_replica1\J2_0.29\D_8\orientation_2\plaquette\replica_1\h_0p02\D_8_chi_104_energy_magnetization_correlation.txt
0.29,plaquette,8,0.04,-0.4394110745314,True,"median within (D, branch, h)",bae41e4c96eb87,D:\HyraiOn\ENS_Lyon\Internship\2026-EPFL\6-AD-CTMRG\models\VBCPinningClusterBundle\Results_VBC_branches\J2_0.29\D_8\orientation_2\plaquette\replica_1\h_0p04\D_8_chi_104_energy_magnetization_correlation.txt
0.29,plaquette,8,0.04,-0.4394090982551,True,"median within (D, branch, h)",c6a63a6c8aae12,D:\HyraiOn\ENS_Lyon\Internship\2026-EPFL\data\distinVBCs\Results_Izar_replica1\J2_0.29\D_8\orientation_2\plaquette\replica_1\h_0p04\D_8_chi_104_energy_magnetization_correlation.txt
0.29,plaquette,8,0.08,-0.4554309679102,True,"median within (D, branch, h)",403aabea7c62b3,D:\HyraiOn\ENS_Lyon\Internship\2026-EPFL\6-AD-CTMRG\models\VBCPinningClusterBundle\Results_VBC_branches\J2_0.29\D_8\orientation_2\plaquette\replica_1\h_0p08\D_8_chi_104_energy_magnetization_correlation.txt
0.29,plaquette,8,0.08,-0.4554301181131,True,"median within (D, branch, h)",9c84fe39344696,D:\HyraiOn\ENS_Lyon\Internship\2026-EPFL\data\distinVBCs\Results_Izar_replica1\J2_0.29\D_8\orientation_2\plaquette\replica_1\h_0p08\D_8_chi_104_energy_magnetization_correlation.txt
0.29,dimer-plaquette,9,-0.08,-0.4598977614499,True,"median within (D, branch, h)",e8582f2c899dff,D:\HyraiOn\ENS_Lyon\Internship\2026-EPFL\data\distinVBCs\Results_Izar_replica1\J2_0.29\D_9\orientation_1\dimer-plaquette\replica_1\h_0p08\D_9_chi_108_energy_magnetization_correlation.txt
0.29,dimer-plaquette,9,-0.04,-0.4403235693931,True,"median within (D, branch, h)",5c4259f74c4b78,D:\HyraiOn\ENS_Lyon\Internship\2026-EPFL\data\distinVBCs\Results_Izar_replica1\J2_0.29\D_9\orientation_1\dimer-plaquette\replica_1\h_0p04\D_9_chi_108_energy_magnetization_correlation.txt
0.29,dimer-plaquette,9,-0.02,-0.4325601757686,True,"median within (D, branch, h)",837c9a16cb8c00,D:\HyraiOn\ENS_Lyon\Internship\2026-EPFL\data\distinVBCs\Results_Izar_replica1\J2_0.29\D_9\orientation_1\dimer-plaquette\replica_1\h_0p02\D_9_chi_108_energy_magnetization_correlation.txt
0.29,dimer-plaquette,9,-0.02,-0.4322691125906,True,"median within (D, branch, h)",e356d87244cbd7,D:\HyraiOn\ENS_Lyon\Internship\2026-EPFL\6-AD-CTMRG\models\VBCPinningClusterBundle\Results_VBC_branches\J2_0.29\D_9\orientation_1\dimer-plaquette\replica_2\h_0p02\D_9_chi_108_energy_magnetization_correlation.txt
0.29,dimer-plaquette,9,-0.01,-0.4294013872606,True,"median within (D, branch, h)",43202a25593e7d,D:\HyraiOn\ENS_Lyon\Internship\2026-EPFL\data\distinVBCs\Results_Izar_replica1\J2_0.29\D_9\orientation_1\dimer-plaquette\replica_1\h_0p01\D_9_chi_108_energy_magnetization_correlation.txt
0.29,dimer-plaquette,9,0.0,-0.4270575256146,True,"median within (D, branch, h)",d5a48639dc1946,D:\HyraiOn\ENS_Lyon\Internship\2026-EPFL\data\distinVBCsJ2Continuation\Results_Izar_J2_sequences\s101_J2_0p28_D_9_dimer-plaquette\right\insurance_2\J2_0p29\D_9_chi_108_energy_magnetization_correlation.txt
0.29,dimer-plaquette,9,0.0,-0.4270574780315,True,"median within (D, branch, h)",450197f5980ed0,D:\HyraiOn\ENS_Lyon\Internship\2026-EPFL\data\distinVBCsJ2Continuation\Results_Izar_J2_sequences\s101_J2_0p28_D_9_dimer-plaquette\right\insurance_1\J2_0p29\D_9_chi_108_energy_magnetization_correlation.txt
0.29,dimer-plaquette,9,0.0,-0.427055337826,True,"median within (D, branch, h)",8223b23493785e,D:\HyraiOn\ENS_Lyon\Internship\2026-EPFL\data\distinVBCsJ2Continuation\Results_Izar_J2_sequences\s102_J2_0p3_D_9_dimer-plaquette\left\insurance_2\J2_0p29\D_9_chi_108_energy_magnetization_correlation.txt
0.29,dimer-plaquette,9,0.0,-0.4270504337227,True,"median within (D, branch, h)",e858e1563c811d,D:\HyraiOn\ENS_Lyon\Internship\2026-EPFL\data\distinVBCs\Results_Izar_replica1\J2_0.29\D_9\orientation_1\dimer-plaquette\replica_1\h_0p0\D_9_chi_108_energy_magnetization_correlation.txt
0.29,dimer-plaquette,9,0.0,-0.4270457482149,True,"median within (D, branch, h)",74791d684f48a4,D:\HyraiOn\ENS_Lyon\Internship\2026-EPFL\data\distinVBCsJ2Continuation\Results_Izar_J2_sequences\s102_J2_0p3_D_9_dimer-plaquette\left\insurance_1\J2_0p29\D_9_chi_108_energy_magnetization_correlation.txt
0.29,dimer-plaquette,9,0.0,-0.4270005466084,True,"median within (D, branch, h)",8114878edec006,D:\HyraiOn\ENS_Lyon\Internship\2026-EPFL\data\distinVBCsJ2Continuation\Results_Izar_J2_sequences\s006_J2_0p33_D_9_dimer-plaquette\left\insurance_1\J2_0p29\D_9_chi_108_energy_magnetization_correlation.txt
0.29,dimer-plaquette,9,0.0,-0.4269999809559,True,"median within (D, branch, h)",882be52a516105,D:\HyraiOn\ENS_Lyon\Internship\2026-EPFL\data\distinVBCsJ2Continuation\Results_Izar_J2_sequences\s006_J2_0p33_D_9_dimer-plaquette\left\insurance_2\J2_0p29\D_9_chi_108_energy_magnetization_correlation.txt
0.29,plaquette,9,0.0,-0.4270670811143,True,"median within (D, branch, h)",10512cc8c99900,D:\HyraiOn\ENS_Lyon\Internship\2026-EPFL\data\distinVBCsJ2Continuation\Results_Izar_J2_sequences\s005_J2_0p3_D_9_plaquette\left\insurance_2\J2_0p29\D_9_chi_108_energy_magnetization_correlation.txt
0.29,plaquette,9,0.0,-0.4270614113048,True,"median within (D, branch, h)",f325e54c1661a9,D:\HyraiOn\ENS_Lyon\Internship\2026-EPFL\data\distinVBCsJ2Continuation\Results_Izar_J2_sequences\s005_J2_0p3_D_9_plaquette\left\insurance_1\J2_0p29\D_9_chi_108_energy_magnetization_correlation.txt
0.29,plaquette,9,0.0,-0.4270321934133,True,"median within (D, branch, h)",182771bad3b7d4,D:\HyraiOn\ENS_Lyon\Internship\2026-EPFL\data\distinVBCsJ2Continuation\Results_Izar_J2_sequences\s103_J2_0p31_D_9_plaquette\left\insurance_1\J2_0p29\D_9_chi_108_energy_magnetization_correlation.txt
0.29,plaquette,9,0.0,-0.4270280725398,True,"median within (D, branch, h)",b807d3891c6545,D:\HyraiOn\ENS_Lyon\Internship\2026-EPFL\data\distinVBCsJ2Continuation\Results_Izar_J2_sequences\s103_J2_0p31_D_9_plaquette\left\insurance_2\J2_0p29\D_9_chi_108_energy_magnetization_correlation.txt
0.29,plaquette,9,0.01,-0.4294335003323,True,"median within (D, branch, h)",a64e773d647e6d,D:\HyraiOn\ENS_Lyon\Internship\2026-EPFL\data\distinVBCs\Results_Izar_replica1\J2_0.29\D_9\orientation_1\plaquette\replica_1\h_0p01\D_9_chi_108_energy_magnetization_correlation.txt
0.29,plaquette,9,0.02,-0.4324520279832,True,"median within (D, branch, h)",d01647aaf928b0,D:\HyraiOn\ENS_Lyon\Internship\2026-EPFL\data\distinVBCs\Results_Izar_replica1\J2_0.29\D_9\orientation_1\plaquette\replica_1\h_0p02\D_9_chi_108_energy_magnetization_correlation.txt
0.29,plaquette,9,0.02,-0.432155663335,True,"median within (D, branch, h)",c8631594a17789,D:\HyraiOn\ENS_Lyon\Internship\2026-EPFL\6-AD-CTMRG\models\VBCPinningClusterBundle\Results_VBC_branches\J2_0.29\D_9\orientation_1\plaquette\replica_2\h_0p02\D_9_chi_108_energy_magnetization_correlation.txt
0.29,plaquette,9,0.04,-0.4394513834192,True,"median within (D, branch, h)",9b3d3364d729e2,D:\HyraiOn\ENS_Lyon\Internship\2026-EPFL\data\distinVBCs\Results_Izar_replica1\J2_0.29\D_9\orientation_1\plaquette\replica_1\h_0p04\D_9_chi_108_energy_magnetization_correlation.txt
0.29,plaquette,9,0.08,-0.455458242341,True,"median within (D, branch, h)",182d497c709c6c,D:\HyraiOn\ENS_Lyon\Internship\2026-EPFL\data\distinVBCs\Results_Izar_replica1\J2_0.29\D_9\orientation_1\plaquette\replica_1\h_0p08\D_9_chi_108_energy_magnetization_correlation.txt
0.3,dimer-plaquette,5,-0.08,-0.4576533013952,True,"median within (D, branch, h)",6556419933801e,D:\HyraiOn\ENS_Lyon\Internship\2026-EPFL\data\distinVBCs\Results_Kuma_replica1\J2_0.30\D_5\orientation_2\dimer-plaquette\replica_1\h_0p08\D_5_chi_50_energy_magnetization_correlation.txt
0.3,dimer-plaquette,5,-0.04,-0.437193406625,True,"median within (D, branch, h)",ee03f0a61093c4,D:\HyraiOn\ENS_Lyon\Internship\2026-EPFL\data\distinVBCs\Results_Kuma_replica1\J2_0.30\D_5\orientation_2\dimer-plaquette\replica_1\h_0p04\D_5_chi_50_energy_magnetization_correlation.txt
0.3,dimer-plaquette,5,-0.02,-0.4290889459131,True,"median within (D, branch, h)",668acabc0200b5,D:\HyraiOn\ENS_Lyon\Internship\2026-EPFL\data\distinVBCs\Results_Kuma_replica1\J2_0.30\D_5\orientation_2\dimer-plaquette\replica_1\h_0p02\D_5_chi_50_energy_magnetization_correlation.txt
0.3,dimer-plaquette,5,-0.01,-0.4256914625308,True,"median within (D, branch, h)",e878c99b7bc44d,D:\HyraiOn\ENS_Lyon\Internship\2026-EPFL\data\distinVBCs\Results_Kuma_replica1\J2_0.30\D_5\orientation_2\dimer-plaquette\replica_1\h_0p01\D_5_chi_50_energy_magnetization_correlation.txt
0.3,dimer-plaquette,5,0.0,-0.422858174187,True,"median within (D, branch, h)",6cb87ac6c90013,D:\HyraiOn\ENS_Lyon\Internship\2026-EPFL\data\distinVBCs\Results_Kuma_replica1\J2_0.30\D_5\orientation_2\dimer-plaquette\replica_1\h_0p0\D_5_chi_50_energy_magnetization_correlation.txt
0.3,plaquette,5,0.01,-0.425517157695,True,"median within (D, branch, h)",bd503a976c1f2b,D:\HyraiOn\ENS_Lyon\Internship\2026-EPFL\data\distinVBCs\Results_Kuma_replica1\J2_0.30\D_5\orientation_2\plaquette\replica_1\h_0p01\D_5_chi_50_energy_magnetization_correlation.txt
0.3,plaquette,5,0.01,-0.425511850281,True,"median within (D, branch, h)",474b51d1a5bf14,D:\HyraiOn\ENS_Lyon\Internship\2026-EPFL\data\distinVBCsJ2Continuation\LastIzar\Results_LastIzar\task_pin_D5_h0p01_adam\J2_0p30\h_0p01\D_5_chi_50_energy_magnetization_correlation.txt
0.3,plaquette,5,0.02,-0.4288060221526,True,"median within (D, branch, h)",228ae7c4228d91,D:\HyraiOn\ENS_Lyon\Internship\2026-EPFL\data\distinVBCs\Results_Kuma_replica1\J2_0.30\D_5\orientation_2\plaquette\replica_1\h_0p02\D_5_chi_50_energy_magnetization_correlation.txt
0.3,plaquette,5,0.02,-0.4288058949454,True,"median within (D, branch, h)",1c1e8a3a9872b8,D:\HyraiOn\ENS_Lyon\Internship\2026-EPFL\data\distinVBCsJ2Continuation\LastIzar\Results_LastIzar\task_pin_D5_h0p02_adam\J2_0p30\h_0p02\D_5_chi_50_energy_magnetization_correlation.txt
0.3,plaquette,5,0.03,-0.4323718598007,True,"median within (D, branch, h)",81f7edde9238c1,D:\HyraiOn\ENS_Lyon\Internship\2026-EPFL\data\distinVBCsJ2Continuation\LastIzar\Results_LastIzar\task_pin_D5_h0p03_adam\J2_0p30\h_0p03\D_5_chi_50_energy_magnetization_correlation.txt
0.3,plaquette,5,0.04,-0.4361051468043,True,"median within (D, branch, h)",2d4551c71138e2,D:\HyraiOn\ENS_Lyon\Internship\2026-EPFL\data\distinVBCs\Results_Kuma_replica1\J2_0.30\D_5\orientation_2\plaquette\replica_1\h_0p04\D_5_chi_50_energy_magnetization_correlation.txt
0.3,plaquette,5,0.08,-0.4524713121674,True,"median within (D, branch, h)",aedc64f83558e0,D:\HyraiOn\ENS_Lyon\Internship\2026-EPFL\data\distinVBCs\Results_Kuma_replica1\J2_0.30\D_5\orientation_2\plaquette\replica_1\h_0p08\D_5_chi_50_energy_magnetization_correlation.txt
0.3,dimer-plaquette,6,-0.08,-0.4584239646861,True,"median within (D, branch, h)",e03d67c9de8a58,D:\HyraiOn\ENS_Lyon\Internship\2026-EPFL\data\distinVBCs\Results_Kuma_replica1\J2_0.30\D_6\orientation_0\dimer-plaquette\replica_1\h_0p08\D_6_chi_72_energy_magnetization_correlation.txt
0.3,dimer-plaquette,6,-0.08,-0.4584232626441,True,"median within (D, branch, h)",acaf262524c2aa,D:\HyraiOn\ENS_Lyon\Internship\2026-EPFL\data\distinVBCs\Results_Izar_replica1\J2_0.30\D_6\orientation_0\dimer-plaquette\replica_1\h_0p08\D_6_chi_72_energy_magnetization_correlation.txt
0.3,dimer-plaquette,6,-0.04,-0.4382691172574,True,"median within (D, branch, h)",849150435121b5,D:\HyraiOn\ENS_Lyon\Internship\2026-EPFL\data\distinVBCs\Results_Kuma_replica1\J2_0.30\D_6\orientation_0\dimer-plaquette\replica_1\h_0p04\D_6_chi_72_energy_magnetization_correlation.txt
0.3,dimer-plaquette,6,-0.04,-0.4382690687916,True,"median within (D, branch, h)",6a7df11dd1a15c,D:\HyraiOn\ENS_Lyon\Internship\2026-EPFL\data\distinVBCs\Results_Izar_replica1\J2_0.30\D_6\orientation_0\dimer-plaquette\replica_1\h_0p04\D_6_chi_72_energy_magnetization_correlation.txt
0.3,dimer-plaquette,6,-0.02,-0.4301427706991,True,"median within (D, branch, h)",fa74fdc1fddcb5,D:\HyraiOn\ENS_Lyon\Internship\2026-EPFL\data\distinVBCs\Results_Kuma_replica1\J2_0.30\D_6\orientation_0\dimer-plaquette\replica_1\h_0p02\D_6_chi_72_energy_magnetization_correlation.txt
0.3,dimer-plaquette,6,-0.02,-0.4301422144825,True,"median within (D, branch, h)",b80dc8d4305b09,D:\HyraiOn\ENS_Lyon\Internship\2026-EPFL\data\distinVBCs\Results_Izar_replica1\J2_0.30\D_6\orientation_0\dimer-plaquette\replica_1\h_0p02\D_6_chi_72_energy_magnetization_correlation.txt
0.3,dimer-plaquette,6,-0.01,-0.4267402825938,True,"median within (D, branch, h)",e1e396c4a7d1da,D:\HyraiOn\ENS_Lyon\Internship\2026-EPFL\data\distinVBCs\Results_Kuma_replica1\J2_0.30\D_6\orientation_0\dimer-plaquette\replica_1\h_0p01\D_6_chi_72_energy_magnetization_correlation.txt
0.3,dimer-plaquette,6,-0.01,-0.4267400301988,True,"median within (D, branch, h)",2fd308e76002c9,D:\HyraiOn\ENS_Lyon\Internship\2026-EPFL\data\distinVBCs\Results_Izar_replica1\J2_0.30\D_6\orientation_0\dimer-plaquette\replica_1\h_0p01\D_6_chi_72_energy_magnetization_correlation.txt
0.3,dimer-plaquette,6,-0.005,-0.4252388929101,True,"median within (D, branch, h)",44de78dd3cdea5,D:\HyraiOn\ENS_Lyon\Internship\2026-EPFL\data\distinVBCs\Results_Izar_replica1\J2_0.30\D_6\orientation_0\dimer-plaquette\replica_1\h_0p005\D_6_chi_72_energy_magnetization_correlation.txt
0.3,dimer-plaquette,6,-0.003,-0.4246808124256,True,"median within (D, branch, h)",4a02004a3f1bde,D:\HyraiOn\ENS_Lyon\Internship\2026-EPFL\data\distinVBCsSmallH\Results_Izar_replica1\J2_0.30\D_6\orientation_0\dimer-plaquette\replica_1\h_0p003\D_6_chi_72_energy_magnetization_correlation.txt
0.3,dimer-plaquette,6,-0.002,-0.4244114678286,True,"median within (D, branch, h)",40f9136de40771,D:\HyraiOn\ENS_Lyon\Internship\2026-EPFL\data\distinVBCsSmallH\Results_Izar_replica1\J2_0.30\D_6\orientation_0\dimer-plaquette\replica_1\h_0p002\D_6_chi_72_energy_magnetization_correlation.txt
0.3,dimer-plaquette,6,-0.001,-0.4241489624615,True,"median within (D, branch, h)",1deedd23788a18,D:\HyraiOn\ENS_Lyon\Internship\2026-EPFL\data\distinVBCsSmallH\Results_Izar_replica1\J2_0.30\D_6\orientation_0\dimer-plaquette\replica_1\h_0p001\D_6_chi_72_energy_magnetization_correlation.txt
0.3,dimer-plaquette,6,0.0,-0.4238936032151,True,"median within (D, branch, h)",79bd7e9be0910e,D:\HyraiOn\ENS_Lyon\Internship\2026-EPFL\data\distinVBCsSmallH\Results_Izar_replica1\J2_0.30\D_6\orientation_0\dimer-plaquette\replica_1\h_0\D_6_chi_72_energy_magnetization_correlation.txt
0.3,dimer-plaquette,6,0.0,-0.4238934590345,True,"median within (D, branch, h)",d720307416ec77,D:\HyraiOn\ENS_Lyon\Internship\2026-EPFL\data\distinVBCs\Results_Kuma_replica1\J2_0.30\D_6\orientation_0\dimer-plaquette\replica_1\h_0p0\D_6_chi_72_energy_magnetization_correlation.txt
0.3,plaquette,6,0.002,-0.4242899596028,True,"median within (D, branch, h)",2e7d8c699e183b,D:\HyraiOn\ENS_Lyon\Internship\2026-EPFL\data\distinVBCsSmallH\Results_Izar_replica1\J2_0.30\D_6\orientation_0\plaquette\replica_1\h_0p002\D_6_chi_72_energy_magnetization_correlation.txt
0.3,plaquette,6,0.003,-0.4245436704068,True,"median within (D, branch, h)",6dfc543c2768f3,D:\HyraiOn\ENS_Lyon\Internship\2026-EPFL\data\distinVBCsSmallH\Results_Izar_replica1\J2_0.30\D_6\orientation_0\plaquette\replica_1\h_0p003\D_6_chi_72_energy_magnetization_correlation.txt
0.3,plaquette,6,0.005,-0.4250911805115,True,"median within (D, branch, h)",ad9c57ab83e3ba,D:\HyraiOn\ENS_Lyon\Internship\2026-EPFL\data\distinVBCs\Results_Izar_replica1\J2_0.30\D_6\orientation_0\plaquette\replica_1\h_0p005\D_6_chi_72_energy_magnetization_correlation.txt
0.3,plaquette,6,0.01,-0.4265745066623,True,"median within (D, branch, h)",bf3dfa7c599a3b,D:\HyraiOn\ENS_Lyon\Internship\2026-EPFL\data\distinVBCs\Results_Izar_replica1\J2_0.30\D_6\orientation_0\plaquette\replica_1\h_0p01\D_6_chi_72_energy_magnetization_correlation.txt
0.3,plaquette,6,0.01,-0.4265686605806,True,"median within (D, branch, h)",24e3498e1dc892,D:\HyraiOn\ENS_Lyon\Internship\2026-EPFL\data\distinVBCsJ2Continuation\LastIzar\Results_LastIzar\task_pin_D6_h0p01_lbfgs\J2_0p30\h_0p01\D_6_chi_72_energy_magnetization_correlation.txt
0.3,plaquette,6,0.01,-0.4265685360499,True,"median within (D, branch, h)",f64cc90bdad211,D:\HyraiOn\ENS_Lyon\Internship\2026-EPFL\data\distinVBCsJ2Continuation\LastIzar\Results_LastIzar\task_pin_D6_h0p01_adam\J2_0p30\h_0p01\D_6_chi_72_energy_magnetization_correlation.txt
0.3,plaquette,6,0.01,-0.4265537389795,True,"median within (D, branch, h)",7cee46a6fa31ba,D:\HyraiOn\ENS_Lyon\Internship\2026-EPFL\data\distinVBCs\Results_Kuma_replica1\J2_0.30\D_6\orientation_0\plaquette\replica_1\h_0p01\D_6_chi_72_energy_magnetization_correlation.txt
0.3,plaquette,6,0.02,-0.4298474953448,True,"median within (D, branch, h)",0bd24c497be5cb,D:\HyraiOn\ENS_Lyon\Internship\2026-EPFL\data\distinVBCsJ2Continuation\LastIzar\Results_LastIzar\task_pin_D6_h0p02_adam\J2_0p30\h_0p02\D_6_chi_72_energy_magnetization_correlation.txt
0.3,plaquette,6,0.02,-0.4298463668976,True,"median within (D, branch, h)",6894ee625fec24,D:\HyraiOn\ENS_Lyon\Internship\2026-EPFL\data\distinVBCs\Results_Izar_replica1\J2_0.30\D_6\orientation_0\plaquette\replica_1\h_0p02\D_6_chi_72_energy_magnetization_correlation.txt
0.3,plaquette,6,0.02,-0.4298304976126,True,"median within (D, branch, h)",50c44db9172b0a,D:\HyraiOn\ENS_Lyon\Internship\2026-EPFL\data\distinVBCs\Results_Kuma_replica1\J2_0.30\D_6\orientation_0\plaquette\replica_1\h_0p02\D_6_chi_72_energy_magnetization_correlation.txt
0.3,plaquette,6,0.03,-0.4333940983166,True,"median within (D, branch, h)",3fba918d35a84b,D:\HyraiOn\ENS_Lyon\Internship\2026-EPFL\data\distinVBCsJ2Continuation\LastIzar\Results_LastIzar\task_pin_D6_h0p03_adam\J2_0p30\h_0p03\D_6_chi_72_energy_magnetization_correlation.txt
0.3,plaquette,6,0.04,-0.4371617097381,True,"median within (D, branch, h)",425d2d6d05da08,D:\HyraiOn\ENS_Lyon\Internship\2026-EPFL\data\distinVBCs\Results_Izar_replica1\J2_0.30\D_6\orientation_0\plaquette\replica_1\h_0p04\D_6_chi_72_energy_magnetization_correlation.txt
0.3,plaquette,6,0.04,-0.4371569588384,True,"median within (D, branch, h)",b3c0b13c27e988,D:\HyraiOn\ENS_Lyon\Internship\2026-EPFL\data\distinVBCs\Results_Kuma_replica1\J2_0.30\D_6\orientation_0\plaquette\replica_1\h_0p04\D_6_chi_72_energy_magnetization_correlation.txt
0.3,plaquette,6,0.08,-0.4535294021065,True,"median within (D, branch, h)",30f25d8ea656d0,D:\HyraiOn\ENS_Lyon\Internship\2026-EPFL\data\distinVBCs\Results_Izar_replica1\J2_0.30\D_6\orientation_0\plaquette\replica_1\h_0p08\D_6_chi_72_energy_magnetization_correlation.txt
0.3,plaquette,6,0.08,-0.4532938009913,True,"median within (D, branch, h)",f95a84ff871175,D:\HyraiOn\ENS_Lyon\Internship\2026-EPFL\data\distinVBCs\Results_Kuma_replica1\J2_0.30\D_6\orientation_0\plaquette\replica_1\h_0p08\D_6_chi_72_energy_magnetization_correlation.txt
0.3,dimer-plaquette,7,-0.08,-0.4585553501189,True,"median within (D, branch, h)",e1f36b08b7421d,D:\HyraiOn\ENS_Lyon\Internship\2026-EPFL\data\distinVBCs\Results_Kuma_replica1\J2_0.30\D_7\orientation_0\dimer-plaquette\replica_1\h_0p08\D_7_chi_91_energy_magnetization_correlation.txt
0.3,dimer-plaquette,7,-0.08,-0.4585546336147,True,"median within (D, branch, h)",77ec09eee14c69,D:\HyraiOn\ENS_Lyon\Internship\2026-EPFL\data\distinVBCs\Results_Izar_replica1\J2_0.30\D_7\orientation_0\dimer-plaquette\replica_1\h_0p08\D_7_chi_91_energy_magnetization_correlation.txt
0.3,dimer-plaquette,7,-0.04,-0.4384932775553,True,"median within (D, branch, h)",5e730fd9df944b,D:\HyraiOn\ENS_Lyon\Internship\2026-EPFL\data\distinVBCs\Results_Izar_replica1\J2_0.30\D_7\orientation_0\dimer-plaquette\replica_1\h_0p04\D_7_chi_91_energy_magnetization_correlation.txt
0.3,dimer-plaquette,7,-0.04,-0.4384930406305,True,"median within (D, branch, h)",20d23316ff71f0,D:\HyraiOn\ENS_Lyon\Internship\2026-EPFL\data\distinVBCs\Results_Kuma_replica1\J2_0.30\D_7\orientation_0\dimer-plaquette\replica_1\h_0p04\D_7_chi_91_energy_magnetization_correlation.txt
0.3,dimer-plaquette,7,-0.02,-0.4304340617132,True,"median within (D, branch, h)",a1dd293b3f5182,D:\HyraiOn\ENS_Lyon\Internship\2026-EPFL\data\distinVBCs\Results_Izar_replica1\J2_0.30\D_7\orientation_0\dimer-plaquette\replica_1\h_0p02\D_7_chi_91_energy_magnetization_correlation.txt
0.3,dimer-plaquette,7,-0.02,-0.4304338332044,True,"median within (D, branch, h)",048d0850c44a49,D:\HyraiOn\ENS_Lyon\Internship\2026-EPFL\data\distinVBCs\Results_Kuma_replica1\J2_0.30\D_7\orientation_0\dimer-plaquette\replica_1\h_0p02\D_7_chi_91_energy_magnetization_correlation.txt
0.3,dimer-plaquette,7,-0.01,-0.4270723144155,True,"median within (D, branch, h)",f1a32355c69f96,D:\HyraiOn\ENS_Lyon\Internship\2026-EPFL\data\distinVBCs\Results_Izar_replica1\J2_0.30\D_7\orientation_0\dimer-plaquette\replica_1\h_0p01\D_7_chi_91_energy_magnetization_correlation.txt
0.3,dimer-plaquette,7,-0.01,-0.4270718215232,True,"median within (D, branch, h)",716e6e73d8b676,D:\HyraiOn\ENS_Lyon\Internship\2026-EPFL\data\distinVBCs\Results_Kuma_replica1\J2_0.30\D_7\orientation_0\dimer-plaquette\replica_1\h_0p01\D_7_chi_91_energy_magnetization_correlation.txt
0.3,dimer-plaquette,7,-0.005,-0.4255947613606,True,"median within (D, branch, h)",8a31ad52671110,D:\HyraiOn\ENS_Lyon\Internship\2026-EPFL\data\distinVBCs\Results_Izar_replica1\J2_0.30\D_7\orientation_0\dimer-plaquette\replica_1\h_0p005\D_7_chi_91_energy_magnetization_correlation.txt
0.3,dimer-plaquette,7,-0.003,-0.4250462978437,True,"median within (D, branch, h)",020d09ed4f8c58,D:\HyraiOn\ENS_Lyon\Internship\2026-EPFL\data\distinVBCsSmallH\Results_Izar_replica1\J2_0.30\D_7\orientation_0\dimer-plaquette\replica_1\h_0p003\D_7_chi_91_energy_magnetization_correlation.txt
0.3,dimer-plaquette,7,-0.002,-0.4247825567424,True,"median within (D, branch, h)",497c3acd3bd08a,D:\HyraiOn\ENS_Lyon\Internship\2026-EPFL\data\distinVBCsSmallH\Results_Izar_replica1\J2_0.30\D_7\orientation_0\dimer-plaquette\replica_1\h_0p002\D_7_chi_91_energy_magnetization_correlation.txt
0.3,dimer-plaquette,7,-0.001,-0.4245253845371,True,"median within (D, branch, h)",d4b0fea03510e1,D:\HyraiOn\ENS_Lyon\Internship\2026-EPFL\data\distinVBCsSmallH\Results_Izar_replica1\J2_0.30\D_7\orientation_0\dimer-plaquette\replica_1\h_0p001\D_7_chi_91_energy_magnetization_correlation.txt
0.3,dimer-plaquette,7,0.0,-0.4242753728965,True,"median within (D, branch, h)",e1963a33a159b9,D:\HyraiOn\ENS_Lyon\Internship\2026-EPFL\data\distinVBCs\Results_Kuma_replica1\J2_0.30\D_7\orientation_0\dimer-plaquette\replica_1\h_0p0\D_7_chi_91_energy_magnetization_correlation.txt
0.3,dimer-plaquette,7,0.0,-0.4242752341228,True,"median within (D, branch, h)",f53748f59f7070,D:\HyraiOn\ENS_Lyon\Internship\2026-EPFL\data\distinVBCsSmallH\Results_Izar_replica1\J2_0.30\D_7\orientation_0\dimer-plaquette\replica_1\h_0\D_7_chi_91_energy_magnetization_correlation.txt
0.3,plaquette,7,0.0,-0.4243625569489,True,"median within (D, branch, h)",4e2280cf1409da,D:\HyraiOn\ENS_Lyon\Internship\2026-EPFL\data\distinVBCsJ2Continuation\Results_Izar_J2_sequences\s001_J2_0p28_D_7_plaquette\right\insurance_2\J2_0p30\D_7_chi_91_energy_magnetization_correlation.txt
0.3,plaquette,7,0.0,-0.4243607588864,True,"median within (D, branch, h)",e5b06bb08cd6b5,D:\HyraiOn\ENS_Lyon\Internship\2026-EPFL\data\distinVBCsJ2Continuation\Results_Izar_J2_sequences\s001_J2_0p28_D_7_plaquette\right\insurance_1\J2_0p30\D_7_chi_91_energy_magnetization_correlation.txt
0.3,plaquette,7,0.0,-0.4242511679879,True,"median within (D, branch, h)",4980b8c8b8debf,D:\HyraiOn\ENS_Lyon\Internship\2026-EPFL\data\distinVBCsSmallH\Results_Izar_replica1\J2_0.30\D_7\orientation_0\plaquette\replica_1\h_0\D_7_chi_91_energy_magnetization_correlation.txt
0.3,plaquette,7,0.001,-0.4244940196439,True,"median within (D, branch, h)",4dce6753ad8c86,D:\HyraiOn\ENS_Lyon\Internship\2026-EPFL\data\distinVBCsSmallH\Results_Izar_replica1\J2_0.30\D_7\orientation_0\plaquette\replica_1\h_0p001\D_7_chi_91_energy_magnetization_correlation.txt
0.3,plaquette,7,0.002,-0.4247484145834,True,"median within (D, branch, h)",57c06c88b0dae0,D:\HyraiOn\ENS_Lyon\Internship\2026-EPFL\data\distinVBCsSmallH\Results_Izar_replica1\J2_0.30\D_7\orientation_0\plaquette\replica_1\h_0p002\D_7_chi_91_energy_magnetization_correlation.txt
0.3,plaquette,7,0.003,-0.4250113649055,True,"median within (D, branch, h)",db0db5f8c3f077,D:\HyraiOn\ENS_Lyon\Internship\2026-EPFL\data\distinVBCsSmallH\Results_Izar_replica1\J2_0.30\D_7\orientation_0\plaquette\replica_1\h_0p003\D_7_chi_91_energy_magnetization_correlation.txt
0.3,plaquette,7,0.005,-0.4255571128471,True,"median within (D, branch, h)",9a6881aa4d344e,D:\HyraiOn\ENS_Lyon\Internship\2026-EPFL\data\distinVBCs\Results_Izar_replica1\J2_0.30\D_7\orientation_0\plaquette\replica_1\h_0p005\D_7_chi_91_energy_magnetization_correlation.txt
0.3,plaquette,7,0.01,-0.4270064877277,True,"median within (D, branch, h)",a43088bd071777,D:\HyraiOn\ENS_Lyon\Internship\2026-EPFL\data\distinVBCs\Results_Kuma_replica1\J2_0.30\D_7\orientation_0\plaquette\replica_1\h_0p01\D_7_chi_91_energy_magnetization_correlation.txt
0.3,plaquette,7,0.01,-0.4269928478105,True,"median within (D, branch, h)",5f2a43d5c13d3a,D:\HyraiOn\ENS_Lyon\Internship\2026-EPFL\data\distinVBCs\Results_Izar_replica1\J2_0.30\D_7\orientation_0\plaquette\replica_1\h_0p01\D_7_chi_91_energy_magnetization_correlation.txt
0.3,plaquette,7,0.02,-0.4302397764655,True,"median within (D, branch, h)",e8b21f6929963a,D:\HyraiOn\ENS_Lyon\Internship\2026-EPFL\data\distinVBCs\Results_Kuma_replica1\J2_0.30\D_7\orientation_0\plaquette\replica_1\h_0p02\D_7_chi_91_energy_magnetization_correlation.txt
0.3,plaquette,7,0.02,-0.430226924981,True,"median within (D, branch, h)",e5f5cd5d33e9ea,D:\HyraiOn\ENS_Lyon\Internship\2026-EPFL\data\distinVBCs\Results_Izar_replica1\J2_0.30\D_7\orientation_0\plaquette\replica_1\h_0p02\D_7_chi_91_energy_magnetization_correlation.txt
0.3,plaquette,7,0.04,-0.4374943043943,True,"median within (D, branch, h)",7b8c13f25e7a8d,D:\HyraiOn\ENS_Lyon\Internship\2026-EPFL\data\distinVBCs\Results_Izar_replica1\J2_0.30\D_7\orientation_0\plaquette\replica_1\h_0p04\D_7_chi_91_energy_magnetization_correlation.txt
0.3,plaquette,7,0.04,-0.4374133307641,True,"median within (D, branch, h)",fa2099d6bc3b6c,D:\HyraiOn\ENS_Lyon\Internship\2026-EPFL\data\distinVBCs\Results_Kuma_replica1\J2_0.30\D_7\orientation_0\plaquette\replica_1\h_0p04\D_7_chi_91_energy_magnetization_correlation.txt
0.3,plaquette,7,0.08,-0.4537251689574,True,"median within (D, branch, h)",224eb8b23303d0,D:\HyraiOn\ENS_Lyon\Internship\2026-EPFL\data\distinVBCs\Results_Kuma_replica1\J2_0.30\D_7\orientation_0\plaquette\replica_1\h_0p08\D_7_chi_91_energy_magnetization_correlation.txt
0.3,plaquette,7,0.08,-0.4537069807709,True,"median within (D, branch, h)",6d16639c3a8268,D:\HyraiOn\ENS_Lyon\Internship\2026-EPFL\data\distinVBCs\Results_Izar_replica1\J2_0.30\D_7\orientation_0\plaquette\replica_1\h_0p08\D_7_chi_91_energy_magnetization_correlation.txt
0.3,dimer-plaquette,8,-0.08,-0.458603182785,True,"median within (D, branch, h)",dd24a5bf7b163a,D:\HyraiOn\ENS_Lyon\Internship\2026-EPFL\data\distinVBCs\Results_Izar_replica1\J2_0.30\D_8\orientation_2\dimer-plaquette\replica_1\h_0p08\D_8_chi_104_energy_magnetization_correlation.txt
0.3,dimer-plaquette,8,-0.08,-0.4586031806137,True,"median within (D, branch, h)",50c47463e7f0c2,D:\HyraiOn\ENS_Lyon\Internship\2026-EPFL\6-AD-CTMRG\models\VBCPinningClusterBundle\Results_VBC_branches\J2_0.30\D_8\orientation_2\dimer-plaquette\replica_1\h_0p08\D_8_chi_104_energy_magnetization_correlation.txt
0.3,dimer-plaquette,8,-0.08,-0.4586030799771,True,"median within (D, branch, h)",96c7d628b793c2,D:\HyraiOn\ENS_Lyon\Internship\2026-EPFL\data\distinVBCs\Results_Kuma_replica1\J2_0.30\D_8\orientation_2\dimer-plaquette\replica_1\h_0p08\D_8_chi_104_energy_magnetization_correlation.txt
0.3,dimer-plaquette,8,-0.04,-0.4385907330305,True,"median within (D, branch, h)",f80c88d373f29d,D:\HyraiOn\ENS_Lyon\Internship\2026-EPFL\data\distinVBCs\Results_Izar_replica1\J2_0.30\D_8\orientation_2\dimer-plaquette\replica_1\h_0p04\D_8_chi_104_energy_magnetization_correlation.txt
0.3,dimer-plaquette,8,-0.04,-0.4385881416135,True,"median within (D, branch, h)",06705dcfcfe6c4,D:\HyraiOn\ENS_Lyon\Internship\2026-EPFL\6-AD-CTMRG\models\VBCPinningClusterBundle\Results_VBC_branches\J2_0.30\D_8\orientation_2\dimer-plaquette\replica_1\h_0p04\D_8_chi_104_energy_magnetization_correlation.txt
0.3,dimer-plaquette,8,-0.04,-0.4385877622034,True,"median within (D, branch, h)",997848c43434e1,D:\HyraiOn\ENS_Lyon\Internship\2026-EPFL\data\distinVBCs\Results_Kuma_replica1\J2_0.30\D_8\orientation_2\dimer-plaquette\replica_1\h_0p04\D_8_chi_104_energy_magnetization_correlation.txt
0.3,dimer-plaquette,8,-0.04,-0.438343168372,True,"median within (D, branch, h)",a76e07f46117cd,D:\HyraiOn\ENS_Lyon\Internship\2026-EPFL\6-AD-CTMRG\models\VBCPinningClusterBundle\Results_VBC_branches\J2_0.30\D_8\orientation_2\dimer-plaquette\replica_2\h_0p04\D_8_chi_104_energy_magnetization_correlation.txt
0.3,dimer-plaquette,8,-0.02,-0.4305909250528,True,"median within (D, branch, h)",daebbd846bea58,D:\HyraiOn\ENS_Lyon\Internship\2026-EPFL\data\distinVBCs\Results_Izar_replica1\J2_0.30\D_8\orientation_2\dimer-plaquette\replica_1\h_0p02\D_8_chi_104_energy_magnetization_correlation.txt
0.3,dimer-plaquette,8,-0.02,-0.430589713712,True,"median within (D, branch, h)",32390606803eea,D:\HyraiOn\ENS_Lyon\Internship\2026-EPFL\6-AD-CTMRG\models\VBCPinningClusterBundle\Results_VBC_branches\J2_0.30\D_8\orientation_2\dimer-plaquette\replica_1\h_0p02\D_8_chi_104_energy_magnetization_correlation.txt
0.3,dimer-plaquette,8,-0.02,-0.430587771518,True,"median within (D, branch, h)",47c9da1f7a00f6,D:\HyraiOn\ENS_Lyon\Internship\2026-EPFL\data\distinVBCs\Results_Kuma_replica1\J2_0.30\D_8\orientation_2\dimer-plaquette\replica_1\h_0p02\D_8_chi_104_energy_magnetization_correlation.txt
0.3,dimer-plaquette,8,-0.02,-0.4305860945895,True,"median within (D, branch, h)",97c0f103b28d76,D:\HyraiOn\ENS_Lyon\Internship\2026-EPFL\6-AD-CTMRG\models\VBCPinningClusterBundle\Results_VBC_branches\J2_0.30\D_8\orientation_2\dimer-plaquette\replica_2\h_0p02\D_8_chi_104_energy_magnetization_correlation.txt
0.3,dimer-plaquette,8,-0.01,-0.4272848956976,True,"median within (D, branch, h)",098404d1bd49cc,D:\HyraiOn\ENS_Lyon\Internship\2026-EPFL\data\distinVBCs\Results_Izar_replica1\J2_0.30\D_8\orientation_2\dimer-plaquette\replica_1\h_0p01\D_8_chi_104_energy_magnetization_correlation.txt
0.3,dimer-plaquette,8,-0.01,-0.4272846209712,True,"median within (D, branch, h)",e42aab6da58911,D:\HyraiOn\ENS_Lyon\Internship\2026-EPFL\data\distinVBCs\Results_Kuma_replica1\J2_0.30\D_8\orientation_2\dimer-plaquette\replica_1\h_0p01\D_8_chi_104_energy_magnetization_correlation.txt
0.3,dimer-plaquette,8,-0.01,-0.4272833560757,True,"median within (D, branch, h)",d63cfc20ada2db,D:\HyraiOn\ENS_Lyon\Internship\2026-EPFL\6-AD-CTMRG\models\VBCPinningClusterBundle\Results_VBC_branches\J2_0.30\D_8\orientation_2\dimer-plaquette\replica_2\h_0p01\D_8_chi_104_energy_magnetization_correlation.txt
0.3,dimer-plaquette,8,-0.005,-0.425858214251,True,"median within (D, branch, h)",b93ad6f08627db,D:\HyraiOn\ENS_Lyon\Internship\2026-EPFL\data\distinVBCsSmallH\Results_Izar_replica1\J2_0.30\D_8\orientation_2\dimer-plaquette\replica_1\h_0p005\D_8_chi_104_energy_magnetization_correlation.txt
0.3,dimer-plaquette,8,-0.003,-0.425336937585,True,"median within (D, branch, h)",c78e9df728ed0c,D:\HyraiOn\ENS_Lyon\Internship\2026-EPFL\data\distinVBCsSmallH\Results_Izar_replica1\J2_0.30\D_8\orientation_2\dimer-plaquette\replica_1\h_0p003\D_8_chi_104_energy_magnetization_correlation.txt
0.3,dimer-plaquette,8,-0.002,-0.4250879908525,True,"median within (D, branch, h)",9b974d2d852633,D:\HyraiOn\ENS_Lyon\Internship\2026-EPFL\data\distinVBCsSmallH\Results_Izar_replica1\J2_0.30\D_8\orientation_2\dimer-plaquette\replica_1\h_0p002\D_8_chi_104_energy_magnetization_correlation.txt
0.3,dimer-plaquette,8,-0.001,-0.4248473846867,True,"median within (D, branch, h)",4ef9c96d964c01,D:\HyraiOn\ENS_Lyon\Internship\2026-EPFL\data\distinVBCsSmallH\Results_Izar_replica1\J2_0.30\D_8\orientation_2\dimer-plaquette\replica_1\h_0p001\D_8_chi_104_energy_magnetization_correlation.txt
0.3,dimer-plaquette,8,0.0,-0.424615552857,True,"median within (D, branch, h)",5b103b5558693c,D:\HyraiOn\ENS_Lyon\Internship\2026-EPFL\data\distinVBCsSmallH\Results_Izar_replica1\J2_0.30\D_8\orientation_2\dimer-plaquette\replica_1\h_0\D_8_chi_104_energy_magnetization_correlation.txt
0.3,dimer-plaquette,8,0.0,-0.4246139674826,True,"median within (D, branch, h)",46a754b39f59a3,D:\HyraiOn\ENS_Lyon\Internship\2026-EPFL\data\distinVBCs\Results_Kuma_replica1\J2_0.30\D_8\orientation_2\dimer-plaquette\replica_1\h_0p0\D_8_chi_104_energy_magnetization_correlation.txt
0.3,dimer-plaquette,8,0.0,-0.4246137433732,True,"median within (D, branch, h)",808cf816415657,D:\HyraiOn\ENS_Lyon\Internship\2026-EPFL\data\distinVBCs\Results_Izar_replica1\J2_0.30\D_8\orientation_2\dimer-plaquette\replica_1\h_0p0\D_8_chi_104_energy_magnetization_correlation.txt
0.3,plaquette,8,0.0,-0.4246812907167,True,"median within (D, branch, h)",1033baa7c01d44,D:\HyraiOn\ENS_Lyon\Internship\2026-EPFL\data\distinVBCsJ2Continuation\Results_Izar_J2_sequences\s003_J2_0p28_D_8_plaquette\right\insurance_1\J2_0p30\D_8_chi_104_energy_magnetization_correlation.txt
0.3,plaquette,8,0.0,-0.4246805363005,True,"median within (D, branch, h)",c71e06f6246a61,D:\HyraiOn\ENS_Lyon\Internship\2026-EPFL\data\distinVBCsJ2Continuation\Results_Izar_J2_sequences\s003_J2_0p28_D_8_plaquette\right\insurance_2\J2_0p30\D_8_chi_104_energy_magnetization_correlation.txt
0.3,plaquette,8,0.0,-0.4246494769689,True,"median within (D, branch, h)",a9f374e9b69a99,D:\HyraiOn\ENS_Lyon\Internship\2026-EPFL\data\distinVBCsSmallH\Results_Izar_replica1\J2_0.30\D_8\orientation_2\plaquette\replica_1\h_0\D_8_chi_104_energy_magnetization_correlation.txt
0.3,plaquette,8,0.001,-0.4248755380153,True,"median within (D, branch, h)",ab855486810540,D:\HyraiOn\ENS_Lyon\Internship\2026-EPFL\data\distinVBCsSmallH\Results_Izar_replica1\J2_0.30\D_8\orientation_2\plaquette\replica_1\h_0p001\D_8_chi_104_energy_magnetization_correlation.txt
0.3,plaquette,8,0.002,-0.4251137827954,True,"median within (D, branch, h)",98533d1d76adc5,D:\HyraiOn\ENS_Lyon\Internship\2026-EPFL\data\distinVBCsSmallH\Results_Izar_replica1\J2_0.30\D_8\orientation_2\plaquette\replica_1\h_0p002\D_8_chi_104_energy_magnetization_correlation.txt
0.3,plaquette,8,0.003,-0.4253600025829,True,"median within (D, branch, h)",c354a0724b6e9d,D:\HyraiOn\ENS_Lyon\Internship\2026-EPFL\data\distinVBCsSmallH\Results_Izar_replica1\J2_0.30\D_8\orientation_2\plaquette\replica_1\h_0p003\D_8_chi_104_energy_magnetization_correlation.txt
0.3,plaquette,8,0.005,-0.4258712454821,True,"median within (D, branch, h)",9112d1dfe91a2d,D:\HyraiOn\ENS_Lyon\Internship\2026-EPFL\data\distinVBCsSmallH\Results_Izar_replica1\J2_0.30\D_8\orientation_2\plaquette\replica_1\h_0p005\D_8_chi_104_energy_magnetization_correlation.txt
0.3,plaquette,8,0.01,-0.4272093673887,True,"median within (D, branch, h)",c8ff8ef37fa07c,D:\HyraiOn\ENS_Lyon\Internship\2026-EPFL\data\distinVBCs\Results_Izar_replica1\J2_0.30\D_8\orientation_2\plaquette\replica_1\h_0p01\D_8_chi_104_energy_magnetization_correlation.txt
0.3,plaquette,8,0.01,-0.4271705634688,True,"median within (D, branch, h)",0c6fd6ffe923c4,D:\HyraiOn\ENS_Lyon\Internship\2026-EPFL\data\distinVBCs\Results_Kuma_replica1\J2_0.30\D_8\orientation_2\plaquette\replica_1\h_0p01\D_8_chi_104_energy_magnetization_correlation.txt
0.3,plaquette,8,0.02,-0.4304380091501,True,"median within (D, branch, h)",c473959c42b1b0,D:\HyraiOn\ENS_Lyon\Internship\2026-EPFL\6-AD-CTMRG\models\VBCPinningClusterBundle\Results_VBC_branches\J2_0.30\D_8\orientation_2\plaquette\replica_2\h_0p02\D_8_chi_104_energy_magnetization_correlation.txt
0.3,plaquette,8,0.02,-0.4303673840148,True,"median within (D, branch, h)",29030a1480adce,D:\HyraiOn\ENS_Lyon\Internship\2026-EPFL\data\distinVBCs\Results_Izar_replica1\J2_0.30\D_8\orientation_2\plaquette\replica_1\h_0p02\D_8_chi_104_energy_magnetization_correlation.txt
0.3,plaquette,8,0.02,-0.4303658363642,True,"median within (D, branch, h)",222d5aefaa1060,D:\HyraiOn\ENS_Lyon\Internship\2026-EPFL\data\distinVBCs\Results_Kuma_replica1\J2_0.30\D_8\orientation_2\plaquette\replica_1\h_0p02\D_8_chi_104_energy_magnetization_correlation.txt
0.3,plaquette,8,0.04,-0.4376240713257,True,"median within (D, branch, h)",ef7fd116862553,D:\HyraiOn\ENS_Lyon\Internship\2026-EPFL\data\distinVBCs\Results_Izar_replica1\J2_0.30\D_8\orientation_2\plaquette\replica_1\h_0p04\D_8_chi_104_energy_magnetization_correlation.txt
0.3,plaquette,8,0.04,-0.4375977022477,True,"median within (D, branch, h)",f65bf18d6e6c29,D:\HyraiOn\ENS_Lyon\Internship\2026-EPFL\6-AD-CTMRG\models\VBCPinningClusterBundle\Results_VBC_branches\J2_0.30\D_8\orientation_2\plaquette\replica_1\h_0p04\D_8_chi_104_energy_magnetization_correlation.txt
0.3,plaquette,8,0.04,-0.4375951571203,True,"median within (D, branch, h)",debd7ffe4f4c3a,D:\HyraiOn\ENS_Lyon\Internship\2026-EPFL\data\distinVBCs\Results_Kuma_replica1\J2_0.30\D_8\orientation_2\plaquette\replica_1\h_0p04\D_8_chi_104_energy_magnetization_correlation.txt
0.3,plaquette,8,0.04,-0.4373248477419,True,"median within (D, branch, h)",fc8125d9f98a1b,D:\HyraiOn\ENS_Lyon\Internship\2026-EPFL\6-AD-CTMRG\models\VBCPinningClusterBundle\Results_VBC_branches\J2_0.30\D_8\orientation_2\plaquette\replica_2\h_0p04\D_8_chi_104_energy_magnetization_correlation.txt
0.3,plaquette,8,0.08,-0.4539124412229,True,"median within (D, branch, h)",06be5967c6b014,D:\HyraiOn\ENS_Lyon\Internship\2026-EPFL\data\distinVBCs\Results_Izar_replica1\J2_0.30\D_8\orientation_2\plaquette\replica_1\h_0p08\D_8_chi_104_energy_magnetization_correlation.txt
0.3,plaquette,8,0.08,-0.4538443265695,True,"median within (D, branch, h)",5d331c25463cf6,D:\HyraiOn\ENS_Lyon\Internship\2026-EPFL\6-AD-CTMRG\models\VBCPinningClusterBundle\Results_VBC_branches\J2_0.30\D_8\orientation_2\plaquette\replica_1\h_0p08\D_8_chi_104_energy_magnetization_correlation.txt
0.3,plaquette,8,0.08,-0.4538430345866,True,"median within (D, branch, h)",87dddc48ee004a,D:\HyraiOn\ENS_Lyon\Internship\2026-EPFL\data\distinVBCs\Results_Kuma_replica1\J2_0.30\D_8\orientation_2\plaquette\replica_1\h_0p08\D_8_chi_104_energy_magnetization_correlation.txt
0.3,dimer-plaquette,9,-0.08,-0.4586242975098,True,"median within (D, branch, h)",7120016dc81bc2,D:\HyraiOn\ENS_Lyon\Internship\2026-EPFL\data\distinVBCs\Results_Kuma_replica1\J2_0.30\D_9\orientation_0\dimer-plaquette\replica_1\h_0p08\D_9_chi_180_energy_magnetization_correlation.txt
0.3,dimer-plaquette,9,-0.08,-0.4585838845912,True,"median within (D, branch, h)",24265468c22ef3,D:\HyraiOn\ENS_Lyon\Internship\2026-EPFL\data\distinVBCs\Results_Izar_replica1\J2_0.30\D_9\orientation_0\dimer-plaquette\replica_1\h_0p08\D_9_chi_108_energy_magnetization_correlation.txt
0.3,dimer-plaquette,9,-0.04,-0.4386146978832,True,"median within (D, branch, h)",3b6afc607e7293,D:\HyraiOn\ENS_Lyon\Internship\2026-EPFL\data\distinVBCs\Results_Kuma_replica1\J2_0.30\D_9\orientation_0\dimer-plaquette\replica_1\h_0p04\D_9_chi_180_energy_magnetization_correlation.txt
0.3,dimer-plaquette,9,-0.04,-0.4386079905605,True,"median within (D, branch, h)",7210d6ebb34f10,D:\HyraiOn\ENS_Lyon\Internship\2026-EPFL\data\distinVBCs\Results_Izar_replica1\J2_0.30\D_9\orientation_0\dimer-plaquette\replica_1\h_0p04\D_9_chi_108_energy_magnetization_correlation.txt
0.3,dimer-plaquette,9,-0.02,-0.4306404600275,True,"median within (D, branch, h)",5600e075d7decb,D:\HyraiOn\ENS_Lyon\Internship\2026-EPFL\data\distinVBCs\Results_Kuma_replica1\J2_0.30\D_9\orientation_0\dimer-plaquette\replica_1\h_0p02\D_9_chi_180_energy_magnetization_correlation.txt
0.3,dimer-plaquette,9,-0.02,-0.4306100149425,True,"median within (D, branch, h)",f09d39e4194118,D:\HyraiOn\ENS_Lyon\Internship\2026-EPFL\data\distinVBCs\Results_Izar_replica1\J2_0.30\D_9\orientation_0\dimer-plaquette\replica_1\h_0p02\D_9_chi_108_energy_magnetization_correlation.txt
0.3,dimer-plaquette,9,-0.01,-0.4273866331687,True,"median within (D, branch, h)",40ae616ab5281b,D:\HyraiOn\ENS_Lyon\Internship\2026-EPFL\data\distinVBCs\Results_Kuma_replica1\J2_0.30\D_9\orientation_0\dimer-plaquette\replica_1\h_0p01\D_9_chi_180_energy_magnetization_correlation.txt
0.3,dimer-plaquette,9,-0.01,-0.4273367821323,True,"median within (D, branch, h)",6d62eff77d4daa,D:\HyraiOn\ENS_Lyon\Internship\2026-EPFL\data\distinVBCs\Results_Izar_replica1\J2_0.30\D_9\orientation_0\dimer-plaquette\replica_1\h_0p01\D_9_chi_108_energy_magnetization_correlation.txt
0.3,dimer-plaquette,9,0.0,-0.4248629546286,True,"median within (D, branch, h)",ef090aafff12fe,D:\HyraiOn\ENS_Lyon\Internship\2026-EPFL\data\distinVBCs\Results_Kuma_replica1\J2_0.30\D_9\orientation_0\dimer-plaquette\replica_1\h_0p0\D_9_chi_180_energy_magnetization_correlation.txt
0.3,dimer-plaquette,9,0.0,-0.4248601578762,True,"median within (D, branch, h)",79710be457ddd5,D:\HyraiOn\ENS_Lyon\Internship\2026-EPFL\data\distinVBCsJ2Continuation\Results_Izar_J2_sequences\s101_J2_0p28_D_9_dimer-plaquette\right\insurance_2\J2_0p30\D_9_chi_108_energy_magnetization_correlation.txt
0.3,dimer-plaquette,9,0.0,-0.4248585467617,True,"median within (D, branch, h)",b94291a7c7b8f7,D:\HyraiOn\ENS_Lyon\Internship\2026-EPFL\data\distinVBCsJ2Continuation\Results_Izar_J2_sequences\s101_J2_0p28_D_9_dimer-plaquette\right\insurance_1\J2_0p30\D_9_chi_108_energy_magnetization_correlation.txt
0.3,dimer-plaquette,9,0.0,-0.424852277076,True,"median within (D, branch, h)",fba18e7c09dfe5,D:\HyraiOn\ENS_Lyon\Internship\2026-EPFL\data\distinVBCs\Results_Izar_replica1\J2_0.30\D_9\orientation_0\dimer-plaquette\replica_1\h_0p0\D_9_chi_108_energy_magnetization_correlation.txt
0.3,dimer-plaquette,9,0.0,-0.4247987471262,True,"median within (D, branch, h)",c63c11a8bdd6aa,D:\HyraiOn\ENS_Lyon\Internship\2026-EPFL\data\distinVBCsJ2Continuation\Results_Izar_J2_sequences\s006_J2_0p33_D_9_dimer-plaquette\left\insurance_2\J2_0p30\D_9_chi_108_energy_magnetization_correlation.txt
0.3,dimer-plaquette,9,0.0,-0.4247975711302,True,"median within (D, branch, h)",337ac2bef78f4e,D:\HyraiOn\ENS_Lyon\Internship\2026-EPFL\data\distinVBCsJ2Continuation\Results_Izar_J2_sequences\s006_J2_0p33_D_9_dimer-plaquette\left\insurance_1\J2_0p30\D_9_chi_108_energy_magnetization_correlation.txt
0.3,plaquette,9,0.0,-0.4248737910839,True,"median within (D, branch, h)",9f49f355bc832d,D:\HyraiOn\ENS_Lyon\Internship\2026-EPFL\data\distinVBCs\Results_Izar_replica1\J2_0.30\D_9\orientation_0\plaquette\replica_1\h_0p0\D_9_chi_108_energy_magnetization_correlation.txt
0.3,plaquette,9,0.0,-0.4248714133549,True,"median within (D, branch, h)",2067d50f1f63a2,D:\HyraiOn\ENS_Lyon\Internship\2026-EPFL\data\distinVBCs\Results_Kuma_replica1\J2_0.30\D_9\orientation_0\plaquette\replica_1\h_0p0\D_9_chi_180_energy_magnetization_correlation.txt
0.3,plaquette,9,0.0,-0.4248402943446,True,"median within (D, branch, h)",408f05277735de,D:\HyraiOn\ENS_Lyon\Internship\2026-EPFL\data\distinVBCsJ2Continuation\Results_Izar_J2_sequences\s103_J2_0p31_D_9_plaquette\left\insurance_2\J2_0p30\D_9_chi_108_energy_magnetization_correlation.txt
0.3,plaquette,9,0.0,-0.4248394134175,True,"median within (D, branch, h)",3c8c767dc6ed59,D:\HyraiOn\ENS_Lyon\Internship\2026-EPFL\data\distinVBCsJ2Continuation\Results_Izar_J2_sequences\s103_J2_0p31_D_9_plaquette\left\insurance_1\J2_0p30\D_9_chi_108_energy_magnetization_correlation.txt
0.3,plaquette,9,0.01,-0.4273923345111,True,"median within (D, branch, h)",335e17313e53b1,D:\HyraiOn\ENS_Lyon\Internship\2026-EPFL\data\distinVBCs\Results_Kuma_replica1\J2_0.30\D_9\orientation_0\plaquette\replica_1\h_0p01\D_9_chi_180_energy_magnetization_correlation.txt
0.3,plaquette,9,0.01,-0.4273902364445,True,"median within (D, branch, h)",037badaf775ee6,D:\HyraiOn\ENS_Lyon\Internship\2026-EPFL\data\distinVBCs\Results_Izar_replica1\J2_0.30\D_9\orientation_0\plaquette\replica_1\h_0p01\D_9_chi_108_energy_magnetization_correlation.txt
0.3,plaquette,9,0.02,-0.4305304289757,True,"median within (D, branch, h)",8994e54a5d088a,D:\HyraiOn\ENS_Lyon\Internship\2026-EPFL\data\distinVBCs\Results_Kuma_replica1\J2_0.30\D_9\orientation_0\plaquette\replica_1\h_0p02\D_9_chi_180_energy_magnetization_correlation.txt
0.3,plaquette,9,0.02,-0.4305213683556,True,"median within (D, branch, h)",0fbb2603455936,D:\HyraiOn\ENS_Lyon\Internship\2026-EPFL\data\distinVBCs\Results_Izar_replica1\J2_0.30\D_9\orientation_0\plaquette\replica_1\h_0p02\D_9_chi_108_energy_magnetization_correlation.txt
0.3,plaquette,9,0.04,-0.4377030803873,True,"median within (D, branch, h)",95f9d247805fbf,D:\HyraiOn\ENS_Lyon\Internship\2026-EPFL\data\distinVBCs\Results_Kuma_replica1\J2_0.30\D_9\orientation_0\plaquette\replica_1\h_0p04\D_9_chi_180_energy_magnetization_correlation.txt
0.3,plaquette,9,0.04,-0.4376896275823,True,"median within (D, branch, h)",7a7bac145e1e55,D:\HyraiOn\ENS_Lyon\Internship\2026-EPFL\data\distinVBCs\Results_Izar_replica1\J2_0.30\D_9\orientation_0\plaquette\replica_1\h_0p04\D_9_chi_108_energy_magnetization_correlation.txt
0.3,plaquette,9,0.08,-0.4539602403976,True,"median within (D, branch, h)",2e91400fb06ef3,D:\HyraiOn\ENS_Lyon\Internship\2026-EPFL\data\distinVBCs\Results_Kuma_replica1\J2_0.30\D_9\orientation_0\plaquette\replica_1\h_0p08\D_9_chi_180_energy_magnetization_correlation.txt
0.3,plaquette,9,0.08,-0.4539514332936,True,"median within (D, branch, h)",0a518af667f660,D:\HyraiOn\ENS_Lyon\Internship\2026-EPFL\data\distinVBCs\Results_Izar_replica1\J2_0.30\D_9\orientation_0\plaquette\replica_1\h_0p08\D_9_chi_108_energy_magnetization_correlation.txt
0.3,dimer-plaquette,10,-0.08,-0.4586362357277,True,"median within (D, branch, h)",a16c7b0e859250,D:\HyraiOn\ENS_Lyon\Internship\2026-EPFL\data\distinVBCs\Results_Kuma_replica1\J2_0.30\D_10\orientation_0\dimer-plaquette\replica_1\h_0p08\D_10_chi_180_energy_magnetization_correlation.txt
0.3,dimer-plaquette,10,-0.04,-0.4386415739173,True,"median within (D, branch, h)",6291fcb005d099,D:\HyraiOn\ENS_Lyon\Internship\2026-EPFL\data\distinVBCs\Results_Kuma_replica1\J2_0.30\D_10\orientation_0\dimer-plaquette\replica_1\h_0p04\D_10_chi_180_energy_magnetization_correlation.txt
0.3,dimer-plaquette,10,-0.02,-0.4306562994043,True,"median within (D, branch, h)",3e7561786a3101,D:\HyraiOn\ENS_Lyon\Internship\2026-EPFL\data\distinVBCs\Results_Kuma_replica1\J2_0.30\D_10\orientation_0\dimer-plaquette\replica_1\h_0p02\D_10_chi_180_energy_magnetization_correlation.txt
0.3,dimer-plaquette,10,-0.01,-0.4274322397533,True,"median within (D, branch, h)",5f93aa285e2eb4,D:\HyraiOn\ENS_Lyon\Internship\2026-EPFL\data\distinVBCs\Results_Kuma_replica1\J2_0.30\D_10\orientation_0\dimer-plaquette\replica_1\h_0p01\D_10_chi_180_energy_magnetization_correlation.txt
0.3,dimer-plaquette,10,0.0,-0.4249550190993,True,"median within (D, branch, h)",7b4cecc97b873d,D:\HyraiOn\ENS_Lyon\Internship\2026-EPFL\data\distinVBCs\Results_Kuma_replica1\J2_0.30\D_10\orientation_0\dimer-plaquette\replica_1\h_0p0\D_10_chi_180_energy_magnetization_correlation.txt
0.3,plaquette,10,0.0,-0.4250172218011,True,"median within (D, branch, h)",73c3976d2181b7,D:\HyraiOn\ENS_Lyon\Internship\2026-EPFL\data\external\Working_AD_Honeycomb_Sep27\Results_Sep27\a01\right\J2_0p30\D_10_chi_120_energy_magnetization_correlation.txt
0.3,plaquette,10,0.0,-0.4250136988285,True,"median within (D, branch, h)",fcb7334b7b388e,D:\HyraiOn\ENS_Lyon\Internship\2026-EPFL\data\distinVBCs\Results_Kuma_replica1\J2_0.30\D_10\orientation_0\plaquette\replica_1\h_0p0\D_10_chi_180_energy_magnetization_correlation.txt
0.3,plaquette,10,0.01,-0.4274624538815,True,"median within (D, branch, h)",74f8626f823580,D:\HyraiOn\ENS_Lyon\Internship\2026-EPFL\data\distinVBCs\Results_Kuma_replica1\J2_0.30\D_10\orientation_0\plaquette\replica_1\h_0p01\D_10_chi_180_energy_magnetization_correlation.txt
0.3,plaquette,10,0.02,-0.4305684384142,True,"median within (D, branch, h)",ef437fef5f5f10,D:\HyraiOn\ENS_Lyon\Internship\2026-EPFL\data\distinVBCs\Results_Kuma_replica1\J2_0.30\D_10\orientation_0\plaquette\replica_1\h_0p02\D_10_chi_180_energy_magnetization_correlation.txt
0.3,plaquette,10,0.04,-0.4377254716273,True,"median within (D, branch, h)",85b021861e71d0,D:\HyraiOn\ENS_Lyon\Internship\2026-EPFL\data\distinVBCs\Results_Kuma_replica1\J2_0.30\D_10\orientation_0\plaquette\replica_1\h_0p04\D_10_chi_180_energy_magnetization_correlation.txt
0.3,plaquette,10,0.08,-0.4539744653667,True,"median within (D, branch, h)",fbcbfb0f2b6a5a,D:\HyraiOn\ENS_Lyon\Internship\2026-EPFL\data\distinVBCs\Results_Kuma_replica1\J2_0.30\D_10\orientation_0\plaquette\replica_1\h_0p08\D_10_chi_180_energy_magnetization_correlation.txt
0.3,dimer-plaquette,11,-0.08,-0.4586433741199,True,"median within (D, branch, h)",d291d65cea84d4,D:\HyraiOn\ENS_Lyon\Internship\2026-EPFL\data\distinVBCs\Results_Kuma_replica1\J2_0.30\D_11\orientation_1\dimer-plaquette\replica_1\h_0p08\D_11_chi_160_energy_magnetization_correlation.txt
0.3,dimer-plaquette,11,-0.04,-0.4386527955599,True,"median within (D, branch, h)",69fb308ce531b6,D:\HyraiOn\ENS_Lyon\Internship\2026-EPFL\data\distinVBCs\Results_Kuma_replica1\J2_0.30\D_11\orientation_1\dimer-plaquette\replica_1\h_0p04\D_11_chi_160_energy_magnetization_correlation.txt
0.3,dimer-plaquette,11,-0.02,-0.4306927990517,True,"median within (D, branch, h)",196ef4c8c5776a,D:\HyraiOn\ENS_Lyon\Internship\2026-EPFL\data\distinVBCs\Results_Kuma_replica1\J2_0.30\D_11\orientation_1\dimer-plaquette\replica_1\h_0p02\D_11_chi_160_energy_magnetization_correlation.txt
0.3,dimer-plaquette,11,-0.01,-0.4274759601872,True,"median within (D, branch, h)",5017b240200e96,D:\HyraiOn\ENS_Lyon\Internship\2026-EPFL\data\distinVBCs\Results_Kuma_replica1\J2_0.30\D_11\orientation_1\dimer-plaquette\replica_1\h_0p01\D_11_chi_160_energy_magnetization_correlation.txt
0.3,dimer-plaquette,11,0.0,-0.425027138864,True,"median within (D, branch, h)",545b905552e288,D:\HyraiOn\ENS_Lyon\Internship\2026-EPFL\data\distinVBCs\Results_Kuma_replica1\J2_0.30\D_11\orientation_1\dimer-plaquette\replica_1\h_0p0\D_11_chi_160_energy_magnetization_correlation.txt
0.3,plaquette,11,0.0,-0.4250323912486,True,"median within (D, branch, h)",1c5c9158bd8c0a,D:\HyraiOn\ENS_Lyon\Internship\2026-EPFL\data\distinVBCs\Results_Kuma_replica1\J2_0.30\D_11\orientation_1\plaquette\replica_1\h_0p0\D_11_chi_160_energy_magnetization_correlation.txt
0.3,plaquette,11,0.01,-0.4274865706357,True,"median within (D, branch, h)",f6d686ac2d25d9,D:\HyraiOn\ENS_Lyon\Internship\2026-EPFL\data\distinVBCs\Results_Kuma_replica1\J2_0.30\D_11\orientation_1\plaquette\replica_1\h_0p01\D_11_chi_160_energy_magnetization_correlation.txt
0.3,plaquette,11,0.02,-0.4305721492575,True,"median within (D, branch, h)",72cf908c5cf3e0,D:\HyraiOn\ENS_Lyon\Internship\2026-EPFL\data\distinVBCs\Results_Kuma_replica1\J2_0.30\D_11\orientation_1\plaquette\replica_1\h_0p02\D_11_chi_160_energy_magnetization_correlation.txt
0.3,plaquette,11,0.04,-0.4377321922459,True,"median within (D, branch, h)",3299e20cf92f1a,D:\HyraiOn\ENS_Lyon\Internship\2026-EPFL\data\distinVBCs\Results_Kuma_replica1\J2_0.30\D_11\orientation_1\plaquette\replica_1\h_0p04\D_11_chi_160_energy_magnetization_correlation.txt
0.3,plaquette,11,0.08,-0.4539776792441,True,"median within (D, branch, h)",cd4a3489d73058,D:\HyraiOn\ENS_Lyon\Internship\2026-EPFL\data\distinVBCs\Results_Kuma_replica1\J2_0.30\D_11\orientation_1\plaquette\replica_1\h_0p08\D_11_chi_160_energy_magnetization_correlation.txt
0.31,dimer-plaquette,6,-0.08,-0.4572122968978,True,"median within (D, branch, h)",2168fa9af64b64,D:\HyraiOn\ENS_Lyon\Internship\2026-EPFL\data\distinVBCs\Results_Izar_replica1\J2_0.31\D_6\orientation_0\dimer-plaquette\replica_1\h_0p08\D_6_chi_72_energy_magnetization_correlation.txt
0.31,dimer-plaquette,6,-0.04,-0.4366152039523,True,"median within (D, branch, h)",a4a36b8f2befea,D:\HyraiOn\ENS_Lyon\Internship\2026-EPFL\data\distinVBCs\Results_Izar_replica1\J2_0.31\D_6\orientation_0\dimer-plaquette\replica_1\h_0p04\D_6_chi_72_energy_magnetization_correlation.txt
0.31,dimer-plaquette,6,-0.02,-0.4282660184164,True,"median within (D, branch, h)",016c04b8321a75,D:\HyraiOn\ENS_Lyon\Internship\2026-EPFL\data\distinVBCs\Results_Izar_replica1\J2_0.31\D_6\orientation_0\dimer-plaquette\replica_1\h_0p02\D_6_chi_72_energy_magnetization_correlation.txt
0.31,dimer-plaquette,6,-0.01,-0.4247507512771,True,"median within (D, branch, h)",8f057c3a9ae01b,D:\HyraiOn\ENS_Lyon\Internship\2026-EPFL\data\distinVBCs\Results_Izar_replica1\J2_0.31\D_6\orientation_0\dimer-plaquette\replica_1\h_0p01\D_6_chi_72_energy_magnetization_correlation.txt
0.31,dimer-plaquette,6,-0.005,-0.4231930022068,True,"median within (D, branch, h)",db1533a55801e2,D:\HyraiOn\ENS_Lyon\Internship\2026-EPFL\data\distinVBCs\Results_Izar_replica1\J2_0.31\D_6\orientation_0\dimer-plaquette\replica_1\h_0p005\D_6_chi_72_energy_magnetization_correlation.txt
0.31,dimer-plaquette,6,-0.003,-0.4226119246631,True,"median within (D, branch, h)",0e13fc8c854e4f,D:\HyraiOn\ENS_Lyon\Internship\2026-EPFL\data\distinVBCsSmallH\Results_Izar_replica1\J2_0.31\D_6\orientation_0\dimer-plaquette\replica_1\h_0p003\D_6_chi_72_energy_magnetization_correlation.txt
0.31,dimer-plaquette,6,-0.002,-0.4223310776671,True,"median within (D, branch, h)",b03ba7856ccc30,D:\HyraiOn\ENS_Lyon\Internship\2026-EPFL\data\distinVBCsSmallH\Results_Izar_replica1\J2_0.31\D_6\orientation_0\dimer-plaquette\replica_1\h_0p002\D_6_chi_72_energy_magnetization_correlation.txt
0.31,dimer-plaquette,6,-0.001,-0.4220569183522,True,"median within (D, branch, h)",333f0219c9a639,D:\HyraiOn\ENS_Lyon\Internship\2026-EPFL\data\distinVBCsSmallH\Results_Izar_replica1\J2_0.31\D_6\orientation_0\dimer-plaquette\replica_1\h_0p001\D_6_chi_72_energy_magnetization_correlation.txt
0.31,dimer-plaquette,6,0.0,-0.4217897311078,True,"median within (D, branch, h)",085655089ea400,D:\HyraiOn\ENS_Lyon\Internship\2026-EPFL\data\distinVBCsSmallH\Results_Izar_replica1\J2_0.31\D_6\orientation_0\dimer-plaquette\replica_1\h_0\D_6_chi_72_energy_magnetization_correlation.txt
0.31,plaquette,6,0.001,-0.4219868631087,True,"median within (D, branch, h)",79025502aa28e0,D:\HyraiOn\ENS_Lyon\Internship\2026-EPFL\data\distinVBCsSmallH\Results_Izar_replica1\J2_0.31\D_6\orientation_0\plaquette\replica_1\h_0p001\D_6_chi_72_energy_magnetization_correlation.txt
0.31,plaquette,6,0.002,-0.4222250973937,True,"median within (D, branch, h)",ed1002add19e9f,D:\HyraiOn\ENS_Lyon\Internship\2026-EPFL\data\distinVBCsSmallH\Results_Izar_replica1\J2_0.31\D_6\orientation_0\plaquette\replica_1\h_0p002\D_6_chi_72_energy_magnetization_correlation.txt
0.31,plaquette,6,0.003,-0.4224851222305,True,"median within (D, branch, h)",1df056f91e39d8,D:\HyraiOn\ENS_Lyon\Internship\2026-EPFL\data\distinVBCsSmallH\Results_Izar_replica1\J2_0.31\D_6\orientation_0\plaquette\replica_1\h_0p003\D_6_chi_72_energy_magnetization_correlation.txt
0.31,plaquette,6,0.005,-0.4230457775304,True,"median within (D, branch, h)",f57d8cb8aa38a1,D:\HyraiOn\ENS_Lyon\Internship\2026-EPFL\data\distinVBCs\Results_Izar_replica1\J2_0.31\D_6\orientation_0\plaquette\replica_1\h_0p005\D_6_chi_72_energy_magnetization_correlation.txt
0.31,plaquette,6,0.01,-0.4245879186104,True,"median within (D, branch, h)",89e65e4518fe5b,D:\HyraiOn\ENS_Lyon\Internship\2026-EPFL\data\distinVBCsJ2Continuation\LastIzar\Results_LastIzar\task_pin_D6_h0p01_adam\J2_0p31\h_0p01\D_6_chi_72_energy_magnetization_correlation.txt
0.31,plaquette,6,0.01,-0.424579384009,True,"median within (D, branch, h)",768e4857a9c756,D:\HyraiOn\ENS_Lyon\Internship\2026-EPFL\data\distinVBCs\Results_Izar_replica1\J2_0.31\D_6\orientation_0\plaquette\replica_1\h_0p01\D_6_chi_72_energy_magnetization_correlation.txt
0.31,plaquette,6,0.02,-0.4279674384306,True,"median within (D, branch, h)",0189eb300d820c,D:\HyraiOn\ENS_Lyon\Internship\2026-EPFL\data\distinVBCsJ2Continuation\LastIzar\Results_LastIzar\task_pin_D6_h0p02_adam\J2_0p31\h_0p02\D_6_chi_72_energy_magnetization_correlation.txt
0.31,plaquette,6,0.02,-0.4279603352585,True,"median within (D, branch, h)",6ec5c8020440dd,D:\HyraiOn\ENS_Lyon\Internship\2026-EPFL\data\distinVBCs\Results_Izar_replica1\J2_0.31\D_6\orientation_0\plaquette\replica_1\h_0p02\D_6_chi_72_energy_magnetization_correlation.txt
0.31,plaquette,6,0.03,-0.431611032655,True,"median within (D, branch, h)",986cf56db35084,D:\HyraiOn\ENS_Lyon\Internship\2026-EPFL\data\distinVBCsJ2Continuation\LastIzar\Results_LastIzar\task_pin_D6_h0p03_adam\J2_0p31\h_0p03\D_6_chi_72_energy_magnetization_correlation.txt
0.31,plaquette,6,0.04,-0.4354547206725,True,"median within (D, branch, h)",cb8ec0f0088999,D:\HyraiOn\ENS_Lyon\Internship\2026-EPFL\data\distinVBCs\Results_Izar_replica1\J2_0.31\D_6\orientation_0\plaquette\replica_1\h_0p04\D_6_chi_72_energy_magnetization_correlation.txt
0.31,plaquette,6,0.08,-0.4520581630838,True,"median within (D, branch, h)",f66ff18f234ccc,D:\HyraiOn\ENS_Lyon\Internship\2026-EPFL\data\distinVBCs\Results_Izar_replica1\J2_0.31\D_6\orientation_0\plaquette\replica_1\h_0p08\D_6_chi_72_energy_magnetization_correlation.txt
0.31,dimer-plaquette,7,-0.08,-0.4573557693109,True,"median within (D, branch, h)",b5c50164b44900,D:\HyraiOn\ENS_Lyon\Internship\2026-EPFL\data\distinVBCs\Results_Izar_replica1\J2_0.31\D_7\orientation_1\dimer-plaquette\replica_1\h_0p08\D_7_chi_91_energy_magnetization_correlation.txt
0.31,dimer-plaquette,7,-0.04,-0.436864722467,True,"median within (D, branch, h)",3923e9f914d2a4,D:\HyraiOn\ENS_Lyon\Internship\2026-EPFL\data\distinVBCs\Results_Izar_replica1\J2_0.31\D_7\orientation_1\dimer-plaquette\replica_1\h_0p04\D_7_chi_91_energy_magnetization_correlation.txt
0.31,dimer-plaquette,7,-0.02,-0.4285949955783,True,"median within (D, branch, h)",4a834729e9fa11,D:\HyraiOn\ENS_Lyon\Internship\2026-EPFL\data\distinVBCs\Results_Izar_replica1\J2_0.31\D_7\orientation_1\dimer-plaquette\replica_1\h_0p02\D_7_chi_91_energy_magnetization_correlation.txt
0.31,dimer-plaquette,7,-0.01,-0.4251294245478,True,"median within (D, branch, h)",5e8a31e382cb28,D:\HyraiOn\ENS_Lyon\Internship\2026-EPFL\data\distinVBCs\Results_Izar_replica1\J2_0.31\D_7\orientation_1\dimer-plaquette\replica_1\h_0p01\D_7_chi_91_energy_magnetization_correlation.txt
0.31,dimer-plaquette,7,-0.005,-0.42359966133,True,"median within (D, branch, h)",28308d3174c198,D:\HyraiOn\ENS_Lyon\Internship\2026-EPFL\data\distinVBCs\Results_Izar_replica1\J2_0.31\D_7\orientation_1\dimer-plaquette\replica_1\h_0p005\D_7_chi_91_energy_magnetization_correlation.txt
0.31,dimer-plaquette,7,-0.003,-0.423031051434,True,"median within (D, branch, h)",ae182ae91e64b6,D:\HyraiOn\ENS_Lyon\Internship\2026-EPFL\data\distinVBCsSmallH\Results_Izar_replica1\J2_0.31\D_7\orientation_1\dimer-plaquette\replica_1\h_0p003\D_7_chi_91_energy_magnetization_correlation.txt
0.31,dimer-plaquette,7,-0.002,-0.4227565638718,True,"median within (D, branch, h)",a122721437c31e,D:\HyraiOn\ENS_Lyon\Internship\2026-EPFL\data\distinVBCsSmallH\Results_Izar_replica1\J2_0.31\D_7\orientation_1\dimer-plaquette\replica_1\h_0p002\D_7_chi_91_energy_magnetization_correlation.txt
0.31,dimer-plaquette,7,-0.001,-0.4224894430791,True,"median within (D, branch, h)",05def1c9f81f07,D:\HyraiOn\ENS_Lyon\Internship\2026-EPFL\data\distinVBCsSmallH\Results_Izar_replica1\J2_0.31\D_7\orientation_1\dimer-plaquette\replica_1\h_0p001\D_7_chi_91_energy_magnetization_correlation.txt
0.31,dimer-plaquette,7,0.0,-0.4222286596993,True,"median within (D, branch, h)",8ebbe6ef615ca5,D:\HyraiOn\ENS_Lyon\Internship\2026-EPFL\data\distinVBCsJ2Continuation\Results_Izar_J2_sequences\s002_J2_0p3_D_7_dimer-plaquette\right\insurance_2\J2_0p31\D_7_chi_91_energy_magnetization_correlation.txt
0.31,dimer-plaquette,7,0.0,-0.4222286585419,True,"median within (D, branch, h)",73e69600b85606,D:\HyraiOn\ENS_Lyon\Internship\2026-EPFL\data\distinVBCsJ2Continuation\Results_Izar_J2_sequences\s002_J2_0p3_D_7_dimer-plaquette\right\insurance_1\J2_0p31\D_7_chi_91_energy_magnetization_correlation.txt
0.31,dimer-plaquette,7,0.0,-0.422228424672,True,"median within (D, branch, h)",d4e0f3af5c4ffc,D:\HyraiOn\ENS_Lyon\Internship\2026-EPFL\data\distinVBCsSmallH\Results_Izar_replica1\J2_0.31\D_7\orientation_1\dimer-plaquette\replica_1\h_0\D_7_chi_91_energy_magnetization_correlation.txt
0.31,plaquette,7,0.0,-0.4222921144864,True,"median within (D, branch, h)",f790603f004d05,D:\HyraiOn\ENS_Lyon\Internship\2026-EPFL\data\distinVBCsJ2Continuation\Results_Izar_J2_sequences\s001_J2_0p28_D_7_plaquette\right\insurance_2\J2_0p31\D_7_chi_91_energy_magnetization_correlation.txt
0.31,plaquette,7,0.0,-0.4222890696133,True,"median within (D, branch, h)",98594514215460,D:\HyraiOn\ENS_Lyon\Internship\2026-EPFL\data\distinVBCsJ2Continuation\Results_Izar_J2_sequences\s001_J2_0p28_D_7_plaquette\right\insurance_1\J2_0p31\D_7_chi_91_energy_magnetization_correlation.txt
0.31,plaquette,7,0.0,-0.4221576431884,True,"median within (D, branch, h)",ee8ff6672da52c,D:\HyraiOn\ENS_Lyon\Internship\2026-EPFL\data\distinVBCsSmallH\Results_Izar_replica1\J2_0.31\D_7\orientation_1\plaquette\replica_1\h_0\D_7_chi_91_energy_magnetization_correlation.txt
0.31,plaquette,7,0.001,-0.4224000417902,True,"median within (D, branch, h)",7a0ad35716ed6e,D:\HyraiOn\ENS_Lyon\Internship\2026-EPFL\data\distinVBCsSmallH\Results_Izar_replica1\J2_0.31\D_7\orientation_1\plaquette\replica_1\h_0p001\D_7_chi_91_energy_magnetization_correlation.txt
0.31,plaquette,7,0.002,-0.4226624492401,True,"median within (D, branch, h)",7f8721d33a5aa4,D:\HyraiOn\ENS_Lyon\Internship\2026-EPFL\data\distinVBCsSmallH\Results_Izar_replica1\J2_0.31\D_7\orientation_1\plaquette\replica_1\h_0p002\D_7_chi_91_energy_magnetization_correlation.txt
0.31,plaquette,7,0.003,-0.422934702912,True,"median within (D, branch, h)",2990014cdccba4,D:\HyraiOn\ENS_Lyon\Internship\2026-EPFL\data\distinVBCsSmallH\Results_Izar_replica1\J2_0.31\D_7\orientation_1\plaquette\replica_1\h_0p003\D_7_chi_91_energy_magnetization_correlation.txt
0.31,plaquette,7,0.005,-0.4235014223447,True,"median within (D, branch, h)",3c2b5954c1bed2,D:\HyraiOn\ENS_Lyon\Internship\2026-EPFL\data\distinVBCs\Results_Izar_replica1\J2_0.31\D_7\orientation_1\plaquette\replica_1\h_0p005\D_7_chi_91_energy_magnetization_correlation.txt
0.31,plaquette,7,0.01,-0.4248286404957,True,"median within (D, branch, h)",978d2eb5cc5ba7,D:\HyraiOn\ENS_Lyon\Internship\2026-EPFL\data\distinVBCs\Results_Izar_replica1\J2_0.31\D_7\orientation_1\plaquette\replica_1\h_0p01\D_7_chi_91_energy_magnetization_correlation.txt
0.31,plaquette,7,0.02,-0.4282166564236,True,"median within (D, branch, h)",bb362ea21ca15a,D:\HyraiOn\ENS_Lyon\Internship\2026-EPFL\data\distinVBCs\Results_Izar_replica1\J2_0.31\D_7\orientation_1\plaquette\replica_1\h_0p02\D_7_chi_91_energy_magnetization_correlation.txt
0.31,plaquette,7,0.04,-0.4357121441803,True,"median within (D, branch, h)",0b197168fc75dd,D:\HyraiOn\ENS_Lyon\Internship\2026-EPFL\data\distinVBCs\Results_Izar_replica1\J2_0.31\D_7\orientation_1\plaquette\replica_1\h_0p04\D_7_chi_91_energy_magnetization_correlation.txt
0.31,plaquette,7,0.08,-0.4522913921001,True,"median within (D, branch, h)",797422b31f7825,D:\HyraiOn\ENS_Lyon\Internship\2026-EPFL\data\distinVBCs\Results_Izar_replica1\J2_0.31\D_7\orientation_1\plaquette\replica_1\h_0p08\D_7_chi_91_energy_magnetization_correlation.txt
0.31,dimer-plaquette,8,-0.08,-0.4574087036847,True,"median within (D, branch, h)",1f08e18d9b90d7,D:\HyraiOn\ENS_Lyon\Internship\2026-EPFL\data\distinVBCs\Results_Izar_replica1\J2_0.31\D_8\orientation_0\dimer-plaquette\replica_1\h_0p08\D_8_chi_104_energy_magnetization_correlation.txt
0.31,dimer-plaquette,8,-0.08,-0.4574085896023,True,"median within (D, branch, h)",14e51d0e9c6531,D:\HyraiOn\ENS_Lyon\Internship\2026-EPFL\6-AD-CTMRG\models\VBCPinningClusterBundle\Results_VBC_branches\J2_0.31\D_8\orientation_0\dimer-plaquette\replica_1\h_0p08\D_8_chi_104_energy_magnetization_correlation.txt
0.31,dimer-plaquette,8,-0.04,-0.4369733125127,True,"median within (D, branch, h)",2954f0a2170496,D:\HyraiOn\ENS_Lyon\Internship\2026-EPFL\6-AD-CTMRG\models\VBCPinningClusterBundle\Results_VBC_branches\J2_0.31\D_8\orientation_0\dimer-plaquette\replica_1\h_0p04\D_8_chi_104_energy_magnetization_correlation.txt
0.31,dimer-plaquette,8,-0.04,-0.4369725408242,True,"median within (D, branch, h)",1ab2dc3c2a2b5b,D:\HyraiOn\ENS_Lyon\Internship\2026-EPFL\data\distinVBCs\Results_Izar_replica1\J2_0.31\D_8\orientation_0\dimer-plaquette\replica_1\h_0p04\D_8_chi_104_energy_magnetization_correlation.txt
0.31,dimer-plaquette,8,-0.04,-0.4368767009925,True,"median within (D, branch, h)",ac55ae6b7b496e,D:\HyraiOn\ENS_Lyon\Internship\2026-EPFL\6-AD-CTMRG\models\VBCPinningClusterBundle\Results_VBC_branches\J2_0.31\D_8\orientation_0\dimer-plaquette\replica_2\h_0p04\D_8_chi_104_energy_magnetization_correlation.txt
0.31,dimer-plaquette,8,-0.02,-0.4287678013609,True,"median within (D, branch, h)",34ab090d129d63,D:\HyraiOn\ENS_Lyon\Internship\2026-EPFL\6-AD-CTMRG\models\VBCPinningClusterBundle\Results_VBC_branches\J2_0.31\D_8\orientation_0\dimer-plaquette\replica_1\h_0p02\D_8_chi_104_energy_magnetization_correlation.txt
0.31,dimer-plaquette,8,-0.02,-0.4287664170014,True,"median within (D, branch, h)",27e397976ac50b,D:\HyraiOn\ENS_Lyon\Internship\2026-EPFL\data\distinVBCs\Results_Izar_replica1\J2_0.31\D_8\orientation_0\dimer-plaquette\replica_1\h_0p02\D_8_chi_104_energy_magnetization_correlation.txt
0.31,dimer-plaquette,8,-0.02,-0.4285954017383,True,"median within (D, branch, h)",e1161ea5c2d428,D:\HyraiOn\ENS_Lyon\Internship\2026-EPFL\6-AD-CTMRG\models\VBCPinningClusterBundle\Results_VBC_branches\J2_0.31\D_8\orientation_0\dimer-plaquette\replica_2\h_0p02\D_8_chi_104_energy_magnetization_correlation.txt
0.31,dimer-plaquette,8,-0.01,-0.4253665806319,True,"median within (D, branch, h)",2da65261dac925,D:\HyraiOn\ENS_Lyon\Internship\2026-EPFL\data\distinVBCs\Results_Izar_replica1\J2_0.31\D_8\orientation_0\dimer-plaquette\replica_1\h_0p01\D_8_chi_104_energy_magnetization_correlation.txt
0.31,dimer-plaquette,8,-0.01,-0.4251131756078,True,"median within (D, branch, h)",8e241a57a17039,D:\HyraiOn\ENS_Lyon\Internship\2026-EPFL\6-AD-CTMRG\models\VBCPinningClusterBundle\Results_VBC_branches\J2_0.31\D_8\orientation_0\dimer-plaquette\replica_2\h_0p01\D_8_chi_104_energy_magnetization_correlation.txt
0.31,dimer-plaquette,8,-0.005,-0.4238890219347,True,"median within (D, branch, h)",2a0cd5bda9f590,D:\HyraiOn\ENS_Lyon\Internship\2026-EPFL\data\distinVBCsSmallH\Results_Izar_replica1\J2_0.31\D_8\orientation_0\dimer-plaquette\replica_1\h_0p005\D_8_chi_104_energy_magnetization_correlation.txt
0.31,dimer-plaquette,8,-0.003,-0.4233465491385,True,"median within (D, branch, h)",3d2308d29d8424,D:\HyraiOn\ENS_Lyon\Internship\2026-EPFL\data\distinVBCsSmallH\Results_Izar_replica1\J2_0.31\D_8\orientation_0\dimer-plaquette\replica_1\h_0p003\D_8_chi_104_energy_magnetization_correlation.txt
0.31,dimer-plaquette,8,-0.002,-0.4230863824343,True,"median within (D, branch, h)",094ce9abbcacd6,D:\HyraiOn\ENS_Lyon\Internship\2026-EPFL\data\distinVBCsSmallH\Results_Izar_replica1\J2_0.31\D_8\orientation_0\dimer-plaquette\replica_1\h_0p002\D_8_chi_104_energy_magnetization_correlation.txt
0.31,dimer-plaquette,8,0.0,-0.4225946878225,True,"median within (D, branch, h)",8c51bb64a3c49d,D:\HyraiOn\ENS_Lyon\Internship\2026-EPFL\data\distinVBCs\Results_Izar_replica1\J2_0.31\D_8\orientation_0\dimer-plaquette\replica_1\h_0p0\D_8_chi_104_energy_magnetization_correlation.txt
0.31,dimer-plaquette,8,0.0,-0.4225903737074,True,"median within (D, branch, h)",396e1385fac461,D:\HyraiOn\ENS_Lyon\Internship\2026-EPFL\data\distinVBCsJ2Continuation\Results_Izar_J2_sequences\s004_J2_0p3_D_8_dimer-plaquette\right\insurance_1\J2_0p31\D_8_chi_104_energy_magnetization_correlation.txt
0.31,dimer-plaquette,8,0.0,-0.4225902417892,True,"median within (D, branch, h)",9fa6d1872d9086,D:\HyraiOn\ENS_Lyon\Internship\2026-EPFL\data\distinVBCsJ2Continuation\Results_Izar_J2_sequences\s004_J2_0p3_D_8_dimer-plaquette\right\insurance_2\J2_0p31\D_8_chi_104_energy_magnetization_correlation.txt
0.31,dimer-plaquette,8,0.0,-0.4222526663281,True,"median within (D, branch, h)",8e72e71ab2c74b,D:\HyraiOn\ENS_Lyon\Internship\2026-EPFL\6-AD-CTMRG\models\VBCPinningClusterBundle\Results_VBC_branches\J2_0.31\D_8\orientation_0\dimer-plaquette\replica_2\h_0p0\D_8_chi_104_energy_magnetization_correlation.txt
0.31,plaquette,8,0.0,-0.4226372644143,True,"median within (D, branch, h)",0c4fb641c43cc2,D:\HyraiOn\ENS_Lyon\Internship\2026-EPFL\data\distinVBCsJ2Continuation\Results_Izar_J2_sequences\s003_J2_0p28_D_8_plaquette\right\insurance_1\J2_0p31\D_8_chi_104_energy_magnetization_correlation.txt
0.31,plaquette,8,0.0,-0.4226353029482,True,"median within (D, branch, h)",1bca582d4ec18d,D:\HyraiOn\ENS_Lyon\Internship\2026-EPFL\data\distinVBCsJ2Continuation\Results_Izar_J2_sequences\s003_J2_0p28_D_8_plaquette\right\insurance_2\J2_0p31\D_8_chi_104_energy_magnetization_correlation.txt
0.31,plaquette,8,0.0,-0.4226262413428,True,"median within (D, branch, h)",af77db57ba4025,D:\HyraiOn\ENS_Lyon\Internship\2026-EPFL\data\distinVBCs\Results_Izar_replica1\J2_0.31\D_8\orientation_0\plaquette\replica_1\h_0p0\D_8_chi_104_energy_magnetization_correlation.txt
0.31,plaquette,8,0.0,-0.4226064593188,True,"median within (D, branch, h)",cd5be0ef4ab33a,D:\HyraiOn\ENS_Lyon\Internship\2026-EPFL\data\distinVBCsSmallH\Results_Izar_replica1\J2_0.31\D_8\orientation_0\plaquette\replica_1\h_0\D_8_chi_104_energy_magnetization_correlation.txt
0.31,plaquette,8,0.001,-0.4228467315555,True,"median within (D, branch, h)",4ed1945209c3c9,D:\HyraiOn\ENS_Lyon\Internship\2026-EPFL\data\distinVBCsSmallH\Results_Izar_replica1\J2_0.31\D_8\orientation_0\plaquette\replica_1\h_0p001\D_8_chi_104_energy_magnetization_correlation.txt
0.31,plaquette,8,0.002,-0.4230997176288,True,"median within (D, branch, h)",db45abdbfb63a7,D:\HyraiOn\ENS_Lyon\Internship\2026-EPFL\data\distinVBCsSmallH\Results_Izar_replica1\J2_0.31\D_8\orientation_0\plaquette\replica_1\h_0p002\D_8_chi_104_energy_magnetization_correlation.txt
0.31,plaquette,8,0.003,-0.423359437135,True,"median within (D, branch, h)",f707c236a3bc54,D:\HyraiOn\ENS_Lyon\Internship\2026-EPFL\data\distinVBCsSmallH\Results_Izar_replica1\J2_0.31\D_8\orientation_0\plaquette\replica_1\h_0p003\D_8_chi_104_energy_magnetization_correlation.txt
0.31,plaquette,8,0.005,-0.4239011296367,True,"median within (D, branch, h)",8d4f08c6dfc99b,D:\HyraiOn\ENS_Lyon\Internship\2026-EPFL\data\distinVBCsSmallH\Results_Izar_replica1\J2_0.31\D_8\orientation_0\plaquette\replica_1\h_0p005\D_8_chi_104_energy_magnetization_correlation.txt
0.31,plaquette,8,0.01,-0.4253443693529,True,"median within (D, branch, h)",b4eb3b5ea4650b,D:\HyraiOn\ENS_Lyon\Internship\2026-EPFL\data\distinVBCs\Results_Izar_replica1\J2_0.31\D_8\orientation_0\plaquette\replica_1\h_0p01\D_8_chi_104_energy_magnetization_correlation.txt
0.31,plaquette,8,0.01,-0.4253272233022,True,"median within (D, branch, h)",cc402b2a0a2409,D:\HyraiOn\ENS_Lyon\Internship\2026-EPFL\6-AD-CTMRG\models\VBCPinningClusterBundle\Results_VBC_branches\J2_0.31\D_8\orientation_0\plaquette\replica_2\h_0p01\D_8_chi_104_energy_magnetization_correlation.txt
0.31,plaquette,8,0.02,-0.4286173631499,True,"median within (D, branch, h)",72e02073c72d42,D:\HyraiOn\ENS_Lyon\Internship\2026-EPFL\6-AD-CTMRG\models\VBCPinningClusterBundle\Results_VBC_branches\J2_0.31\D_8\orientation_0\plaquette\replica_1\h_0p02\D_8_chi_104_energy_magnetization_correlation.txt
0.31,plaquette,8,0.02,-0.428597925264,True,"median within (D, branch, h)",770dcfe3ec30ed,D:\HyraiOn\ENS_Lyon\Internship\2026-EPFL\6-AD-CTMRG\models\VBCPinningClusterBundle\Results_VBC_branches\J2_0.31\D_8\orientation_0\plaquette\replica_2\h_0p02\D_8_chi_104_energy_magnetization_correlation.txt
0.31,plaquette,8,0.02,-0.428596167498,True,"median within (D, branch, h)",03a0450adf8306,D:\HyraiOn\ENS_Lyon\Internship\2026-EPFL\data\distinVBCs\Results_Izar_replica1\J2_0.31\D_8\orientation_0\plaquette\replica_1\h_0p02\D_8_chi_104_energy_magnetization_correlation.txt
0.31,plaquette,8,0.04,-0.4359685174749,True,"median within (D, branch, h)",9bf63b5bd93bf6,D:\HyraiOn\ENS_Lyon\Internship\2026-EPFL\data\distinVBCs\Results_Izar_replica1\J2_0.31\D_8\orientation_0\plaquette\replica_1\h_0p04\D_8_chi_104_energy_magnetization_correlation.txt
0.31,plaquette,8,0.04,-0.4359679252516,True,"median within (D, branch, h)",c03261ceee2056,D:\HyraiOn\ENS_Lyon\Internship\2026-EPFL\6-AD-CTMRG\models\VBCPinningClusterBundle\Results_VBC_branches\J2_0.31\D_8\orientation_0\plaquette\replica_1\h_0p04\D_8_chi_104_energy_magnetization_correlation.txt
0.31,plaquette,8,0.08,-0.4524936276078,True,"median within (D, branch, h)",c23298819f7118,D:\HyraiOn\ENS_Lyon\Internship\2026-EPFL\data\distinVBCs\Results_Izar_replica1\J2_0.31\D_8\orientation_0\plaquette\replica_1\h_0p08\D_8_chi_104_energy_magnetization_correlation.txt
0.31,plaquette,8,0.08,-0.4524936004352,True,"median within (D, branch, h)",1a42a18113c856,D:\HyraiOn\ENS_Lyon\Internship\2026-EPFL\6-AD-CTMRG\models\VBCPinningClusterBundle\Results_VBC_branches\J2_0.31\D_8\orientation_0\plaquette\replica_1\h_0p08\D_8_chi_104_energy_magnetization_correlation.txt
0.31,dimer-plaquette,9,-0.08,-0.457381356962,True,"median within (D, branch, h)",e660b09c2fd5e0,D:\HyraiOn\ENS_Lyon\Internship\2026-EPFL\data\distinVBCs\Results_Izar_replica1\J2_0.31\D_9\orientation_2\dimer-plaquette\replica_1\h_0p08\D_9_chi_108_energy_magnetization_correlation.txt
0.31,dimer-plaquette,9,-0.04,-0.436960588929,True,"median within (D, branch, h)",cc1139e1036c12,D:\HyraiOn\ENS_Lyon\Internship\2026-EPFL\data\distinVBCs\Results_Izar_replica1\J2_0.31\D_9\orientation_2\dimer-plaquette\replica_1\h_0p04\D_9_chi_108_energy_magnetization_correlation.txt
0.31,dimer-plaquette,9,-0.02,-0.428748710094,True,"median within (D, branch, h)",c93ea2068a3f19,D:\HyraiOn\ENS_Lyon\Internship\2026-EPFL\data\distinVBCs\Results_Izar_replica1\J2_0.31\D_9\orientation_2\dimer-plaquette\replica_1\h_0p02\D_9_chi_108_energy_magnetization_correlation.txt
0.31,dimer-plaquette,9,-0.01,-0.4253716016374,True,"median within (D, branch, h)",5ce1c2a3d6fe84,D:\HyraiOn\ENS_Lyon\Internship\2026-EPFL\data\distinVBCs\Results_Izar_replica1\J2_0.31\D_9\orientation_2\dimer-plaquette\replica_1\h_0p01\D_9_chi_108_energy_magnetization_correlation.txt
0.31,dimer-plaquette,9,0.0,-0.4228346965294,True,"median within (D, branch, h)",524ffc5c5575ed,D:\HyraiOn\ENS_Lyon\Internship\2026-EPFL\data\distinVBCsJ2Continuation\Results_Izar_J2_sequences\s102_J2_0p3_D_9_dimer-plaquette\right\insurance_2\J2_0p31\D_9_chi_108_energy_magnetization_correlation.txt
0.31,dimer-plaquette,9,0.0,-0.4228344608855,True,"median within (D, branch, h)",af9a699d08ee52,D:\HyraiOn\ENS_Lyon\Internship\2026-EPFL\data\distinVBCsJ2Continuation\Results_Izar_J2_sequences\s102_J2_0p3_D_9_dimer-plaquette\right\insurance_1\J2_0p31\D_9_chi_108_energy_magnetization_correlation.txt
0.31,dimer-plaquette,9,0.0,-0.4228111543885,True,"median within (D, branch, h)",82ff05f431eeb8,D:\HyraiOn\ENS_Lyon\Internship\2026-EPFL\data\distinVBCsJ2Continuation\Results_Izar_J2_sequences\s101_J2_0p28_D_9_dimer-plaquette\right\insurance_1\J2_0p31\D_9_chi_108_energy_magnetization_correlation.txt
0.31,dimer-plaquette,9,0.0,-0.4228043584958,True,"median within (D, branch, h)",469e3587d9ca5d,D:\HyraiOn\ENS_Lyon\Internship\2026-EPFL\data\distinVBCsJ2Continuation\Results_Izar_J2_sequences\s101_J2_0p28_D_9_dimer-plaquette\right\insurance_2\J2_0p31\D_9_chi_108_energy_magnetization_correlation.txt
0.31,dimer-plaquette,9,0.0,-0.422748677955,True,"median within (D, branch, h)",017def396c974a,D:\HyraiOn\ENS_Lyon\Internship\2026-EPFL\data\distinVBCsJ2Continuation\Results_Izar_J2_sequences\s006_J2_0p33_D_9_dimer-plaquette\left\insurance_2\J2_0p31\D_9_chi_108_energy_magnetization_correlation.txt
0.31,dimer-plaquette,9,0.0,-0.4227280467764,True,"median within (D, branch, h)",4c10e573bcdc40,D:\HyraiOn\ENS_Lyon\Internship\2026-EPFL\data\distinVBCsJ2Continuation\Results_Izar_J2_sequences\s006_J2_0p33_D_9_dimer-plaquette\left\insurance_1\J2_0p31\D_9_chi_108_energy_magnetization_correlation.txt
0.31,plaquette,9,0.0,-0.4228312513957,True,"median within (D, branch, h)",aff11661df4f89,D:\HyraiOn\ENS_Lyon\Internship\2026-EPFL\data\distinVBCsJ2Continuation\Results_Izar_J2_sequences\s005_J2_0p3_D_9_plaquette\right\insurance_1\J2_0p31\D_9_chi_108_energy_magnetization_correlation.txt
0.31,plaquette,9,0.0,-0.4228311828353,True,"median within (D, branch, h)",d803cb44f5b551,D:\HyraiOn\ENS_Lyon\Internship\2026-EPFL\data\distinVBCsJ2Continuation\Results_Izar_J2_sequences\s005_J2_0p3_D_9_plaquette\right\insurance_2\J2_0p31\D_9_chi_108_energy_magnetization_correlation.txt
0.31,plaquette,9,0.0,-0.4228205968837,True,"median within (D, branch, h)",b178e6f98361a1,D:\HyraiOn\ENS_Lyon\Internship\2026-EPFL\data\distinVBCs\Results_Izar_replica1\J2_0.31\D_9\orientation_2\plaquette\replica_1\h_0p0\D_9_chi_108_energy_magnetization_correlation.txt
0.31,plaquette,9,0.01,-0.4254733452671,True,"median within (D, branch, h)",a1663b451dc488,D:\HyraiOn\ENS_Lyon\Internship\2026-EPFL\data\distinVBCs\Results_Izar_replica1\J2_0.31\D_9\orientation_2\plaquette\replica_1\h_0p01\D_9_chi_108_energy_magnetization_correlation.txt
0.31,plaquette,9,0.02,-0.4287031598472,True,"median within (D, branch, h)",a8b37acc44a05a,D:\HyraiOn\ENS_Lyon\Internship\2026-EPFL\data\distinVBCs\Results_Izar_replica1\J2_0.31\D_9\orientation_2\plaquette\replica_1\h_0p02\D_9_chi_108_energy_magnetization_correlation.txt
0.31,plaquette,9,0.02,-0.4281973645249,True,"median within (D, branch, h)",d7b6fbdcce71e9,D:\HyraiOn\ENS_Lyon\Internship\2026-EPFL\6-AD-CTMRG\models\VBCPinningClusterBundle\Results_VBC_branches\J2_0.31\D_9\orientation_2\plaquette\replica_2\h_0p02\D_9_chi_108_energy_magnetization_correlation.txt
0.31,plaquette,9,0.04,-0.4360432500294,True,"median within (D, branch, h)",488a72de4f355d,D:\HyraiOn\ENS_Lyon\Internship\2026-EPFL\data\distinVBCs\Results_Izar_replica1\J2_0.31\D_9\orientation_2\plaquette\replica_1\h_0p04\D_9_chi_108_energy_magnetization_correlation.txt
0.31,plaquette,9,0.08,-0.4525271695278,True,"median within (D, branch, h)",1555f6df0ba0ac,D:\HyraiOn\ENS_Lyon\Internship\2026-EPFL\data\distinVBCs\Results_Izar_replica1\J2_0.31\D_9\orientation_2\plaquette\replica_1\h_0p08\D_9_chi_108_energy_magnetization_correlation.txt
0.32,dimer-plaquette,6,-0.08,-0.4561125142398,True,"median within (D, branch, h)",d7279512b02354,D:\HyraiOn\ENS_Lyon\Internship\2026-EPFL\data\distinVBCs\Results_Izar_replica1\J2_0.32\D_6\orientation_1\dimer-plaquette\replica_1\h_0p08\D_6_chi_72_energy_magnetization_correlation.txt
0.32,dimer-plaquette,6,-0.04,-0.4350721742717,True,"median within (D, branch, h)",04cee5c3f73640,D:\HyraiOn\ENS_Lyon\Internship\2026-EPFL\data\distinVBCs\Results_Izar_replica1\J2_0.32\D_6\orientation_1\dimer-plaquette\replica_1\h_0p04\D_6_chi_72_energy_magnetization_correlation.txt
0.32,dimer-plaquette,6,-0.02,-0.4265018860449,True,"median within (D, branch, h)",c515fe0a568ab4,D:\HyraiOn\ENS_Lyon\Internship\2026-EPFL\data\distinVBCs\Results_Izar_replica1\J2_0.32\D_6\orientation_1\dimer-plaquette\replica_1\h_0p02\D_6_chi_72_energy_magnetization_correlation.txt
0.32,dimer-plaquette,6,-0.01,-0.4228778971692,True,"median within (D, branch, h)",49623edbb44edc,D:\HyraiOn\ENS_Lyon\Internship\2026-EPFL\data\distinVBCs\Results_Izar_replica1\J2_0.32\D_6\orientation_1\dimer-plaquette\replica_1\h_0p01\D_6_chi_72_energy_magnetization_correlation.txt
0.32,dimer-plaquette,6,-0.005,-0.4212662894139,True,"median within (D, branch, h)",5977daa020cad7,D:\HyraiOn\ENS_Lyon\Internship\2026-EPFL\data\distinVBCs\Results_Izar_replica1\J2_0.32\D_6\orientation_1\dimer-plaquette\replica_1\h_0p005\D_6_chi_72_energy_magnetization_correlation.txt
0.32,dimer-plaquette,6,-0.003,-0.4206637948983,True,"median within (D, branch, h)",338bb54d25724a,D:\HyraiOn\ENS_Lyon\Internship\2026-EPFL\data\distinVBCsSmallH\Results_Izar_replica1\J2_0.32\D_6\orientation_1\dimer-plaquette\replica_1\h_0p003\D_6_chi_72_energy_magnetization_correlation.txt
0.32,dimer-plaquette,6,-0.002,-0.420384299753,True,"median within (D, branch, h)",2d13c7a04b739f,D:\HyraiOn\ENS_Lyon\Internship\2026-EPFL\data\distinVBCsSmallH\Results_Izar_replica1\J2_0.32\D_6\orientation_1\dimer-plaquette\replica_1\h_0p002\D_6_chi_72_energy_magnetization_correlation.txt
0.32,dimer-plaquette,6,-0.001,-0.4201041809241,True,"median within (D, branch, h)",88a682cff68acc,D:\HyraiOn\ENS_Lyon\Internship\2026-EPFL\data\distinVBCsSmallH\Results_Izar_replica1\J2_0.32\D_6\orientation_1\dimer-plaquette\replica_1\h_0p001\D_6_chi_72_energy_magnetization_correlation.txt
0.32,dimer-plaquette,6,0.0,-0.419828551119,True,"median within (D, branch, h)",4592de3f5f31c6,D:\HyraiOn\ENS_Lyon\Internship\2026-EPFL\data\distinVBCsSmallH\Results_Izar_replica1\J2_0.32\D_6\orientation_1\dimer-plaquette\replica_1\h_0\D_6_chi_72_energy_magnetization_correlation.txt
0.32,plaquette,6,0.002,-0.4195965412448,True,"median within (D, branch, h)",a744f1c0862922,D:\HyraiOn\ENS_Lyon\Internship\2026-EPFL\data\distinVBCsSmallH\Results_Izar_replica1\J2_0.32\D_6\orientation_1\plaquette\replica_1\h_0p002\D_6_chi_72_energy_magnetization_correlation.txt
0.32,plaquette,6,0.003,-0.419908704045,True,"median within (D, branch, h)",5e30b1a108db08,D:\HyraiOn\ENS_Lyon\Internship\2026-EPFL\data\distinVBCsSmallH\Results_Izar_replica1\J2_0.32\D_6\orientation_1\plaquette\replica_1\h_0p003\D_6_chi_72_energy_magnetization_correlation.txt
0.32,plaquette,6,0.005,-0.4205480017226,True,"median within (D, branch, h)",53b6b779febde5,D:\HyraiOn\ENS_Lyon\Internship\2026-EPFL\data\distinVBCs\Results_Izar_replica1\J2_0.32\D_6\orientation_1\plaquette\replica_1\h_0p005\D_6_chi_72_energy_magnetization_correlation.txt
0.32,plaquette,6,0.01,-0.4227252032687,True,"median within (D, branch, h)",8ddf65fc444fad,D:\HyraiOn\ENS_Lyon\Internship\2026-EPFL\data\distinVBCsJ2Continuation\LastIzar\Results_LastIzar\task_pin_D6_h0p01_adam\J2_0p32\h_0p01\D_6_chi_72_energy_magnetization_correlation.txt
0.32,plaquette,6,0.01,-0.422144151705,True,"median within (D, branch, h)",b958e61d7554f8,D:\HyraiOn\ENS_Lyon\Internship\2026-EPFL\data\distinVBCs\Results_Izar_replica1\J2_0.32\D_6\orientation_1\plaquette\replica_1\h_0p01\D_6_chi_72_energy_magnetization_correlation.txt
0.32,plaquette,6,0.02,-0.4261991786887,True,"median within (D, branch, h)",b23f14a4b92ae3,D:\HyraiOn\ENS_Lyon\Internship\2026-EPFL\data\distinVBCsJ2Continuation\LastIzar\Results_LastIzar\task_pin_D6_h0p02_adam\J2_0p32\h_0p02\D_6_chi_72_energy_magnetization_correlation.txt
0.32,plaquette,6,0.02,-0.4261980717687,True,"median within (D, branch, h)",377d00960d773e,D:\HyraiOn\ENS_Lyon\Internship\2026-EPFL\data\distinVBCsJ2Continuation\LastIzar\Results_LastIzar\task_pin_D6_h0p02_lbfgs\J2_0p32\h_0p02\D_6_chi_72_energy_magnetization_correlation.txt
0.32,plaquette,6,0.02,-0.4257712048165,True,"median within (D, branch, h)",1ea772bb0dee26,D:\HyraiOn\ENS_Lyon\Internship\2026-EPFL\data\distinVBCs\Results_Izar_replica1\J2_0.32\D_6\orientation_1\plaquette\replica_1\h_0p02\D_6_chi_72_energy_magnetization_correlation.txt
0.32,plaquette,6,0.03,-0.4299285446373,True,"median within (D, branch, h)",79ec363ce65415,D:\HyraiOn\ENS_Lyon\Internship\2026-EPFL\data\distinVBCsJ2Continuation\LastIzar\Results_LastIzar\task_pin_D6_h0p03_adam\J2_0p32\h_0p03\D_6_chi_72_energy_magnetization_correlation.txt
0.32,plaquette,6,0.04,-0.4335524733245,True,"median within (D, branch, h)",a88e80b3b96596,D:\HyraiOn\ENS_Lyon\Internship\2026-EPFL\data\distinVBCs\Results_Izar_replica1\J2_0.32\D_6\orientation_1\plaquette\replica_1\h_0p04\D_6_chi_72_energy_magnetization_correlation.txt
0.32,plaquette,6,0.08,-0.4505984733877,True,"median within (D, branch, h)",95f8c0bb685157,D:\HyraiOn\ENS_Lyon\Internship\2026-EPFL\data\distinVBCs\Results_Izar_replica1\J2_0.32\D_6\orientation_1\plaquette\replica_1\h_0p08\D_6_chi_72_energy_magnetization_correlation.txt
0.32,dimer-plaquette,7,-0.08,-0.4562686444849,True,"median within (D, branch, h)",3ba2e6b9257fa6,D:\HyraiOn\ENS_Lyon\Internship\2026-EPFL\data\distinVBCs\Results_Izar_replica1\J2_0.32\D_7\orientation_2\dimer-plaquette\replica_1\h_0p08\D_7_chi_91_energy_magnetization_correlation.txt
0.32,dimer-plaquette,7,-0.04,-0.4353528220192,True,"median within (D, branch, h)",818d0a49ea308c,D:\HyraiOn\ENS_Lyon\Internship\2026-EPFL\data\distinVBCs\Results_Izar_replica1\J2_0.32\D_7\orientation_2\dimer-plaquette\replica_1\h_0p04\D_7_chi_91_energy_magnetization_correlation.txt
0.32,dimer-plaquette,7,-0.02,-0.4268739244667,True,"median within (D, branch, h)",56c0b749515a92,D:\HyraiOn\ENS_Lyon\Internship\2026-EPFL\data\distinVBCs\Results_Izar_replica1\J2_0.32\D_7\orientation_2\dimer-plaquette\replica_1\h_0p02\D_7_chi_91_energy_magnetization_correlation.txt
0.32,dimer-plaquette,7,-0.01,-0.4233080803377,True,"median within (D, branch, h)",df90d0744a0984,D:\HyraiOn\ENS_Lyon\Internship\2026-EPFL\data\distinVBCs\Results_Izar_replica1\J2_0.32\D_7\orientation_2\dimer-plaquette\replica_1\h_0p01\D_7_chi_91_energy_magnetization_correlation.txt
0.32,dimer-plaquette,7,-0.005,-0.4217312505058,True,"median within (D, branch, h)",4043eb6650680a,D:\HyraiOn\ENS_Lyon\Internship\2026-EPFL\data\distinVBCsSmallH\Results_Izar_replica1\J2_0.32\D_7\orientation_2\dimer-plaquette\replica_1\h_0p005\D_7_chi_91_energy_magnetization_correlation.txt
0.32,dimer-plaquette,7,-0.003,-0.4211433556051,True,"median within (D, branch, h)",dbe0acafcc9e1f,D:\HyraiOn\ENS_Lyon\Internship\2026-EPFL\data\distinVBCsSmallH\Results_Izar_replica1\J2_0.32\D_7\orientation_2\dimer-plaquette\replica_1\h_0p003\D_7_chi_91_energy_magnetization_correlation.txt
0.32,dimer-plaquette,7,-0.002,-0.4208590907933,True,"median within (D, branch, h)",e061285895a8eb,D:\HyraiOn\ENS_Lyon\Internship\2026-EPFL\data\distinVBCsSmallH\Results_Izar_replica1\J2_0.32\D_7\orientation_2\dimer-plaquette\replica_1\h_0p002\D_7_chi_91_energy_magnetization_correlation.txt
0.32,dimer-plaquette,7,-0.001,-0.4205813936054,True,"median within (D, branch, h)",4c81fb05ef01a8,D:\HyraiOn\ENS_Lyon\Internship\2026-EPFL\data\distinVBCsSmallH\Results_Izar_replica1\J2_0.32\D_7\orientation_2\dimer-plaquette\replica_1\h_0p001\D_7_chi_91_energy_magnetization_correlation.txt
0.32,dimer-plaquette,7,0.0,-0.420311264151,True,"median within (D, branch, h)",03fbe78d50870d,D:\HyraiOn\ENS_Lyon\Internship\2026-EPFL\data\distinVBCsJ2Continuation\Results_Izar_J2_sequences\s002_J2_0p3_D_7_dimer-plaquette\right\insurance_1\J2_0p32\D_7_chi_91_energy_magnetization_correlation.txt
0.32,dimer-plaquette,7,0.0,-0.4203112065525,True,"median within (D, branch, h)",1fb43d30a136fd,D:\HyraiOn\ENS_Lyon\Internship\2026-EPFL\data\distinVBCsJ2Continuation\Results_Izar_J2_sequences\s002_J2_0p3_D_7_dimer-plaquette\right\insurance_2\J2_0p32\D_7_chi_91_energy_magnetization_correlation.txt
0.32,dimer-plaquette,7,0.0,-0.4203110476658,True,"median within (D, branch, h)",1836b6510d4ea7,D:\HyraiOn\ENS_Lyon\Internship\2026-EPFL\data\distinVBCsSmallH\Results_Izar_replica1\J2_0.32\D_7\orientation_2\dimer-plaquette\replica_1\h_0\D_7_chi_91_energy_magnetization_correlation.txt
0.32,plaquette,7,0.0,-0.4203608120919,True,"median within (D, branch, h)",a5037e8710489c,D:\HyraiOn\ENS_Lyon\Internship\2026-EPFL\data\distinVBCsJ2Continuation\Results_Izar_J2_sequences\s001_J2_0p28_D_7_plaquette\right\insurance_2\J2_0p32\D_7_chi_91_energy_magnetization_correlation.txt
0.32,plaquette,7,0.0,-0.4203523477597,True,"median within (D, branch, h)",581f7c6033a211,D:\HyraiOn\ENS_Lyon\Internship\2026-EPFL\data\distinVBCsJ2Continuation\Results_Izar_J2_sequences\s001_J2_0p28_D_7_plaquette\right\insurance_1\J2_0p32\D_7_chi_91_energy_magnetization_correlation.txt
0.32,plaquette,7,0.0,-0.4202990395408,True,"median within (D, branch, h)",4a06bc3b96e121,D:\HyraiOn\ENS_Lyon\Internship\2026-EPFL\data\distinVBCsSmallH\Results_Izar_replica1\J2_0.32\D_7\orientation_2\plaquette\replica_1\h_0\D_7_chi_91_energy_magnetization_correlation.txt
0.32,plaquette,7,0.001,-0.4205455773824,True,"median within (D, branch, h)",c8ec32fb2f0213,D:\HyraiOn\ENS_Lyon\Internship\2026-EPFL\data\distinVBCsSmallH\Results_Izar_replica1\J2_0.32\D_7\orientation_2\plaquette\replica_1\h_0p001\D_7_chi_91_energy_magnetization_correlation.txt
0.32,plaquette,7,0.002,-0.4208042640075,True,"median within (D, branch, h)",d739ea9d755d96,D:\HyraiOn\ENS_Lyon\Internship\2026-EPFL\data\distinVBCsSmallH\Results_Izar_replica1\J2_0.32\D_7\orientation_2\plaquette\replica_1\h_0p002\D_7_chi_91_energy_magnetization_correlation.txt
0.32,plaquette,7,0.003,-0.421089557523,True,"median within (D, branch, h)",c993e1d541eddd,D:\HyraiOn\ENS_Lyon\Internship\2026-EPFL\data\distinVBCsSmallH\Results_Izar_replica1\J2_0.32\D_7\orientation_2\plaquette\replica_1\h_0p003\D_7_chi_91_energy_magnetization_correlation.txt
0.32,plaquette,7,0.005,-0.4216814210872,True,"median within (D, branch, h)",e54b33d43fc1a1,D:\HyraiOn\ENS_Lyon\Internship\2026-EPFL\data\distinVBCsSmallH\Results_Izar_replica1\J2_0.32\D_7\orientation_2\plaquette\replica_1\h_0p005\D_7_chi_91_energy_magnetization_correlation.txt
0.32,plaquette,7,0.08,-0.4510714670595,True,"median within (D, branch, h)",1f28fb59083d3d,D:\HyraiOn\ENS_Lyon\Internship\2026-EPFL\data\distinVBCs\Results_Izar_replica1\J2_0.32\D_7\orientation_2\plaquette\replica_1\h_0p08\D_7_chi_91_energy_magnetization_correlation.txt
0.32,dimer-plaquette,8,-0.08,-0.456217356829,True,"median within (D, branch, h)",8edbaa3e122271,D:\HyraiOn\ENS_Lyon\Internship\2026-EPFL\data\distinVBCs\Results_Izar_replica1\J2_0.32\D_8\orientation_0\dimer-plaquette\replica_1\h_0p08\D_8_chi_104_energy_magnetization_correlation.txt
0.32,dimer-plaquette,8,-0.08,-0.4561733134706,True,"median within (D, branch, h)",a2ebce7a0dd8fd,D:\HyraiOn\ENS_Lyon\Internship\2026-EPFL\6-AD-CTMRG\models\VBCPinningClusterBundle\Results_VBC_branches\J2_0.32\D_8\orientation_0\dimer-plaquette\replica_1\h_0p08\D_8_chi_104_energy_magnetization_correlation.txt
0.32,dimer-plaquette,8,-0.04,-0.4351844340206,True,"median within (D, branch, h)",9c698c2bcca631,D:\HyraiOn\ENS_Lyon\Internship\2026-EPFL\data\distinVBCs\Results_Izar_replica1\J2_0.32\D_8\orientation_0\dimer-plaquette\replica_1\h_0p04\D_8_chi_104_energy_magnetization_correlation.txt
0.32,dimer-plaquette,8,-0.04,-0.4350802355913,True,"median within (D, branch, h)",947a403d087e10,D:\HyraiOn\ENS_Lyon\Internship\2026-EPFL\6-AD-CTMRG\models\VBCPinningClusterBundle\Results_VBC_branches\J2_0.32\D_8\orientation_0\dimer-plaquette\replica_2\h_0p04\D_8_chi_104_energy_magnetization_correlation.txt
0.32,dimer-plaquette,8,-0.02,-0.4270682145351,True,"median within (D, branch, h)",6beb5c9b91304b,D:\HyraiOn\ENS_Lyon\Internship\2026-EPFL\6-AD-CTMRG\models\VBCPinningClusterBundle\Results_VBC_branches\J2_0.32\D_8\orientation_0\dimer-plaquette\replica_2\h_0p02\D_8_chi_104_energy_magnetization_correlation.txt
0.32,dimer-plaquette,8,-0.02,-0.4266375856052,True,"median within (D, branch, h)",039409eac57c8c,D:\HyraiOn\ENS_Lyon\Internship\2026-EPFL\data\distinVBCs\Results_Izar_replica1\J2_0.32\D_8\orientation_0\dimer-plaquette\replica_1\h_0p02\D_8_chi_104_energy_magnetization_correlation.txt
0.32,dimer-plaquette,8,-0.01,-0.4235721635574,True,"median within (D, branch, h)",eb402ded8c8617,D:\HyraiOn\ENS_Lyon\Internship\2026-EPFL\6-AD-CTMRG\models\VBCPinningClusterBundle\Results_VBC_branches\J2_0.32\D_8\orientation_0\dimer-plaquette\replica_2\h_0p01\D_8_chi_104_energy_magnetization_correlation.txt
0.32,dimer-plaquette,8,-0.01,-0.4230323035054,True,"median within (D, branch, h)",c3ef346482a858,D:\HyraiOn\ENS_Lyon\Internship\2026-EPFL\data\distinVBCs\Results_Izar_replica1\J2_0.32\D_8\orientation_0\dimer-plaquette\replica_1\h_0p01\D_8_chi_104_energy_magnetization_correlation.txt
0.32,dimer-plaquette,8,-0.005,-0.4215933115521,True,"median within (D, branch, h)",0cb90b92a733f8,D:\HyraiOn\ENS_Lyon\Internship\2026-EPFL\data\distinVBCsSmallH\Results_Izar_replica1\J2_0.32\D_8\orientation_0\dimer-plaquette\replica_1\h_0p005\D_8_chi_104_energy_magnetization_correlation.txt
0.32,dimer-plaquette,8,-0.003,-0.4210396817256,True,"median within (D, branch, h)",966a40a769c1c7,D:\HyraiOn\ENS_Lyon\Internship\2026-EPFL\data\distinVBCsSmallH\Results_Izar_replica1\J2_0.32\D_8\orientation_0\dimer-plaquette\replica_1\h_0p003\D_8_chi_104_energy_magnetization_correlation.txt
0.32,dimer-plaquette,8,-0.002,-0.4207736045483,True,"median within (D, branch, h)",30a43ccb81e7aa,D:\HyraiOn\ENS_Lyon\Internship\2026-EPFL\data\distinVBCsSmallH\Results_Izar_replica1\J2_0.32\D_8\orientation_0\dimer-plaquette\replica_1\h_0p002\D_8_chi_104_energy_magnetization_correlation.txt
0.32,dimer-plaquette,8,0.0,-0.4207104189825,True,"median within (D, branch, h)",c875ed8a94049b,D:\HyraiOn\ENS_Lyon\Internship\2026-EPFL\data\distinVBCsJ2Continuation\Results_Izar_J2_sequences\s004_J2_0p3_D_8_dimer-plaquette\right\insurance_1\J2_0p32\D_8_chi_104_energy_magnetization_correlation.txt
0.32,dimer-plaquette,8,0.0,-0.4207088623851,True,"median within (D, branch, h)",6b1210d5a069ef,D:\HyraiOn\ENS_Lyon\Internship\2026-EPFL\data\distinVBCsJ2Continuation\Results_Izar_J2_sequences\s004_J2_0p3_D_8_dimer-plaquette\right\insurance_2\J2_0p32\D_8_chi_104_energy_magnetization_correlation.txt
0.32,dimer-plaquette,8,0.0,-0.4206958427006,True,"median within (D, branch, h)",2f6f858ed6ab8d,D:\HyraiOn\ENS_Lyon\Internship\2026-EPFL\6-AD-CTMRG\models\VBCPinningClusterBundle\Results_VBC_branches\J2_0.32\D_8\orientation_0\dimer-plaquette\replica_2\h_0p0\D_8_chi_104_energy_magnetization_correlation.txt
0.32,plaquette,8,0.0,-0.4207334366194,True,"median within (D, branch, h)",f972cca67b6a65,D:\HyraiOn\ENS_Lyon\Internship\2026-EPFL\data\distinVBCsJ2Continuation\Results_Izar_J2_sequences\s003_J2_0p28_D_8_plaquette\right\insurance_1\J2_0p32\D_8_chi_104_energy_magnetization_correlation.txt
0.32,plaquette,8,0.0,-0.420732815962,True,"median within (D, branch, h)",eb47b95395acce,D:\HyraiOn\ENS_Lyon\Internship\2026-EPFL\data\distinVBCs\Results_Izar_replica1\J2_0.32\D_8\orientation_0\plaquette\replica_1\h_0p0\D_8_chi_104_energy_magnetization_correlation.txt
0.32,plaquette,8,0.0,-0.4207323033562,True,"median within (D, branch, h)",ecf5530a2959f5,D:\HyraiOn\ENS_Lyon\Internship\2026-EPFL\data\distinVBCsJ2Continuation\Results_Izar_J2_sequences\s003_J2_0p28_D_8_plaquette\right\insurance_2\J2_0p32\D_8_chi_104_energy_magnetization_correlation.txt
0.32,plaquette,8,0.0,-0.420729430174,True,"median within (D, branch, h)",e071721f25be07,D:\HyraiOn\ENS_Lyon\Internship\2026-EPFL\data\distinVBCsSmallH\Results_Izar_replica1\J2_0.32\D_8\orientation_0\plaquette\replica_1\h_0\D_8_chi_104_energy_magnetization_correlation.txt
0.32,plaquette,8,0.001,-0.4209768443552,True,"median within (D, branch, h)",45827cbc856831,D:\HyraiOn\ENS_Lyon\Internship\2026-EPFL\data\distinVBCsSmallH\Results_Izar_replica1\J2_0.32\D_8\orientation_0\plaquette\replica_1\h_0p001\D_8_chi_104_energy_magnetization_correlation.txt
0.32,plaquette,8,0.002,-0.4212437800827,True,"median within (D, branch, h)",e11d3f171df086,D:\HyraiOn\ENS_Lyon\Internship\2026-EPFL\data\distinVBCsSmallH\Results_Izar_replica1\J2_0.32\D_8\orientation_0\plaquette\replica_1\h_0p002\D_8_chi_104_energy_magnetization_correlation.txt
0.32,plaquette,8,0.003,-0.4215135142003,True,"median within (D, branch, h)",c33a0cf8386367,D:\HyraiOn\ENS_Lyon\Internship\2026-EPFL\data\distinVBCsSmallH\Results_Izar_replica1\J2_0.32\D_8\orientation_0\plaquette\replica_1\h_0p003\D_8_chi_104_energy_magnetization_correlation.txt
0.32,plaquette,8,0.005,-0.4220709246986,True,"median within (D, branch, h)",df429c6b6f1869,D:\HyraiOn\ENS_Lyon\Internship\2026-EPFL\data\distinVBCsSmallH\Results_Izar_replica1\J2_0.32\D_8\orientation_0\plaquette\replica_1\h_0p005\D_8_chi_104_energy_magnetization_correlation.txt
0.32,plaquette,8,0.01,-0.4235840400237,True,"median within (D, branch, h)",90132c3cba02f1,D:\HyraiOn\ENS_Lyon\Internship\2026-EPFL\data\distinVBCs\Results_Izar_replica1\J2_0.32\D_8\orientation_0\plaquette\replica_1\h_0p01\D_8_chi_104_energy_magnetization_correlation.txt
0.32,plaquette,8,0.02,-0.4269367829376,True,"median within (D, branch, h)",eb366d24d12ab5,D:\HyraiOn\ENS_Lyon\Internship\2026-EPFL\data\distinVBCs\Results_Izar_replica1\J2_0.32\D_8\orientation_0\plaquette\replica_1\h_0p02\D_8_chi_104_energy_magnetization_correlation.txt
0.32,plaquette,8,0.02,-0.4268095343825,True,"median within (D, branch, h)",436bd05d7cad5b,D:\HyraiOn\ENS_Lyon\Internship\2026-EPFL\6-AD-CTMRG\models\VBCPinningClusterBundle\Results_VBC_branches\J2_0.32\D_8\orientation_0\plaquette\replica_2\h_0p02\D_8_chi_104_energy_magnetization_correlation.txt
0.32,plaquette,8,0.04,-0.434451074179,True,"median within (D, branch, h)",689ce84c0094ef,D:\HyraiOn\ENS_Lyon\Internship\2026-EPFL\6-AD-CTMRG\models\VBCPinningClusterBundle\Results_VBC_branches\J2_0.32\D_8\orientation_0\plaquette\replica_1\h_0p04\D_8_chi_104_energy_magnetization_correlation.txt
0.32,plaquette,8,0.04,-0.4344489098629,True,"median within (D, branch, h)",aa56b2cccde849,D:\HyraiOn\ENS_Lyon\Internship\2026-EPFL\data\distinVBCs\Results_Izar_replica1\J2_0.32\D_8\orientation_0\plaquette\replica_1\h_0p04\D_8_chi_104_energy_magnetization_correlation.txt
0.32,plaquette,8,0.08,-0.4511759092223,True,"median within (D, branch, h)",9921560a2c01e9,D:\HyraiOn\ENS_Lyon\Internship\2026-EPFL\6-AD-CTMRG\models\VBCPinningClusterBundle\Results_VBC_branches\J2_0.32\D_8\orientation_0\plaquette\replica_1\h_0p08\D_8_chi_104_energy_magnetization_correlation.txt
0.32,plaquette,8,0.08,-0.4511679627849,True,"median within (D, branch, h)",989232cc59c333,D:\HyraiOn\ENS_Lyon\Internship\2026-EPFL\data\distinVBCs\Results_Izar_replica1\J2_0.32\D_8\orientation_0\plaquette\replica_1\h_0p08\D_8_chi_104_energy_magnetization_correlation.txt
0.32,dimer-plaquette,9,-0.08,-0.4563248469426,True,"median within (D, branch, h)",54a2fde9962cfc,D:\HyraiOn\ENS_Lyon\Internship\2026-EPFL\data\distinVBCs\Results_Izar_replica1\J2_0.32\D_9\orientation_2\dimer-plaquette\replica_1\h_0p08\D_9_chi_108_energy_magnetization_correlation.txt
0.32,dimer-plaquette,9,-0.04,-0.4354982391485,True,"median within (D, branch, h)",0190ef313afe56,D:\HyraiOn\ENS_Lyon\Internship\2026-EPFL\data\distinVBCs\Results_Izar_replica1\J2_0.32\D_9\orientation_2\dimer-plaquette\replica_1\h_0p04\D_9_chi_108_energy_magnetization_correlation.txt
0.32,dimer-plaquette,9,-0.04,-0.4354919633917,True,"median within (D, branch, h)",0ef16f2d932ffa,D:\HyraiOn\ENS_Lyon\Internship\2026-EPFL\6-AD-CTMRG\models\VBCPinningClusterBundle\Results_VBC_branches\J2_0.32\D_9\orientation_2\dimer-plaquette\replica_2\h_0p04\D_9_chi_108_energy_magnetization_correlation.txt
0.32,dimer-plaquette,9,-0.02,-0.4270933475426,True,"median within (D, branch, h)",5a4ac4ef89cba7,D:\HyraiOn\ENS_Lyon\Internship\2026-EPFL\6-AD-CTMRG\models\VBCPinningClusterBundle\Results_VBC_branches\J2_0.32\D_9\orientation_2\dimer-plaquette\replica_2\h_0p02\D_9_chi_108_energy_magnetization_correlation.txt
0.32,dimer-plaquette,9,-0.02,-0.427092311829,True,"median within (D, branch, h)",f1dfb8eaeb8d74,D:\HyraiOn\ENS_Lyon\Internship\2026-EPFL\data\distinVBCs\Results_Izar_replica1\J2_0.32\D_9\orientation_2\dimer-plaquette\replica_1\h_0p02\D_9_chi_108_energy_magnetization_correlation.txt
0.32,dimer-plaquette,9,-0.01,-0.4236025368616,True,"median within (D, branch, h)",09830853dce916,D:\HyraiOn\ENS_Lyon\Internship\2026-EPFL\data\distinVBCs\Results_Izar_replica1\J2_0.32\D_9\orientation_2\dimer-plaquette\replica_1\h_0p01\D_9_chi_108_energy_magnetization_correlation.txt
0.32,dimer-plaquette,9,0.0,-0.4209447191085,True,"median within (D, branch, h)",f7e5002c22da1e,D:\HyraiOn\ENS_Lyon\Internship\2026-EPFL\data\distinVBCsJ2Continuation\Results_Izar_J2_sequences\s102_J2_0p3_D_9_dimer-plaquette\right\insurance_1\J2_0p32\D_9_chi_108_energy_magnetization_correlation.txt
0.32,dimer-plaquette,9,0.0,-0.4209273247182,True,"median within (D, branch, h)",6026949a917b5d,D:\HyraiOn\ENS_Lyon\Internship\2026-EPFL\data\distinVBCsJ2Continuation\Results_Izar_J2_sequences\s102_J2_0p3_D_9_dimer-plaquette\right\insurance_2\J2_0p32\D_9_chi_108_energy_magnetization_correlation.txt
0.32,dimer-plaquette,9,0.0,-0.4209100051654,True,"median within (D, branch, h)",2daa90fd952447,D:\HyraiOn\ENS_Lyon\Internship\2026-EPFL\data\distinVBCsJ2Continuation\Results_Izar_J2_sequences\s101_J2_0p28_D_9_dimer-plaquette\right\insurance_2\J2_0p32\D_9_chi_108_energy_magnetization_correlation.txt
0.32,dimer-plaquette,9,0.0,-0.4209097082142,True,"median within (D, branch, h)",2a1991c86daf35,D:\HyraiOn\ENS_Lyon\Internship\2026-EPFL\data\distinVBCsJ2Continuation\Results_Izar_J2_sequences\s101_J2_0p28_D_9_dimer-plaquette\right\insurance_1\J2_0p32\D_9_chi_108_energy_magnetization_correlation.txt
0.32,dimer-plaquette,9,0.0,-0.4207984687708,True,"median within (D, branch, h)",b38e634879512d,D:\HyraiOn\ENS_Lyon\Internship\2026-EPFL\data\distinVBCsJ2Continuation\Results_Izar_J2_sequences\s006_J2_0p33_D_9_dimer-plaquette\left\insurance_2\J2_0p32\D_9_chi_108_energy_magnetization_correlation.txt
0.32,dimer-plaquette,9,0.0,-0.4207920477476,True,"median within (D, branch, h)",21589ad1cea340,D:\HyraiOn\ENS_Lyon\Internship\2026-EPFL\data\distinVBCsJ2Continuation\Results_Izar_J2_sequences\s006_J2_0p33_D_9_dimer-plaquette\left\insurance_1\J2_0p32\D_9_chi_108_energy_magnetization_correlation.txt
0.32,plaquette,9,0.0,-0.4209380740329,True,"median within (D, branch, h)",8d50737a0421fc,D:\HyraiOn\ENS_Lyon\Internship\2026-EPFL\data\distinVBCsJ2Continuation\Results_Izar_J2_sequences\s005_J2_0p3_D_9_plaquette\right\insurance_2\J2_0p32\D_9_chi_108_energy_magnetization_correlation.txt
0.32,plaquette,9,0.0,-0.4209349773521,True,"median within (D, branch, h)",65ce4ce0753b43,D:\HyraiOn\ENS_Lyon\Internship\2026-EPFL\data\distinVBCsJ2Continuation\Results_Izar_J2_sequences\s005_J2_0p3_D_9_plaquette\right\insurance_1\J2_0p32\D_9_chi_108_energy_magnetization_correlation.txt
0.32,plaquette,9,0.0,-0.4209318215406,True,"median within (D, branch, h)",4a3b97648e2a7a,D:\HyraiOn\ENS_Lyon\Internship\2026-EPFL\data\distinVBCs\Results_Izar_replica1\J2_0.32\D_9\orientation_2\plaquette\replica_1\h_0p0\D_9_chi_108_energy_magnetization_correlation.txt
0.32,plaquette,9,0.0,-0.42089742886,True,"median within (D, branch, h)",2dc083643cd88d,D:\HyraiOn\ENS_Lyon\Internship\2026-EPFL\data\distinVBCsJ2Continuation\Results_Izar_J2_sequences\s103_J2_0p31_D_9_plaquette\right\insurance_2\J2_0p32\D_9_chi_108_energy_magnetization_correlation.txt
0.32,plaquette,9,0.0,-0.420894142858,True,"median within (D, branch, h)",a891b32f52f663,D:\HyraiOn\ENS_Lyon\Internship\2026-EPFL\data\distinVBCsJ2Continuation\Results_Izar_J2_sequences\s103_J2_0p31_D_9_plaquette\right\insurance_1\J2_0p32\D_9_chi_108_energy_magnetization_correlation.txt
0.32,plaquette,9,0.01,-0.4236937171638,True,"median within (D, branch, h)",c79e6e1c437f89,D:\HyraiOn\ENS_Lyon\Internship\2026-EPFL\data\distinVBCs\Results_Izar_replica1\J2_0.32\D_9\orientation_2\plaquette\replica_1\h_0p01\D_9_chi_108_energy_magnetization_correlation.txt
0.32,plaquette,9,0.02,-0.4270248622258,True,"median within (D, branch, h)",09bc3ea4954184,D:\HyraiOn\ENS_Lyon\Internship\2026-EPFL\data\distinVBCs\Results_Izar_replica1\J2_0.32\D_9\orientation_2\plaquette\replica_1\h_0p02\D_9_chi_108_energy_magnetization_correlation.txt
0.32,plaquette,9,0.02,-0.4263400032173,True,"median within (D, branch, h)",4120deeca6dd6c,D:\HyraiOn\ENS_Lyon\Internship\2026-EPFL\6-AD-CTMRG\models\VBCPinningClusterBundle\Results_VBC_branches\J2_0.32\D_9\orientation_2\plaquette\replica_2\h_0p02\D_9_chi_108_energy_magnetization_correlation.txt
0.32,plaquette,9,0.04,-0.4345068663057,True,"median within (D, branch, h)",fd0499de368724,D:\HyraiOn\ENS_Lyon\Internship\2026-EPFL\data\distinVBCs\Results_Izar_replica1\J2_0.32\D_9\orientation_2\plaquette\replica_1\h_0p04\D_9_chi_108_energy_magnetization_correlation.txt
0.32,plaquette,9,0.08,-0.4512193019946,True,"median within (D, branch, h)",55d633e4e33384,D:\HyraiOn\ENS_Lyon\Internship\2026-EPFL\data\distinVBCs\Results_Izar_replica1\J2_0.32\D_9\orientation_2\plaquette\replica_1\h_0p08\D_9_chi_108_energy_magnetization_correlation.txt
0.33,dimer-plaquette,6,-0.005,-0.4194591605574,True,"median within (D, branch, h)",c03aa332c18b66,D:\HyraiOn\ENS_Lyon\Internship\2026-EPFL\data\distinVBCsSmallH\Results_Izar_replica1\J2_0.33\D_6\orientation_2\dimer-plaquette\replica_1\h_0p005\D_6_chi_72_energy_magnetization_correlation.txt
0.33,dimer-plaquette,6,-0.003,-0.4188356243825,True,"median within (D, branch, h)",4c41e9b1d14f33,D:\HyraiOn\ENS_Lyon\Internship\2026-EPFL\data\distinVBCsSmallH\Results_Izar_replica1\J2_0.33\D_6\orientation_2\dimer-plaquette\replica_1\h_0p003\D_6_chi_72_energy_magnetization_correlation.txt
0.33,dimer-plaquette,6,-0.002,-0.4185334627128,True,"median within (D, branch, h)",915a43206f5de1,D:\HyraiOn\ENS_Lyon\Internship\2026-EPFL\data\distinVBCsSmallH\Results_Izar_replica1\J2_0.33\D_6\orientation_2\dimer-plaquette\replica_1\h_0p002\D_6_chi_72_energy_magnetization_correlation.txt
0.33,dimer-plaquette,6,-0.001,-0.4182379939798,True,"median within (D, branch, h)",c6b6958b9cfd78,D:\HyraiOn\ENS_Lyon\Internship\2026-EPFL\data\distinVBCsSmallH\Results_Izar_replica1\J2_0.33\D_6\orientation_2\dimer-plaquette\replica_1\h_0p001\D_6_chi_72_energy_magnetization_correlation.txt
0.33,dimer-plaquette,6,0.0,-0.4179491472139,True,"median within (D, branch, h)",c814a0426e91a8,D:\HyraiOn\ENS_Lyon\Internship\2026-EPFL\data\distinVBCsSmallH\Results_Izar_replica1\J2_0.33\D_6\orientation_2\dimer-plaquette\replica_1\h_0\D_6_chi_72_energy_magnetization_correlation.txt
0.33,plaquette,6,0.001,-0.4181875623898,True,"median within (D, branch, h)",3bd93c7c5181e4,D:\HyraiOn\ENS_Lyon\Internship\2026-EPFL\data\distinVBCsSmallH\Results_Izar_replica1\J2_0.33\D_6\orientation_2\plaquette\replica_1\h_0p001\D_6_chi_72_energy_magnetization_correlation.txt
0.33,plaquette,6,0.002,-0.4184518975317,True,"median within (D, branch, h)",7bc0d4e2a3fb6c,D:\HyraiOn\ENS_Lyon\Internship\2026-EPFL\data\distinVBCsSmallH\Results_Izar_replica1\J2_0.33\D_6\orientation_2\plaquette\replica_1\h_0p002\D_6_chi_72_energy_magnetization_correlation.txt
0.33,plaquette,6,0.003,-0.418739508127,True,"median within (D, branch, h)",33de3a0d2a6027,D:\HyraiOn\ENS_Lyon\Internship\2026-EPFL\data\distinVBCsSmallH\Results_Izar_replica1\J2_0.33\D_6\orientation_2\plaquette\replica_1\h_0p003\D_6_chi_72_energy_magnetization_correlation.txt
0.33,plaquette,6,0.005,-0.419347671587,True,"median within (D, branch, h)",78928a4c14712c,D:\HyraiOn\ENS_Lyon\Internship\2026-EPFL\data\distinVBCsSmallH\Results_Izar_replica1\J2_0.33\D_6\orientation_2\plaquette\replica_1\h_0p005\D_6_chi_72_energy_magnetization_correlation.txt
0.33,plaquette,6,0.04,-0.432238644968,True,"median within (D, branch, h)",af5fc62246d2f8,D:\HyraiOn\ENS_Lyon\Internship\2026-EPFL\data\distinVBCs\Results_Izar_replica1\J2_0.33\D_6\orientation_2\plaquette\replica_1\h_0p04\D_6_chi_72_energy_magnetization_correlation.txt
0.33,plaquette,6,0.08,-0.4492996287451,True,"median within (D, branch, h)",49762d76f35bb0,D:\HyraiOn\ENS_Lyon\Internship\2026-EPFL\data\distinVBCs\Results_Izar_replica1\J2_0.33\D_6\orientation_2\plaquette\replica_1\h_0p08\D_6_chi_72_energy_magnetization_correlation.txt
0.33,dimer-plaquette,7,-0.08,-0.4552904838903,True,"median within (D, branch, h)",aa8f19a5caae21,D:\HyraiOn\ENS_Lyon\Internship\2026-EPFL\data\distinVBCs\Results_Izar_replica1\J2_0.33\D_7\orientation_0\dimer-plaquette\replica_1\h_0p08\D_7_chi_91_energy_magnetization_correlation.txt
0.33,dimer-plaquette,7,-0.04,-0.433949914444,True,"median within (D, branch, h)",aa97e485d62587,D:\HyraiOn\ENS_Lyon\Internship\2026-EPFL\data\distinVBCs\Results_Izar_replica1\J2_0.33\D_7\orientation_0\dimer-plaquette\replica_1\h_0p04\D_7_chi_91_energy_magnetization_correlation.txt
0.33,dimer-plaquette,7,-0.005,-0.4199858986899,True,"median within (D, branch, h)",2ef293edfc8193,D:\HyraiOn\ENS_Lyon\Internship\2026-EPFL\data\distinVBCsSmallH\Results_Izar_replica1\J2_0.33\D_7\orientation_0\dimer-plaquette\replica_1\h_0p005\D_7_chi_91_energy_magnetization_correlation.txt
0.33,dimer-plaquette,7,-0.003,-0.419380364457,True,"median within (D, branch, h)",8c1ffef663bf72,D:\HyraiOn\ENS_Lyon\Internship\2026-EPFL\data\distinVBCsSmallH\Results_Izar_replica1\J2_0.33\D_7\orientation_0\dimer-plaquette\replica_1\h_0p003\D_7_chi_91_energy_magnetization_correlation.txt
0.33,dimer-plaquette,7,-0.002,-0.4190876351531,True,"median within (D, branch, h)",2937afe5d1d388,D:\HyraiOn\ENS_Lyon\Internship\2026-EPFL\data\distinVBCsSmallH\Results_Izar_replica1\J2_0.33\D_7\orientation_0\dimer-plaquette\replica_1\h_0p002\D_7_chi_91_energy_magnetization_correlation.txt
0.33,dimer-plaquette,7,-0.001,-0.4188008148883,True,"median within (D, branch, h)",c32ea7e17686bb,D:\HyraiOn\ENS_Lyon\Internship\2026-EPFL\data\distinVBCsSmallH\Results_Izar_replica1\J2_0.33\D_7\orientation_0\dimer-plaquette\replica_1\h_0p001\D_7_chi_91_energy_magnetization_correlation.txt
0.33,dimer-plaquette,7,0.0,-0.4185212001619,True,"median within (D, branch, h)",ded2b8a733bb31,D:\HyraiOn\ENS_Lyon\Internship\2026-EPFL\data\distinVBCsSmallH\Results_Izar_replica1\J2_0.33\D_7\orientation_0\dimer-plaquette\replica_1\h_0\D_7_chi_91_energy_magnetization_correlation.txt
0.33,plaquette,7,0.0,-0.4185093913333,True,"median within (D, branch, h)",f71afcbd1453f7,D:\HyraiOn\ENS_Lyon\Internship\2026-EPFL\data\distinVBCsSmallH\Results_Izar_replica1\J2_0.33\D_7\orientation_0\plaquette\replica_1\h_0\D_7_chi_91_energy_magnetization_correlation.txt
0.33,plaquette,7,0.001,-0.4187678167001,True,"median within (D, branch, h)",96d47e1c7d49b1,D:\HyraiOn\ENS_Lyon\Internship\2026-EPFL\data\distinVBCsSmallH\Results_Izar_replica1\J2_0.33\D_7\orientation_0\plaquette\replica_1\h_0p001\D_7_chi_91_energy_magnetization_correlation.txt
0.33,plaquette,7,0.002,-0.4190550717372,True,"median within (D, branch, h)",b1f7c60a7dae95,D:\HyraiOn\ENS_Lyon\Internship\2026-EPFL\data\distinVBCsSmallH\Results_Izar_replica1\J2_0.33\D_7\orientation_0\plaquette\replica_1\h_0p002\D_7_chi_91_energy_magnetization_correlation.txt
0.33,plaquette,7,0.003,-0.4193508969686,True,"median within (D, branch, h)",770345fc984043,D:\HyraiOn\ENS_Lyon\Internship\2026-EPFL\data\distinVBCsSmallH\Results_Izar_replica1\J2_0.33\D_7\orientation_0\plaquette\replica_1\h_0p003\D_7_chi_91_energy_magnetization_correlation.txt
0.33,plaquette,7,0.005,-0.4199441887866,True,"median within (D, branch, h)",db46660f0770ba,D:\HyraiOn\ENS_Lyon\Internship\2026-EPFL\data\distinVBCsSmallH\Results_Izar_replica1\J2_0.33\D_7\orientation_0\plaquette\replica_1\h_0p005\D_7_chi_91_energy_magnetization_correlation.txt
0.33,plaquette,7,0.04,-0.4328184543089,True,"median within (D, branch, h)",1a457289d4bba5,D:\HyraiOn\ENS_Lyon\Internship\2026-EPFL\data\distinVBCs\Results_Izar_replica1\J2_0.33\D_7\orientation_0\plaquette\replica_1\h_0p04\D_7_chi_91_energy_magnetization_correlation.txt
0.33,plaquette,7,0.08,-0.4498414909699,True,"median within (D, branch, h)",19d5371d44c5d5,D:\HyraiOn\ENS_Lyon\Internship\2026-EPFL\data\distinVBCs\Results_Izar_replica1\J2_0.33\D_7\orientation_0\plaquette\replica_1\h_0p08\D_7_chi_91_energy_magnetization_correlation.txt
0.33,dimer-plaquette,8,-0.005,-0.4203404826506,True,"median within (D, branch, h)",6424ecdf5a7199,D:\HyraiOn\ENS_Lyon\Internship\2026-EPFL\data\distinVBCsSmallH\Results_Izar_replica1\J2_0.33\D_8\orientation_2\dimer-plaquette\replica_1\h_0p005\D_8_chi_104_energy_magnetization_correlation.txt
0.33,dimer-plaquette,8,-0.003,-0.4197626358398,True,"median within (D, branch, h)",b9b54a077eb42e,D:\HyraiOn\ENS_Lyon\Internship\2026-EPFL\data\distinVBCsSmallH\Results_Izar_replica1\J2_0.33\D_8\orientation_2\dimer-plaquette\replica_1\h_0p003\D_8_chi_104_energy_magnetization_correlation.txt
0.33,dimer-plaquette,8,-0.002,-0.4194885514946,True,"median within (D, branch, h)",479f2e708286ce,D:\HyraiOn\ENS_Lyon\Internship\2026-EPFL\data\distinVBCsSmallH\Results_Izar_replica1\J2_0.33\D_8\orientation_2\dimer-plaquette\replica_1\h_0p002\D_8_chi_104_energy_magnetization_correlation.txt
0.33,dimer-plaquette,8,-0.001,-0.4192203841244,True,"median within (D, branch, h)",b0a3b694e2c1a8,D:\HyraiOn\ENS_Lyon\Internship\2026-EPFL\data\distinVBCsSmallH\Results_Izar_replica1\J2_0.33\D_8\orientation_2\dimer-plaquette\replica_1\h_0p001\D_8_chi_104_energy_magnetization_correlation.txt
0.33,dimer-plaquette,8,0.0,-0.4189600708328,True,"median within (D, branch, h)",9ff46aa6759b6f,D:\HyraiOn\ENS_Lyon\Internship\2026-EPFL\data\distinVBCsSmallH\Results_Izar_replica1\J2_0.33\D_8\orientation_2\dimer-plaquette\replica_1\h_0\D_8_chi_104_energy_magnetization_correlation.txt
0.33,plaquette,8,0.0,-0.4188584457697,True,"median within (D, branch, h)",59c9b5dcedde4c,D:\HyraiOn\ENS_Lyon\Internship\2026-EPFL\data\distinVBCsSmallH\Results_Izar_replica1\J2_0.33\D_8\orientation_2\plaquette\replica_1\h_0\D_8_chi_104_energy_magnetization_correlation.txt
0.33,plaquette,8,0.001,-0.4191330257821,True,"median within (D, branch, h)",e198c78aa637db,D:\HyraiOn\ENS_Lyon\Internship\2026-EPFL\data\distinVBCsSmallH\Results_Izar_replica1\J2_0.33\D_8\orientation_2\plaquette\replica_1\h_0p001\D_8_chi_104_energy_magnetization_correlation.txt
0.33,plaquette,8,0.002,-0.4194108807103,True,"median within (D, branch, h)",14b8b1cd483d49,D:\HyraiOn\ENS_Lyon\Internship\2026-EPFL\data\distinVBCsSmallH\Results_Izar_replica1\J2_0.33\D_8\orientation_2\plaquette\replica_1\h_0p002\D_8_chi_104_energy_magnetization_correlation.txt
0.33,plaquette,8,0.003,-0.4196958945339,True,"median within (D, branch, h)",08caba22e3d333,D:\HyraiOn\ENS_Lyon\Internship\2026-EPFL\data\distinVBCsSmallH\Results_Izar_replica1\J2_0.33\D_8\orientation_2\plaquette\replica_1\h_0p003\D_8_chi_104_energy_magnetization_correlation.txt
0.33,plaquette,8,0.005,-0.4202835944476,True,"median within (D, branch, h)",d97cbf1a6353f7,D:\HyraiOn\ENS_Lyon\Internship\2026-EPFL\data\distinVBCsSmallH\Results_Izar_replica1\J2_0.33\D_8\orientation_2\plaquette\replica_1\h_0p005\D_8_chi_104_energy_magnetization_correlation.txt
0.33,dimer-plaquette,9,-0.08,-0.4553239331987,True,"median within (D, branch, h)",c22675c616e015,D:\HyraiOn\ENS_Lyon\Internship\2026-EPFL\data\distinVBCs\Results_Izar_replica1\J2_0.33\D_9\orientation_1\dimer-plaquette\replica_1\h_0p08\D_9_chi_108_energy_magnetization_correlation.txt
0.33,dimer-plaquette,9,-0.04,-0.4340541422253,True,"median within (D, branch, h)",1b8d64c6d6851c,D:\HyraiOn\ENS_Lyon\Internship\2026-EPFL\data\distinVBCs\Results_Izar_replica1\J2_0.33\D_9\orientation_1\dimer-plaquette\replica_1\h_0p04\D_9_chi_108_energy_magnetization_correlation.txt
0.33,dimer-plaquette,9,-0.02,-0.4254750198281,True,"median within (D, branch, h)",f0998edadd3cbd,D:\HyraiOn\ENS_Lyon\Internship\2026-EPFL\data\distinVBCs\Results_Izar_replica1\J2_0.33\D_9\orientation_1\dimer-plaquette\replica_1\h_0p02\D_9_chi_108_energy_magnetization_correlation.txt
0.33,dimer-plaquette,9,-0.005,-0.4203579284091,True,"median within (D, branch, h)",da567e3f98883b,D:\HyraiOn\ENS_Lyon\Internship\2026-EPFL\data\distinVBCsSmallH\Results_Izar_replica1\J2_0.33\D_9\orientation_1\dimer-plaquette\replica_1\h_0p005\D_9_chi_108_energy_magnetization_correlation.txt
0.33,dimer-plaquette,9,-0.003,-0.4197863372798,True,"median within (D, branch, h)",204c88c2717c15,D:\HyraiOn\ENS_Lyon\Internship\2026-EPFL\data\distinVBCsSmallH\Results_Izar_replica1\J2_0.33\D_9\orientation_1\dimer-plaquette\replica_1\h_0p003\D_9_chi_108_energy_magnetization_correlation.txt
0.33,dimer-plaquette,9,-0.002,-0.4194938647228,True,"median within (D, branch, h)",14af0f09281ac4,D:\HyraiOn\ENS_Lyon\Internship\2026-EPFL\data\distinVBCsSmallH\Results_Izar_replica1\J2_0.33\D_9\orientation_1\dimer-plaquette\replica_1\h_0p002\D_9_chi_108_energy_magnetization_correlation.txt
0.33,dimer-plaquette,9,-0.001,-0.4192585477551,True,"median within (D, branch, h)",d86eabfd544d7e,D:\HyraiOn\ENS_Lyon\Internship\2026-EPFL\data\distinVBCsSmallH\Results_Izar_replica1\J2_0.33\D_9\orientation_1\dimer-plaquette\replica_1\h_0p001\D_9_chi_108_energy_magnetization_correlation.txt
0.33,dimer-plaquette,9,0.0,-0.4189979387198,True,"median within (D, branch, h)",ddf6b4f1e4023a,D:\HyraiOn\ENS_Lyon\Internship\2026-EPFL\data\distinVBCsSmallH\Results_Izar_replica1\J2_0.33\D_9\orientation_1\dimer-plaquette\replica_1\h_0\D_9_chi_108_energy_magnetization_correlation.txt
0.33,plaquette,9,0.0,-0.4191652260522,True,"median within (D, branch, h)",1cdee2c3e17b3d,D:\HyraiOn\ENS_Lyon\Internship\2026-EPFL\data\distinVBCsSmallH\Results_Izar_replica1\J2_0.33\D_9\orientation_1\plaquette\replica_1\h_0\D_9_chi_108_energy_magnetization_correlation.txt
0.33,plaquette,9,0.001,-0.4194263275782,True,"median within (D, branch, h)",fd295c206e5b95,D:\HyraiOn\ENS_Lyon\Internship\2026-EPFL\data\distinVBCsSmallH\Results_Izar_replica1\J2_0.33\D_9\orientation_1\plaquette\replica_1\h_0p001\D_9_chi_108_energy_magnetization_correlation.txt
0.33,plaquette,9,0.002,-0.4196850510446,True,"median within (D, branch, h)",e635dcab3e31ff,D:\HyraiOn\ENS_Lyon\Internship\2026-EPFL\data\distinVBCsSmallH\Results_Izar_replica1\J2_0.33\D_9\orientation_1\plaquette\replica_1\h_0p002\D_9_chi_108_energy_magnetization_correlation.txt
0.33,plaquette,9,0.003,-0.4199639467711,True,"median within (D, branch, h)",de7f8b225e124f,D:\HyraiOn\ENS_Lyon\Internship\2026-EPFL\data\distinVBCsSmallH\Results_Izar_replica1\J2_0.33\D_9\orientation_1\plaquette\replica_1\h_0p003\D_9_chi_108_energy_magnetization_correlation.txt
0.33,plaquette,9,0.005,-0.4205259005892,True,"median within (D, branch, h)",3a401b6205a232,D:\HyraiOn\ENS_Lyon\Internship\2026-EPFL\data\distinVBCs\Results_Izar_replica1\J2_0.33\D_9\orientation_1\plaquette\replica_1\h_0p005\D_9_chi_108_energy_magnetization_correlation.txt
0.33,plaquette,9,0.01,-0.4220706776462,True,"median within (D, branch, h)",539b1e3cc795b0,D:\HyraiOn\ENS_Lyon\Internship\2026-EPFL\data\distinVBCs\Results_Izar_replica1\J2_0.33\D_9\orientation_1\plaquette\replica_1\h_0p01\D_9_chi_108_energy_magnetization_correlation.txt
0.33,plaquette,9,0.02,-0.4254856094312,True,"median within (D, branch, h)",15ed67dc6cf3dd,D:\HyraiOn\ENS_Lyon\Internship\2026-EPFL\data\distinVBCs\Results_Izar_replica1\J2_0.33\D_9\orientation_1\plaquette\replica_1\h_0p02\D_9_chi_108_energy_magnetization_correlation.txt
0.33,plaquette,9,0.04,-0.4331076291641,True,"median within (D, branch, h)",8aca230422f4a0,D:\HyraiOn\ENS_Lyon\Internship\2026-EPFL\data\distinVBCs\Results_Izar_replica1\J2_0.33\D_9\orientation_1\plaquette\replica_1\h_0p04\D_9_chi_108_energy_magnetization_correlation.txt
0.33,plaquette,9,0.08,-0.4500203871739,True,"median within (D, branch, h)",34123063665184,D:\HyraiOn\ENS_Lyon\Internship\2026-EPFL\data\distinVBCs\Results_Izar_replica1\J2_0.33\D_9\orientation_1\plaquette\replica_1\h_0p08\D_9_chi_108_energy_magnetization_correlation.txt
0.34,dimer-plaquette,6,-0.005,-0.4177625889645,True,"median within (D, branch, h)",98baeb8f5d41d2,D:\HyraiOn\ENS_Lyon\Internship\2026-EPFL\data\distinVBCsSmallH\Results_Izar_replica1\J2_0.34\D_6\orientation_2\dimer-plaquette\replica_1\h_0p005\D_6_chi_72_energy_magnetization_correlation.txt
0.34,dimer-plaquette,6,-0.003,-0.4171198843012,True,"median within (D, branch, h)",17eec7eb6e217f,D:\HyraiOn\ENS_Lyon\Internship\2026-EPFL\data\distinVBCsSmallH\Results_Izar_replica1\J2_0.34\D_6\orientation_2\dimer-plaquette\replica_1\h_0p003\D_6_chi_72_energy_magnetization_correlation.txt
0.34,dimer-plaquette,6,-0.002,-0.4168098408905,True,"median within (D, branch, h)",34982faf3a8143,D:\HyraiOn\ENS_Lyon\Internship\2026-EPFL\data\distinVBCsSmallH\Results_Izar_replica1\J2_0.34\D_6\orientation_2\dimer-plaquette\replica_1\h_0p002\D_6_chi_72_energy_magnetization_correlation.txt
0.34,dimer-plaquette,6,-0.001,-0.4165049582784,True,"median within (D, branch, h)",632aa86e439aeb,D:\HyraiOn\ENS_Lyon\Internship\2026-EPFL\data\distinVBCsSmallH\Results_Izar_replica1\J2_0.34\D_6\orientation_2\dimer-plaquette\replica_1\h_0p001\D_6_chi_72_energy_magnetization_correlation.txt
0.34,dimer-plaquette,6,0.0,-0.4162067794191,True,"median within (D, branch, h)",3fa7f12466d944,D:\HyraiOn\ENS_Lyon\Internship\2026-EPFL\data\distinVBCsSmallH\Results_Izar_replica1\J2_0.34\D_6\orientation_2\dimer-plaquette\replica_1\h_0\D_6_chi_72_energy_magnetization_correlation.txt
0.34,plaquette,6,0.001,-0.4164580631634,True,"median within (D, branch, h)",339f348fb86284,D:\HyraiOn\ENS_Lyon\Internship\2026-EPFL\data\distinVBCsSmallH\Results_Izar_replica1\J2_0.34\D_6\orientation_2\plaquette\replica_1\h_0p001\D_6_chi_72_energy_magnetization_correlation.txt
0.34,plaquette,6,0.002,-0.4167445704691,True,"median within (D, branch, h)",6836ca740b7bf7,D:\HyraiOn\ENS_Lyon\Internship\2026-EPFL\data\distinVBCsSmallH\Results_Izar_replica1\J2_0.34\D_6\orientation_2\plaquette\replica_1\h_0p002\D_6_chi_72_energy_magnetization_correlation.txt
0.34,plaquette,6,0.003,-0.4170463531384,True,"median within (D, branch, h)",2b8ee9bbddd639,D:\HyraiOn\ENS_Lyon\Internship\2026-EPFL\data\distinVBCsSmallH\Results_Izar_replica1\J2_0.34\D_6\orientation_2\plaquette\replica_1\h_0p003\D_6_chi_72_energy_magnetization_correlation.txt
0.34,plaquette,6,0.005,-0.4176796626406,True,"median within (D, branch, h)",b6ad812e77cfcb,D:\HyraiOn\ENS_Lyon\Internship\2026-EPFL\data\distinVBCsSmallH\Results_Izar_replica1\J2_0.34\D_6\orientation_2\plaquette\replica_1\h_0p005\D_6_chi_72_energy_magnetization_correlation.txt
0.34,dimer-plaquette,7,-0.005,-0.4183614950182,True,"median within (D, branch, h)",c01d7be253b15d,D:\HyraiOn\ENS_Lyon\Internship\2026-EPFL\data\distinVBCsSmallH\Results_Izar_replica1\J2_0.34\D_7\orientation_1\dimer-plaquette\replica_1\h_0p005\D_7_chi_91_energy_magnetization_correlation.txt
0.34,dimer-plaquette,7,-0.003,-0.4177384774484,True,"median within (D, branch, h)",270b0b792cc795,D:\HyraiOn\ENS_Lyon\Internship\2026-EPFL\data\distinVBCsSmallH\Results_Izar_replica1\J2_0.34\D_7\orientation_1\dimer-plaquette\replica_1\h_0p003\D_7_chi_91_energy_magnetization_correlation.txt
0.34,dimer-plaquette,7,-0.002,-0.4174377204212,True,"median within (D, branch, h)",e8d795f61aed49,D:\HyraiOn\ENS_Lyon\Internship\2026-EPFL\data\distinVBCsSmallH\Results_Izar_replica1\J2_0.34\D_7\orientation_1\dimer-plaquette\replica_1\h_0p002\D_7_chi_91_energy_magnetization_correlation.txt
0.34,dimer-plaquette,7,-0.001,-0.4171435406726,True,"median within (D, branch, h)",6fbcc5b001a7e9,D:\HyraiOn\ENS_Lyon\Internship\2026-EPFL\data\distinVBCsSmallH\Results_Izar_replica1\J2_0.34\D_7\orientation_1\dimer-plaquette\replica_1\h_0p001\D_7_chi_91_energy_magnetization_correlation.txt
0.34,dimer-plaquette,7,0.0,-0.4168567504914,True,"median within (D, branch, h)",d215a4e2762591,D:\HyraiOn\ENS_Lyon\Internship\2026-EPFL\data\distinVBCsSmallH\Results_Izar_replica1\J2_0.34\D_7\orientation_1\dimer-plaquette\replica_1\h_0\D_7_chi_91_energy_magnetization_correlation.txt
0.34,plaquette,7,0.001,-0.4170786288834,True,"median within (D, branch, h)",4d0bdd3d180021,D:\HyraiOn\ENS_Lyon\Internship\2026-EPFL\data\distinVBCsSmallH\Results_Izar_replica1\J2_0.34\D_7\orientation_1\plaquette\replica_1\h_0p001\D_7_chi_91_energy_magnetization_correlation.txt
0.34,plaquette,7,0.002,-0.4173497062766,True,"median within (D, branch, h)",6cd5ece5a01548,D:\HyraiOn\ENS_Lyon\Internship\2026-EPFL\data\distinVBCsSmallH\Results_Izar_replica1\J2_0.34\D_7\orientation_1\plaquette\replica_1\h_0p002\D_7_chi_91_energy_magnetization_correlation.txt
0.34,plaquette,7,0.003,-0.4176385325475,True,"median within (D, branch, h)",9c1a6f000f6fff,D:\HyraiOn\ENS_Lyon\Internship\2026-EPFL\data\distinVBCsSmallH\Results_Izar_replica1\J2_0.34\D_7\orientation_1\plaquette\replica_1\h_0p003\D_7_chi_91_energy_magnetization_correlation.txt
0.34,plaquette,7,0.005,-0.4182609266635,True,"median within (D, branch, h)",46b822e0aeb79d,D:\HyraiOn\ENS_Lyon\Internship\2026-EPFL\data\distinVBCsSmallH\Results_Izar_replica1\J2_0.34\D_7\orientation_1\plaquette\replica_1\h_0p005\D_7_chi_91_energy_magnetization_correlation.txt
0.34,dimer-plaquette,8,-0.005,-0.4187552668269,True,"median within (D, branch, h)",654a6cf78de53a,D:\HyraiOn\ENS_Lyon\Internship\2026-EPFL\data\distinVBCsSmallH\Results_Izar_replica1\J2_0.34\D_8\orientation_2\dimer-plaquette\replica_1\h_0p005\D_8_chi_104_energy_magnetization_correlation.txt
0.34,dimer-plaquette,8,-0.003,-0.418165578635,True,"median within (D, branch, h)",a0bf4316c24177,D:\HyraiOn\ENS_Lyon\Internship\2026-EPFL\data\distinVBCsSmallH\Results_Izar_replica1\J2_0.34\D_8\orientation_2\dimer-plaquette\replica_1\h_0p003\D_8_chi_104_energy_magnetization_correlation.txt
0.34,dimer-plaquette,8,-0.002,-0.4178831109995,True,"median within (D, branch, h)",b1aae1f9fb8164,D:\HyraiOn\ENS_Lyon\Internship\2026-EPFL\data\distinVBCsSmallH\Results_Izar_replica1\J2_0.34\D_8\orientation_2\dimer-plaquette\replica_1\h_0p002\D_8_chi_104_energy_magnetization_correlation.txt
0.34,dimer-plaquette,8,-0.001,-0.4176063253394,True,"median within (D, branch, h)",cbb65d69cbeb76,D:\HyraiOn\ENS_Lyon\Internship\2026-EPFL\data\distinVBCsSmallH\Results_Izar_replica1\J2_0.34\D_8\orientation_2\dimer-plaquette\replica_1\h_0p001\D_8_chi_104_energy_magnetization_correlation.txt
0.34,dimer-plaquette,8,0.0,-0.4173442719694,True,"median within (D, branch, h)",3d2889e726c05d,D:\HyraiOn\ENS_Lyon\Internship\2026-EPFL\data\distinVBCsSmallH\Results_Izar_replica1\J2_0.34\D_8\orientation_2\dimer-plaquette\replica_1\h_0\D_8_chi_104_energy_magnetization_correlation.txt
0.34,plaquette,8,0.0,-0.4172119973973,True,"median within (D, branch, h)",096efeb701aabc,D:\HyraiOn\ENS_Lyon\Internship\2026-EPFL\data\distinVBCsSmallH\Results_Izar_replica1\J2_0.34\D_8\orientation_2\plaquette\replica_1\h_0\D_8_chi_104_energy_magnetization_correlation.txt
0.34,plaquette,8,0.001,-0.4174968726021,True,"median within (D, branch, h)",6444d35c017257,D:\HyraiOn\ENS_Lyon\Internship\2026-EPFL\data\distinVBCsSmallH\Results_Izar_replica1\J2_0.34\D_8\orientation_2\plaquette\replica_1\h_0p001\D_8_chi_104_energy_magnetization_correlation.txt
0.34,plaquette,8,0.002,-0.417785998256,True,"median within (D, branch, h)",102efe00a0467e,D:\HyraiOn\ENS_Lyon\Internship\2026-EPFL\data\distinVBCsSmallH\Results_Izar_replica1\J2_0.34\D_8\orientation_2\plaquette\replica_1\h_0p002\D_8_chi_104_energy_magnetization_correlation.txt
0.34,plaquette,8,0.003,-0.4180821783556,True,"median within (D, branch, h)",e0c20d66b7cebc,D:\HyraiOn\ENS_Lyon\Internship\2026-EPFL\data\distinVBCsSmallH\Results_Izar_replica1\J2_0.34\D_8\orientation_2\plaquette\replica_1\h_0p003\D_8_chi_104_energy_magnetization_correlation.txt
0.34,plaquette,8,0.005,-0.4186953461398,True,"median within (D, branch, h)",dfb7d38ed99654,D:\HyraiOn\ENS_Lyon\Internship\2026-EPFL\data\distinVBCsSmallH\Results_Izar_replica1\J2_0.34\D_8\orientation_2\plaquette\replica_1\h_0p005\D_8_chi_104_energy_magnetization_correlation.txt
0.34,dimer-plaquette,9,-0.08,-0.4545109941861,True,"median within (D, branch, h)",9c950ff1f7de6a,D:\HyraiOn\ENS_Lyon\Internship\2026-EPFL\data\distinVBCs\Results_Izar_replica1\J2_0.34\D_9\orientation_1\dimer-plaquette\replica_1\h_0p08\D_9_chi_108_energy_magnetization_correlation.txt
0.34,dimer-plaquette,9,-0.04,-0.4327813322579,True,"median within (D, branch, h)",417a683a21f4cb,D:\HyraiOn\ENS_Lyon\Internship\2026-EPFL\data\distinVBCs\Results_Izar_replica1\J2_0.34\D_9\orientation_1\dimer-plaquette\replica_1\h_0p04\D_9_chi_108_energy_magnetization_correlation.txt
0.34,dimer-plaquette,9,-0.02,-0.4239540537109,True,"median within (D, branch, h)",9971b1fdf1d71d,D:\HyraiOn\ENS_Lyon\Internship\2026-EPFL\data\distinVBCs\Results_Izar_replica1\J2_0.34\D_9\orientation_1\dimer-plaquette\replica_1\h_0p02\D_9_chi_108_energy_magnetization_correlation.txt
0.34,dimer-plaquette,9,-0.005,-0.4186531686842,True,"median within (D, branch, h)",a999826c0ce542,D:\HyraiOn\ENS_Lyon\Internship\2026-EPFL\data\distinVBCsSmallH\Results_Izar_replica1\J2_0.34\D_9\orientation_1\dimer-plaquette\replica_1\h_0p005\D_9_chi_108_energy_magnetization_correlation.txt
0.34,dimer-plaquette,9,-0.003,-0.4181714989124,True,"median within (D, branch, h)",7ebc0f99ee4020,D:\HyraiOn\ENS_Lyon\Internship\2026-EPFL\data\distinVBCsSmallH\Results_Izar_replica1\J2_0.34\D_9\orientation_1\dimer-plaquette\replica_1\h_0p003\D_9_chi_108_energy_magnetization_correlation.txt
0.34,dimer-plaquette,9,-0.002,-0.4179027590324,True,"median within (D, branch, h)",58fdc752faa224,D:\HyraiOn\ENS_Lyon\Internship\2026-EPFL\data\distinVBCsSmallH\Results_Izar_replica1\J2_0.34\D_9\orientation_1\dimer-plaquette\replica_1\h_0p002\D_9_chi_108_energy_magnetization_correlation.txt
0.34,dimer-plaquette,9,-0.001,-0.4176356902692,True,"median within (D, branch, h)",878ad726b2d806,D:\HyraiOn\ENS_Lyon\Internship\2026-EPFL\data\distinVBCsSmallH\Results_Izar_replica1\J2_0.34\D_9\orientation_1\dimer-plaquette\replica_1\h_0p001\D_9_chi_108_energy_magnetization_correlation.txt
0.34,dimer-plaquette,9,0.0,-0.4173680175701,True,"median within (D, branch, h)",50d961e52f5c0a,D:\HyraiOn\ENS_Lyon\Internship\2026-EPFL\data\distinVBCsSmallH\Results_Izar_replica1\J2_0.34\D_9\orientation_1\dimer-plaquette\replica_1\h_0\D_9_chi_108_energy_magnetization_correlation.txt
0.34,plaquette,9,0.0,-0.4174996120624,True,"median within (D, branch, h)",7a25be80f26362,D:\HyraiOn\ENS_Lyon\Internship\2026-EPFL\data\distinVBCsSmallH\Results_Izar_replica1\J2_0.34\D_9\orientation_1\plaquette\replica_1\h_0\D_9_chi_108_energy_magnetization_correlation.txt
0.34,plaquette,9,0.001,-0.4177838070467,True,"median within (D, branch, h)",38ffcacfd5714b,D:\HyraiOn\ENS_Lyon\Internship\2026-EPFL\data\distinVBCsSmallH\Results_Izar_replica1\J2_0.34\D_9\orientation_1\plaquette\replica_1\h_0p001\D_9_chi_108_energy_magnetization_correlation.txt
0.34,plaquette,9,0.002,-0.4180680019185,True,"median within (D, branch, h)",471d8b27e7d4b4,D:\HyraiOn\ENS_Lyon\Internship\2026-EPFL\data\distinVBCsSmallH\Results_Izar_replica1\J2_0.34\D_9\orientation_1\plaquette\replica_1\h_0p002\D_9_chi_108_energy_magnetization_correlation.txt
0.34,plaquette,9,0.003,-0.4183410800939,True,"median within (D, branch, h)",f24b6c1a91eae0,D:\HyraiOn\ENS_Lyon\Internship\2026-EPFL\data\distinVBCsSmallH\Results_Izar_replica1\J2_0.34\D_9\orientation_1\plaquette\replica_1\h_0p003\D_9_chi_108_energy_magnetization_correlation.txt
0.34,plaquette,9,0.005,-0.4189515903325,True,"median within (D, branch, h)",48ed6f21782bb3,D:\HyraiOn\ENS_Lyon\Internship\2026-EPFL\data\distinVBCsSmallH\Results_Izar_replica1\J2_0.34\D_9\orientation_1\plaquette\replica_1\h_0p005\D_9_chi_108_energy_magnetization_correlation.txt
0.34,plaquette,9,0.02,-0.4239914626661,True,"median within (D, branch, h)",9783c60895338b,D:\HyraiOn\ENS_Lyon\Internship\2026-EPFL\data\distinVBCs\Results_Izar_replica1\J2_0.34\D_9\orientation_1\plaquette\replica_1\h_0p02\D_9_chi_108_energy_magnetization_correlation.txt
0.34,plaquette,9,0.04,-0.4317987658317,True,"median within (D, branch, h)",c8b4ed61d0755e,D:\HyraiOn\ENS_Lyon\Internship\2026-EPFL\data\distinVBCs\Results_Izar_replica1\J2_0.34\D_9\orientation_1\plaquette\replica_1\h_0p04\D_9_chi_108_energy_magnetization_correlation.txt
0.34,plaquette,9,0.08,-0.4488999939592,True,"median within (D, branch, h)",0967dd157aeb18,D:\HyraiOn\ENS_Lyon\Internship\2026-EPFL\data\distinVBCs\Results_Izar_replica1\J2_0.34\D_9\orientation_1\plaquette\replica_1\h_0p08\D_9_chi_108_energy_magnetization_correlation.txt
