point_id,source_root,path,J2,D,chi,branch,field_magnitude,signed_h,orientation,replica,energy,chi_energy_shift,strongest,middle,weakest,delta,middle_fraction,texture,content_sha256,selected_for_fit,selection_reason
8b0e73212ca6ae,synced_large_h:Results_Izar_replica1,D:\HyraiOn\ENS_Lyon\Internship\2026-EPFL\data\distinVBCs\Results_Izar_replica1\J2_0.26\D_6\orientation_2\dimer-plaquette\replica_1\h_0p08\D_6_chi_72_energy_magnetization_correlation.txt,0.26,6,72,dimer-plaquette,0.08,-0.08,2,1,-0.4643635795965,7.905779997319229e-08,-0.65287931999825,-0.14134818737805,-0.14130417232215,0.5115751476761,0.9999139617002508,dimer-plaquette,5c888dbac96a75f07f80be583a854b34e5fe6ea81c1d7007523d8a21e606283b,True,selected variational/high-chi representative
2df9c1de808671,synced_large_h:Results_Izar_replica1,D:\HyraiOn\ENS_Lyon\Internship\2026-EPFL\data\distinVBCs\Results_Izar_replica1\J2_0.26\D_6\orientation_2\dimer-plaquette\replica_1\h_0p04\D_6_chi_72_energy_magnetization_correlation.txt,0.26,6,72,dimer-plaquette,0.04,-0.04,2,1,-0.4460151627207,1.1225000040582245e-08,-0.58940122716595,-0.1917943145647,-0.1917508950485,0.39765033211745004,0.9998908098077806,dimer-plaquette,fabdaa2d5629da101ede382aa3f95a96681347b53dcd8d10f0aea52235499222,True,selected variational/high-chi representative
90cac6aae57d33,synced_large_h:Results_Izar_replica1,D:\HyraiOn\ENS_Lyon\Internship\2026-EPFL\data\distinVBCs\Results_Izar_replica1\J2_0.26\D_6\orientation_2\dimer-plaquette\replica_1\h_0p02\D_6_chi_72_energy_magnetization_correlation.txt,0.26,6,72,dimer-plaquette,0.02,-0.02,2,1,-0.4388354545635,1.420392999884612e-07,-0.5412439196183999,-0.22474672005295002,-0.22465148746710004,0.31659243215129984,0.9996991950022215,dimer-plaquette,baeb0739e1dea311ed6065729005c65cf66f49e8379d5288c8a2ee0ffb42c2ae,True,selected variational/high-chi representative
0abc3114723569,synced_large_h:Results_Izar_replica1,D:\HyraiOn\ENS_Lyon\Internship\2026-EPFL\data\distinVBCs\Results_Izar_replica1\J2_0.26\D_6\orientation_2\dimer-plaquette\replica_1\h_0p01\D_6_chi_72_energy_magnetization_correlation.txt,0.26,6,72,dimer-plaquette,0.01,-0.01,2,1,-0.4359206441943,9.429510000602548e-08,-0.5095369638006501,-0.2449172500327,-0.24447457909945,0.2650623847012,0.9983299368043148,dimer-plaquette,45413030271c80b3ce023465669354d5798ff3d4ebe3a6b79bf7f477cb99d708,True,selected variational/high-chi representative
3a4f5994686df0,synced_large_h:Results_Izar_replica1,D:\HyraiOn\ENS_Lyon\Internship\2026-EPFL\data\distinVBCs\Results_Izar_replica1\J2_0.26\D_6\orientation_2\dimer-plaquette\replica_1\h_0p005\D_6_chi_72_energy_magnetization_correlation.txt,0.26,6,72,dimer-plaquette,0.005,-0.005,2,1,-0.4346819633782,1.3770749995867249e-07,-0.4900328361816,-0.25659430475815,-0.25633841203325,0.23369442414835,0.9989050114232183,dimer-plaquette,76c9bfc6b4ae413424e7836a2b13f8dd64567a9c1057547677dfccda61828cee,True,selected variational/high-chi representative
1c5976bec5fed4,synced_small_h:Results_Izar_replica1,D:\HyraiOn\ENS_Lyon\Internship\2026-EPFL\data\distinVBCsSmallH\Results_Izar_replica1\J2_0.26\D_6\orientation_2\dimer-plaquette\replica_1\h_0p003\D_6_chi_72_energy_magnetization_correlation.txt,0.26,6,72,dimer-plaquette,0.003,-0.003,2,1,-0.4342283429485,1.6642329997429428e-07,-0.48159441331964997,-0.26168705287410005,-0.26120554833000004,0.22038886498964994,0.9978152047558182,dimer-plaquette,83f74220ac7a7eb63b68812d3d1d4a328bba2df82c51806359889b6f5c7a254c,True,selected variational/high-chi representative
995a5be09bcce0,synced_small_h:Results_Izar_replica1,D:\HyraiOn\ENS_Lyon\Internship\2026-EPFL\data\distinVBCsSmallH\Results_Izar_replica1\J2_0.26\D_6\orientation_2\dimer-plaquette\replica_1\h_0p002\D_6_chi_72_energy_magnetization_correlation.txt,0.26,6,72,dimer-plaquette,0.002,-0.002,2,1,-0.4340117513363,1.717338999895901e-07,-0.47715964279330003,-0.2643506509306,-0.26370389157324997,0.21345575122005006,0.9969700541978684,dimer-plaquette,5143c5afbc20258c759911203f7ea5517d66caaf0acc373dafef5248de5bbc66,True,selected variational/high-chi representative
f526a86cc3c42e,synced_small_h:Results_Izar_replica1,D:\HyraiOn\ENS_Lyon\Internship\2026-EPFL\data\distinVBCsSmallH\Results_Izar_replica1\J2_0.26\D_6\orientation_2\dimer-plaquette\replica_1\h_0p001\D_6_chi_72_energy_magnetization_correlation.txt,0.26,6,72,dimer-plaquette,0.001,-0.001,2,1,-0.4338022017712,1.353869999998203e-07,-0.472523147087,-0.2671179707466,-0.26632323112785,0.20619991595915,0.996145781073415,dimer-plaquette,3ce446858da3adee153f8b8cd82c39e547c1be58fbddda7f2b20e5d3dd87ce44,True,selected variational/high-chi representative
bad23aad725a35,synced_small_h:Results_Izar_replica1,D:\HyraiOn\ENS_Lyon\Internship\2026-EPFL\data\distinVBCsSmallH\Results_Izar_replica1\J2_0.26\D_6\orientation_2\dimer-plaquette\replica_1\h_0\D_6_chi_72_energy_magnetization_correlation.txt,0.26,6,72,dimer-plaquette,0.0,0.0,2,1,-0.4336002626257,1.5788349999601436e-07,-0.4675893127458,-0.27015132680935,-0.26896757229135,0.19862174045445002,0.9940401563530178,dimer-plaquette,b6a2dd1c84b57f6b1c8c8d05536c274fc8b9352ce216f3acb9a41196c98c90d4,True,selected variational/high-chi representative
af09cdd0917421,last_izar_pins:Results_LastIzar,D:\HyraiOn\ENS_Lyon\Internship\2026-EPFL\data\distinVBCsJ2Continuation\LastIzar\Results_LastIzar\task7_D6_dimer_adiabatic\J2_0p26\D_6_chi_72_energy_magnetization_correlation.txt,0.26,6,72,plaquette,0.0,0.0,0,0,-0.4336004084423,3.267459997013944e-08,-0.4675843108567,-0.2702221120327,-0.26891390923385,0.19867040162285,0.9934152103777719,dimer-plaquette,61af61e08ab1158f403ace72852b7696f903a5caf6f8ac6eb716f895e3875c9b,False,branch texture flipped
866b5e18bbfd02,synced_small_h:Results_Izar_replica1,D:\HyraiOn\ENS_Lyon\Internship\2026-EPFL\data\distinVBCsSmallH\Results_Izar_replica1\J2_0.26\D_6\orientation_2\plaquette\replica_1\h_0\D_6_chi_72_energy_magnetization_correlation.txt,0.26,6,72,plaquette,0.0,0.0,2,1,-0.4336216533534,7.838505000079543e-07,-0.44288565968,-0.33826082195910007,-0.2287519166251,0.2141337430549,0.48859575435561325,three-distinct/mixed,77467911cb4389fb8e27eb5a0c000d07fa02df18f5983b1b59b474ea5c3ec5f4,True,selected variational/high-chi representative
6443bbf76b4472,synced_small_h:Results_Izar_replica1,D:\HyraiOn\ENS_Lyon\Internship\2026-EPFL\data\distinVBCsSmallH\Results_Izar_replica1\J2_0.26\D_6\orientation_2\plaquette\replica_1\h_0p001\D_6_chi_72_energy_magnetization_correlation.txt,0.26,6,72,plaquette,0.001,0.001,2,1,-0.4337957386403,1.011515399995666e-06,-0.43243278407249996,-0.36295462915345,-0.21377437044195,0.21865841363054997,0.3177474571659601,three-distinct/mixed,182f14141d800d5a2c77661e7e51dc358c3ee837d0c7298b9dd5c50aa4b71300,True,selected variational/high-chi representative
a6c3eff1576fc2,synced_small_h:Results_Izar_replica1,D:\HyraiOn\ENS_Lyon\Internship\2026-EPFL\data\distinVBCsSmallH\Results_Izar_replica1\J2_0.26\D_6\orientation_2\plaquette\replica_1\h_0p002\D_6_chi_72_energy_magnetization_correlation.txt,0.26,6,72,plaquette,0.002,0.002,2,1,-0.4339862526055,9.17917599985163e-07,-0.4265793239796,-0.3771468608668,-0.20458270370004997,0.22199662027955006,0.22267214271348826,plaquette,db663c3efa77eda3fd1374081c1920a069436fa8e26a7941b43a6372ef46a366,True,selected variational/high-chi representative
82b551c1bbf4bc,synced_small_h:Results_Izar_replica1,D:\HyraiOn\ENS_Lyon\Internship\2026-EPFL\data\distinVBCsSmallH\Results_Izar_replica1\J2_0.26\D_6\orientation_2\plaquette\replica_1\h_0p003\D_6_chi_72_energy_magnetization_correlation.txt,0.26,6,72,plaquette,0.003,0.003,2,1,-0.4341883280526,8.429930999920288e-07,-0.4244279617281,-0.38505474780565,-0.19795571776444998,0.22647224396365,0.1738544787359001,plaquette,8367ab514fb39243f3fa5acf7af451bfec12039c193d023094b150317ef4b78c,True,selected variational/high-chi representative
2773274aaab0e3,synced_large_h:Results_Izar_replica1,D:\HyraiOn\ENS_Lyon\Internship\2026-EPFL\data\distinVBCs\Results_Izar_replica1\J2_0.26\D_6\orientation_2\plaquette\replica_1\h_0p005\D_6_chi_72_energy_magnetization_correlation.txt,0.26,6,72,plaquette,0.005,0.005,2,1,-0.4346183165469,7.8025219996114e-07,-0.4228901948426,-0.39599250709535,-0.18678330148455,0.23610689335805,0.11392165372512161,plaquette,88a02565e15d53f2cbd641e963b595a5c79c6b3a794eb8bfeeea7e37d454f40f,True,selected variational/high-chi representative
088801400949a4,synced_large_h:Results_Izar_replica1,D:\HyraiOn\ENS_Lyon\Internship\2026-EPFL\data\distinVBCs\Results_Izar_replica1\J2_0.26\D_6\orientation_2\plaquette\replica_1\h_0p01\D_6_chi_72_energy_magnetization_correlation.txt,0.26,6,72,plaquette,0.01,0.01,2,1,-0.4358121675542,8.218514999658311e-07,-0.42548948093489997,-0.4108743671215,-0.16487992039505,0.26060956053984996,0.05608049751944985,plaquette,0289f2e66bb79148ef3a791a5c0032bab045f48581601a515f203e49abc7eff9,True,selected variational/high-chi representative
6a51062da5c9e6,synced_large_h:Results_Izar_replica1,D:\HyraiOn\ENS_Lyon\Internship\2026-EPFL\data\distinVBCs\Results_Izar_replica1\J2_0.26\D_6\orientation_2\plaquette\replica_1\h_0p02\D_6_chi_72_energy_magnetization_correlation.txt,0.26,6,72,plaquette,0.02,0.02,2,1,-0.4385719973414,2.2178399999850384e-07,-0.43313178533929997,-0.42674144362879995,-0.13298156859385,0.30015021674544995,0.02129047841374543,plaquette,c5cb50b3aa98c6efb780e734f9b1f0e95327f77c4ec72a9aa477ec256b574d9b,True,selected variational/high-chi representative
c317f4412bc736,synced_large_h:Results_Izar_replica1,D:\HyraiOn\ENS_Lyon\Internship\2026-EPFL\data\distinVBCs\Results_Izar_replica1\J2_0.26\D_6\orientation_2\plaquette\replica_1\h_0p04\D_6_chi_72_energy_magnetization_correlation.txt,0.26,6,72,plaquette,0.04,0.04,2,1,-0.445090752503,2.3315690000913492e-07,-0.44402021685009996,-0.44139305014264996,-0.092699124117745,0.35132109273235496,0.007477964636331818,plaquette,a73d90954ec01cb1fa123f4d53bf0aac79b8d7e03dc33cd713084ba64d31e4ba,True,selected variational/high-chi representative
026ab8a3a58e27,synced_large_h:Results_Izar_replica1,D:\HyraiOn\ENS_Lyon\Internship\2026-EPFL\data\distinVBCs\Results_Izar_replica1\J2_0.26\D_6\orientation_2\plaquette\replica_1\h_0p08\D_6_chi_72_energy_magnetization_correlation.txt,0.26,6,72,plaquette,0.08,0.08,2,1,-0.4603343060561,1.4403699999387953e-07,-0.45384994410925,-0.45332513484065,-0.04795063054461,0.40589931356464,0.0012929543141895804,plaquette,a06673eaeed39c6fde1a208a342df1b75fe366f42bf15c2c48e0519edde540fd,True,selected variational/high-chi representative
c528e389d53bc5,synced_large_h:Results_Izar_replica1,D:\HyraiOn\ENS_Lyon\Internship\2026-EPFL\data\distinVBCs\Results_Izar_replica1\J2_0.26\D_7\orientation_1\dimer-plaquette\replica_1\h_0p08\D_7_chi_91_energy_magnetization_correlation.txt,0.26,7,91,dimer-plaquette,0.08,-0.08,1,1,-0.4644506267948,1.7887000214322768e-09,-0.65216465687845,-0.14159670018474999,-0.14157627822925,0.5105883786492,0.9999600030937758,dimer-plaquette,95f506608bb0a6516245d96295bf4665e10dbb9755c6dcdac5c3dccda70cf489,True,selected variational/high-chi representative
8acd693d7ca693,synced_large_h:Results_Izar_replica1,D:\HyraiOn\ENS_Lyon\Internship\2026-EPFL\data\distinVBCs\Results_Izar_replica1\J2_0.26\D_7\orientation_1\dimer-plaquette\replica_1\h_0p04\D_7_chi_91_energy_magnetization_correlation.txt,0.26,7,91,dimer-plaquette,0.04,-0.04,1,1,-0.4461506833903,7.038429999939311e-08,-0.5882477271872,-0.19205107330180002,-0.192045765279,0.3962019619082,0.9999866027346899,dimer-plaquette,89278220b36c7d635969f5b70dd7707de4424c0706fd9319ced2143c38319f34,True,selected variational/high-chi representative
8ef1eecf0bfe30,d7_repair:Results_D7DimerJ2_0p26,D:\HyraiOn\ENS_Lyon\Internship\2026-EPFL\data\distinVBCsJ2Continuation\D7DimerJ2_0p26\Results_D7DimerJ2_0p26\pin_h0p02\pin\D_7_chi_91_energy_magnetization_correlation.txt,0.26,7,91,dimer-plaquette,0.02,-0.02,0,0,-0.4390026349272,4.255919999751612e-08,-0.5398189643540999,-0.22495059427539998,-0.2249362598847,0.3148827044693999,0.9999544770465429,dimer-plaquette,782bea9aaca8710f184bc9d9c6d1c997fcaa26a5ea4f5b9258e7baf8d5185087,False,higher-energy duplicate/protocol
e8d27f82a22c0a,synced_large_h:Results_Izar_replica1,D:\HyraiOn\ENS_Lyon\Internship\2026-EPFL\data\distinVBCs\Results_Izar_replica1\J2_0.26\D_7\orientation_1\dimer-plaquette\replica_1\h_0p02\D_7_chi_91_energy_magnetization_correlation.txt,0.26,7,91,dimer-plaquette,0.02,-0.02,1,1,-0.4390030173555,5.081640003234966e-08,-0.5397945935814,-0.22496470347325,-0.2249517515954,0.314842841986,0.9999588624033239,dimer-plaquette,9e3eb094f7194e5cbcb84f2feb5d36b4624c7545255ec615a580d15a562c93d0,True,selected variational/high-chi representative
5a0be6f389f1de,synced_large_h:Results_Izar_replica1,D:\HyraiOn\ENS_Lyon\Internship\2026-EPFL\data\distinVBCs\Results_Izar_replica1\J2_0.26\D_7\orientation_1\dimer-plaquette\replica_1\h_0p01\D_7_chi_91_energy_magnetization_correlation.txt,0.26,7,91,dimer-plaquette,0.01,-0.01,1,1,-0.4361049768476,3.2219000023481215e-08,-0.5080418928273499,-0.244865759336,-0.24484795922080002,0.26319393360654986,0.9999323688241746,dimer-plaquette,4170d7185eae21c7b8f3f8cae00ed1d8b74975da57df305d80f47cf5d0fd646a,True,selected variational/high-chi representative
34db5583f86afd,synced_large_h:Results_Izar_replica1,D:\HyraiOn\ENS_Lyon\Internship\2026-EPFL\data\distinVBCs\Results_Izar_replica1\J2_0.26\D_7\orientation_1\dimer-plaquette\replica_1\h_0p005\D_7_chi_91_energy_magnetization_correlation.txt,0.26,7,91,dimer-plaquette,0.005,-0.005,1,1,-0.4348634356008,1.045860004156296e-08,-0.48903766118615,-0.256251448296,-0.25625093880169997,0.23278672238445003,0.9999978113257715,dimer-plaquette,d8f9d79d71152c0cc7ca32f6fd4d128c9834bc57a73452fe7194a0c962b9eca3,True,selected variational/high-chi representative
d50234b2fe5486,synced_small_h:Results_Izar_replica1,D:\HyraiOn\ENS_Lyon\Internship\2026-EPFL\data\distinVBCsSmallH\Results_Izar_replica1\J2_0.26\D_7\orientation_1\dimer-plaquette\replica_1\h_0p003\D_7_chi_91_energy_magnetization_correlation.txt,0.26,7,91,dimer-plaquette,0.003,-0.003,1,1,-0.4344543740103,2.9391799993838674e-08,-0.4769927702893,-0.2636699271469,-0.26317562346305,0.21381714682624997,0.9976881943698759,dimer-plaquette,aee66e76be18a7d9d33cf79ad6e075f42e5b0a5d75e5452d801b446acb6d0535,True,selected variational/high-chi representative
3d0881939b5711,synced_small_h:Results_Izar_replica1,D:\HyraiOn\ENS_Lyon\Internship\2026-EPFL\data\distinVBCsSmallH\Results_Izar_replica1\J2_0.26\D_7\orientation_1\dimer-plaquette\replica_1\h_0p002\D_7_chi_91_energy_magnetization_correlation.txt,0.26,7,91,dimer-plaquette,0.002,-0.002,1,1,-0.4342447681641,5.446619999460722e-08,-0.47214465247309995,-0.26652336215805,-0.265919165564,0.20622548690909992,0.9970702137591931,dimer-plaquette,3c818cb5780943cd853d7cc7d95dd7e423c00290237d87040520c43c53ac706b,True,selected variational/high-chi representative
f5c5df0cc06400,synced_small_h:Results_Izar_replica1,D:\HyraiOn\ENS_Lyon\Internship\2026-EPFL\data\distinVBCsSmallH\Results_Izar_replica1\J2_0.26\D_7\orientation_1\dimer-plaquette\replica_1\h_0p001\D_7_chi_91_energy_magnetization_correlation.txt,0.26,7,91,dimer-plaquette,0.001,-0.001,1,1,-0.434042972409,8.107370003118675e-08,-0.4669658756447,-0.26949146193235,-0.268899621006,0.19806625463869998,0.9970119042871306,dimer-plaquette,8bd671af3c903e3e2841b9f56b971b1c1311ed141c88b32917b08232d85124e9,True,selected variational/high-chi representative
d207054c030132,d7_repair:Results_D7DimerJ2_0p26,D:\HyraiOn\ENS_Lyon\Internship\2026-EPFL\data\distinVBCsJ2Continuation\D7DimerJ2_0p26\Results_D7DimerJ2_0p26\adiabatic\duplicate_1\D_7_chi_91_energy_magnetization_correlation.txt,0.26,7,91,dimer-plaquette,0.0,0.0,0,0,-0.4340537821938,1.2742685999711512e-06,-0.3700425641939,-0.35671665007580006,-0.28694295848875,0.08309960570515001,0.16036073823722258,plaquette,18c29fa67046b6e3687f7ac43dc37badc154662fc3517b76b7e5156448694a3d,False,branch texture flipped
4cce498abf2567,d7_repair:Results_D7DimerJ2_0p26,D:\HyraiOn\ENS_Lyon\Internship\2026-EPFL\data\distinVBCsJ2Continuation\D7DimerJ2_0p26\Results_D7DimerJ2_0p26\adiabatic\duplicate_2\D_7_chi_91_energy_magnetization_correlation.txt,0.26,7,91,dimer-plaquette,0.0,0.0,0,0,-0.4340528903936,1.4428760999884993e-06,-0.37091255240965,-0.3560846462203,-0.28668843538320005,0.08422411702644994,0.17605297286397661,plaquette,73423bf531e62e9efd6d85590edb4fd32189b45c7bbcadd407132ff39827899d,False,branch texture flipped
524826532a661a,d7_repair:Results_D7DimerJ2_0p26,D:\HyraiOn\ENS_Lyon\Internship\2026-EPFL\data\distinVBCsJ2Continuation\D7DimerJ2_0p26\Results_D7DimerJ2_0p26\adiabatic\duplicate_3\D_7_chi_91_energy_magnetization_correlation.txt,0.26,7,91,dimer-plaquette,0.0,0.0,0,0,-0.4338823933342,4.345270999683848e-07,-0.41956019616120005,-0.29762936036855,-0.2939546949927,0.12560550116850006,0.9707443914345725,dimer-plaquette,59c8389458a9dd323b9280a941cd108b2a9109e8062e91fa50fd70dd6c4bc9e2,True,selected variational/high-chi representative
ba8e4fbe7dc501,d7_repair:Results_D7DimerJ2_0p26,D:\HyraiOn\ENS_Lyon\Internship\2026-EPFL\data\distinVBCsJ2Continuation\D7DimerJ2_0p26\Results_D7DimerJ2_0p26\adiabatic\duplicate_4\D_7_chi_91_energy_magnetization_correlation.txt,0.26,7,91,dimer-plaquette,0.0,0.0,0,0,-0.4338785460085,8.666382000366291e-07,-0.42135217717990003,-0.29563893349514997,-0.2938780474874,0.12747412969250005,0.9861863264962256,dimer-plaquette,c06e4e40e79584180d1d2064112d3a59583c2e4934e2cf065c8f97265432d61b,False,higher-energy duplicate/protocol
0d59334102d6fd,d7_repair:Results_D7DimerJ2_0p26,D:\HyraiOn\ENS_Lyon\Internship\2026-EPFL\data\distinVBCsJ2Continuation\D7DimerJ2_0p26\Results_D7DimerJ2_0p26\pin_h0p02\h0\D_7_chi_91_energy_magnetization_correlation.txt,0.26,7,91,dimer-plaquette,0.0,0.0,0,0,-0.434065049466,7.970925000044815e-07,-0.36001680073564996,-0.3578444684814,-0.2962433746531,0.06377342608254993,0.03406328290153381,plaquette,ec56d8f829cffee2f71ecc68102f293d70140c9e5ff7f553b544025d9c796321,False,branch texture flipped
d678e8dd889f62,izar_j2_sequences:Results_Izar_J2_sequences,D:\HyraiOn\ENS_Lyon\Internship\2026-EPFL\data\distinVBCsJ2Continuation\Results_Izar_J2_sequences\s002_J2_0p3_D_7_dimer-plaquette\left\insurance_1\J2_0p26\D_7_chi_91_energy_magnetization_correlation.txt,0.26,7,91,dimer-plaquette,0.0,0.0,0,0,-0.4340500645004,1.0031625999884497e-06,-0.37333464121885,-0.35836927794275003,-0.2817797908055,0.09155485041335004,0.1634578966437568,plaquette,8340f020185b5c2be81a27edf4d9c0617378f5da711f147a980990f5e571da76,False,branch texture flipped
eb608cf7b146f2,izar_j2_sequences:Results_Izar_J2_sequences,D:\HyraiOn\ENS_Lyon\Internship\2026-EPFL\data\distinVBCsJ2Continuation\Results_Izar_J2_sequences\s002_J2_0p3_D_7_dimer-plaquette\left\insurance_2\J2_0p26\D_7_chi_91_energy_magnetization_correlation.txt,0.26,7,91,dimer-plaquette,0.0,0.0,0,0,-0.4340531740528,1.0804818999510246e-06,-0.37054551764175003,-0.35559758064855,-0.2876085357224,0.08293698191935,0.18023246864391285,plaquette,c970afdb6bbcfa66a58eca5f4f4a69f68bd104154c13a9318b98ade99585f0fb,False,branch texture flipped
7bd218b291f828,synced_small_h:Results_Izar_replica1,D:\HyraiOn\ENS_Lyon\Internship\2026-EPFL\data\distinVBCsSmallH\Results_Izar_replica1\J2_0.26\D_7\orientation_1\dimer-plaquette\replica_1\h_0\D_7_chi_91_energy_magnetization_correlation.txt,0.26,7,91,dimer-plaquette,0.0,0.0,1,1,-0.4340645273744,1.9563563999902556e-06,-0.36108402446800003,-0.3562011243498,-0.29686755829545003,0.06421646617255,0.07603813179441624,plaquette,e7909a74fbcd151251ccb2f1b230211a5eec12e5b03770d3e03fe521dc1a155b,False,branch texture flipped
c06f2366d8f4b6,izar_j2_sequences:Results_Izar_J2_sequences,D:\HyraiOn\ENS_Lyon\Internship\2026-EPFL\data\distinVBCsJ2Continuation\Results_Izar_J2_sequences\s001_J2_0p28_D_7_plaquette\left\insurance_1\J2_0p26\D_7_chi_91_energy_magnetization_correlation.txt,0.26,7,91,plaquette,0.0,0.0,2,0,-0.4340418482675,8.03291499984482e-07,-0.3924463714244,-0.3919422028187,-0.22442336668285,0.16802300474154996,0.003000592725237029,plaquette,42a87c3fc4cdec07a154c0b284741dcd9f2480441e94200eafc271d19966851b,False,higher-energy duplicate/protocol
2d3649f8151261,izar_j2_sequences:Results_Izar_J2_sequences,D:\HyraiOn\ENS_Lyon\Internship\2026-EPFL\data\distinVBCsJ2Continuation\Results_Izar_J2_sequences\s001_J2_0p28_D_7_plaquette\left\insurance_2\J2_0p26\D_7_chi_91_energy_magnetization_correlation.txt,0.26,7,91,plaquette,0.0,0.0,2,0,-0.4340422852083,9.744078000029077e-07,-0.39233905498465,-0.39171786613615,-0.2248133231049,0.16752573187975,0.003708020502461536,plaquette,3dec2099dd9411c7d18d9cf281df4cbda8b3268d0ebe9d0136e36fb7946ffa7a,False,higher-energy duplicate/protocol
887e23d4303c69,synced_small_h:Results_Izar_replica1,D:\HyraiOn\ENS_Lyon\Internship\2026-EPFL\data\distinVBCsSmallH\Results_Izar_replica1\J2_0.26\D_7\orientation_1\plaquette\replica_1\h_0\D_7_chi_91_energy_magnetization_correlation.txt,0.26,7,91,plaquette,0.0,0.0,1,1,-0.4340437417707,1.0917889999850772e-06,-0.39389714482855,-0.39248311175995004,-0.22224605168875,0.17165109313979998,0.008237833169220141,plaquette,dede5fb60a611b101c609fc6a3907b330cdbcdd8baf9306fbef49d6e32e66cba,True,selected variational/high-chi representative
db5b4ac320e637,synced_small_h:Results_Izar_replica1,D:\HyraiOn\ENS_Lyon\Internship\2026-EPFL\data\distinVBCsSmallH\Results_Izar_replica1\J2_0.26\D_7\orientation_1\plaquette\replica_1\h_0p001\D_7_chi_91_energy_magnetization_correlation.txt,0.26,7,91,plaquette,0.001,0.001,1,1,-0.4342205757038,1.2314491000253724e-06,-0.3971768872632,-0.39618879219815,-0.21425611394660002,0.18292077331659998,0.005401765185738576,plaquette,2df419063c412c39a24e26fe7f36161d6eb6d4213050a5cb85dda1fb5bbe8763,True,selected variational/high-chi representative
8794fe672a36aa,synced_small_h:Results_Izar_replica1,D:\HyraiOn\ENS_Lyon\Internship\2026-EPFL\data\distinVBCsSmallH\Results_Izar_replica1\J2_0.26\D_7\orientation_1\plaquette\replica_1\h_0p002\D_7_chi_91_energy_magnetization_correlation.txt,0.26,7,91,plaquette,0.002,0.002,1,1,-0.4344076391755,1.212542500017566e-06,-0.39997791204320005,-0.39911624177485,-0.2076417599112,0.19233615213200003,0.004480022392039341,plaquette,ce7d2d2156b805b06411403f1843ab3814b24ce02fce810bb890ed8de093efa7,True,selected variational/high-chi representative
3e82f3c42db741,synced_small_h:Results_Izar_replica1,D:\HyraiOn\ENS_Lyon\Internship\2026-EPFL\data\distinVBCsSmallH\Results_Izar_replica1\J2_0.26\D_7\orientation_1\plaquette\replica_1\h_0p003\D_7_chi_91_energy_magnetization_correlation.txt,0.26,7,91,plaquette,0.003,0.003,1,1,-0.4346034215974,1.3052471000141175e-06,-0.40237717253684996,-0.40186472727545003,-0.2015950468091,0.20078212572774995,0.0025522454229555207,plaquette,3baa648593ec8161dc8f254bcd477a6392ebbecf90263dee19f6c67f2aa076a2,True,selected variational/high-chi representative
f044e7316145a1,synced_large_h:Results_Izar_replica1,D:\HyraiOn\ENS_Lyon\Internship\2026-EPFL\data\distinVBCs\Results_Izar_replica1\J2_0.26\D_7\orientation_1\plaquette\replica_1\h_0p005\D_7_chi_91_energy_magnetization_correlation.txt,0.26,7,91,plaquette,0.005,0.005,1,1,-0.4350193173175,1.271262200008838e-06,-0.4067664259274,-0.40662068683509994,-0.1906869650458,0.2160794608816,0.0006744698996629384,plaquette,cdd00d3665b11517719ba93b0fe146a4ac5886a0cf11c10e13e7a03723a41a4a,True,selected variational/high-chi representative
63a5c669674cd7,synced_large_h:Results_Izar_replica1,D:\HyraiOn\ENS_Lyon\Internship\2026-EPFL\data\distinVBCs\Results_Izar_replica1\J2_0.26\D_7\orientation_1\plaquette\replica_1\h_0p01\D_7_chi_91_energy_magnetization_correlation.txt,0.26,7,91,plaquette,0.01,0.01,1,1,-0.436181156884,1.2207189999946522e-06,-0.41591237442259993,-0.41566931742109997,-0.1681204483426,0.24779192607999992,0.0009808915300230023,plaquette,34157effd44b9570951eb419922f930117c02f03f90d4a493d7b29ff22ac6555,True,selected variational/high-chi representative
e8a89d44417ec0,synced_large_h:Results_Izar_replica1,D:\HyraiOn\ENS_Lyon\Internship\2026-EPFL\data\distinVBCs\Results_Izar_replica1\J2_0.26\D_7\orientation_1\plaquette\replica_1\h_0p02\D_7_chi_91_energy_magnetization_correlation.txt,0.26,7,91,plaquette,0.02,0.02,1,1,-0.4388881570162,6.318829999796272e-07,-0.42836615273675,-0.42797150725425,-0.13511581501545,0.2932503377213,0.0013457630963585637,plaquette,23c37b328918b0fc341e2cda8b993cfd38d8d41d47336263c60401b19e4983da,True,selected variational/high-chi representative
ceeb263251247b,synced_large_h:Results_Izar_replica1,D:\HyraiOn\ENS_Lyon\Internship\2026-EPFL\data\distinVBCs\Results_Izar_replica1\J2_0.26\D_7\orientation_1\plaquette\replica_1\h_0p04\D_7_chi_91_energy_magnetization_correlation.txt,0.26,7,91,plaquette,0.04,0.04,1,1,-0.4453467049823,3.370207999897623e-07,-0.4416469546641,-0.44154542173239997,-0.093696565743075,0.347950388921025,0.0002918028975764569,plaquette,c5b69bea6878c5b50d930b63dc9e21e4f40cbfebe1fbdf8699c684ac794b1559,True,selected variational/high-chi representative
7ff5f7d805e406,synced_large_h:Results_Izar_replica1,D:\HyraiOn\ENS_Lyon\Internship\2026-EPFL\data\distinVBCs\Results_Izar_replica1\J2_0.26\D_7\orientation_1\plaquette\replica_1\h_0p08\D_7_chi_91_energy_magnetization_correlation.txt,0.26,7,91,plaquette,0.08,0.08,1,1,-0.4605397562186,4.7602609998254053e-07,-0.45298393435335,-0.45289932785615,-0.047987098583215,0.404996835770135,0.00020890656352685872,plaquette,006ed0f3f64da8cce2cffbf67136cad843fdcc88bb7d7db0c5873588691c1713,True,selected variational/high-chi representative
2c45ea3a35c9f6,synced_large_h:Results_Izar_replica1,D:\HyraiOn\ENS_Lyon\Internship\2026-EPFL\data\distinVBCs\Results_Izar_replica1\J2_0.26\D_8\orientation_1\dimer-plaquette\replica_1\h_0p08\D_8_chi_104_energy_magnetization_correlation.txt,0.26,8,104,dimer-plaquette,0.08,-0.08,1,1,-0.4644837495629,7.282640002159724e-08,-0.65182783809635,-0.1417590356516,-0.14173081353015002,0.5100970245662,0.9999446730325982,dimer-plaquette,1d218d8eb03520a4381cafdf39ede0a9ce19d0d2cf89219203d1f6cc8e2eac75,True,selected variational/high-chi representative
09bd42c825a292,synced_large_h:Results_Izar_replica1,D:\HyraiOn\ENS_Lyon\Internship\2026-EPFL\data\distinVBCs\Results_Izar_replica1\J2_0.26\D_8\orientation_1\dimer-plaquette\replica_1\h_0p04\D_8_chi_104_energy_magnetization_correlation.txt,0.26,8,104,dimer-plaquette,0.04,-0.04,1,1,-0.4462160576185,2.7827000148583636e-09,-0.5873314011962499,-0.19248896065555,-0.19248013553895002,0.3948512656572999,0.9999776495167484,dimer-plaquette,2a6efbd1a4caad0a21dbcd8e743d8022fc8b5ae89ade1390d44dfbc6b6c88427,True,selected variational/high-chi representative
5f042439dfb4e5,synced_large_h:Results_Izar_replica1,D:\HyraiOn\ENS_Lyon\Internship\2026-EPFL\data\distinVBCs\Results_Izar_replica1\J2_0.26\D_8\orientation_1\dimer-plaquette\replica_1\h_0p02\D_8_chi_104_energy_magnetization_correlation.txt,0.26,8,104,dimer-plaquette,0.02,-0.02,1,1,-0.4391141773047,1.9382739996354204e-07,-0.5372939409551499,-0.22628809182845,-0.22627430028865,0.3110196406664999,0.9999556570132664,dimer-plaquette,68a35f2fa07b614b71cd1f49c0c51a4da428a1473b5d8d0da90bc63d3d1ade32,True,selected variational/high-chi representative
533a9f844a4f24,synced_large_h:Results_Izar_replica1,D:\HyraiOn\ENS_Lyon\Internship\2026-EPFL\data\distinVBCs\Results_Izar_replica1\J2_0.26\D_8\orientation_1\dimer-plaquette\replica_1\h_0p01\D_8_chi_104_energy_magnetization_correlation.txt,0.26,8,104,dimer-plaquette,0.01,-0.01,1,1,-0.4362804837618,5.177855000315645e-07,-0.50190714563105,-0.24833579764835,-0.24826457051109999,0.25364257511995003,0.9997191830385086,dimer-plaquette,84eb6eb908f179a721053ba2e915c358d7bb1169712fe2bd227de88a58c6d8c5,True,selected variational/high-chi representative
c18a632782c238,synced_small_h:Results_Izar_replica1,D:\HyraiOn\ENS_Lyon\Internship\2026-EPFL\data\distinVBCsSmallH\Results_Izar_replica1\J2_0.26\D_8\orientation_1\dimer-plaquette\replica_1\h_0p005\D_8_chi_104_energy_magnetization_correlation.txt,0.26,8,104,dimer-plaquette,0.005,-0.005,1,1,-0.4350975168359,3.715154999750503e-07,-0.4798643187825,-0.26133763448035,-0.2612451991744,0.21861911960810004,0.9995771856271504,dimer-plaquette,56fa040177d149f4e1ad60d299b651f80050aa2b61c2f71399b492bf4b11f360,True,selected variational/high-chi representative
aeebff7681690f,synced_small_h:Results_Izar_replica1,D:\HyraiOn\ENS_Lyon\Internship\2026-EPFL\data\distinVBCsSmallH\Results_Izar_replica1\J2_0.26\D_8\orientation_1\dimer-plaquette\replica_1\h_0p003\D_8_chi_104_energy_magnetization_correlation.txt,0.26,8,104,dimer-plaquette,0.003,-0.003,1,1,-0.4346852697151,9.669093000153062e-07,-0.46775884597554995,-0.26891999195739996,-0.2679592149415,0.19979963103404996,0.995191297346609,dimer-plaquette,ad989e3f4c0329fb772d860c9eade76e176ab5c11cc4892cc7b5ff8df3ef7028,True,selected variational/high-chi representative
7597aebb7d07e6,synced_small_h:Results_Izar_replica1,D:\HyraiOn\ENS_Lyon\Internship\2026-EPFL\data\distinVBCsSmallH\Results_Izar_replica1\J2_0.26\D_8\orientation_1\dimer-plaquette\replica_1\h_0p002\D_8_chi_104_energy_magnetization_correlation.txt,0.26,8,104,dimer-plaquette,0.002,-0.002,1,1,-0.4344991311972,4.7131450003901065e-07,-0.46020834343815004,-0.27284324627469997,-0.2728196263555,0.18738871708265004,0.9998739522871617,dimer-plaquette,4cc8770603fcfd545130cd5fd4a071810f3a8867060bb751e57e36d6b0b35dfb,True,selected variational/high-chi representative
d46267d525a0f1,synced_small_h:Results_Izar_replica1,D:\HyraiOn\ENS_Lyon\Internship\2026-EPFL\data\distinVBCsSmallH\Results_Izar_replica1\J2_0.26\D_8\orientation_1\dimer-plaquette\replica_1\h_0p001\D_8_chi_104_energy_magnetization_correlation.txt,0.26,8,104,dimer-plaquette,0.001,-0.001,1,1,-0.4343345078361,3.1834829000154663e-06,-0.45039379304685,-0.28067921787655,-0.27625021566464997,0.17414357738220004,0.9745669505675797,dimer-plaquette,ca1a0c9c36d2d373908544fc4a48083fe7c9e41e02c7fbb56d3c89be4f3a2d84,True,selected variational/high-chi representative
b54603e992ed56,izar_j2_sequences:Results_Izar_J2_sequences,D:\HyraiOn\ENS_Lyon\Internship\2026-EPFL\data\distinVBCsJ2Continuation\Results_Izar_J2_sequences\s004_J2_0p3_D_8_dimer-plaquette\left\insurance_1\J2_0p26\D_8_chi_104_energy_magnetization_correlation.txt,0.26,8,104,dimer-plaquette,0.0,0.0,2,0,-0.4341601189605,3.804530399997841e-06,-0.44273123151915,-0.28482835056315,-0.28060079420504996,0.16213043731410004,0.9739249678953875,dimer-plaquette,88759537358f2991c97e92e0e43dd3f6f3a1617c2a42e74720adf904bb3e9d2e,False,higher-energy duplicate/protocol
92c59b4d6dbd38,izar_j2_sequences:Results_Izar_J2_sequences,D:\HyraiOn\ENS_Lyon\Internship\2026-EPFL\data\distinVBCsJ2Continuation\Results_Izar_J2_sequences\s004_J2_0p3_D_8_dimer-plaquette\left\insurance_2\J2_0p26\D_8_chi_104_energy_magnetization_correlation.txt,0.26,8,104,dimer-plaquette,0.0,0.0,2,0,-0.4341570589966,3.6211784000261815e-06,-0.44406513512065,-0.28325694967730003,-0.2805229156488,0.16354221947185,0.9832823962073559,dimer-plaquette,de5b2f74ba86124d1ad0f369f957495947fe9ba26c5559d36a3e65f2e1c295e5,False,higher-energy duplicate/protocol
5017913f59613e,synced_small_h:Results_Izar_replica1,D:\HyraiOn\ENS_Lyon\Internship\2026-EPFL\data\distinVBCsSmallH\Results_Izar_replica1\J2_0.26\D_8\orientation_1\dimer-plaquette\replica_1\h_0\D_8_chi_104_energy_magnetization_correlation.txt,0.26,8,104,dimer-plaquette,0.0,0.0,1,1,-0.4341694544855,3.3063188999982174e-06,-0.4419927065851,-0.28809137447335004,-0.27820612845529996,0.16378657812980002,0.9396455672319128,dimer-plaquette,483220ebf197b243920ae09843651cfec391794ed33cdc69ce7dd6f59637c63f,True,selected variational/high-chi representative
edba25750703b9,izar_j2_sequences:Results_Izar_J2_sequences,D:\HyraiOn\ENS_Lyon\Internship\2026-EPFL\data\distinVBCsJ2Continuation\Results_Izar_J2_sequences\s003_J2_0p28_D_8_plaquette\left\insurance_1\J2_0p26\D_8_chi_104_energy_magnetization_correlation.txt,0.26,8,104,plaquette,0.0,0.0,0,0,-0.4342889912743,2.292016699989574e-06,-0.3841773542898,-0.3814362166858,-0.24352014640525,0.14065720788455,0.019488070645123735,plaquette,7a5c5fbcdb41c749b24d5bf47dde60473cb328da7fee1d5ddab70930cda548b0,False,higher-energy duplicate/protocol
02fc1e7ad09479,izar_j2_sequences:Results_Izar_J2_sequences,D:\HyraiOn\ENS_Lyon\Internship\2026-EPFL\data\distinVBCsJ2Continuation\Results_Izar_J2_sequences\s003_J2_0p28_D_8_plaquette\left\insurance_2\J2_0p26\D_8_chi_104_energy_magnetization_correlation.txt,0.26,8,104,plaquette,0.0,0.0,0,0,-0.4342918077479,3.4814980999775536e-06,-0.38364842388930004,-0.38139875933385,-0.24414543378945,0.13950299009985004,0.01612628198033497,plaquette,24100dc9a62f9b564ae5dc572d910d725097123b6ceea604404a4ae721c05890,True,selected variational/high-chi representative
fdec1559ca2668,synced_small_h:Results_Izar_replica1,D:\HyraiOn\ENS_Lyon\Internship\2026-EPFL\data\distinVBCsSmallH\Results_Izar_replica1\J2_0.26\D_8\orientation_1\plaquette\replica_1\h_0\D_8_chi_104_energy_magnetization_correlation.txt,0.26,8,104,plaquette,0.0,0.0,1,1,-0.4342829739691,1.927071599960861e-06,-0.39098939327705,-0.3826126335834,-0.23494764342505,0.156041749852,0.05368281054009644,plaquette,cc06faaa753aa423d887616d03838e4cb3f14f3564bc919d243aff9e1a17ce73,False,higher-energy duplicate/protocol
c7015153b29d84,synced_small_h:Results_Izar_replica1,D:\HyraiOn\ENS_Lyon\Internship\2026-EPFL\data\distinVBCsSmallH\Results_Izar_replica1\J2_0.26\D_8\orientation_1\plaquette\replica_1\h_0p001\D_8_chi_104_energy_magnetization_correlation.txt,0.26,8,104,plaquette,0.001,0.001,1,1,-0.4344422212515,1.194725800013341e-06,-0.3941064869615,-0.3903432986119,-0.22287108273305,0.17123540422845002,0.021976695570382558,plaquette,759dbb3d1cf5ae4524479f6beea46241b1d7644ac6107c98580cdd481c3b2f65,True,selected variational/high-chi representative
fa0cf552bfc332,synced_small_h:Results_Izar_replica1,D:\HyraiOn\ENS_Lyon\Internship\2026-EPFL\data\distinVBCsSmallH\Results_Izar_replica1\J2_0.26\D_8\orientation_1\plaquette\replica_1\h_0p002\D_8_chi_104_energy_magnetization_correlation.txt,0.26,8,104,plaquette,0.002,0.002,1,1,-0.4346176822461,1.6177685999707592e-06,-0.3973154239962,-0.39383867427534996,-0.2152685550728,0.18204686892340002,0.019098102271195676,plaquette,690dcb603ae57dc692bf895436ff3117621f8c531ca3b6bb88be18e047e73d16,True,selected variational/high-chi representative
dabbc4f4c99ad8,synced_small_h:Results_Izar_replica1,D:\HyraiOn\ENS_Lyon\Internship\2026-EPFL\data\distinVBCsSmallH\Results_Izar_replica1\J2_0.26\D_8\orientation_1\plaquette\replica_1\h_0p003\D_8_chi_104_energy_magnetization_correlation.txt,0.26,8,104,plaquette,0.003,0.003,1,1,-0.4348024751218,1.436049799963257e-06,-0.3997246481076,-0.39740434801595,-0.20843338202310002,0.19129126608449998,0.012129670837272108,plaquette,fdf9262295947041415890301181789935e4be9ce03afb248df948b8ff76ea77,True,selected variational/high-chi representative
17d6b992fac926,synced_large_h:Results_Izar_replica1,D:\HyraiOn\ENS_Lyon\Internship\2026-EPFL\data\distinVBCs\Results_Izar_replica1\J2_0.26\D_8\orientation_1\plaquette\replica_1\h_0p005\D_8_chi_104_energy_magnetization_correlation.txt,0.26,8,104,plaquette,0.005,0.005,1,1,-0.4352002816686,1.2279768999978735e-06,-0.40437750674510003,-0.40327903187925,-0.19613926611975,0.20823824062535004,0.005275087143222315,plaquette,8d5a2def355dda59d160335cad412edc806cf202a088f26a0ec5f83c1bdf4f33,True,selected variational/high-chi representative
b4101ae1578ef3,synced_large_h:Results_Izar_replica1,D:\HyraiOn\ENS_Lyon\Internship\2026-EPFL\data\distinVBCs\Results_Izar_replica1\J2_0.26\D_8\orientation_1\plaquette\replica_1\h_0p01\D_8_chi_104_energy_magnetization_correlation.txt,0.26,8,104,plaquette,0.01,0.01,1,1,-0.4363285530623,4.310400000262504e-07,-0.41415958570565,-0.41373554674525,-0.17152573697204998,0.2426338487336,0.0017476496482795815,plaquette,a12baaf363bb65b2d9892cde6e3fa7d0f8bec2481cb56992818ec61f816f978e,True,selected variational/high-chi representative
0b5a1b95c3226f,synced_large_h:Results_Izar_replica1,D:\HyraiOn\ENS_Lyon\Internship\2026-EPFL\data\distinVBCs\Results_Izar_replica1\J2_0.26\D_8\orientation_1\plaquette\replica_1\h_0p02\D_8_chi_104_energy_magnetization_correlation.txt,0.26,8,104,plaquette,0.02,0.02,1,1,-0.4390045148097,1.3317809999247032e-07,-0.42712214205619997,-0.4270796438205,-0.13696451839569998,0.2901576236605,0.00014646603168244404,plaquette,ad0da24201063560197cba47cbceb45b3cfbd21fcb831286c8343c598b74d694,True,selected variational/high-chi representative
f8a2123fa3bb0a,synced_large_h:Results_Izar_replica1,D:\HyraiOn\ENS_Lyon\Internship\2026-EPFL\data\distinVBCs\Results_Izar_replica1\J2_0.26\D_8\orientation_1\plaquette\replica_1\h_0p04\D_8_chi_104_energy_magnetization_correlation.txt,0.26,8,104,plaquette,0.04,0.04,1,1,-0.4454163165618,1.3350939997991418e-07,-0.44119393090114994,-0.4410563664117,-0.094406700420895,0.34678723048025495,0.0003966826842483521,plaquette,06027fc8bbe92bee6bd69aa0e81bbb7c5df1c2ae00e080ba97466935475a6eb2,True,selected variational/high-chi representative
f0ff5b4042d9f3,synced_large_h:Results_Izar_replica1,D:\HyraiOn\ENS_Lyon\Internship\2026-EPFL\data\distinVBCs\Results_Izar_replica1\J2_0.26\D_8\orientation_1\plaquette\replica_1\h_0p08\D_8_chi_104_energy_magnetization_correlation.txt,0.26,8,104,plaquette,0.08,0.08,1,1,-0.4605804273314,2.747014999915365e-07,-0.45275151156814997,-0.4527459252487,-0.04819251309461,0.40455899847354,1.3808417242099035e-05,plaquette,a778a90b75849ee20e1bdd24396fb420144c22cbd940ebcff0f121650435d25e,True,selected variational/high-chi representative
631791fe844f6d,synced_large_h:Results_Izar_replica1,D:\HyraiOn\ENS_Lyon\Internship\2026-EPFL\data\distinVBCs\Results_Izar_replica1\J2_0.26\D_9\orientation_1\dimer-plaquette\replica_1\h_0p08\D_9_chi_108_energy_magnetization_correlation.txt,0.26,9,108,dimer-plaquette,0.08,-0.08,1,1,-0.4644871390066,2.548836999793913e-07,-0.6517798767916,-0.1417948942184,-0.14176078727915,0.51001908951245,0.9999331261516454,dimer-plaquette,b26a5f2ea8f39aaae271313f6c0bb1773c71ff80863bfcda98192783f4457ba5,True,selected variational/high-chi representative
185707bd9bae8b,synced_large_h:Results_Izar_replica1,D:\HyraiOn\ENS_Lyon\Internship\2026-EPFL\data\distinVBCs\Results_Izar_replica1\J2_0.26\D_9\orientation_1\dimer-plaquette\replica_1\h_0p04\D_9_chi_108_energy_magnetization_correlation.txt,0.26,9,108,dimer-plaquette,0.04,-0.04,1,1,-0.4462345070406,8.074087000098373e-07,-0.5867931173291999,-0.19294854327115,-0.19283765656215,0.3939554607670499,0.9997185298338446,dimer-plaquette,b6459e386521234975871ef9de185934437cfb54d135e1a06070ee2d85f5a0b2,True,selected variational/high-chi representative
89f05ec5dff444,synced_large_h:Results_Izar_replica1,D:\HyraiOn\ENS_Lyon\Internship\2026-EPFL\data\distinVBCs\Results_Izar_replica1\J2_0.26\D_9\orientation_1\dimer-plaquette\replica_1\h_0p02\D_9_chi_108_energy_magnetization_correlation.txt,0.26,9,108,dimer-plaquette,0.02,-0.02,1,1,-0.4391763780466,1.5062276999544544e-06,-0.53468136639385,-0.22814139464195002,-0.2279575729558,0.30672379343805,0.9994006930988639,dimer-plaquette,c5aea4614e1bcb58d3dc1713e29f7a261aabc02760e053cbd72875a11e5b0762,True,selected variational/high-chi representative
666b3d36c4b084,synced_small_h:Results_Izar_replica1,D:\HyraiOn\ENS_Lyon\Internship\2026-EPFL\data\distinVBCsSmallH\Results_Izar_replica1\J2_0.26\D_9\orientation_1\dimer-plaquette\replica_1\h_0p005\D_9_chi_108_energy_magnetization_correlation.txt,0.26,9,108,dimer-plaquette,0.005,-0.005,1,1,-0.4353010216927,1.7204413000349028e-06,-0.46655462421975,-0.26938710899875,-0.2686088341515,0.19794579006825003,0.9960682424870887,dimer-plaquette,ea3658b5d2d58752594ca855f7bdf58101964577572bc58828dd4fc9b4278978,True,selected variational/high-chi representative
5841b0fe678124,synced_small_h:Results_Izar_replica1,D:\HyraiOn\ENS_Lyon\Internship\2026-EPFL\data\distinVBCsSmallH\Results_Izar_replica1\J2_0.26\D_9\orientation_1\dimer-plaquette\replica_1\h_0p003\D_9_chi_108_energy_magnetization_correlation.txt,0.26,9,108,dimer-plaquette,0.003,-0.003,1,1,-0.4349399721478,8.839954199979516e-06,-0.4470049962125,-0.28046543982,-0.27943231015395,0.16757268605855002,0.9938347370902139,dimer-plaquette,d4093f33588c53b08130ecc5847d29b34847950d1910d1ed147fc03a271e8322,True,selected variational/high-chi representative
742f723b2ff365,synced_small_h:Results_Izar_replica1,D:\HyraiOn\ENS_Lyon\Internship\2026-EPFL\data\distinVBCsSmallH\Results_Izar_replica1\J2_0.26\D_9\orientation_1\dimer-plaquette\replica_1\h_0p002\D_9_chi_108_energy_magnetization_correlation.txt,0.26,9,108,dimer-plaquette,0.002,-0.002,1,1,-0.4347831884615,1.0175055200012384e-05,-0.4341121786532,-0.2871183602592,-0.2868484870905,0.14726369156270003,0.9981674154312156,dimer-plaquette,ae56f6f9a4cb0baf0efdb720b3b4b9b55a18e497a90cb7da0c4b4912f0839571,True,selected variational/high-chi representative
1ea11085d3128e,synced_small_h:Results_Izar_replica1,D:\HyraiOn\ENS_Lyon\Internship\2026-EPFL\data\distinVBCsSmallH\Results_Izar_replica1\J2_0.26\D_9\orientation_1\dimer-plaquette\replica_1\h_0p001\D_9_chi_108_energy_magnetization_correlation.txt,0.26,9,108,dimer-plaquette,0.001,-0.001,1,1,-0.4346508485862,9.72921980002539e-06,-0.4136963278755,-0.29808465454715,-0.29791183310115,0.11578449477434999,0.9985073869663048,dimer-plaquette,7b5a95eddcda44a9e935fe9ec96256a5b2f697cd95fb643a9c78840d779446a0,True,selected variational/high-chi representative
486f234bc5796b,izar_j2_sequences:Results_Izar_J2_sequences,D:\HyraiOn\ENS_Lyon\Internship\2026-EPFL\data\distinVBCsJ2Continuation\Results_Izar_J2_sequences\s006_J2_0p33_D_9_dimer-plaquette\left\insurance_1\J2_0p26\D_9_chi_108_energy_magnetization_correlation.txt,0.26,9,108,dimer-plaquette,0.0,0.0,1,0,-0.4345845648534,1.1090207700015231e-05,-0.34734602677075,-0.3347266556177,-0.3299829775732,0.017363049197549996,0.7267946435831477,three-distinct/mixed,cdec28834003ebc96599df9aba73ce435de007beb08135b2b3a1399fb660f40f,False,higher-energy duplicate/protocol
69597a391d022c,izar_j2_sequences:Results_Izar_J2_sequences,D:\HyraiOn\ENS_Lyon\Internship\2026-EPFL\data\distinVBCsJ2Continuation\Results_Izar_J2_sequences\s006_J2_0p33_D_9_dimer-plaquette\left\insurance_2\J2_0p26\D_9_chi_108_energy_magnetization_correlation.txt,0.26,9,108,dimer-plaquette,0.0,0.0,1,0,-0.4345967858546,2.926377070000541e-05,-0.34282085445704996,-0.33487953740395,-0.3343885493297,0.008432305127349937,0.9417729711111308,dimer-plaquette,4e4fae50684192f08516703b3b26e29c6ed7f1d71ad7e2869d150664358a227c,True,selected variational/high-chi representative
07d22d9ab70a39,izar_j2_sequences:Results_Izar_J2_sequences,D:\HyraiOn\ENS_Lyon\Internship\2026-EPFL\data\distinVBCsJ2Continuation\Results_Izar_J2_sequences\s101_J2_0p28_D_9_dimer-plaquette\left\insurance_1\J2_0p26\D_9_chi_108_energy_magnetization_correlation.txt,0.26,9,108,dimer-plaquette,0.0,0.0,2,0,-0.434581254709,7.2099342999787375e-06,-0.36507178235305004,-0.32356246286195,-0.32289999437995,0.04217178797310006,0.9842911929078608,dimer-plaquette,ecda2be8d494813c8097bffb81232973efa71573e3d0d9a39bfe7a340360dbd0,False,higher-energy duplicate/protocol
e7071ee74da8d5,izar_j2_sequences:Results_Izar_J2_sequences,D:\HyraiOn\ENS_Lyon\Internship\2026-EPFL\data\distinVBCsJ2Continuation\Results_Izar_J2_sequences\s101_J2_0p28_D_9_dimer-plaquette\left\insurance_2\J2_0p26\D_9_chi_108_energy_magnetization_correlation.txt,0.26,9,108,dimer-plaquette,0.0,0.0,2,0,-0.434575239718,5.119863900004962e-06,-0.3671645134354,-0.322396934786,-0.32189820130630004,0.045266312129099984,0.988982237424653,dimer-plaquette,ace333ad61d3d654f76dd4948b969b4bbbd03e36a7c0231dd6753865b5670aef,False,higher-energy duplicate/protocol
236645be97cf9e,izar_j2_sequences:Results_Izar_J2_sequences,D:\HyraiOn\ENS_Lyon\Internship\2026-EPFL\data\distinVBCsJ2Continuation\Results_Izar_J2_sequences\s102_J2_0p3_D_9_dimer-plaquette\left\insurance_2\J2_0p26\D_9_chi_108_energy_magnetization_correlation.txt,0.26,9,108,dimer-plaquette,0.0,0.0,0,0,-0.4345636223148,1.6651905800024736e-05,-0.3682724927214,-0.32359096820485,-0.31972173167115,0.048550761050250024,0.9203053371357997,dimer-plaquette,9867febd81a6bff71000b92d689696fa24c966a777aa4d95993db72a4085a502,False,higher-energy duplicate/protocol
f9e01a23d4e3bc,izar_j2_sequences:Results_Izar_J2_sequences,D:\HyraiOn\ENS_Lyon\Internship\2026-EPFL\data\distinVBCsJ2Continuation\Results_Izar_J2_sequences\s005_J2_0p3_D_9_plaquette\left\insurance_1\J2_0p26\D_9_chi_108_energy_magnetization_correlation.txt,0.26,9,108,plaquette,0.0,0.0,0,0,-0.434588454618,5.738187299986208e-06,-0.34805590661315006,-0.34703890200660004,-0.3165931974988,0.03146270911435006,0.032324127043661575,plaquette,621ece4d2f17a18339c55025e0b7b708581baeec206631a6039f1f106045a9d1,False,higher-energy duplicate/protocol
d901e005b3b4fa,izar_j2_sequences:Results_Izar_J2_sequences,D:\HyraiOn\ENS_Lyon\Internship\2026-EPFL\data\distinVBCsJ2Continuation\Results_Izar_J2_sequences\s005_J2_0p3_D_9_plaquette\left\insurance_2\J2_0p26\D_9_chi_108_energy_magnetization_correlation.txt,0.26,9,108,plaquette,0.0,0.0,0,0,-0.4345932622565,1.17067838000251e-05,-0.34843690805574995,-0.34616252681895004,-0.3171663287467,0.03127057930904997,0.07273230260053672,plaquette,c5df1c0c255ea9384b92ae6cb38440762292954bd60f7cc9aee7fb16513f39ab,True,selected variational/high-chi representative
e28489347d3598,izar_j2_sequences:Results_Izar_J2_sequences,D:\HyraiOn\ENS_Lyon\Internship\2026-EPFL\data\distinVBCsJ2Continuation\Results_Izar_J2_sequences\s103_J2_0p31_D_9_plaquette\left\insurance_1\J2_0p26\D_9_chi_108_energy_magnetization_correlation.txt,0.26,9,108,plaquette,0.0,0.0,0,0,-0.4345395737007,8.36441120000142e-06,-0.35802297484115003,-0.3502876628862,-0.29958091367805,0.05844206116310002,0.13235864377476922,plaquette,440df5e749e0ce60be6bf18fb44a65a902bb1861cadb7016c2cfe86353150863,False,higher-energy duplicate/protocol
9162c36d098fee,izar_j2_sequences:Results_Izar_J2_sequences,D:\HyraiOn\ENS_Lyon\Internship\2026-EPFL\data\distinVBCsJ2Continuation\Results_Izar_J2_sequences\s103_J2_0p31_D_9_plaquette\left\insurance_2\J2_0p26\D_9_chi_108_energy_magnetization_correlation.txt,0.26,9,108,plaquette,0.0,0.0,0,0,-0.4345744423802,1.3291354599986871e-05,-0.3462042026536,-0.3426988791227,-0.32321870794425,0.02298549470935002,0.152501548268794,plaquette,25d44854a7aa4ecca4a5bc52752cfa52aa1ea8dfbc6444290b7b0b23d0225b67,False,higher-energy duplicate/protocol
bf749d3dafe005,synced_small_h:Results_Izar_replica1,D:\HyraiOn\ENS_Lyon\Internship\2026-EPFL\data\distinVBCsSmallH\Results_Izar_replica1\J2_0.26\D_9\orientation_1\plaquette\replica_1\h_0\D_9_chi_108_energy_magnetization_correlation.txt,0.26,9,108,plaquette,0.0,0.0,1,1,-0.434487557205,1.324608039998676e-05,-0.3710004237533,-0.36202256994535004,-0.2779673980493,0.09303302570400002,0.09650179320744114,plaquette,cf5cf39429309d4ba9a1c2bece0e25eb6cf168fb879e8b0f28a5b79ae7e34438,False,higher-energy duplicate/protocol
149044239eb2a3,synced_small_h:Results_Izar_replica1,D:\HyraiOn\ENS_Lyon\Internship\2026-EPFL\data\distinVBCsSmallH\Results_Izar_replica1\J2_0.26\D_9\orientation_1\plaquette\replica_1\h_0p001\D_9_chi_108_energy_magnetization_correlation.txt,0.26,9,108,plaquette,0.001,0.001,1,1,-0.4345867905135,1.2958036199994805e-05,-0.391436626288,-0.38823784078555,-0.22730820647125002,0.16412841981675,0.01948952841940149,plaquette,d719b2fe0d29c05b77b6e01c7b0f162622e5ae70e7c8980d1e27a9f983c86b30,True,selected variational/high-chi representative
50cc489c10dba5,synced_small_h:Results_Izar_replica1,D:\HyraiOn\ENS_Lyon\Internship\2026-EPFL\data\distinVBCsSmallH\Results_Izar_replica1\J2_0.26\D_9\orientation_1\plaquette\replica_1\h_0p002\D_9_chi_108_energy_magnetization_correlation.txt,0.26,9,108,plaquette,0.002,0.002,1,1,-0.4347493190869,1.2950043400017375e-05,-0.39143669326695,-0.3882378744785,-0.22730809109054997,0.16412860217640005,0.019489709569402377,plaquette,865e443658311058ae76a62530a27faac93e36590841424b3d27fdaa83a24f4c,True,selected variational/high-chi representative
5201359b2c9a51,synced_small_h:Results_Izar_replica1,D:\HyraiOn\ENS_Lyon\Internship\2026-EPFL\data\distinVBCsSmallH\Results_Izar_replica1\J2_0.26\D_9\orientation_1\plaquette\replica_1\h_0p003\D_9_chi_108_energy_magnetization_correlation.txt,0.26,9,108,plaquette,0.003,0.003,1,1,-0.4349178336813,1.16762881999799e-05,-0.3942558795267,-0.3940737267789,-0.21750058539694997,0.17675529412975002,0.0010305363055562425,plaquette,b00b931db5a647ab46bd44361a980724d402be3135cf836f5300f5791dcd9cea,True,selected variational/high-chi representative
71ad8ad691e386,synced_small_h:Results_Izar_replica1,D:\HyraiOn\ENS_Lyon\Internship\2026-EPFL\data\distinVBCsSmallH\Results_Izar_replica1\J2_0.26\D_9\orientation_1\plaquette\replica_1\h_0p005\D_9_chi_108_energy_magnetization_correlation.txt,0.26,9,108,plaquette,0.005,0.005,1,1,-0.4352937325768,9.499593399964201e-06,-0.40182556477229997,-0.4008136462971,-0.20151212681185002,0.20031343796044995,0.0050516754417633475,plaquette,2d335fff889fa6ad1907c7f2354051645ba9d29f1c7b1f82702b7719ea9d1013,True,selected variational/high-chi representative
20ade1f79005b4,synced_large_h:Results_Izar_replica1,D:\HyraiOn\ENS_Lyon\Internship\2026-EPFL\data\distinVBCs\Results_Izar_replica1\J2_0.26\D_9\orientation_1\plaquette\replica_1\h_0p01\D_9_chi_108_energy_magnetization_correlation.txt,0.26,9,108,plaquette,0.01,0.01,1,1,-0.4363920279828,4.268848400046377e-06,-0.41300397866559996,-0.41254667051175,-0.17396286512274997,0.23904111354285,0.0019130941413055369,plaquette,6621b8460b40fab6927283c9141a7254eab3f5b6ad6d7a045a4361baf1eeb8ac,True,selected variational/high-chi representative
e1512a2c9b1115,synced_large_h:Results_Izar_replica1,D:\HyraiOn\ENS_Lyon\Internship\2026-EPFL\data\distinVBCs\Results_Izar_replica1\J2_0.26\D_9\orientation_1\plaquette\replica_1\h_0p02\D_9_chi_108_energy_magnetization_correlation.txt,0.26,9,108,plaquette,0.02,0.02,1,1,-0.4390426839761,2.1928050999986404e-06,-0.4268110345264,-0.42667412156755,-0.13749207798440002,0.289318956542,0.000473224984931511,plaquette,988d21190758fa8f2109def7a5854bf90e7f74887eaaf4cbf5e8a50d3f5e168e,True,selected variational/high-chi representative
b0a61d6517458d,synced_large_h:Results_Izar_replica1,D:\HyraiOn\ENS_Lyon\Internship\2026-EPFL\data\distinVBCs\Results_Izar_replica1\J2_0.26\D_9\orientation_1\plaquette\replica_1\h_0p04\D_9_chi_108_energy_magnetization_correlation.txt,0.26,9,108,plaquette,0.04,0.04,1,1,-0.4454499145828,2.596768699958396e-06,-0.44087772483595006,-0.4408579109608,-0.09488284561188,0.3459948792240701,5.7266382654211184e-05,plaquette,26b58e6025b3b895a54f6abb47ce51b22549860055a88550617d9d07cbd744e9,True,selected variational/high-chi representative
0a6eed3fda3b81,synced_large_h:Results_Izar_replica1,D:\HyraiOn\ENS_Lyon\Internship\2026-EPFL\data\distinVBCs\Results_Izar_replica1\J2_0.26\D_9\orientation_1\plaquette\replica_1\h_0p08\D_9_chi_108_energy_magnetization_correlation.txt,0.26,9,108,plaquette,0.08,0.08,1,1,-0.460593328215,5.014260999747222e-07,-0.45268635312160005,-0.45268216067535,-0.0482480156715,0.40443833745010005,1.0366095055388147e-05,plaquette,8a94f6803e5b69434c0d89aab8cc5d3bd26ceafa8500da3c3d0b32ef94b8f5c3,True,selected variational/high-chi representative
36777f03495602,synced_large_h:Results_Izar_replica1,D:\HyraiOn\ENS_Lyon\Internship\2026-EPFL\data\distinVBCs\Results_Izar_replica1\J2_0.265\D_6\orientation_2\dimer-plaquette\replica_1\h_0p08\D_6_chi_72_energy_magnetization_correlation.txt,0.265,6,72,dimer-plaquette,0.08,-0.08,2,1,-0.4635241334405,6.220849996241284e-08,-0.65526491828115,-0.13829885789575,-0.1382074589887,0.51705745929245,0.9998232325916445,dimer-plaquette,ac83d74b0a66155ede5cc217795d16f67ffbe6cbaf82a879c2956c6ced69138b,True,selected variational/high-chi representative
1015d7b5b3015e,synced_large_h:Results_Izar_replica1,D:\HyraiOn\ENS_Lyon\Internship\2026-EPFL\data\distinVBCs\Results_Izar_replica1\J2_0.265\D_6\orientation_2\dimer-plaquette\replica_1\h_0p04\D_6_chi_72_energy_magnetization_correlation.txt,0.265,6,72,dimer-plaquette,0.04,-0.04,2,1,-0.444947185739,3.3158770001984195e-07,-0.59221246422535,-0.1886095342257,-0.1885636644554,0.40364879976995005,0.9998863621783931,dimer-plaquette,3cb2be0cc499eb57c8e8442f9f4669c5e2d6b4fc550cb836a3e50ac2b610506f,True,selected variational/high-chi representative
5bba8ec8b7fb27,synced_large_h:Results_Izar_replica1,D:\HyraiOn\ENS_Lyon\Internship\2026-EPFL\data\distinVBCs\Results_Izar_replica1\J2_0.265\D_6\orientation_2\dimer-plaquette\replica_1\h_0p02\D_6_chi_72_energy_magnetization_correlation.txt,0.265,6,72,dimer-plaquette,0.02,-0.02,2,1,-0.4376440681662,4.4469100013433405e-08,-0.5443131882622,-0.2214677896529,-0.22136597516315001,0.32294721309904995,0.99968473333839,dimer-plaquette,189204f16920ed6f918703e5bb2eef6814ae8e9a7c8884b277bea9c4215fb7b7,True,selected variational/high-chi representative
834189a6127f69,synced_large_h:Results_Izar_replica1,D:\HyraiOn\ENS_Lyon\Internship\2026-EPFL\data\distinVBCs\Results_Izar_replica1\J2_0.265\D_6\orientation_2\dimer-plaquette\replica_1\h_0p01\D_6_chi_72_energy_magnetization_correlation.txt,0.265,6,72,dimer-plaquette,0.01,-0.01,2,1,-0.4346643855281,2.676208000207403e-07,-0.5127715818473,-0.24162089937965,-0.2410908467588,0.2716807350885,0.9980489870925983,dimer-plaquette,cffa4e9eb80136607fe31a174d2704925f9823a6aaeefa322773dc6c98cd8fe2,True,selected variational/high-chi representative
19295bc63ba997,synced_large_h:Results_Izar_replica1,D:\HyraiOn\ENS_Lyon\Internship\2026-EPFL\data\distinVBCs\Results_Izar_replica1\J2_0.265\D_6\orientation_2\dimer-plaquette\replica_1\h_0p005\D_6_chi_72_energy_magnetization_correlation.txt,0.265,6,72,dimer-plaquette,0.005,-0.005,2,1,-0.4333842914714,1.4540580001165537e-07,-0.49355710553355,-0.25347755456915,-0.25246664405405,0.24109046147949997,0.9958069244677026,dimer-plaquette,762082e94e3be7ba63ad34b8c063fdb0ac77ec83c15797ebce11ae51e30a2dc3,True,selected variational/high-chi representative
ec103f148d8d2e,synced_small_h:Results_Izar_replica1,D:\HyraiOn\ENS_Lyon\Internship\2026-EPFL\data\distinVBCsSmallH\Results_Izar_replica1\J2_0.265\D_6\orientation_2\dimer-plaquette\replica_1\h_0p003\D_6_chi_72_energy_magnetization_correlation.txt,0.265,6,72,dimer-plaquette,0.003,-0.003,2,1,-0.432920588202,2.0376360004847882e-07,-0.48496222760019997,-0.2585166081411,-0.25757128002894997,0.22739094757125,0.9958427187966494,dimer-plaquette,84438d7f8da2a7a92551145637838deb383aad107ba049ffd6eb4a7e4b8e9bd8,True,selected variational/high-chi representative
0d976601ac3b97,synced_small_h:Results_Izar_replica1,D:\HyraiOn\ENS_Lyon\Internship\2026-EPFL\data\distinVBCsSmallH\Results_Izar_replica1\J2_0.265\D_6\orientation_2\dimer-plaquette\replica_1\h_0p002\D_6_chi_72_energy_magnetization_correlation.txt,0.265,6,72,dimer-plaquette,0.002,-0.002,2,1,-0.4326974491345,1.8245279997941566e-07,-0.48054270776915,-0.2612381284981,-0.26001420889615,0.22052849887299997,0.9944500615194645,dimer-plaquette,ef10ea0ab845e375191b3f7ab6eff1d80e2a959a9c56dc41d86e67898d176af1,True,selected variational/high-chi representative
fa772767d06a83,synced_small_h:Results_Izar_replica1,D:\HyraiOn\ENS_Lyon\Internship\2026-EPFL\data\distinVBCsSmallH\Results_Izar_replica1\J2_0.265\D_6\orientation_2\dimer-plaquette\replica_1\h_0p001\D_6_chi_72_energy_magnetization_correlation.txt,0.265,6,72,dimer-plaquette,0.001,-0.001,2,1,-0.4324815043985,5.584640000444452e-08,-0.47584007236349996,-0.2640699032501,-0.26263955831220004,0.21320051405129992,0.9932910811952556,dimer-plaquette,e6cbc3b01db76dc00cfd1a886d4a45610dbffc70b51f5ddabcef29ac44986fc5,True,selected variational/high-chi representative
8819c390bd86c7,synced_small_h:Results_Izar_replica1,D:\HyraiOn\ENS_Lyon\Internship\2026-EPFL\data\distinVBCsSmallH\Results_Izar_replica1\J2_0.265\D_6\orientation_2\dimer-plaquette\replica_1\h_0\D_6_chi_72_energy_magnetization_correlation.txt,0.265,6,72,dimer-plaquette,0.0,0.0,2,1,-0.4322729426607,3.0094999825536206e-09,-0.470966192329,-0.26704497531279997,-0.26528604391899996,0.20568014841000004,0.9914482199308132,dimer-plaquette,7ebde648afdd53f6512604bbf7ed4add48625424dc0810d32e1c5f13214e1128,True,selected variational/high-chi representative
398ca77347d4e5,last_izar_pins:Results_LastIzar,D:\HyraiOn\ENS_Lyon\Internship\2026-EPFL\data\distinVBCsJ2Continuation\LastIzar\Results_LastIzar\task7_D6_dimer_adiabatic\J2_0p265\D_6_chi_72_energy_magnetization_correlation.txt,0.265,6,72,plaquette,0.0,0.0,0,0,-0.4322752450221,6.858279999466532e-08,-0.47124972821555006,-0.26640248123105,-0.26559613206585003,0.20565359614970002,0.9960790903718845,dimer-plaquette,4239b9a928cd803936e588928c2eab601e7d1bef1512221d8cca78f43a1b04f5,False,branch texture flipped
a5fadf305a20a9,synced_small_h:Results_Izar_replica1,D:\HyraiOn\ENS_Lyon\Internship\2026-EPFL\data\distinVBCsSmallH\Results_Izar_replica1\J2_0.265\D_6\orientation_2\plaquette\replica_1\h_0\D_6_chi_72_energy_magnetization_correlation.txt,0.265,6,72,plaquette,0.0,0.0,2,1,-0.4322716028274,8.456139999335477e-08,-0.43213770623295006,-0.34949251230645,-0.22626082871380002,0.20587687751915004,0.401430189355833,three-distinct/mixed,9191bf71b3b8ccd6bb5db183f933951c892d324027528efb9148657fe8a13a8d,True,selected variational/high-chi representative
8c4d3ece1f125d,synced_small_h:Results_Izar_replica1,D:\HyraiOn\ENS_Lyon\Internship\2026-EPFL\data\distinVBCsSmallH\Results_Izar_replica1\J2_0.265\D_6\orientation_2\plaquette\replica_1\h_0p001\D_6_chi_72_energy_magnetization_correlation.txt,0.265,6,72,plaquette,0.001,0.001,2,1,-0.4324501109266,1.624469000038875e-06,-0.42800632524730003,-0.3680428804247,-0.21054404812125002,0.21746227712605,0.2757418234328649,three-distinct/mixed,e673bd48d9766fb90f98f428f6d13011ebb781833dd8d292a44dbd33012417d1,True,selected variational/high-chi representative
f358f9ece955cd,synced_small_h:Results_Izar_replica1,D:\HyraiOn\ENS_Lyon\Internship\2026-EPFL\data\distinVBCsSmallH\Results_Izar_replica1\J2_0.265\D_6\orientation_2\plaquette\replica_1\h_0p002\D_6_chi_72_energy_magnetization_correlation.txt,0.265,6,72,plaquette,0.002,0.002,2,1,-0.4326455428408,1.301892999960863e-06,-0.42507607879825,-0.3804082738482,-0.19996851081205,0.2251075679862,0.19842871276894758,plaquette,e806ffe5d6e00db410c06b117cf7bff45a1bd1b3b936afbce6d881f76addc957,True,selected variational/high-chi representative
faa72dc2492749,synced_small_h:Results_Izar_replica1,D:\HyraiOn\ENS_Lyon\Internship\2026-EPFL\data\distinVBCsSmallH\Results_Izar_replica1\J2_0.265\D_6\orientation_2\plaquette\replica_1\h_0p003\D_6_chi_72_energy_magnetization_correlation.txt,0.265,6,72,plaquette,0.003,0.003,2,1,-0.4328538194114,1.1451156999853218e-06,-0.42379628280575,-0.38809789727945,-0.19253159701229997,0.23126468579345003,0.15436159396244087,plaquette,8fa012311d6473b1ec840220b8d4905683c9739eb8717bf0ef2d86c230eb5c22,True,selected variational/high-chi representative
eeefa56a0cf4fa,synced_large_h:Results_Izar_replica1,D:\HyraiOn\ENS_Lyon\Internship\2026-EPFL\data\distinVBCs\Results_Izar_replica1\J2_0.265\D_6\orientation_2\plaquette\replica_1\h_0p005\D_6_chi_72_energy_magnetization_correlation.txt,0.265,6,72,plaquette,0.005,0.005,2,1,-0.433297798909,8.435882000168426e-07,-0.42333293292144997,-0.3982494641936,-0.18093624580005,0.24239668712139997,0.1034810707428825,plaquette,f93c3abc616de071cf3f04d23a9f99a0a702426a0ea28bf113775032dded459f,True,selected variational/high-chi representative
02e01106e6d396,synced_large_h:Results_Izar_replica1,D:\HyraiOn\ENS_Lyon\Internship\2026-EPFL\data\distinVBCs\Results_Izar_replica1\J2_0.265\D_6\orientation_2\plaquette\replica_1\h_0p01\D_6_chi_72_energy_magnetization_correlation.txt,0.265,6,72,plaquette,0.01,0.01,2,1,-0.4345277735353,3.401020999826976e-07,-0.42663778186125006,-0.41233786526935007,-0.15895960740965,0.2676781744516,0.053422049149866806,plaquette,a6c6a350adc0841dd99577a3ad65e09146a2f4b14b6bc39ebdd5d2caf2b2619b,True,selected variational/high-chi representative
41e25546064111,synced_large_h:Results_Izar_replica1,D:\HyraiOn\ENS_Lyon\Internship\2026-EPFL\data\distinVBCs\Results_Izar_replica1\J2_0.265\D_6\orientation_2\plaquette\replica_1\h_0p02\D_6_chi_72_energy_magnetization_correlation.txt,0.265,6,72,plaquette,0.02,0.02,2,1,-0.4373578937733,1.4553059995980888e-07,-0.43468583083359996,-0.42699364925340005,-0.12763073107025,0.30705509976335,0.02505146987015796,plaquette,cfc59815f256de0ca68bb1dac3012ec4dab6ebcd1adb8efbe4ec3107e3dfafa2,True,selected variational/high-chi representative
99873bb0dc1188,synced_large_h:Results_Izar_replica1,D:\HyraiOn\ENS_Lyon\Internship\2026-EPFL\data\distinVBCs\Results_Izar_replica1\J2_0.265\D_6\orientation_2\plaquette\replica_1\h_0p04\D_6_chi_72_energy_magnetization_correlation.txt,0.265,6,72,plaquette,0.04,0.04,2,1,-0.4439831319941,6.773110000635185e-08,-0.4447443220764,-0.44149203964675005,-0.08851046382156501,0.356233858254835,0.009129627502513893,plaquette,03202c68dc6671a8e228ab50e29540ed4673eceb54e37b51e1c7c13d9509baac,True,selected variational/high-chi representative
ba36b884af2992,synced_large_h:Results_Izar_replica1,D:\HyraiOn\ENS_Lyon\Internship\2026-EPFL\data\distinVBCs\Results_Izar_replica1\J2_0.265\D_6\orientation_2\plaquette\replica_1\h_0p08\D_6_chi_72_energy_magnetization_correlation.txt,0.265,6,72,plaquette,0.08,0.08,2,1,-0.4593779844734,3.7788200013544326e-08,-0.45392203420165006,-0.4533239225563,-0.044753650493445006,0.4091683837082051,0.001461773854395851,plaquette,9d010cb7a29718b9fcac6b5f769e45bbdd4b60d92048206e2ac34cd07b255426,True,selected variational/high-chi representative
e7213f86c453c5,synced_large_h:Results_Izar_replica1,D:\HyraiOn\ENS_Lyon\Internship\2026-EPFL\data\distinVBCs\Results_Izar_replica1\J2_0.265\D_7\orientation_0\dimer-plaquette\replica_1\h_0p08\D_7_chi_91_energy_magnetization_correlation.txt,0.265,7,91,dimer-plaquette,0.08,-0.08,0,1,-0.4635761925422,6.340133000271031e-07,-0.6549933259752999,-0.13838470374785,-0.13821659040315,0.5167767355721499,0.999674688636063,dimer-plaquette,8789d2b6accc5636d6d2724742299f8efc95d215a42fe5bb9dc021c3412a4fe9,True,selected variational/high-chi representative
d606d29cea9d7c,synced_large_h:Results_Izar_replica1,D:\HyraiOn\ENS_Lyon\Internship\2026-EPFL\data\distinVBCs\Results_Izar_replica1\J2_0.265\D_7\orientation_0\dimer-plaquette\replica_1\h_0p04\D_7_chi_91_energy_magnetization_correlation.txt,0.265,7,91,dimer-plaquette,0.04,-0.04,0,1,-0.4450196205505,9.465259999674736e-07,-0.5917222128138,-0.1887451540716,-0.18873973681224998,0.40298247600155,0.9999865570845567,dimer-plaquette,d45a6afa13483345ac309cd856030b4e83ca04ba34682096e54556c2dda8c564,True,selected variational/high-chi representative
59874cf526cf33,synced_large_h:Results_Izar_replica1,D:\HyraiOn\ENS_Lyon\Internship\2026-EPFL\data\distinVBCs\Results_Izar_replica1\J2_0.265\D_7\orientation_0\dimer-plaquette\replica_1\h_0p02\D_7_chi_91_energy_magnetization_correlation.txt,0.265,7,91,dimer-plaquette,0.02,-0.02,0,1,-0.4377506752683,2.6753348000285726e-06,-0.54256631138845,-0.2224963617796,-0.2224040511509,0.32016226023755,0.9997116754840765,dimer-plaquette,e2e59c42d23ff5b13fec2e02fbfae00675d7c5e3075632597f0a1aa3700cf54b,True,selected variational/high-chi representative
6fbf18883d3132,synced_large_h:Results_Izar_replica1,D:\HyraiOn\ENS_Lyon\Internship\2026-EPFL\data\distinVBCs\Results_Izar_replica1\J2_0.265\D_7\orientation_0\dimer-plaquette\replica_1\h_0p01\D_7_chi_91_energy_magnetization_correlation.txt,0.265,7,91,dimer-plaquette,0.01,-0.01,0,1,-0.4348121489258,2.0308693000070654e-06,-0.50896331649115,-0.24407872807745,-0.24326860822084997,0.26569470827030006,0.9969509371794643,dimer-plaquette,94fba7a21489e9668fcd180a785096517b60894e59ec33d0617758c7e70fcab9,True,selected variational/high-chi representative
56f49136c54102,synced_large_h:Results_Izar_replica1,D:\HyraiOn\ENS_Lyon\Internship\2026-EPFL\data\distinVBCs\Results_Izar_replica1\J2_0.265\D_7\orientation_0\dimer-plaquette\replica_1\h_0p005\D_7_chi_91_energy_magnetization_correlation.txt,0.265,7,91,dimer-plaquette,0.005,-0.005,0,1,-0.4335784184857,2.9224981999975697e-06,-0.48665893225779994,-0.25795342473525,-0.25635072299510003,0.2303082092626999,0.9930410568286697,dimer-plaquette,ffe09b2b93e0bee529d92815cc36dfa3ad39f7eb28b3d956c5cdd779208c4e78,True,selected variational/high-chi representative
3ce3ee6e9f0dc7,synced_small_h:Results_Izar_replica1,D:\HyraiOn\ENS_Lyon\Internship\2026-EPFL\data\distinVBCsSmallH\Results_Izar_replica1\J2_0.265\D_7\orientation_0\dimer-plaquette\replica_1\h_0p003\D_7_chi_91_energy_magnetization_correlation.txt,0.265,7,91,dimer-plaquette,0.003,-0.003,0,1,-0.433136828203,3.4128579999848085e-06,-0.47637741396554995,-0.26430129100539995,-0.26215926794399996,0.21421814602154998,0.9900007394276277,dimer-plaquette,e8b238d6d7d5448b2b640cdea39260719b08a3e3f719ac4f51648ce4bbe5c808,True,selected variational/high-chi representative
8efed26db1fb09,synced_small_h:Results_Izar_replica1,D:\HyraiOn\ENS_Lyon\Internship\2026-EPFL\data\distinVBCsSmallH\Results_Izar_replica1\J2_0.265\D_7\orientation_0\dimer-plaquette\replica_1\h_0p002\D_7_chi_91_energy_magnetization_correlation.txt,0.265,7,91,dimer-plaquette,0.002,-0.002,0,1,-0.4329287908073,3.4310988000219034e-06,-0.47070563591604997,-0.26802732675985,-0.26498959984599996,0.20571603607005,0.985233397590766,dimer-plaquette,51456c888f023be69d759bccfc2f370b784d5956faf9d5a294314ca8221fae7b,True,selected variational/high-chi representative
06368d6889c09a,synced_small_h:Results_Izar_replica1,D:\HyraiOn\ENS_Lyon\Internship\2026-EPFL\data\distinVBCsSmallH\Results_Izar_replica1\J2_0.265\D_7\orientation_0\dimer-plaquette\replica_1\h_0p001\D_7_chi_91_energy_magnetization_correlation.txt,0.265,7,91,dimer-plaquette,0.001,-0.001,0,1,-0.4327245915629,3.4219401999768806e-06,-0.4707054754961,-0.2680275047701,-0.264989596558,0.2057158789381,0.9852325050074809,dimer-plaquette,b9b5a65d242a3be94b206dee4c593e708930dc335cccf9f53216fa8bb4c4cbde,True,selected variational/high-chi representative
62e45e0a72aad5,izar_j2_sequences:Results_Izar_J2_sequences,D:\HyraiOn\ENS_Lyon\Internship\2026-EPFL\data\distinVBCsJ2Continuation\Results_Izar_J2_sequences\s002_J2_0p3_D_7_dimer-plaquette\left\insurance_1\J2_0p265\D_7_chi_91_energy_magnetization_correlation.txt,0.265,7,91,dimer-plaquette,0.0,0.0,0,0,-0.4325382533838,3.83591000074901e-08,-0.46464643312235004,-0.2690501220925,-0.268754596694,0.19589183642835006,0.9984913848178246,dimer-plaquette,688366d33f1bdf46df0a6dfb6f6ee00fbe998a1ff25afe2ebf63ad97d6038cbf,False,higher-energy duplicate/protocol
62a411d13fbe15,izar_j2_sequences:Results_Izar_J2_sequences,D:\HyraiOn\ENS_Lyon\Internship\2026-EPFL\data\distinVBCsJ2Continuation\Results_Izar_J2_sequences\s002_J2_0p3_D_7_dimer-plaquette\left\insurance_2\J2_0p265\D_7_chi_91_energy_magnetization_correlation.txt,0.265,7,91,dimer-plaquette,0.0,0.0,0,0,-0.4325386595502,4.8422500009692726e-08,-0.46409503556040005,-0.2692581443756,-0.2691897480205,0.19490528753990005,0.9996490790169765,dimer-plaquette,b5d9e8ce5792c905b6f752ee3ceddf16aea6075c4955a1ac8bbfd07af8611abe,True,selected variational/high-chi representative
a8aafde615f626,synced_small_h:Results_Izar_replica1,D:\HyraiOn\ENS_Lyon\Internship\2026-EPFL\data\distinVBCsSmallH\Results_Izar_replica1\J2_0.265\D_7\orientation_0\dimer-plaquette\replica_1\h_0\D_7_chi_91_energy_magnetization_correlation.txt,0.265,7,91,dimer-plaquette,0.0,0.0,0,1,-0.4325204121644,3.432629800015352e-06,-0.4707055398378,-0.26802750468205,-0.26498959768900004,0.20571594214879996,0.9852325154710054,dimer-plaquette,376786129918f4f7289477b3e0ccd571d55b22f285dbc7a757441e4a86b049dc,False,higher-energy duplicate/protocol
144449db4ae53f,izar_j2_sequences:Results_Izar_J2_sequences,D:\HyraiOn\ENS_Lyon\Internship\2026-EPFL\data\distinVBCsJ2Continuation\Results_Izar_J2_sequences\s001_J2_0p28_D_7_plaquette\left\insurance_1\J2_0p265\D_7_chi_91_energy_magnetization_correlation.txt,0.265,7,91,plaquette,0.0,0.0,2,0,-0.4327074355911,1.4121891999674396e-06,-0.3947682309452,-0.39431217432615,-0.21588715296844999,0.17888107797675004,0.002549496146871899,plaquette,2065080ac23ca15223d025bc9eb8982b865fa560ebf79810f1df803250cff7ee,False,higher-energy duplicate/protocol
ee892bb7f724f0,izar_j2_sequences:Results_Izar_J2_sequences,D:\HyraiOn\ENS_Lyon\Internship\2026-EPFL\data\distinVBCsJ2Continuation\Results_Izar_J2_sequences\s001_J2_0p28_D_7_plaquette\left\insurance_2\J2_0p265\D_7_chi_91_energy_magnetization_correlation.txt,0.265,7,91,plaquette,0.0,0.0,2,0,-0.4327075169242,1.4301028999907928e-06,-0.39490102452395,-0.39436569133005,-0.21566856654754998,0.1792324579764,0.0029868094202583945,plaquette,770d8a5daed7d1f1d73b97c549370f8c59dbb84075a93a7873ee09b711e1b7dd,True,selected variational/high-chi representative
e8f7da79b142c0,synced_small_h:Results_Izar_replica1,D:\HyraiOn\ENS_Lyon\Internship\2026-EPFL\data\distinVBCsSmallH\Results_Izar_replica1\J2_0.265\D_7\orientation_0\plaquette\replica_1\h_0\D_7_chi_91_energy_magnetization_correlation.txt,0.265,7,91,plaquette,0.0,0.0,0,1,-0.4326786924286,6.362868000264754e-07,-0.39618326750434996,-0.39441796432935,-0.21444429323625,0.18173897426809996,0.009713399022467206,plaquette,adbf81c928c469ee419124511174aef08e22cad8f2f91767d76835f1e7994997,False,higher-energy duplicate/protocol
618a4547399f3f,synced_small_h:Results_Izar_replica1,D:\HyraiOn\ENS_Lyon\Internship\2026-EPFL\data\distinVBCsSmallH\Results_Izar_replica1\J2_0.265\D_7\orientation_0\plaquette\replica_1\h_0p001\D_7_chi_91_energy_magnetization_correlation.txt,0.265,7,91,plaquette,0.001,0.001,0,1,-0.4328641872551,1.4831209999011108e-07,-0.39887974781705,-0.3988324464026,-0.2062403686781,0.19263937913895,0.0002455438481031213,plaquette,564c1eed2b4a2d806b3a4615d0085ee683210d6b26dd6e077651f58a348e7ec7,True,selected variational/high-chi representative
aa93bcaa42956e,synced_small_h:Results_Izar_replica1,D:\HyraiOn\ENS_Lyon\Internship\2026-EPFL\data\distinVBCsSmallH\Results_Izar_replica1\J2_0.265\D_7\orientation_0\plaquette\replica_1\h_0p002\D_7_chi_91_energy_magnetization_correlation.txt,0.265,7,91,plaquette,0.002,0.002,0,1,-0.4330612927127,2.3094300000137125e-07,-0.4015631420891,-0.40150853102914996,-0.20000014083545,0.20156300125364998,0.00027093791822093246,plaquette,44860b8d71d650c1ff9060fa3d8650299b0382b7e0de9e01411edc00fa2df772,True,selected variational/high-chi representative
7f27c5205b0d7b,synced_small_h:Results_Izar_replica1,D:\HyraiOn\ENS_Lyon\Internship\2026-EPFL\data\distinVBCsSmallH\Results_Izar_replica1\J2_0.265\D_7\orientation_0\plaquette\replica_1\h_0p003\D_7_chi_91_energy_magnetization_correlation.txt,0.265,7,91,plaquette,0.003,0.003,0,1,-0.4332667935366,2.803282000418683e-07,-0.40401112878999995,-0.40396798580285,-0.19420589859065,0.20980523019934996,0.00020563351594703267,plaquette,02f6abad57561ee1bd7852ba127936eb2fbd81d63f5d10161e47d024a1e62270,True,selected variational/high-chi representative
77367dd2792553,synced_large_h:Results_Izar_replica1,D:\HyraiOn\ENS_Lyon\Internship\2026-EPFL\data\distinVBCs\Results_Izar_replica1\J2_0.265\D_7\orientation_0\plaquette\replica_1\h_0p005\D_7_chi_91_energy_magnetization_correlation.txt,0.265,7,91,plaquette,0.005,0.005,0,1,-0.4335407020452,6.062408000051533e-07,-0.41344486021025,-0.40178862336035,-0.18613872769975,0.2273061325105,0.05127990486293452,plaquette,23699d42c231deb11e75c66380930d363dcabf05b2bf31a940477a72ead618f3,True,selected variational/high-chi representative
7a8042eb8f58b5,synced_large_h:Results_Izar_replica1,D:\HyraiOn\ENS_Lyon\Internship\2026-EPFL\data\distinVBCs\Results_Izar_replica1\J2_0.265\D_7\orientation_0\plaquette\replica_1\h_0p01\D_7_chi_91_energy_magnetization_correlation.txt,0.265,7,91,plaquette,0.01,0.01,0,1,-0.4347454621736,3.0771400000295657e-07,-0.421689213026,-0.41425570106515,-0.16122564594985,0.26046356707615,0.028539546026706792,plaquette,684b3f04128b16dcf35aab590b74d204ab5c4c76eea6dbe94aeed288f316bfad,True,selected variational/high-chi representative
f8f84dbe13258c,synced_large_h:Results_Izar_replica1,D:\HyraiOn\ENS_Lyon\Internship\2026-EPFL\data\distinVBCs\Results_Izar_replica1\J2_0.265\D_7\orientation_0\plaquette\replica_1\h_0p02\D_7_chi_91_energy_magnetization_correlation.txt,0.265,7,91,plaquette,0.02,0.02,0,1,-0.4374821717793,4.620269999922044e-08,-0.4419563278446,-0.42096141977394996,-0.12355617985445,0.31840014799015,0.06593875098104389,plaquette,963d672a4a0138f7ae75e78519dc36a85f3d78cec6b5d723d63774a8fe3ad044,True,selected variational/high-chi representative
a1c166f6264ae3,synced_large_h:Results_Izar_replica1,D:\HyraiOn\ENS_Lyon\Internship\2026-EPFL\data\distinVBCs\Results_Izar_replica1\J2_0.265\D_7\orientation_0\plaquette\replica_1\h_0p04\D_7_chi_91_energy_magnetization_correlation.txt,0.265,7,91,plaquette,0.04,0.04,0,1,-0.4441293771587,4.476479800008537e-06,-0.44438062436790005,-0.44105067896325,-0.08883000420015501,0.355550620167745,0.009365601452414858,plaquette,9c4065307c6c7c6a72797270ed9019837d07e4bb65f66bae067fecab1648bd9d,True,selected variational/high-chi representative
006a797bbe2821,synced_large_h:Results_Izar_replica1,D:\HyraiOn\ENS_Lyon\Internship\2026-EPFL\data\distinVBCs\Results_Izar_replica1\J2_0.265\D_7\orientation_0\plaquette\replica_1\h_0p08\D_7_chi_91_energy_magnetization_correlation.txt,0.265,7,91,plaquette,0.08,0.08,0,1,-0.459478458185,4.672379999570708e-08,-0.4562630486045,-0.45004872461335,-0.045183248935225,0.411079799669275,0.01511707458296324,plaquette,f6bc1a30f800af4bf4533c59924a411d424bf8c5cd3a08d5e2ce8b1e00cf2c67,True,selected variational/high-chi representative
8c859c40e917be,synced_large_h:Results_Izar_replica1,D:\HyraiOn\ENS_Lyon\Internship\2026-EPFL\data\distinVBCs\Results_Izar_replica1\J2_0.265\D_8\orientation_2\dimer-plaquette\replica_1\h_0p08\D_8_chi_104_energy_magnetization_correlation.txt,0.265,8,104,dimer-plaquette,0.08,-0.08,2,1,-0.4636519252798,4.2227199958944084e-08,-0.6541473167033499,-0.1386997220291,-0.13868975119675,0.5154575655065999,0.9999806563468708,dimer-plaquette,35d7017699608310b1ac85deed67a58050e675cc59df420ec74272fafcc954b9,True,selected variational/high-chi representative
a054ff59563845,synced_large_h:Results_Izar_replica1,D:\HyraiOn\ENS_Lyon\Internship\2026-EPFL\data\distinVBCs\Results_Izar_replica1\J2_0.265\D_8\orientation_2\dimer-plaquette\replica_1\h_0p04\D_8_chi_104_energy_magnetization_correlation.txt,0.265,8,104,dimer-plaquette,0.04,-0.04,2,1,-0.4451588110417,1.6361000332310027e-09,-0.5900852009681999,-0.18928832204300003,-0.1892837411664,0.40080145980179993,0.9999885707087935,dimer-plaquette,a6c2f2c4b81bad894fa5ec188d397ad3fc3733e35698832faf6d7aa21bc5a71f,True,selected variational/high-chi representative
2fd47bfe021097,synced_large_h:Results_Izar_replica1,D:\HyraiOn\ENS_Lyon\Internship\2026-EPFL\data\distinVBCs\Results_Izar_replica1\J2_0.265\D_8\orientation_2\dimer-plaquette\replica_1\h_0p02\D_8_chi_104_energy_magnetization_correlation.txt,0.265,8,104,dimer-plaquette,0.02,-0.02,2,1,-0.4379369700507,1.343987999780083e-07,-0.5402423475119,-0.22299663804615,-0.2229881549318,0.3172541925801,0.9999732608282306,dimer-plaquette,743c628c88143720d477e2534f808245658924f09765afe306db50b013f0be2e,True,selected variational/high-chi representative
fe641ce538f5f5,synced_large_h:Results_Izar_replica1,D:\HyraiOn\ENS_Lyon\Internship\2026-EPFL\data\distinVBCs\Results_Izar_replica1\J2_0.265\D_8\orientation_2\dimer-plaquette\replica_1\h_0p01\D_8_chi_104_energy_magnetization_correlation.txt,0.265,8,104,dimer-plaquette,0.01,-0.01,2,1,-0.4350322146454,2.334327000030889e-07,-0.5058326513074,-0.2444277179322,-0.24434446918575,0.2614881821216499,0.9996816347653861,dimer-plaquette,b65beb52e66016c04aee1b93e6825f57aec57dc3a019262106b2aef41f2defad,True,selected variational/high-chi representative
56f6a466d89841,synced_large_h:Results_Izar_replica1,D:\HyraiOn\ENS_Lyon\Internship\2026-EPFL\data\distinVBCs\Results_Izar_replica1\J2_0.265\D_8\orientation_2\dimer-plaquette\replica_1\h_0p005\D_8_chi_104_energy_magnetization_correlation.txt,0.265,8,104,dimer-plaquette,0.005,-0.005,2,1,-0.4338089048272,2.2731050003388376e-07,-0.4840655382416,-0.2573024547223,-0.2572755330485,0.2267900051931,0.9998812925032693,dimer-plaquette,ef748fa7268e01771c4d45f12f98bfe1f6ec83ca7200f2fdc98d0c9cddf1f18f,True,selected variational/high-chi representative
53e567c23b644c,synced_small_h:Results_Izar_replica1,D:\HyraiOn\ENS_Lyon\Internship\2026-EPFL\data\distinVBCsSmallH\Results_Izar_replica1\J2_0.265\D_8\orientation_2\dimer-plaquette\replica_1\h_0p003\D_8_chi_104_energy_magnetization_correlation.txt,0.265,8,104,dimer-plaquette,0.003,-0.003,2,1,-0.4333711030571,2.4291599953762955e-08,-0.47403346510065,-0.26308940056339997,-0.26305565033094996,0.2109778147697,0.9998400294718814,dimer-plaquette,ceaf28bed6ee48a7825e3da8412948030ac2239be2051d109bfc675a514642e6,True,selected variational/high-chi representative
97be68dde3d314,synced_small_h:Results_Izar_replica1,D:\HyraiOn\ENS_Lyon\Internship\2026-EPFL\data\distinVBCsSmallH\Results_Izar_replica1\J2_0.265\D_8\orientation_2\dimer-plaquette\replica_1\h_0p002\D_8_chi_104_energy_magnetization_correlation.txt,0.265,8,104,dimer-plaquette,0.002,-0.002,2,1,-0.4331681968292,1.8543980001561877e-07,-0.4674124348892,-0.26699493508075,-0.26689902482065003,0.20051341006854995,0.9995216765797998,dimer-plaquette,a1f84cd83dc46b2cf10689a295954ab9bd1353cb9130a4ca9c96e9eb9a6f05cd,True,selected variational/high-chi representative
7f8f829b4739ab,synced_small_h:Results_Izar_replica1,D:\HyraiOn\ENS_Lyon\Internship\2026-EPFL\data\distinVBCsSmallH\Results_Izar_replica1\J2_0.265\D_8\orientation_2\dimer-plaquette\replica_1\h_0p001\D_8_chi_104_energy_magnetization_correlation.txt,0.265,8,104,dimer-plaquette,0.001,-0.001,2,1,-0.4330082317469,1.1534682999858603e-06,-0.45635502730215,-0.2752806909875,-0.27145662564745004,0.18489840165469995,0.9793180184045536,dimer-plaquette,7d0805d736b6a07ed5bc168c04408a13adca6cb11ce940096ac20501cf449d22,True,selected variational/high-chi representative
3d345aaad490ee,izar_j2_sequences:Results_Izar_J2_sequences,D:\HyraiOn\ENS_Lyon\Internship\2026-EPFL\data\distinVBCsJ2Continuation\Results_Izar_J2_sequences\s004_J2_0p3_D_8_dimer-plaquette\left\insurance_1\J2_0p265\D_8_chi_104_energy_magnetization_correlation.txt,0.265,8,104,dimer-plaquette,0.0,0.0,2,0,-0.4328326451627,3.7674812999877183e-06,-0.4481813653294,-0.2810482936034,-0.27488375416055,0.17329761116885,0.9644280183594471,dimer-plaquette,7be28c47a06a73e8c7296ceeed1073f59a75fa3a7be22b382ea7566948444cf6,False,higher-energy duplicate/protocol
09269b9ba189eb,izar_j2_sequences:Results_Izar_J2_sequences,D:\HyraiOn\ENS_Lyon\Internship\2026-EPFL\data\distinVBCsJ2Continuation\Results_Izar_J2_sequences\s004_J2_0p3_D_8_dimer-plaquette\left\insurance_2\J2_0p265\D_8_chi_104_energy_magnetization_correlation.txt,0.265,8,104,dimer-plaquette,0.0,0.0,2,0,-0.4328330239185,3.912434899999706e-06,-0.44846602605965,-0.2795865219025,-0.2760408226975,0.17242520336215,0.9794363055060296,dimer-plaquette,2c9f66f82a16ed5b2b8fc87fe88be5dfe2aeb1f53face2b782cbde9cca653d0a,True,selected variational/high-chi representative
5998a314559f89,synced_small_h:Results_Izar_replica1,D:\HyraiOn\ENS_Lyon\Internship\2026-EPFL\data\distinVBCsSmallH\Results_Izar_replica1\J2_0.265\D_8\orientation_2\dimer-plaquette\replica_1\h_0\D_8_chi_104_energy_magnetization_correlation.txt,0.265,8,104,dimer-plaquette,0.0,0.0,2,1,-0.4328322046551,1.569937699952284e-06,-0.44872126012505004,-0.28229759954315,-0.2729518284317,0.17576943169335002,0.9468293717433488,dimer-plaquette,dde6934fcb35f9ebf1c4b6df4b98023de203432be95e84ea2c049f6b3546e268,False,higher-energy duplicate/protocol
5b57c00d8b2790,izar_j2_sequences:Results_Izar_J2_sequences,D:\HyraiOn\ENS_Lyon\Internship\2026-EPFL\data\distinVBCsJ2Continuation\Results_Izar_J2_sequences\s003_J2_0p28_D_8_plaquette\left\insurance_1\J2_0p265\D_8_chi_104_energy_magnetization_correlation.txt,0.265,8,104,plaquette,0.0,0.0,0,0,-0.4329573821319,3.7045240000033175e-06,-0.3888331716397,-0.38456414371470005,-0.2314653615684,0.1573678100713,0.02712770752205131,plaquette,94cae689e187e5594c984c8aa6beca8b4b1efbe3061e6f7b2ed8476fba59b0fc,False,higher-energy duplicate/protocol
5b756f0cc31311,izar_j2_sequences:Results_Izar_J2_sequences,D:\HyraiOn\ENS_Lyon\Internship\2026-EPFL\data\distinVBCsJ2Continuation\Results_Izar_J2_sequences\s003_J2_0p28_D_8_plaquette\left\insurance_2\J2_0p265\D_8_chi_104_energy_magnetization_correlation.txt,0.265,8,104,plaquette,0.0,0.0,0,0,-0.4329593291354,4.337917999974739e-06,-0.3884237278469,-0.3865732039068,-0.22972205979524998,0.15870166805165,0.011660393761568601,plaquette,4567ca7a2835f3980acd52959ca0c7be8b3d1ced2c8da33b61278f7818f7c33c,True,selected variational/high-chi representative
3f47d308ae657b,synced_small_h:Results_Izar_replica1,D:\HyraiOn\ENS_Lyon\Internship\2026-EPFL\data\distinVBCsSmallH\Results_Izar_replica1\J2_0.265\D_8\orientation_2\plaquette\replica_1\h_0\D_8_chi_104_energy_magnetization_correlation.txt,0.265,8,104,plaquette,0.0,0.0,2,1,-0.4329425219768,2.743032199992168e-06,-0.3901240455547,-0.38805840970125,-0.22641037302995,0.16371367252474997,0.012617369225149524,plaquette,fd278c2ba5c71491c99ed378a47c490f6852b279a57084a8418765bce7b8cefe,False,higher-energy duplicate/protocol
bdf9458c373d22,synced_small_h:Results_Izar_replica1,D:\HyraiOn\ENS_Lyon\Internship\2026-EPFL\data\distinVBCsSmallH\Results_Izar_replica1\J2_0.265\D_8\orientation_2\plaquette\replica_1\h_0p001\D_8_chi_104_energy_magnetization_correlation.txt,0.265,8,104,plaquette,0.001,0.001,2,1,-0.4331112633847,1.6903650000288373e-06,-0.3942602303315,-0.393853291461,-0.2153146002639,0.17894563006759998,0.002274092249954607,plaquette,c21ef0d789a26225be594bf9cd501191d261bed827ac41e119bcc246d63b26b7,True,selected variational/high-chi representative
0bd1cd881c5e83,synced_small_h:Results_Izar_replica1,D:\HyraiOn\ENS_Lyon\Internship\2026-EPFL\data\distinVBCsSmallH\Results_Izar_replica1\J2_0.265\D_8\orientation_2\plaquette\replica_1\h_0p002\D_8_chi_104_energy_magnetization_correlation.txt,0.265,8,104,plaquette,0.002,0.002,2,1,-0.4332955406885,1.90463839999655e-06,-0.3971842664823,-0.3971836308765,-0.20825279423635001,0.18893147224594997,3.364213449651763e-06,plaquette,e29027556849b103b9956fd5a851f284eddde241eac5e33706edaee22635b9ad,True,selected variational/high-chi representative
340362e839d824,synced_small_h:Results_Izar_replica1,D:\HyraiOn\ENS_Lyon\Internship\2026-EPFL\data\distinVBCsSmallH\Results_Izar_replica1\J2_0.265\D_8\orientation_2\plaquette\replica_1\h_0p003\D_8_chi_104_energy_magnetization_correlation.txt,0.265,8,104,plaquette,0.003,0.003,2,1,-0.4334887641704,1.250897699978104e-06,-0.40040264308025003,-0.39989269010075,-0.20141781220410002,0.19898483087615002,0.0025627731383072927,plaquette,7faf4a7ccf988d02302884456380fc22e03a8fa0f6ed22301c97439e06224577,True,selected variational/high-chi representative
cd5cd12c2fa540,synced_large_h:Results_Izar_replica1,D:\HyraiOn\ENS_Lyon\Internship\2026-EPFL\data\distinVBCs\Results_Izar_replica1\J2_0.265\D_8\orientation_2\plaquette\replica_1\h_0p005\D_8_chi_104_energy_magnetization_correlation.txt,0.265,8,104,plaquette,0.005,0.005,2,1,-0.4339026149875,9.312586000120859e-07,-0.40530272364155,-0.40527673568199996,-0.1893664786742,0.21593624496735,0.00012035015036028366,plaquette,acc5714cdc6f51011eedf8ac314b31853f803e3e3e882916e56e8068a94cea34,True,selected variational/high-chi representative
ebf9955306e7f4,synced_large_h:Results_Izar_replica1,D:\HyraiOn\ENS_Lyon\Internship\2026-EPFL\data\distinVBCs\Results_Izar_replica1\J2_0.265\D_8\orientation_2\plaquette\replica_1\h_0p01\D_8_chi_104_energy_magnetization_correlation.txt,0.265,8,104,plaquette,0.01,0.01,2,1,-0.435064455048,7.289516000263951e-07,-0.41531389068335,-0.41520441537565,-0.16506834210655,0.25024554857680004,0.0004374715487352787,plaquette,3cd6e42b18bcc8f63ec739ff518fc2d07da8cbf021be78cb784cddb9f1ff6432,True,selected variational/high-chi representative
63f090a8bd3369,synced_large_h:Results_Izar_replica1,D:\HyraiOn\ENS_Lyon\Internship\2026-EPFL\data\distinVBCs\Results_Izar_replica1\J2_0.265\D_8\orientation_2\plaquette\replica_1\h_0p02\D_8_chi_104_energy_magnetization_correlation.txt,0.265,8,104,plaquette,0.02,0.02,2,1,-0.4378119841466,8.574518000070697e-07,-0.42802085138745,-0.42788399267695,-0.13155529781015,0.2964655535773,0.00046163444234449756,plaquette,8db995df51b5fe3839bced5c13a3584ac2a47084b5370f1b1e83f21a036b1f07,True,selected variational/high-chi representative
4002c091cea00c,synced_large_h:Results_Izar_replica1,D:\HyraiOn\ENS_Lyon\Internship\2026-EPFL\data\distinVBCs\Results_Izar_replica1\J2_0.265\D_8\orientation_2\plaquette\replica_1\h_0p04\D_8_chi_104_energy_magnetization_correlation.txt,0.265,8,104,plaquette,0.04,0.04,2,1,-0.4443388525055,1.8294749998259974e-07,-0.4416234818898,-0.44139608157419996,-0.09007232022781501,0.35155116166198497,0.0006468484260583366,plaquette,ce305a3e25ddc50afb1b5931747960da8480400dab34957db812c32ba65514c4,True,selected variational/high-chi representative
b1a0747df03c7b,synced_large_h:Results_Izar_replica1,D:\HyraiOn\ENS_Lyon\Internship\2026-EPFL\data\distinVBCs\Results_Izar_replica1\J2_0.265\D_8\orientation_2\plaquette\replica_1\h_0p08\D_8_chi_104_energy_magnetization_correlation.txt,0.265,8,104,plaquette,0.08,0.08,2,1,-0.4596568567384,5.058672999935787e-07,-0.45274625352380005,-0.4527280612925,-0.044963505711165,0.407782747812635,4.461255753865653e-05,plaquette,e8da42689a414c1df42835937ace996bbc0277d1fff1eb77ad9dae4d4b2839ec,True,selected variational/high-chi representative
85464680c8c38b,synced_large_h:Results_Izar_replica1,D:\HyraiOn\ENS_Lyon\Internship\2026-EPFL\data\distinVBCs\Results_Izar_replica1\J2_0.265\D_9\orientation_1\dimer-plaquette\replica_1\h_0p08\D_9_chi_108_energy_magnetization_correlation.txt,0.265,9,108,dimer-plaquette,0.08,-0.08,1,1,-0.4636563500145,1.6205300001903566e-07,-0.6541158801419501,-0.1387446786273,-0.13867333153324998,0.5154425486087001,0.9998615808992825,dimer-plaquette,979d51bde5255245a162b7bd9138776f6dcdceed1d725776eaad7ae731d94db9,True,selected variational/high-chi representative
b7528b790a3b45,synced_large_h:Results_Izar_replica1,D:\HyraiOn\ENS_Lyon\Internship\2026-EPFL\data\distinVBCs\Results_Izar_replica1\J2_0.265\D_9\orientation_1\dimer-plaquette\replica_1\h_0p04\D_9_chi_108_energy_magnetization_correlation.txt,0.265,9,108,dimer-plaquette,0.04,-0.04,1,1,-0.4451799761042,2.5892739000110687e-06,-0.5895449798605,-0.1896941512856,-0.18963585813884998,0.39990912172165005,0.9998542340157208,dimer-plaquette,9bd6f58132f18fa17f670086133fcac279dd254c99c9e4c1e31498235473183d,True,selected variational/high-chi representative
d804a1a10cb7ca,synced_large_h:Results_Izar_replica1,D:\HyraiOn\ENS_Lyon\Internship\2026-EPFL\data\distinVBCs\Results_Izar_replica1\J2_0.265\D_9\orientation_1\dimer-plaquette\replica_1\h_0p02\D_9_chi_108_energy_magnetization_correlation.txt,0.265,9,108,dimer-plaquette,0.02,-0.02,1,1,-0.4379940533883,2.1462763000190677e-06,-0.53813605411145,-0.2246503764515,-0.2241376661643,0.31399838794715007,0.9983671563075467,dimer-plaquette,6f860571623aea159808f04219f3ca7ea221ef4dd5e6751e960ca37728d93ee9,True,selected variational/high-chi representative
651af695688078,synced_small_h:Results_Izar_replica1,D:\HyraiOn\ENS_Lyon\Internship\2026-EPFL\data\distinVBCsSmallH\Results_Izar_replica1\J2_0.265\D_9\orientation_1\dimer-plaquette\replica_1\h_0p005\D_9_chi_108_energy_magnetization_correlation.txt,0.265,9,108,dimer-plaquette,0.005,-0.005,1,1,-0.4340130854174,2.2587994000233813e-06,-0.47134606932449996,-0.2651412312063,-0.2641922925854,0.20715377673909996,0.9954191584829508,dimer-plaquette,87d95aa145d784e559dc6b9f64423cb0ec67aa8c26d093caad35f1533d1e71af,True,selected variational/high-chi representative
2ac63b53f8a184,synced_small_h:Results_Izar_replica1,D:\HyraiOn\ENS_Lyon\Internship\2026-EPFL\data\distinVBCsSmallH\Results_Izar_replica1\J2_0.265\D_9\orientation_1\dimer-plaquette\replica_1\h_0p003\D_9_chi_108_energy_magnetization_correlation.txt,0.265,9,108,dimer-plaquette,0.003,-0.003,1,1,-0.433628020615,7.084005699986573e-06,-0.45409662491735,-0.27484813616975,-0.27392118072485,0.18017544419249998,0.9948552620527487,dimer-plaquette,b1ed270611fb5b0cba2950cee7e019e077fc6915e5637f41fde203cbd7e9dae8,True,selected variational/high-chi representative
cba664b0054e42,izar_j2_sequences:Results_Izar_J2_sequences,D:\HyraiOn\ENS_Lyon\Internship\2026-EPFL\data\distinVBCsJ2Continuation\Results_Izar_J2_sequences\s006_J2_0p33_D_9_dimer-plaquette\left\insurance_1\J2_0p265\D_9_chi_108_energy_magnetization_correlation.txt,0.265,9,108,dimer-plaquette,0.0,0.0,1,0,-0.4332256924537,9.702596700023047e-06,-0.34845579420664996,-0.33342839293834997,-0.3263964954251,0.02205929878154994,0.6812275139438556,three-distinct/mixed,db4697ce48f1e9981c0e266703b85834e1e29b4c3b08c08b299a8774bf2c2d8d,False,higher-energy duplicate/protocol
16668978b241f7,izar_j2_sequences:Results_Izar_J2_sequences,D:\HyraiOn\ENS_Lyon\Internship\2026-EPFL\data\distinVBCsJ2Continuation\Results_Izar_J2_sequences\s006_J2_0p33_D_9_dimer-plaquette\left\insurance_2\J2_0p265\D_9_chi_108_energy_magnetization_correlation.txt,0.265,9,108,dimer-plaquette,0.0,0.0,1,0,-0.4329923892622,1.756203610003837e-05,-0.41962406485955,-0.29392952670505,-0.28104132151915,0.1385827433404,0.9069999274423167,dimer-plaquette,81470495b6fef7f7bb15d6c2ac6272d0e661b30fa5776071054b371b921b9754,False,higher-energy duplicate/protocol
e4eef3fed70bec,izar_j2_sequences:Results_Izar_J2_sequences,D:\HyraiOn\ENS_Lyon\Internship\2026-EPFL\data\distinVBCsJ2Continuation\Results_Izar_J2_sequences\s101_J2_0p28_D_9_dimer-plaquette\left\insurance_1\J2_0p265\D_9_chi_108_energy_magnetization_correlation.txt,0.265,9,108,dimer-plaquette,0.0,0.0,2,0,-0.4332296281066,7.71441549995977e-06,-0.36910106290864997,-0.31934014469445,-0.31931255552335,0.049788507385299996,0.9994458727013744,dimer-plaquette,6d20bd7a4304db03c00e83c54ca29394721cc2081a2f7e224b1151349ae4415c,True,selected variational/high-chi representative
317cc76365f57d,izar_j2_sequences:Results_Izar_J2_sequences,D:\HyraiOn\ENS_Lyon\Internship\2026-EPFL\data\distinVBCsJ2Continuation\Results_Izar_J2_sequences\s101_J2_0p28_D_9_dimer-plaquette\left\insurance_2\J2_0p265\D_9_chi_108_energy_magnetization_correlation.txt,0.265,9,108,dimer-plaquette,0.0,0.0,2,0,-0.4332230615953,5.1254671000200425e-06,-0.37145964786945,-0.31873674297025,-0.3177405514602,0.05371909640924999,0.9814555423184957,dimer-plaquette,9217ef7bd52b03cda114421216df3a93455ccfae2e6c1cf4aa5cec37b2efa6f3,False,higher-energy duplicate/protocol
0366fa540ecf09,izar_j2_sequences:Results_Izar_J2_sequences,D:\HyraiOn\ENS_Lyon\Internship\2026-EPFL\data\distinVBCsJ2Continuation\Results_Izar_J2_sequences\s102_J2_0p3_D_9_dimer-plaquette\left\insurance_1\J2_0p265\D_9_chi_108_energy_magnetization_correlation.txt,0.265,9,108,dimer-plaquette,0.0,0.0,0,0,-0.4331363047658,2.4564805900018083e-05,-0.40544412910465,-0.30383989311415,-0.28968799779425,0.11575613131040002,0.8777438813849806,dimer-plaquette,19952eae6d9d878cda6018222ce90eb593e2d3d3c37fb0fd34108a6929d623ab,False,higher-energy duplicate/protocol
207933afd320f9,izar_j2_sequences:Results_Izar_J2_sequences,D:\HyraiOn\ENS_Lyon\Internship\2026-EPFL\data\distinVBCsJ2Continuation\Results_Izar_J2_sequences\s102_J2_0p3_D_9_dimer-plaquette\left\insurance_2\J2_0p265\D_9_chi_108_energy_magnetization_correlation.txt,0.265,9,108,dimer-plaquette,0.0,0.0,0,0,-0.4331853473785,1.6172587899987434e-05,-0.3927620608036,-0.31079094268894997,-0.2997861319945,0.0929759288091,0.8816380665898453,dimer-plaquette,c41cfbd98cc30e84cb9807b04aba0c99d4d989ff02583b4cefcb24d13dae2d3b,False,higher-energy duplicate/protocol
9d4e03d400cc2c,izar_j2_sequences:Results_Izar_J2_sequences,D:\HyraiOn\ENS_Lyon\Internship\2026-EPFL\data\distinVBCsJ2Continuation\Results_Izar_J2_sequences\s005_J2_0p3_D_9_plaquette\left\insurance_1\J2_0p265\D_9_chi_108_energy_magnetization_correlation.txt,0.265,9,108,plaquette,0.0,0.0,0,0,-0.4332365923422,6.456071700022825e-06,-0.35191867235495006,-0.3482825536237,-0.30753711740425,0.044381554950700064,0.08192860153929164,plaquette,98d297d176674a8601cf7219d4bd90fe2a15d62361891d149263199f9173d047,True,selected variational/high-chi representative
61dee2898fb52b,izar_j2_sequences:Results_Izar_J2_sequences,D:\HyraiOn\ENS_Lyon\Internship\2026-EPFL\data\distinVBCsJ2Continuation\Results_Izar_J2_sequences\s005_J2_0p3_D_9_plaquette\left\insurance_2\J2_0p265\D_9_chi_108_energy_magnetization_correlation.txt,0.265,9,108,plaquette,0.0,0.0,0,0,-0.4332359139163,9.723879499989874e-06,-0.3503723865398,-0.3480089775589,-0.30944189778125003,0.04093048875854999,0.05774201707782797,plaquette,a2daffd9cc80ad80e815b70d2873ddc0586f94f3fc6fbfd47f792987ddc0e803,False,higher-energy duplicate/protocol
153bc3c06a69f5,izar_j2_sequences:Results_Izar_J2_sequences,D:\HyraiOn\ENS_Lyon\Internship\2026-EPFL\data\distinVBCsJ2Continuation\Results_Izar_J2_sequences\s103_J2_0p31_D_9_plaquette\left\insurance_1\J2_0p265\D_9_chi_108_energy_magnetization_correlation.txt,0.265,9,108,plaquette,0.0,0.0,0,0,-0.4332048436071,8.327707799959949e-06,-0.35802351316445,-0.3502876187863,-0.29958020197965,0.058443311184800006,0.132365778415409,plaquette,74b9936497a8eb1cc311f204bd5ea54cc49cb6bdf8b26c1a2e09da5c9417727a,False,higher-energy duplicate/protocol
731f19409f77b2,izar_j2_sequences:Results_Izar_J2_sequences,D:\HyraiOn\ENS_Lyon\Internship\2026-EPFL\data\distinVBCsJ2Continuation\Results_Izar_J2_sequences\s103_J2_0p31_D_9_plaquette\left\insurance_2\J2_0p265\D_9_chi_108_energy_magnetization_correlation.txt,0.265,9,108,plaquette,0.0,0.0,0,0,-0.4332044707969,5.557643300013737e-06,-0.35933095650605,-0.35183245358635,-0.296589826565,0.06274112994105002,0.11951494859505088,plaquette,66edf807d477d7aa92152c8419f5a521b72d4ed22a41ec1268a0da6b63d84e4c,False,higher-energy duplicate/protocol
80c3b07344a8e5,synced_small_h:Results_Izar_replica1,D:\HyraiOn\ENS_Lyon\Internship\2026-EPFL\data\distinVBCsSmallH\Results_Izar_replica1\J2_0.265\D_9\orientation_1\plaquette\replica_1\h_0p001\D_9_chi_108_energy_magnetization_correlation.txt,0.265,9,108,plaquette,0.001,0.001,1,1,-0.433167150404,5.018977099979782e-06,-0.40314305990685,-0.40266137321479994,-0.1944550346032,0.20868802530365002,0.0023081664189844643,plaquette,8505accb2f8357635edc965a7408d7088fc91551c74f97287f03dc3ccc12c967,True,selected variational/high-chi representative
0bd97bb81bf8dd,synced_small_h:Results_Izar_replica1,D:\HyraiOn\ENS_Lyon\Internship\2026-EPFL\data\distinVBCsSmallH\Results_Izar_replica1\J2_0.265\D_9\orientation_1\plaquette\replica_1\h_0p002\D_9_chi_108_energy_magnetization_correlation.txt,0.265,9,108,plaquette,0.002,0.002,1,1,-0.4333755975857,5.0199685999730015e-06,-0.40314305989435,-0.40266137322949996,-0.19445503460059999,0.20868802529375002,0.0023081662887557692,plaquette,54dee0277b01b80f95c8abfea33d4a5a1dd2e3c4d75310586039e56157c353a0,True,selected variational/high-chi representative
9eeb4286aac53b,synced_small_h:Results_Izar_replica1,D:\HyraiOn\ENS_Lyon\Internship\2026-EPFL\data\distinVBCsSmallH\Results_Izar_replica1\J2_0.265\D_9\orientation_1\plaquette\replica_1\h_0p003\D_9_chi_108_energy_magnetization_correlation.txt,0.265,9,108,plaquette,0.003,0.003,1,1,-0.4335840449446,5.021136700034123e-06,-0.40314305887339996,-0.40266137417979997,-0.19445503521555,0.20868802365784997,0.0023081568609309797,plaquette,16259f02164cb6a20cf03e98eadca754a22bda8d26d4d814648f12b199a595c6,True,selected variational/high-chi representative
f0e173d3f3b2ed,synced_small_h:Results_Izar_replica1,D:\HyraiOn\ENS_Lyon\Internship\2026-EPFL\data\distinVBCsSmallH\Results_Izar_replica1\J2_0.265\D_9\orientation_1\plaquette\replica_1\h_0p005\D_9_chi_108_energy_magnetization_correlation.txt,0.265,9,108,plaquette,0.005,0.005,1,1,-0.4340039804049,8.064217600023404e-06,-0.4031483247378,-0.40266137224195003,-0.19445683554895,0.20869148918885,0.0023333605876438113,plaquette,c4e9b5895b848ff428a33da5f284f343797ebcacce3b3dd2dfafbff1c1a8cc36,True,selected variational/high-chi representative
0cfa5849afc666,synced_large_h:Results_Izar_replica1,D:\HyraiOn\ENS_Lyon\Internship\2026-EPFL\data\distinVBCs\Results_Izar_replica1\J2_0.265\D_9\orientation_1\plaquette\replica_1\h_0p02\D_9_chi_108_energy_magnetization_correlation.txt,0.265,9,108,plaquette,0.02,0.02,1,1,-0.437869102269,1.4139192999751415e-06,-0.427440590711,-0.42728861906165,-0.1326751902046,0.2947654005064,0.000515568140252918,plaquette,2751f56c9637d535c8e7e89f03e61b0ec5e96c5835d7c8610637da7b18b53fcf,True,selected variational/high-chi representative
a1035e63afea71,synced_large_h:Results_Izar_replica1,D:\HyraiOn\ENS_Lyon\Internship\2026-EPFL\data\distinVBCs\Results_Izar_replica1\J2_0.265\D_9\orientation_1\plaquette\replica_1\h_0p04\D_9_chi_108_energy_magnetization_correlation.txt,0.265,9,108,plaquette,0.04,0.04,1,1,-0.4443748405559,7.632396999968094e-07,-0.44132848683555004,-0.44116406005760006,-0.09052451249875,0.35080397433680005,0.00046871412520576114,plaquette,04c6b74c0fd34fad16cba2ecea912d5adb1b2a269982b267c0a6161c5e6647a6,True,selected variational/high-chi representative
73e1ca11aaad86,synced_large_h:Results_Izar_replica1,D:\HyraiOn\ENS_Lyon\Internship\2026-EPFL\data\distinVBCs\Results_Izar_replica1\J2_0.265\D_9\orientation_1\plaquette\replica_1\h_0p08\D_9_chi_108_energy_magnetization_correlation.txt,0.265,9,108,plaquette,0.08,0.08,1,1,-0.4596764459204,7.813205999962491e-07,-0.4526670324566,-0.45263379104210005,-0.04505010406116,0.40761692839544,8.155062310783907e-05,plaquette,1526b6e6ef671f59b41bdbfaa88f73fddba59ca593142fce5b1024709ccbf3ab,True,selected variational/high-chi representative
6912383ddd4268,synced_large_h:Results_Izar_replica1,D:\HyraiOn\ENS_Lyon\Internship\2026-EPFL\data\distinVBCs\Results_Izar_replica1\J2_0.27\D_6\orientation_0\dimer-plaquette\replica_1\h_0p08\D_6_chi_72_energy_magnetization_correlation.txt,0.27,6,72,dimer-plaquette,0.08,-0.08,0,1,-0.4627132120396,6.297469995475424e-08,-0.65761974780585,-0.13521876936309998,-0.13512451964565,0.5224952281602,0.9998196161182527,dimer-plaquette,c0a37240cf27e558de2453c3f9f99719efe7eeed7fbd0b219642d75e11139abc,True,selected variational/high-chi representative
1fb6827f752f38,synced_large_h:Results_Izar_replica1,D:\HyraiOn\ENS_Lyon\Internship\2026-EPFL\data\distinVBCs\Results_Izar_replica1\J2_0.27\D_6\orientation_0\dimer-plaquette\replica_1\h_0p04\D_6_chi_72_energy_magnetization_correlation.txt,0.27,6,72,dimer-plaquette,0.04,-0.04,0,1,-0.4439068938062,3.621399000119929e-07,-0.59499250508345,-0.18540663698105,-0.18539462700235,0.40959787808110004,0.999970678611041,dimer-plaquette,5c1111175a67b51dcbbc2e51c5bad2a95b7eacc77ff1aaf536ab3b0995ffa1ed,True,selected variational/high-chi representative
08b8bd7ab08fcb,synced_large_h:Results_Izar_replica1,D:\HyraiOn\ENS_Lyon\Internship\2026-EPFL\data\distinVBCs\Results_Izar_replica1\J2_0.27\D_6\orientation_0\dimer-plaquette\replica_1\h_0p02\D_6_chi_72_energy_magnetization_correlation.txt,0.27,6,72,dimer-plaquette,0.02,-0.02,0,1,-0.4364817646604,8.104979998257988e-08,-0.54735576169035,-0.21814687514230002,-0.2181027315087,0.3292530301816501,0.9998659279351941,dimer-plaquette,9e7d40b8bd52bbc23e61a4a7bf2bf885add15ab7bc147d9d194bbaebc3200e1f,True,selected variational/high-chi representative
8c3631cffd9cbd,synced_large_h:Results_Izar_replica1,D:\HyraiOn\ENS_Lyon\Internship\2026-EPFL\data\distinVBCs\Results_Izar_replica1\J2_0.27\D_6\orientation_0\dimer-plaquette\replica_1\h_0p01\D_6_chi_72_energy_magnetization_correlation.txt,0.27,6,72,dimer-plaquette,0.01,-0.01,0,1,-0.4334390783092,1.4017629995644043e-07,-0.5159046560028501,-0.23829529016655002,-0.23779285582835,0.2781118001745001,0.9981934087734328,dimer-plaquette,989a5af0c8ba28daa59f656f9856d4da1995ad7f41fa972bff1615088d2d35ac,True,selected variational/high-chi representative
59bc3f9c835119,synced_large_h:Results_Izar_replica1,D:\HyraiOn\ENS_Lyon\Internship\2026-EPFL\data\distinVBCs\Results_Izar_replica1\J2_0.27\D_6\orientation_0\dimer-plaquette\replica_1\h_0p005\D_6_chi_72_energy_magnetization_correlation.txt,0.27,6,72,dimer-plaquette,0.005,-0.005,0,1,-0.4321328038553,1.2215670003312695e-07,-0.4965790074914,-0.24989041265550002,-0.24954645703555,0.24703255045585,0.9986076506139968,dimer-plaquette,8a8584ad1f5b39fb460cc0f4d65ea340e7b80f9a9fdf17250c5dbf0f56dfd918,True,selected variational/high-chi representative
e36cf6f3a9d85e,synced_small_h:Results_Izar_replica1,D:\HyraiOn\ENS_Lyon\Internship\2026-EPFL\data\distinVBCsSmallH\Results_Izar_replica1\J2_0.27\D_6\orientation_0\dimer-plaquette\replica_1\h_0p003\D_6_chi_72_energy_magnetization_correlation.txt,0.27,6,72,dimer-plaquette,0.003,-0.003,0,1,-0.4316520862141,3.761790001721721e-08,-0.48830296979110005,-0.25492447976475,-0.25429863767504995,0.2340043321160501,0.9973255106687953,dimer-plaquette,d14af3448baa4182d7563579a53321dfb5f8d666ea5e880d59872f960e43a0e6,True,selected variational/high-chi representative
5d7800d0eaeef2,synced_small_h:Results_Izar_replica1,D:\HyraiOn\ENS_Lyon\Internship\2026-EPFL\data\distinVBCsSmallH\Results_Izar_replica1\J2_0.27\D_6\orientation_0\dimer-plaquette\replica_1\h_0p002\D_6_chi_72_energy_magnetization_correlation.txt,0.27,6,72,dimer-plaquette,0.002,-0.002,0,1,-0.4314222775557,5.0574199994546376e-08,-0.4838558207059,-0.25760860859785,-0.25682714840375,0.22702867230215001,0.9965578788521479,dimer-plaquette,6edc0118ac3b2eb294ceddc1deae377bda3440a21e8ca9262f5f112a6b04186b,True,selected variational/high-chi representative
98cc356c185fce,synced_small_h:Results_Izar_replica1,D:\HyraiOn\ENS_Lyon\Internship\2026-EPFL\data\distinVBCsSmallH\Results_Izar_replica1\J2_0.27\D_6\orientation_0\dimer-plaquette\replica_1\h_0p001\D_6_chi_72_energy_magnetization_correlation.txt,0.27,6,72,dimer-plaquette,0.001,-0.001,0,1,-0.4311992222519,3.808459997367564e-08,-0.47933113009489997,-0.26032171225850004,-0.25937460549225,0.21995652460264997,0.9956941183356075,dimer-plaquette,84c0e307d6e547807bc75d4de0d2fa70607c3a6f3d4e4b7b92baf4279055d519,True,selected variational/high-chi representative
91f9800ae3c198,synced_small_h:Results_Izar_replica1,D:\HyraiOn\ENS_Lyon\Internship\2026-EPFL\data\distinVBCsSmallH\Results_Izar_replica1\J2_0.27\D_6\orientation_0\dimer-plaquette\replica_1\h_0\D_6_chi_72_energy_magnetization_correlation.txt,0.27,6,72,dimer-plaquette,0.0,0.0,0,1,-0.4309834162261,2.9163700010492732e-08,-0.47460666561475,-0.26323438465020005,-0.26192801878425004,0.21267864683049997,0.9938575598189171,dimer-plaquette,439fa05e4daa0dd17fd7a4e502245090dbe407194d4c603a4cd97b78dfe8a36d,True,selected variational/high-chi representative
20bc4c17e52dcb,last_izar_pins:Results_LastIzar,D:\HyraiOn\ENS_Lyon\Internship\2026-EPFL\data\distinVBCsJ2Continuation\LastIzar\Results_LastIzar\task1_D6_adiabatic\J2_0p27\D_6_chi_72_energy_magnetization_correlation.txt,0.27,6,72,plaquette,0.0,0.0,0,0,-0.4309132570448,1.9545660999709114e-06,-0.40063686800469994,-0.3850906720028,-0.2198277244303,0.18080914357439995,0.08598124903734713,plaquette,525255e36914a1a210384eba54f1888d64a147540007f9401b5efeb2174be05f,True,selected variational/high-chi representative
188f18407a8d7e,last_izar_pins:Results_LastIzar,D:\HyraiOn\ENS_Lyon\Internship\2026-EPFL\data\distinVBCsJ2Continuation\LastIzar\Results_LastIzar\task1_D6_adiabatic\insurance_2\J2_0p27\D_6_chi_72_energy_magnetization_correlation.txt,0.27,6,72,plaquette,0.0,0.0,0,0,-0.4309129990864,1.7314988000061149e-06,-0.39999202755135,-0.38583105841180004,-0.21972534997365,0.18026667757769999,0.07855566724718814,plaquette,4facd28c2b0a0a77fe898d7208d5299b9f6074e34d47966f2be84a5e057d55bd,False,higher-energy duplicate/protocol
1bfac002cdbd16,last_izar_pins:Results_LastIzar,D:\HyraiOn\ENS_Lyon\Internship\2026-EPFL\data\distinVBCsJ2Continuation\LastIzar\Results_LastIzar\task1_D6_adiabatic\insurance_3\J2_0p27\D_6_chi_72_energy_magnetization_correlation.txt,0.27,6,72,plaquette,0.0,0.0,0,0,-0.4309129893156,1.7612893999929824e-06,-0.39987643873430007,-0.38598222845819996,-0.2196860493422,0.18019038939210005,0.07710849797802401,plaquette,044b082d07e1de6818227b124086002ef8733408f8eb618fb83e6ebb85fb75fe,False,higher-energy duplicate/protocol
b900def5f18666,last_izar_pins:Results_LastIzar,D:\HyraiOn\ENS_Lyon\Internship\2026-EPFL\data\distinVBCsJ2Continuation\LastIzar\Results_LastIzar\task1_D6_adiabatic\insurance_4\J2_0p27\D_6_chi_72_energy_magnetization_correlation.txt,0.27,6,72,plaquette,0.0,0.0,0,0,-0.4309130493949,1.7728244999792864e-06,-0.40016695665799995,-0.3856768259106,-0.21970529159065,0.18046166506734995,0.08029478583161756,plaquette,d57be47bd6c6ef1b932e228d8883b8515ea7c441e6efa67b137c5e039a82b500,False,higher-energy duplicate/protocol
9956129fbd2971,last_izar_pins:Results_LastIzar,D:\HyraiOn\ENS_Lyon\Internship\2026-EPFL\data\distinVBCsJ2Continuation\LastIzar\Results_LastIzar\task1_D6_adiabatic\insurance_5\J2_0p27\D_6_chi_72_energy_magnetization_correlation.txt,0.27,6,72,plaquette,0.0,0.0,0,0,-0.4309130976692,1.8237889000127794e-06,-0.40012706334285,-0.3856993923784,-0.21973681079020002,0.18039025255264995,0.07998032465883381,plaquette,a638d0a41f49a94b9b23c782fe8cdf886dc8a502baf222c6c2478c978754fec2,False,higher-energy duplicate/protocol
d7dd622aa4d2ba,last_izar_pins:Results_LastIzar,D:\HyraiOn\ENS_Lyon\Internship\2026-EPFL\data\distinVBCsJ2Continuation\LastIzar\Results_LastIzar\task7_D6_dimer_adiabatic\J2_0p27\D_6_chi_72_energy_magnetization_correlation.txt,0.27,6,72,plaquette,0.0,0.0,0,0,-0.430983020931,3.5140300003178027e-08,-0.4746347206521,-0.2631557299694,-0.261961376521,0.2126733441311,0.9943840942865704,dimer-plaquette,7cb1d1e0f4b21051d45787f9fed6a731825e89a9833c9c2d9b1fd11fef54e9b3,False,branch texture flipped
1c8fe0e747487d,last_izar_pins:Results_LastIzar,D:\HyraiOn\ENS_Lyon\Internship\2026-EPFL\data\distinVBCsJ2Continuation\LastIzar\Results_LastIzar\task_pin_D6_h0p01_adam\J2_0p27\h_0\D_6_chi_72_energy_magnetization_correlation.txt,0.27,6,72,plaquette,0.0,0.0,0,0,-0.4309821553541,8.861610001353881e-08,-0.47419428869389996,-0.26336528626945,-0.2622653528323,0.21192893586159994,0.9948098949646579,dimer-plaquette,5d9f86d4382089b5f804f0dd06bbe3a7b13e2e361998ea89703014e791579606,False,branch texture flipped
82a75b9368e9c4,last_izar_pins:Results_LastIzar,D:\HyraiOn\ENS_Lyon\Internship\2026-EPFL\data\distinVBCsJ2Continuation\LastIzar\Results_LastIzar\task_pin_D6_h0p01_lbfgs\J2_0p27\h_0\D_6_chi_72_energy_magnetization_correlation.txt,0.27,6,72,plaquette,0.0,0.0,0,0,-0.4117261551784,8.496999770457592e-10,-0.36851050742655,-0.3430269605328,-0.32972273473765,0.03878777268889999,0.6569994904874413,three-distinct/mixed,92c7665ea9853e269c77e70f739f54cd8c931c33afb114c729bd9136df60d501,False,energy outside original-2C3 physical envelope
49d4e9b75f36db,last_izar_pins:Results_LastIzar,D:\HyraiOn\ENS_Lyon\Internship\2026-EPFL\data\distinVBCsJ2Continuation\LastIzar\Results_LastIzar\task_pin_D6_h0p02_adam\J2_0p27\h_0\D_6_chi_72_energy_magnetization_correlation.txt,0.27,6,72,plaquette,0.0,0.0,0,0,-0.4309830903471,2.230015999638013e-07,-0.47375105747245,-0.26327052901125,-0.26292238634325,0.2108286711292,0.9983486939127618,dimer-plaquette,04816cc3f4a2d3bf0efe56a5d69e873ab585b03fff728ce6b799dc978f89b621,False,branch texture flipped
706c0aad18cb39,last_izar_pins:Results_LastIzar,D:\HyraiOn\ENS_Lyon\Internship\2026-EPFL\data\distinVBCsJ2Continuation\LastIzar\Results_LastIzar\task_pin_D6_h0p02_lbfgs\J2_0p27\h_0\D_6_chi_72_energy_magnetization_correlation.txt,0.27,6,72,plaquette,0.0,0.0,0,0,-0.4137357767254,1.3445000113243566e-09,-0.40536273931485,-0.37672464275615,-0.24214105437220002,0.16322168494265,0.17545521949955603,plaquette,bac7592f900d8a63e7d56ca7608c3df666a98e8a6552f42476c2ecde5089f5ba,False,energy outside original-2C3 physical envelope
03bbaf9d95543b,last_izar_pins:Results_LastIzar,D:\HyraiOn\ENS_Lyon\Internship\2026-EPFL\data\distinVBCsJ2Continuation\LastIzar\Results_LastIzar\task_pin_D6_h0p03_adam\J2_0p27\h_0\D_6_chi_72_energy_magnetization_correlation.txt,0.27,6,72,plaquette,0.0,0.0,0,0,-0.430976539717,2.1914679998458197e-07,-0.47316175032365004,-0.26636061294785,-0.26049087386845,0.21267087645520005,0.9723998923724918,dimer-plaquette,9b04136604b93f1cf81e025e94984ca8a544b06eb634c31a0e4a5c8fdd0d6f2f,False,branch texture flipped
fc37b0a9fafe22,last_izar_pins:Results_LastIzar,D:\HyraiOn\ENS_Lyon\Internship\2026-EPFL\data\distinVBCsJ2Continuation\LastIzar\Results_LastIzar\task_pin_D6_h0p03_lbfgs\J2_0p27\h_0\D_6_chi_72_energy_magnetization_correlation.txt,0.27,6,72,plaquette,0.0,0.0,0,0,-0.2828851667339,1.0896360003176397e-07,-0.37995486063625,-0.29657563763705,-0.06557141392426,0.31438344671199003,0.26521505464498757,three-distinct/mixed,6e6ebc6b61f87db8c155103332ca0f7da4b33656f4fead2f1ef8d7ff24e3e96e,False,energy outside original-2C3 physical envelope
d1713cea431c9f,synced_small_h:Results_Izar_replica1,D:\HyraiOn\ENS_Lyon\Internship\2026-EPFL\data\distinVBCsSmallH\Results_Izar_replica1\J2_0.27\D_6\orientation_0\plaquette\replica_1\h_0\D_6_chi_72_energy_magnetization_correlation.txt,0.27,6,72,plaquette,0.0,0.0,0,1,-0.4309453235673,9.78327099998566e-07,-0.47306787755125,-0.26878869315115,-0.258609592354,0.21445828519725002,0.9525357540381912,dimer-plaquette,d8c0808a3b8897b49785be1e7a42dc35f41bc4860571859dc8ad8a539cf8bf6d,False,branch texture flipped
aee6b7740f35af,synced_small_h:Results_Izar_replica1,D:\HyraiOn\ENS_Lyon\Internship\2026-EPFL\data\distinVBCsSmallH\Results_Izar_replica1\J2_0.27\D_6\orientation_0\plaquette\replica_1\h_0p001\D_6_chi_72_energy_magnetization_correlation.txt,0.27,6,72,plaquette,0.001,0.001,0,1,-0.4311042955945,1.7305020000302207e-07,-0.45111329592060007,-0.3475357069369,-0.2012270636639,0.24988623225670006,0.41449898239010685,three-distinct/mixed,5f2fd33a924239b4da5aaf1009366365f58589be98311eb1f66c9459c333ddb2,True,selected variational/high-chi representative
6ab4d2cf2af472,synced_small_h:Results_Izar_replica1,D:\HyraiOn\ENS_Lyon\Internship\2026-EPFL\data\distinVBCsSmallH\Results_Izar_replica1\J2_0.27\D_6\orientation_0\plaquette\replica_1\h_0p002\D_6_chi_72_energy_magnetization_correlation.txt,0.27,6,72,plaquette,0.002,0.002,0,1,-0.4313122843135,3.9698629999973534e-07,-0.4406630209092,-0.36971450826804997,-0.18877757382085,0.25188544708835003,0.2816697568727125,three-distinct/mixed,ec5e555787557d321f5cf8729b28f9030dc4147794bc32441d3d50f539583cf4,True,selected variational/high-chi representative
8f808f0be596db,synced_small_h:Results_Izar_replica1,D:\HyraiOn\ENS_Lyon\Internship\2026-EPFL\data\distinVBCsSmallH\Results_Izar_replica1\J2_0.27\D_6\orientation_0\plaquette\replica_1\h_0p003\D_6_chi_72_energy_magnetization_correlation.txt,0.27,6,72,plaquette,0.003,0.003,0,1,-0.4315336183839,1.7769129995182098e-07,-0.43396725796865,-0.3836668012453,-0.1807164697636,0.25325078820505,0.1986191517106874,plaquette,c72f5ff6d68c56dac6c72f64e9611c94a44cb579dd157c59f01e078f12c5cb50,True,selected variational/high-chi representative
4cadaabb21fef2,synced_large_h:Results_Izar_replica1,D:\HyraiOn\ENS_Lyon\Internship\2026-EPFL\data\distinVBCs\Results_Izar_replica1\J2_0.27\D_6\orientation_0\plaquette\replica_1\h_0p005\D_6_chi_72_energy_magnetization_correlation.txt,0.27,6,72,plaquette,0.005,0.005,0,1,-0.4320051442906,3.870490999924314e-07,-0.4310871161814,-0.39525380062065,-0.17034638975765,0.26074072642375,0.13742891665690335,plaquette,38500685e8c0e856c91889c4118ced22b4611ce322ce6e675be82f9a107ce249,True,selected variational/high-chi representative
d59e5fff42b2f1,last_izar_pins:Results_LastIzar,D:\HyraiOn\ENS_Lyon\Internship\2026-EPFL\data\distinVBCsJ2Continuation\LastIzar\Results_LastIzar\task_pin_D6_h0p01_adam\J2_0p27\h_0p01\D_6_chi_72_energy_magnetization_correlation.txt,0.27,6,72,plaquette,0.01,0.01,0,0,-0.4332858437015,1.136805199974944e-06,-0.43199575055629996,-0.4103984225896,-0.149912077929,0.28208367262729994,0.07656355210333347,plaquette,7996e43c6da5c2fa4db6a591905294b63df1815b281475033cd9b495976e4ad9,False,higher-energy duplicate/protocol
87667a6927cbdd,last_izar_pins:Results_LastIzar,D:\HyraiOn\ENS_Lyon\Internship\2026-EPFL\data\distinVBCsJ2Continuation\LastIzar\Results_LastIzar\task_pin_D6_h0p01_lbfgs\J2_0p27\h_0p01\D_6_chi_72_energy_magnetization_correlation.txt,0.27,6,72,plaquette,0.01,0.01,0,0,-0.4078984281021,8.56000270665902e-11,-0.36832353800775003,-0.367845858135,-0.30412117636935,0.06420236163840004,0.0074402227668887285,plaquette,a20493377c4b28662baf7e491fa9729e1b421722370eb55e3a0fbfbe424056dd,False,energy outside original-2C3 physical envelope
5cc587ee1fc8a3,synced_large_h:Results_Izar_replica1,D:\HyraiOn\ENS_Lyon\Internship\2026-EPFL\data\distinVBCs\Results_Izar_replica1\J2_0.27\D_6\orientation_0\plaquette\replica_1\h_0p01\D_6_chi_72_energy_magnetization_correlation.txt,0.27,6,72,plaquette,0.01,0.01,0,1,-0.4332935301229,4.6025170002961246e-07,-0.4306535385666,-0.4116599935586,-0.15018428247649998,0.2804692560901,0.06772059537926098,plaquette,557e6538e8c3e6a605597e0a753cfb794a3acbd1905ffacde215575273e31989,True,selected variational/high-chi representative
15bf4b071530bb,last_izar_pins:Results_LastIzar,D:\HyraiOn\ENS_Lyon\Internship\2026-EPFL\data\distinVBCsJ2Continuation\LastIzar\Results_LastIzar\task_pin_D6_h0p02_adam\J2_0p27\h_0p02\D_6_chi_72_energy_magnetization_correlation.txt,0.27,6,72,plaquette,0.02,0.02,0,0,-0.4362126597071,3.134143999883321e-07,-0.43619281015205,-0.42698541010645,-0.121349844705,0.31484296544705004,0.029244420412970897,plaquette,1a051851d3ddb33fc9a26e30964e7c27461b26592967b5dd90cc94ba3c4b8260,True,selected variational/high-chi representative
c1d2734148e807,last_izar_pins:Results_LastIzar,D:\HyraiOn\ENS_Lyon\Internship\2026-EPFL\data\distinVBCsJ2Continuation\LastIzar\Results_LastIzar\task_pin_D6_h0p02_lbfgs\J2_0p27\h_0p02\D_6_chi_72_energy_magnetization_correlation.txt,0.27,6,72,plaquette,0.02,0.02,0,0,-0.4167138268005,1.5009998799442315e-10,-0.40536283451224997,-0.3767245451204,-0.24214103406635,0.16322180044589996,0.17545627675723485,plaquette,5db9730756342730f5fc169e22e30051d21b9d8d9a2d995b2dcb5b60a8437da1,False,higher-energy duplicate/protocol
f86514b7fc43ed,synced_large_h:Results_Izar_replica1,D:\HyraiOn\ENS_Lyon\Internship\2026-EPFL\data\distinVBCs\Results_Izar_replica1\J2_0.27\D_6\orientation_0\plaquette\replica_1\h_0p02\D_6_chi_72_energy_magnetization_correlation.txt,0.27,6,72,plaquette,0.02,0.02,0,1,-0.4362115963026,3.938750999799012e-07,-0.4367363403355,-0.42650922882685,-0.1212569483702,0.3154793919653,0.03241768486029958,plaquette,8d1bcb072f06dc4fca8ee2df2a223904f0d9ba11c1a924c22582600aefa64953,False,higher-energy duplicate/protocol
debb38f3c93ec5,last_izar_pins:Results_LastIzar,D:\HyraiOn\ENS_Lyon\Internship\2026-EPFL\data\distinVBCsJ2Continuation\LastIzar\Results_LastIzar\task_pin_D6_h0p03_adam\J2_0p27\h_0p03\D_6_chi_72_energy_magnetization_correlation.txt,0.27,6,72,plaquette,0.03,0.03,0,0,-0.4394563893449,1.5877119000085038e-06,-0.4418862994821,-0.43500034713060004,-0.10024077600100001,0.3416455234811,0.020155254139839193,plaquette,c68faf5f9ec8c53bd55417990c76c5f8367473771a5bff4340c749391ec0fff2,True,selected variational/high-chi representative
80790a36993741,last_izar_pins:Results_LastIzar,D:\HyraiOn\ENS_Lyon\Internship\2026-EPFL\data\distinVBCsJ2Continuation\LastIzar\Results_LastIzar\task_pin_D6_h0p03_lbfgs\J2_0p27\h_0p03\D_6_chi_72_energy_magnetization_correlation.txt,0.27,6,72,plaquette,0.03,0.03,0,0,-0.2769187297815,2.685664000079413e-07,-0.37995494127895,-0.29657567775925003,-0.065571705536905,0.314383235742045,0.2652153615090138,three-distinct/mixed,8b1daee096068dbc78363053a5895a5ed903f85fe98c5645640325c15f21637f,False,energy outside original-2C3 physical envelope
149918b1682f31,synced_large_h:Results_Izar_replica1,D:\HyraiOn\ENS_Lyon\Internship\2026-EPFL\data\distinVBCs\Results_Izar_replica1\J2_0.27\D_6\orientation_0\plaquette\replica_1\h_0p04\D_6_chi_72_energy_magnetization_correlation.txt,0.27,6,72,plaquette,0.04,0.04,0,1,-0.4429539780667,4.092415999967791e-07,-0.4459268200375,-0.44070838894485,-0.083814194902255,0.362112625135245,0.01441107194398703,plaquette,b1afd4637be557c0d247a1e7e410cf263f416400e190977cd2583d2e1cdc67db,True,selected variational/high-chi representative
b2b5ef1abd81dd,synced_large_h:Results_Izar_replica1,D:\HyraiOn\ENS_Lyon\Internship\2026-EPFL\data\distinVBCs\Results_Izar_replica1\J2_0.27\D_6\orientation_0\plaquette\replica_1\h_0p08\D_6_chi_72_energy_magnetization_correlation.txt,0.27,6,72,plaquette,0.08,0.08,0,1,-0.4584939438377,2.737971999677846e-07,-0.4543505228066,-0.45236840704755,-0.041596621277885,0.412753901528715,0.004802173284634843,plaquette,e632a40799942343c1f022d5f208a4e9ba779b08d0013ecbba2196f64ae38d50,True,selected variational/high-chi representative
a4b7d36c903e23,synced_large_h:Results_Izar_replica1,D:\HyraiOn\ENS_Lyon\Internship\2026-EPFL\data\distinVBCs\Results_Izar_replica1\J2_0.27\D_7\orientation_0\dimer-plaquette\replica_1\h_0p08\D_7_chi_91_energy_magnetization_correlation.txt,0.27,7,91,dimer-plaquette,0.08,-0.08,0,1,-0.4628112087771,1.497649998460915e-08,-0.6568024934641999,-0.13549071007145,-0.13548240437645,0.52132008908775,0.9999840679552278,dimer-plaquette,9eedbe6897f08bc5b998ebf48857d5a6ea2937820a19f91bad86e7fda3a7b52a,True,selected variational/high-chi representative
281ebb2fb9d883,synced_large_h:Results_Izar_replica1,D:\HyraiOn\ENS_Lyon\Internship\2026-EPFL\data\distinVBCs\Results_Izar_replica1\J2_0.27\D_7\orientation_0\dimer-plaquette\replica_1\h_0p04\D_7_chi_91_energy_magnetization_correlation.txt,0.27,7,91,dimer-plaquette,0.04,-0.04,0,1,-0.4440609699355,4.014389998197032e-08,-0.59363819699065,-0.1857655939199,-0.1857465105074,0.40789168648325,0.9999532145098015,dimer-plaquette,7b569ffc27e0fff2c84ac58a932f65255829e2dfdebe53d2839086302bcf7cc2,True,selected variational/high-chi representative
1c3ef9af12cfb5,synced_large_h:Results_Izar_replica1,D:\HyraiOn\ENS_Lyon\Internship\2026-EPFL\data\distinVBCs\Results_Izar_replica1\J2_0.27\D_7\orientation_0\dimer-plaquette\replica_1\h_0p02\D_7_chi_91_energy_magnetization_correlation.txt,0.27,7,91,dimer-plaquette,0.02,-0.02,0,1,-0.4366749295672,1.0401349997968268e-07,-0.5455416105556,-0.2185256412911,-0.21849072262250002,0.3270508879331,0.9998932316960806,dimer-plaquette,c0a5e75ff168b16de01160c9bb3701881a66b5d3991f627cf2226af534f9f75b,True,selected variational/high-chi representative
4dc0606c3e9227,synced_large_h:Results_Izar_replica1,D:\HyraiOn\ENS_Lyon\Internship\2026-EPFL\data\distinVBCs\Results_Izar_replica1\J2_0.27\D_7\orientation_0\dimer-plaquette\replica_1\h_0p01\D_7_chi_91_energy_magnetization_correlation.txt,0.27,7,91,dimer-plaquette,0.01,-0.01,0,1,-0.4336543397039,1.1584800008179741e-08,-0.51399469399625,-0.23831922069765,-0.2383140685394,0.27568062545685,0.9999813111340651,dimer-plaquette,90c6f5dedc516c265e784f1e487b27e537da9b7a63e3a7a2647c978556ba7b68,True,selected variational/high-chi representative
4d8e9478c25694,synced_large_h:Results_Izar_replica1,D:\HyraiOn\ENS_Lyon\Internship\2026-EPFL\data\distinVBCs\Results_Izar_replica1\J2_0.27\D_7\orientation_0\dimer-plaquette\replica_1\h_0p005\D_7_chi_91_energy_magnetization_correlation.txt,0.27,7,91,dimer-plaquette,0.005,-0.005,0,1,-0.4323499085573,1.8078999963755393e-08,-0.4951609595966,-0.24965901875285001,-0.2495963448245,0.2455646147721,0.999744776223528,dimer-plaquette,37f661416906d804ad87b1353d272c2ea279e56c3c307ed3df18b4663aae442a,True,selected variational/high-chi representative
e6655eb3cf1d22,synced_small_h:Results_Izar_replica1,D:\HyraiOn\ENS_Lyon\Internship\2026-EPFL\data\distinVBCsSmallH\Results_Izar_replica1\J2_0.27\D_7\orientation_0\dimer-plaquette\replica_1\h_0p003\D_7_chi_91_energy_magnetization_correlation.txt,0.27,7,91,dimer-plaquette,0.003,-0.003,0,1,-0.4318719409013,1.856219999929465e-08,-0.48685411208519996,-0.25450804976065,-0.25449321169394995,0.23236090039125,0.9999361421535419,dimer-plaquette,57ef2c145401d1ce6fca105cb6e4c360f5628e8848753cdb3d9ec822c31150ea,True,selected variational/high-chi representative
8578ad9f76468e,synced_small_h:Results_Izar_replica1,D:\HyraiOn\ENS_Lyon\Internship\2026-EPFL\data\distinVBCsSmallH\Results_Izar_replica1\J2_0.27\D_7\orientation_0\dimer-plaquette\replica_1\h_0p002\D_7_chi_91_energy_magnetization_correlation.txt,0.27,7,91,dimer-plaquette,0.002,-0.002,0,1,-0.4316429317706,1.8365099996309198e-08,-0.4825961479021,-0.25697941746165004,-0.25696586070275,0.22563028719934997,0.9999399160499758,dimer-plaquette,d725b5a05efe2ea2bc5b08e708035e875b104790e72a4816a572ce1699ff234f,True,selected variational/high-chi representative
2398b6c033c179,synced_small_h:Results_Izar_replica1,D:\HyraiOn\ENS_Lyon\Internship\2026-EPFL\data\distinVBCsSmallH\Results_Izar_replica1\J2_0.27\D_7\orientation_0\dimer-plaquette\replica_1\h_0p001\D_7_chi_91_energy_magnetization_correlation.txt,0.27,7,91,dimer-plaquette,0.001,-0.001,0,1,-0.4314653184137,9.278529999878771e-08,-0.47392223988495,-0.2621647417003,-0.26196518194585,0.21195705793910002,0.9990584896941372,dimer-plaquette,03806694ab513de7229bf9f330c785b97f398097bd01ac9bdbecfe58e2852c77,True,selected variational/high-chi representative
d28d8fa1c7e72e,izar_j2_sequences:Results_Izar_J2_sequences,D:\HyraiOn\ENS_Lyon\Internship\2026-EPFL\data\distinVBCsJ2Continuation\Results_Izar_J2_sequences\s002_J2_0p3_D_7_dimer-plaquette\left\insurance_1\J2_0p27\D_7_chi_91_energy_magnetization_correlation.txt,0.27,7,91,dimer-plaquette,0.0,0.0,0,0,-0.4312592400066,8.758899994187885e-09,-0.46850153536804995,-0.2655477063128,-0.2647371443673,0.20376439100074994,0.9960220628269784,dimer-plaquette,95adb66e8e11627cd8a36d3901fce43a5c083ff2a9315bd8d000a913138f4d5c,True,selected variational/high-chi representative
f093a39f5e91a7,izar_j2_sequences:Results_Izar_J2_sequences,D:\HyraiOn\ENS_Lyon\Internship\2026-EPFL\data\distinVBCsJ2Continuation\Results_Izar_J2_sequences\s002_J2_0p3_D_7_dimer-plaquette\left\insurance_2\J2_0p27\D_7_chi_91_energy_magnetization_correlation.txt,0.27,7,91,dimer-plaquette,0.0,0.0,0,0,-0.431258870808,3.5424000399686406e-09,-0.46852245801100006,-0.26552308544735,-0.26474253447470003,0.20377992353630003,0.9961696375231444,dimer-plaquette,51021b60aad3d57fcc7d7c274725ce270ed123a86de3f09d39143633d384f223,False,higher-energy duplicate/protocol
ee491a046920d9,synced_small_h:Results_Izar_replica1,D:\HyraiOn\ENS_Lyon\Internship\2026-EPFL\data\distinVBCsSmallH\Results_Izar_replica1\J2_0.27\D_7\orientation_0\dimer-plaquette\replica_1\h_0\D_7_chi_91_energy_magnetization_correlation.txt,0.27,7,91,dimer-plaquette,0.0,0.0,0,1,-0.4312577598218,9.14734999968303e-08,-0.46865025398439997,-0.2651534072756,-0.2649737588382,0.20367649514619995,0.9991179716772374,dimer-plaquette,a0ed457d8dae074d90c1d0734b69f5c52de55f2f837cb47ba73dc87cb93ade41,False,higher-energy duplicate/protocol
6f4f55778a648f,izar_j2_sequences:Results_Izar_J2_sequences,D:\HyraiOn\ENS_Lyon\Internship\2026-EPFL\data\distinVBCsJ2Continuation\Results_Izar_J2_sequences\s001_J2_0p28_D_7_plaquette\left\insurance_1\J2_0p27\D_7_chi_91_energy_magnetization_correlation.txt,0.27,7,91,plaquette,0.0,0.0,2,0,-0.4314085765828,1.1052423000146305e-06,-0.39673838426585,-0.39649256808,-0.20779030533554999,0.18894807893030002,0.0013009721360580204,plaquette,cc2f3c485c63f2b75245ea82b839f6ec25072b556cef0474315f5312a7b6638c,False,higher-energy duplicate/protocol
68bda4bd1d622f,izar_j2_sequences:Results_Izar_J2_sequences,D:\HyraiOn\ENS_Lyon\Internship\2026-EPFL\data\distinVBCsJ2Continuation\Results_Izar_J2_sequences\s001_J2_0p28_D_7_plaquette\left\insurance_2\J2_0p27\D_7_chi_91_energy_magnetization_correlation.txt,0.27,7,91,plaquette,0.0,0.0,2,0,-0.4314088723113,1.1944787999818018e-06,-0.3966884841133,-0.39660814727759997,-0.20774112921090002,0.18894735490239997,0.00042518105501673233,plaquette,f860641fc53e4dbbce0bc759b9fc104190971fc3d27b610e053da7c43aaff980,False,higher-energy duplicate/protocol
858131c0e1bdef,synced_small_h:Results_Izar_replica1,D:\HyraiOn\ENS_Lyon\Internship\2026-EPFL\data\distinVBCsSmallH\Results_Izar_replica1\J2_0.27\D_7\orientation_0\plaquette\replica_1\h_0\D_7_chi_91_energy_magnetization_correlation.txt,0.27,7,91,plaquette,0.0,0.0,0,1,-0.4314102820206,1.8829169000089685e-06,-0.39779099414980007,-0.3952835563145,-0.20806606093415,0.18972493321565007,0.013216174557563205,plaquette,db39b267b8e07286fde8647c78dad2f81f39d6e7788e8b519b344d44c3b1198c,True,selected variational/high-chi representative
27f3a95c9f8b63,synced_small_h:Results_Izar_replica1,D:\HyraiOn\ENS_Lyon\Internship\2026-EPFL\data\distinVBCsSmallH\Results_Izar_replica1\J2_0.27\D_7\orientation_0\plaquette\replica_1\h_0p001\D_7_chi_91_energy_magnetization_correlation.txt,0.27,7,91,plaquette,0.001,0.001,0,1,-0.4315999339021,9.312727999866155e-07,-0.40062005093284997,-0.39926734156390004,-0.2001971415213,0.20042290941154997,0.006749275184765778,plaquette,464411bd3fa54868c74dffb03537834fb23e1517d27a33ad58585fe5865571f0,True,selected variational/high-chi representative
b5c1e8ee292aef,synced_small_h:Results_Izar_replica1,D:\HyraiOn\ENS_Lyon\Internship\2026-EPFL\data\distinVBCsSmallH\Results_Izar_replica1\J2_0.27\D_7\orientation_0\plaquette\replica_1\h_0p002\D_7_chi_91_energy_magnetization_correlation.txt,0.27,7,91,plaquette,0.002,0.002,0,1,-0.4318038491298,1.1136128000299728e-06,-0.4028221884081,-0.40223800229935,-0.1942006142038,0.20862157420430003,0.002800219061610408,plaquette,2027a57367b25f21fa004bed4fe447c2db029da00169216282ef54975a822dc3,True,selected variational/high-chi representative
288da9b9ba0c02,synced_small_h:Results_Izar_replica1,D:\HyraiOn\ENS_Lyon\Internship\2026-EPFL\data\distinVBCsSmallH\Results_Izar_replica1\J2_0.27\D_7\orientation_0\plaquette\replica_1\h_0p003\D_7_chi_91_energy_magnetization_correlation.txt,0.27,7,91,plaquette,0.003,0.003,0,1,-0.4320149672441,1.1916868000172443e-06,-0.40526597179065,-0.40469367757035,-0.18840430338975,0.2168616684009,0.0026389828341724527,plaquette,514ce25197955ee7cf052d5443ae66f479e2d3a9595fd7a57f46610ae9b26af8,True,selected variational/high-chi representative
8c584673f4e7e6,synced_large_h:Results_Izar_replica1,D:\HyraiOn\ENS_Lyon\Internship\2026-EPFL\data\distinVBCs\Results_Izar_replica1\J2_0.27\D_7\orientation_0\plaquette\replica_1\h_0p005\D_7_chi_91_energy_magnetization_correlation.txt,0.27,7,91,plaquette,0.005,0.005,0,1,-0.4324433591021,3.6127410002473326e-07,-0.41001560494920003,-0.40939652872075,-0.17719453779225,0.23282106715695003,0.0026590215224496817,plaquette,fb8cc5467e232ebc0c212af8c2eca339ebb82f180d6b9644253d043a3fc0c7b1,True,selected variational/high-chi representative
9fced58822291a,synced_large_h:Results_Izar_replica1,D:\HyraiOn\ENS_Lyon\Internship\2026-EPFL\data\distinVBCs\Results_Izar_replica1\J2_0.27\D_7\orientation_0\plaquette\replica_1\h_0p01\D_7_chi_91_energy_magnetization_correlation.txt,0.27,7,91,plaquette,0.01,0.01,0,1,-0.4336847153383,4.3228399998485045e-07,-0.41851359823510004,-0.41815113789479996,-0.1555434560839,0.26297014215120007,0.0013783326781322224,plaquette,e0c871d3041bdf73814ccc8ca7f0c660927d477f069818da451447c0eb52472f,True,selected variational/high-chi representative
ae5c977d6ba32b,synced_large_h:Results_Izar_replica1,D:\HyraiOn\ENS_Lyon\Internship\2026-EPFL\data\distinVBCs\Results_Izar_replica1\J2_0.27\D_7\orientation_0\plaquette\replica_1\h_0p02\D_7_chi_91_energy_magnetization_correlation.txt,0.27,7,91,plaquette,0.02,0.02,0,1,-0.4365397907236,1.6689330001318226e-07,-0.42991404750300005,-0.42968052679645,-0.12444912814335,0.30546491935965003,0.0007644763498196787,plaquette,26647af25150999be0257e96fadbe35a83f4c4cf9cfa83e31dd618a4c01f6e90,True,selected variational/high-chi representative
9d760bbd6811ee,synced_large_h:Results_Izar_replica1,D:\HyraiOn\ENS_Lyon\Internship\2026-EPFL\data\distinVBCs\Results_Izar_replica1\J2_0.27\D_7\orientation_0\plaquette\replica_1\h_0p04\D_7_chi_91_energy_magnetization_correlation.txt,0.27,7,91,plaquette,0.04,0.04,0,1,-0.4432096634944,1.3742705999852944e-06,-0.44250896543045,-0.44235640345505,-0.08481969577277,0.35768926965768,0.0004265209732066751,plaquette,7194c33babdc40e30fc0dbf84899d4b918e5dab734f24bf4e6546329a3ac3192,True,selected variational/high-chi representative
b6b0749f222b4d,synced_large_h:Results_Izar_replica1,D:\HyraiOn\ENS_Lyon\Internship\2026-EPFL\data\distinVBCs\Results_Izar_replica1\J2_0.27\D_7\orientation_0\plaquette\replica_1\h_0p08\D_7_chi_91_energy_magnetization_correlation.txt,0.27,7,91,plaquette,0.08,0.08,0,1,-0.4587169300582,4.456483500003827e-06,-0.45293451292289993,-0.45286551294655,-0.04159342514142,0.41134108778147993,0.00016774394389362527,plaquette,2c05f49bfc24d4b871e3e393890434dd851d75fe09b2e6bf4398298f4abc640f,True,selected variational/high-chi representative
7177d477744344,synced_large_h:Results_Izar_replica1,D:\HyraiOn\ENS_Lyon\Internship\2026-EPFL\data\distinVBCs\Results_Izar_replica1\J2_0.27\D_8\orientation_0\dimer-plaquette\replica_1\h_0p08\D_8_chi_104_energy_magnetization_correlation.txt,0.27,8,104,dimer-plaquette,0.08,-0.08,0,1,-0.4628471492452,3.220049998864383e-08,-0.65646150000075,-0.13561961437365,-0.1356082240596,0.5208532759411499,0.9999781314343672,dimer-plaquette,5526f9371d1ed8d38a7bb369119b92d31267ebc31ae27b3c4eb5d15f31785759,True,selected variational/high-chi representative
07b63b8150c744,synced_large_h:Results_Izar_replica1,D:\HyraiOn\ENS_Lyon\Internship\2026-EPFL\data\distinVBCs\Results_Izar_replica1\J2_0.27\D_8\orientation_0\dimer-plaquette\replica_1\h_0p04\D_8_chi_104_energy_magnetization_correlation.txt,0.27,8,104,dimer-plaquette,0.04,-0.04,0,1,-0.4441324381617,2.368730001034436e-08,-0.59267078141535,-0.18618310280015002,-0.18616608278665,0.4065046986287,0.9999581308320483,dimer-plaquette,530e67cd9c9df59a6de232830e47f58d2a4971f2c06afda859cb6135d2cf1330,True,selected variational/high-chi representative
cd20d79951e565,synced_large_h:Results_Izar_replica1,D:\HyraiOn\ENS_Lyon\Internship\2026-EPFL\data\distinVBCs\Results_Izar_replica1\J2_0.27\D_8\orientation_0\dimer-plaquette\replica_1\h_0p02\D_8_chi_104_energy_magnetization_correlation.txt,0.27,8,104,dimer-plaquette,0.02,-0.02,0,1,-0.4367923151512,1.6128159996409153e-07,-0.5430889225651,-0.21975624617159997,-0.2196908101788,0.3233981123863,0.9997976611789193,dimer-plaquette,b66c54d48fd1ae721738fe1e031956f6132745393b3a9b3067b080e927f470f0,True,selected variational/high-chi representative
0e33356cee9a1c,synced_large_h:Results_Izar_replica1,D:\HyraiOn\ENS_Lyon\Internship\2026-EPFL\data\distinVBCs\Results_Izar_replica1\J2_0.27\D_8\orientation_0\dimer-plaquette\replica_1\h_0p01\D_8_chi_104_energy_magnetization_correlation.txt,0.27,8,104,dimer-plaquette,0.01,-0.01,0,1,-0.4338287819066,2.7394590002005614e-07,-0.5085692930985,-0.24118964216715,-0.24113276410995,0.26743652898854997,0.9997873212854836,dimer-plaquette,4a5a5504e620fe99c42a3642dbef573fbf54d251dbac0bdd5e0de9b46ab1bdff,True,selected variational/high-chi representative
e08d1234e1d54c,synced_large_h:Results_Izar_replica1,D:\HyraiOn\ENS_Lyon\Internship\2026-EPFL\data\distinVBCs\Results_Izar_replica1\J2_0.27\D_8\orientation_0\dimer-plaquette\replica_1\h_0p005\D_8_chi_104_energy_magnetization_correlation.txt,0.27,8,104,dimer-plaquette,0.005,-0.005,0,1,-0.4325796902002,1.0630794999855198e-06,-0.48637045276885,-0.25436879687124997,-0.25430952998960005,0.23206092277924995,0.9997446063691374,dimer-plaquette,7020d374d06f523da6b1cdc411adf93b1ae6c042d0b53f4272758844e75f6c34,True,selected variational/high-chi representative
cf057bce7eee12,synced_small_h:Results_Izar_replica1,D:\HyraiOn\ENS_Lyon\Internship\2026-EPFL\data\distinVBCsSmallH\Results_Izar_replica1\J2_0.27\D_8\orientation_0\dimer-plaquette\replica_1\h_0p003\D_8_chi_104_energy_magnetization_correlation.txt,0.27,8,104,dimer-plaquette,0.003,-0.003,0,1,-0.4321343814057,1.1201690000017805e-06,-0.47550016037,-0.260706769146,-0.26059626675085,0.21490389361914997,0.9994858055231618,dimer-plaquette,abd7eee0bfa2e458fe007e592284cf321477411f6fa80929e2c150dbb327a50c,True,selected variational/high-chi representative
e5003621039bab,synced_small_h:Results_Izar_replica1,D:\HyraiOn\ENS_Lyon\Internship\2026-EPFL\data\distinVBCsSmallH\Results_Izar_replica1\J2_0.27\D_8\orientation_0\dimer-plaquette\replica_1\h_0p002\D_8_chi_104_energy_magnetization_correlation.txt,0.27,8,104,dimer-plaquette,0.002,-0.002,0,1,-0.4319241499701,6.663405999751681e-07,-0.4697836995973,-0.26407428029804997,-0.2637114778361,0.2060722217612,0.9982394402367807,dimer-plaquette,1eca4147efff242790c827e290748ceef8f06b83ba5752b234f4c5fa8bdcbe3c,True,selected variational/high-chi representative
22ca86cc5fc1a2,synced_small_h:Results_Izar_replica1,D:\HyraiOn\ENS_Lyon\Internship\2026-EPFL\data\distinVBCsSmallH\Results_Izar_replica1\J2_0.27\D_8\orientation_0\dimer-plaquette\replica_1\h_0p001\D_8_chi_104_energy_magnetization_correlation.txt,0.27,8,104,dimer-plaquette,0.001,-0.001,0,1,-0.4317244740007,9.211949000276221e-07,-0.46342702105135003,-0.26782264787494997,-0.26717897004955,0.19624805100180004,0.9967200804180517,dimer-plaquette,b9d94b0e0621b12ca2c01f076705aec934dadce3465414f659788edbebab465c,True,selected variational/high-chi representative
489d5c00579de5,izar_j2_sequences:Results_Izar_J2_sequences,D:\HyraiOn\ENS_Lyon\Internship\2026-EPFL\data\distinVBCsJ2Continuation\Results_Izar_J2_sequences\s004_J2_0p3_D_8_dimer-plaquette\left\insurance_1\J2_0p27\D_8_chi_104_energy_magnetization_correlation.txt,0.27,8,104,dimer-plaquette,0.0,0.0,2,0,-0.4315326849499,1.6796128000096111e-06,-0.45665793571014995,-0.2715819946721,-0.2710246708998,0.18563326481034997,0.9969977160458317,dimer-plaquette,a5c28385a060ca76ddc0b2406cd8ec5657c5b49b1a6b4a302da3c10bd83182be,False,higher-energy duplicate/protocol
79d7528f5ad9ce,izar_j2_sequences:Results_Izar_J2_sequences,D:\HyraiOn\ENS_Lyon\Internship\2026-EPFL\data\distinVBCsJ2Continuation\Results_Izar_J2_sequences\s004_J2_0p3_D_8_dimer-plaquette\left\insurance_2\J2_0p27\D_8_chi_104_energy_magnetization_correlation.txt,0.27,8,104,dimer-plaquette,0.0,0.0,2,0,-0.431539351131,2.0357387000013993e-06,-0.45564296069865,-0.27307730217139997,-0.27076174476105,0.18488121593759999,0.9874754317327106,dimer-plaquette,d025f7ab50b0ac667b90f98987589ae19dc5c8568a17742256c8704075f27823,False,higher-energy duplicate/protocol
35817f827ffae9,synced_small_h:Results_Izar_replica1,D:\HyraiOn\ENS_Lyon\Internship\2026-EPFL\data\distinVBCsSmallH\Results_Izar_replica1\J2_0.27\D_8\orientation_0\dimer-plaquette\replica_1\h_0\D_8_chi_104_energy_magnetization_correlation.txt,0.27,8,104,dimer-plaquette,0.0,0.0,0,1,-0.4315517867579,2.144029700001937e-06,-0.45264052627590007,-0.27810506795865003,-0.2694052442296,0.18323528204630007,0.952521023069936,dimer-plaquette,16cefbc10f74e48e8cfe4de59cde277a0aa9822e2708f77a108abc58b3d9288e,True,selected variational/high-chi representative
a891ea735d15b6,izar_j2_sequences:Results_Izar_J2_sequences,D:\HyraiOn\ENS_Lyon\Internship\2026-EPFL\data\distinVBCsJ2Continuation\Results_Izar_J2_sequences\s003_J2_0p28_D_8_plaquette\left\insurance_1\J2_0p27\D_8_chi_104_energy_magnetization_correlation.txt,0.27,8,104,plaquette,0.0,0.0,0,0,-0.4316619378737,2.19088530001299e-06,-0.39269330674065,-0.38880852808844996,-0.21906696001405002,0.1736263467266,0.022374361526578682,plaquette,d104a3d81f6b720cc6d62d5af303f8db4202e7c0165567b17d6e98085acb52f6,False,higher-energy duplicate/protocol
9ce565d8db504d,izar_j2_sequences:Results_Izar_J2_sequences,D:\HyraiOn\ENS_Lyon\Internship\2026-EPFL\data\distinVBCsJ2Continuation\Results_Izar_J2_sequences\s003_J2_0p28_D_8_plaquette\left\insurance_2\J2_0p27\D_8_chi_104_energy_magnetization_correlation.txt,0.27,8,104,plaquette,0.0,0.0,0,0,-0.43166800792,5.1558545999808025e-06,-0.39088243280210005,-0.38822456479575,-0.22173253195815001,0.16914990084395004,0.015713092310955988,plaquette,6c048cfa77c257e232f6fbab9a680a8138d9125ca33b2e679c59242472698b6c,True,selected variational/high-chi representative
51f66d1c50b43e,synced_small_h:Results_Izar_replica1,D:\HyraiOn\ENS_Lyon\Internship\2026-EPFL\data\distinVBCsSmallH\Results_Izar_replica1\J2_0.27\D_8\orientation_0\plaquette\replica_1\h_0\D_8_chi_104_energy_magnetization_correlation.txt,0.27,8,104,plaquette,0.0,0.0,0,1,-0.4316525940732,4.965528800027208e-06,-0.3920725342074,-0.3902629376961,-0.2183084752337,0.1737640589737,0.010414101293374584,plaquette,ee2acf7140e0b8a3e305923617d8f4296ddd0b9f0bd1968a629fd7e35d2ce195,False,higher-energy duplicate/protocol
43a37e6d8e6a34,synced_small_h:Results_Izar_replica1,D:\HyraiOn\ENS_Lyon\Internship\2026-EPFL\data\distinVBCsSmallH\Results_Izar_replica1\J2_0.27\D_8\orientation_0\plaquette\replica_1\h_0p001\D_8_chi_104_energy_magnetization_correlation.txt,0.27,8,104,plaquette,0.001,0.001,0,1,-0.4318316594007,4.763372700000712e-06,-0.39557092301365,-0.39431000394135,-0.2098537326131,0.18571719040055,0.006789458044139336,plaquette,9a4769a3bbd15a41d40f02be9b642ff48a254882487c0ea121a91b67253ee9c5,True,selected variational/high-chi representative
c675c96c5ec2e9,synced_small_h:Results_Izar_replica1,D:\HyraiOn\ENS_Lyon\Internship\2026-EPFL\data\distinVBCsSmallH\Results_Izar_replica1\J2_0.27\D_8\orientation_0\plaquette\replica_1\h_0p002\D_8_chi_104_energy_magnetization_correlation.txt,0.27,8,104,plaquette,0.002,0.002,0,1,-0.4320220455462,4.220220500006366e-06,-0.39835349816765,-0.39832328153005,-0.2021275961226,0.19622590204504997,0.00015398903653944193,plaquette,0d4a58f0c2e68b76e706bf48525980ccd8a228b4d6695a742457d4eebab1c8af,True,selected variational/high-chi representative
5d98fc8f7973d6,synced_small_h:Results_Izar_replica1,D:\HyraiOn\ENS_Lyon\Internship\2026-EPFL\data\distinVBCsSmallH\Results_Izar_replica1\J2_0.27\D_8\orientation_0\plaquette\replica_1\h_0p003\D_8_chi_104_energy_magnetization_correlation.txt,0.27,8,104,plaquette,0.003,0.003,0,1,-0.4322222116159,3.924160200008409e-06,-0.40133073379379997,-0.40126176096785,-0.1953719793972,0.20595875439659997,0.0003348865949012274,plaquette,a493523362921579ac2a2121cedc27086f4ce7800576e0397deed101ec5a0695,True,selected variational/high-chi representative
a1cae34c000880,synced_large_h:Results_Izar_replica1,D:\HyraiOn\ENS_Lyon\Internship\2026-EPFL\data\distinVBCs\Results_Izar_replica1\J2_0.27\D_8\orientation_0\plaquette\replica_1\h_0p005\D_8_chi_104_energy_magnetization_correlation.txt,0.27,8,104,plaquette,0.005,0.005,0,1,-0.4326397030075,1.3797597999687383e-06,-0.4068158317763,-0.40661053520055,-0.18269637977154998,0.22411945200475,0.0009160140894223591,plaquette,d0c9f2a750bb4cabb4871874a53a7b20b6ada41a81cecfc46d561fd4740e1f7d,True,selected variational/high-chi representative
78d3413dc7cf3f,synced_large_h:Results_Izar_replica1,D:\HyraiOn\ENS_Lyon\Internship\2026-EPFL\data\distinVBCs\Results_Izar_replica1\J2_0.27\D_8\orientation_0\plaquette\replica_1\h_0p01\D_8_chi_104_energy_magnetization_correlation.txt,0.27,8,104,plaquette,0.01,0.01,0,1,-0.4338446839748,1.222350000051886e-06,-0.41652654009124995,-0.41616896676985005,-0.15908084950645,0.25744569058479994,0.0013889271969853606,plaquette,14e0c30c71fb2338a795c5789a336b364036f628fe5d8a4d4b0a6c235265bbcc,True,selected variational/high-chi representative
9e572e666dd57d,synced_large_h:Results_Izar_replica1,D:\HyraiOn\ENS_Lyon\Internship\2026-EPFL\data\distinVBCs\Results_Izar_replica1\J2_0.27\D_8\orientation_0\plaquette\replica_1\h_0p02\D_8_chi_104_energy_magnetization_correlation.txt,0.27,8,104,plaquette,0.02,0.02,0,1,-0.436657668214,1.1065712000046801e-06,-0.4290633611766,-0.42838034298025,-0.12619280838415,0.30287055279245,0.002255148907850502,plaquette,46080a157ff25cba133b4d9ac01c023d5821b607b3e5b2f6d5a28dc2b0e41bc9,True,selected variational/high-chi representative
4a1e26f13706c5,synced_large_h:Results_Izar_replica1,D:\HyraiOn\ENS_Lyon\Internship\2026-EPFL\data\distinVBCs\Results_Izar_replica1\J2_0.27\D_8\orientation_0\plaquette\replica_1\h_0p04\D_8_chi_104_energy_magnetization_correlation.txt,0.27,8,104,plaquette,0.04,0.04,0,1,-0.4432930080495,5.279449999950891e-07,-0.4419486123271,-0.44171779709295,-0.08578481384297,0.35616379848413,0.0006480592219993892,plaquette,e52dbe86fcf53ee532d211286c040ffcfbc7756940b8c2f598fb4ab32674a9e5,True,selected variational/high-chi representative
3af6e90a2ad03c,synced_large_h:Results_Izar_replica1,D:\HyraiOn\ENS_Lyon\Internship\2026-EPFL\data\distinVBCs\Results_Izar_replica1\J2_0.27\D_8\orientation_0\plaquette\replica_1\h_0p08\D_8_chi_104_energy_magnetization_correlation.txt,0.27,8,104,plaquette,0.08,0.08,0,1,-0.4587561054459,4.4844079999384334e-07,-0.45273274602815,-0.4527084235195,-0.04174171201905,0.4109910340091,5.9180144181534624e-05,plaquette,09a2a24dc43956bc496ce9a835558c387a8430bfac4aeb0fdd6259aad24f0827,True,selected variational/high-chi representative
f9a2e23575ddd9,synced_large_h:Results_Izar_replica1,D:\HyraiOn\ENS_Lyon\Internship\2026-EPFL\data\distinVBCs\Results_Izar_replica1\J2_0.27\D_9\orientation_0\dimer-plaquette\replica_1\h_0p08\D_9_chi_108_energy_magnetization_correlation.txt,0.27,9,108,dimer-plaquette,0.08,-0.08,0,1,-0.4628538032546,4.789149999906428e-07,-0.6563924021177999,-0.13566521748225,-0.13563148254205,0.5207609195757499,0.9999352199081539,dimer-plaquette,0e6440d801091bfe98b08b160cdb8e0695f6ec3eb6aa16e5c544483bd33eb141,True,selected variational/high-chi representative
c82fe67eb7d7e4,synced_large_h:Results_Izar_replica1,D:\HyraiOn\ENS_Lyon\Internship\2026-EPFL\data\distinVBCs\Results_Izar_replica1\J2_0.27\D_9\orientation_0\dimer-plaquette\replica_1\h_0p04\D_9_chi_108_energy_magnetization_correlation.txt,0.27,9,108,dimer-plaquette,0.04,-0.04,0,1,-0.4441495776289,1.2367037999783115e-06,-0.5922362402272,-0.18652137232725,-0.18645451172635,0.40578172850085004,0.9998352301343212,dimer-plaquette,bcf3483a8b6f522098a19c5f8426f82ca0769df1a3640800854c6b9b92ba1fb3,True,selected variational/high-chi representative
5b48c941591c17,synced_large_h:Results_Izar_replica1,D:\HyraiOn\ENS_Lyon\Internship\2026-EPFL\data\distinVBCs\Results_Izar_replica1\J2_0.27\D_9\orientation_0\dimer-plaquette\replica_1\h_0p02\D_9_chi_108_energy_magnetization_correlation.txt,0.27,9,108,dimer-plaquette,0.02,-0.02,0,1,-0.4368441504874,1.3199234999983211e-06,-0.54087816321365,-0.2212830635764,-0.22114198989574999,0.31973617331790005,0.9995587809812504,dimer-plaquette,27ba2a9829ac9366cdf7459a75d94df0ae47c4c9940d80e7cab064bb09ac8152,True,selected variational/high-chi representative
f0809039cf148d,synced_small_h:Results_Izar_replica1,D:\HyraiOn\ENS_Lyon\Internship\2026-EPFL\data\distinVBCsSmallH\Results_Izar_replica1\J2_0.27\D_9\orientation_0\dimer-plaquette\replica_1\h_0p005\D_9_chi_108_energy_magnetization_correlation.txt,0.27,9,108,dimer-plaquette,0.005,-0.005,0,1,-0.4327608051453,4.7796658000365255e-06,-0.47586591041085,-0.2606281033145,-0.2601424225051,0.21572348790575002,0.9977485956021063,dimer-plaquette,c8d100cc5c54e7cc26560a013e5eba1383dc4278f358396f9bd33022f5a99184,True,selected variational/high-chi representative
1c6ecad59f8def,synced_small_h:Results_Izar_replica1,D:\HyraiOn\ENS_Lyon\Internship\2026-EPFL\data\distinVBCsSmallH\Results_Izar_replica1\J2_0.27\D_9\orientation_0\dimer-plaquette\replica_1\h_0p003\D_9_chi_108_energy_magnetization_correlation.txt,0.27,9,108,dimer-plaquette,0.003,-0.003,0,1,-0.4323550278915,4.381884499971012e-06,-0.46012917349535004,-0.26987366920070005,-0.2686211800397,0.19150799345565006,0.9934598596204804,dimer-plaquette,7b26ef6864cea6b688489a23f8e1f11eb3dfcaca53b37c0f19224dc2ae228869,True,selected variational/high-chi representative
f2ba0b08f2c738,synced_small_h:Results_Izar_replica1,D:\HyraiOn\ENS_Lyon\Internship\2026-EPFL\data\distinVBCsSmallH\Results_Izar_replica1\J2_0.27\D_9\orientation_0\dimer-plaquette\replica_1\h_0p002\D_9_chi_108_energy_magnetization_correlation.txt,0.27,9,108,dimer-plaquette,0.002,-0.002,0,1,-0.4321707333144,3.9994781999563855e-06,-0.45157532388114996,-0.27433900937905004,-0.27353673083825,0.17803859304289998,0.9954937941988412,dimer-plaquette,3c8253dfbec4ec8e0f98fe44d2ff4b1da5f0da5e10dbe4732b92037557cd46f9,True,selected variational/high-chi representative
5450ad2567b75d,synced_small_h:Results_Izar_replica1,D:\HyraiOn\ENS_Lyon\Internship\2026-EPFL\data\distinVBCsSmallH\Results_Izar_replica1\J2_0.27\D_9\orientation_0\dimer-plaquette\replica_1\h_0p001\D_9_chi_108_energy_magnetization_correlation.txt,0.27,9,108,dimer-plaquette,0.001,-0.001,0,1,-0.4320175163291,8.633547900038785e-06,-0.43097197227585,-0.28629110849485,-0.28404063149605,0.14693134077979997,0.9846834787809315,dimer-plaquette,b73fa9105e54e415c8e0b0ce57c87e5c4c179a626bdafca1300d3887d6c86091,True,selected variational/high-chi representative
6fa9066270c006,izar_j2_sequences:Results_Izar_J2_sequences,D:\HyraiOn\ENS_Lyon\Internship\2026-EPFL\data\distinVBCsJ2Continuation\Results_Izar_J2_sequences\s006_J2_0p33_D_9_dimer-plaquette\left\insurance_1\J2_0p27\D_9_chi_108_energy_magnetization_correlation.txt,0.27,9,108,dimer-plaquette,0.0,0.0,1,0,-0.4319010131772,7.884192199991702e-06,-0.35717487953184995,-0.32920999114,-0.31792205893264996,0.03925282059919999,0.7124300359811574,three-distinct/mixed,0cc4a8764756cabe871be97ffc7de6c6d8e4581dae09489321efed2f5f00c96c,False,higher-energy duplicate/protocol
30a8c4cb2bc460,izar_j2_sequences:Results_Izar_J2_sequences,D:\HyraiOn\ENS_Lyon\Internship\2026-EPFL\data\distinVBCsJ2Continuation\Results_Izar_J2_sequences\s006_J2_0p33_D_9_dimer-plaquette\left\insurance_2\J2_0p27\D_9_chi_108_energy_magnetization_correlation.txt,0.27,9,108,dimer-plaquette,0.0,0.0,1,0,-0.4317790853273,1.7455913900010778e-05,-0.4196240658845,-0.29392952866805,-0.2810413164352,0.13858274944930005,0.9069998806917514,dimer-plaquette,efc503281cd4c1f8dbcec2c48320653b224a00cc57ba26ce765467730718609f,False,higher-energy duplicate/protocol
3b0e019565e522,izar_j2_sequences:Results_Izar_J2_sequences,D:\HyraiOn\ENS_Lyon\Internship\2026-EPFL\data\distinVBCsJ2Continuation\Results_Izar_J2_sequences\s101_J2_0p28_D_9_dimer-plaquette\left\insurance_1\J2_0p27\D_9_chi_108_energy_magnetization_correlation.txt,0.27,9,108,dimer-plaquette,0.0,0.0,2,0,-0.4319136928269,9.037355900021193e-06,-0.37632374876650004,-0.31392671780410003,-0.31362806613315003,0.06269568263335001,0.9952364874516713,dimer-plaquette,b6abfff71d37a6d2d87ff4d5568a8f97138b01f13692259be066681a0b9463fe,True,selected variational/high-chi representative
4dc8c3daaa9d6a,izar_j2_sequences:Results_Izar_J2_sequences,D:\HyraiOn\ENS_Lyon\Internship\2026-EPFL\data\distinVBCsJ2Continuation\Results_Izar_J2_sequences\s101_J2_0p28_D_9_dimer-plaquette\left\insurance_2\J2_0p27\D_9_chi_108_energy_magnetization_correlation.txt,0.27,9,108,dimer-plaquette,0.0,0.0,2,0,-0.4319037646043,7.308717500043027e-06,-0.39668980469410003,-0.30501435099205,-0.30086319657864996,0.09582660811545007,0.956680566128368,dimer-plaquette,2a991261dcb55daa6ab0560d8f54d7386768959a39511922fb3ffe270d135d08,False,higher-energy duplicate/protocol
a43b493167e322,izar_j2_sequences:Results_Izar_J2_sequences,D:\HyraiOn\ENS_Lyon\Internship\2026-EPFL\data\distinVBCsJ2Continuation\Results_Izar_J2_sequences\s102_J2_0p3_D_9_dimer-plaquette\left\insurance_1\J2_0p27\D_9_chi_108_energy_magnetization_correlation.txt,0.27,9,108,dimer-plaquette,0.0,0.0,0,0,-0.4318844235151,2.4410764700000254e-05,-0.40544413020355,-0.3038398925206,-0.2896879971988,0.11575613300475002,0.8777438831580588,dimer-plaquette,48a32b4bc074ff53f46301a5449fd3349537509d66e439b7a5768bee3bf69bca,False,higher-energy duplicate/protocol
9b47076aad2d0f,izar_j2_sequences:Results_Izar_J2_sequences,D:\HyraiOn\ENS_Lyon\Internship\2026-EPFL\data\distinVBCsJ2Continuation\Results_Izar_J2_sequences\s102_J2_0p3_D_9_dimer-plaquette\left\insurance_2\J2_0p27\D_9_chi_108_energy_magnetization_correlation.txt,0.27,9,108,dimer-plaquette,0.0,0.0,0,0,-0.4318946604845,1.7544203399999514e-05,-0.3927127892071,-0.31080334647869995,-0.29985123226965,0.09286155693745002,0.8820597611083872,dimer-plaquette,6e89414be11b5ef3a324edbd0b3158d9362e6af12c0bf3443f82553ae83c5c59,False,higher-energy duplicate/protocol
04bf9e5e85bcfb,synced_small_h:Results_Izar_replica1,D:\HyraiOn\ENS_Lyon\Internship\2026-EPFL\data\distinVBCsSmallH\Results_Izar_replica1\J2_0.27\D_9\orientation_0\dimer-plaquette\replica_1\h_0\D_9_chi_108_energy_magnetization_correlation.txt,0.27,9,108,dimer-plaquette,0.0,0.0,0,1,-0.4318717103727,8.622618499987134e-06,-0.43097196220719997,-0.28629110615815,-0.28404064829045,0.14693131391674996,0.9846836061850295,dimer-plaquette,c4f19fe5a823076ea166f9231be4311d0e8bd04b5cd472f4afeb8b822af6b59b,False,higher-energy duplicate/protocol
60e7e070e36573,izar_j2_sequences:Results_Izar_J2_sequences,D:\HyraiOn\ENS_Lyon\Internship\2026-EPFL\data\distinVBCsJ2Continuation\Results_Izar_J2_sequences\s005_J2_0p3_D_9_plaquette\left\insurance_1\J2_0p27\D_9_chi_108_energy_magnetization_correlation.txt,0.27,9,108,plaquette,0.0,0.0,0,0,-0.4319204903855,6.634822300011223e-06,-0.35661381796495,-0.3510352485738,-0.2961130886938,0.06050072927115002,0.09220664706615685,plaquette,46732f3ac07ccc7cc24667f159a3525495bef5ddf4ab9dddaedd6b4c6d5a8b87,True,selected variational/high-chi representative
828a23a4c02b06,izar_j2_sequences:Results_Izar_J2_sequences,D:\HyraiOn\ENS_Lyon\Internship\2026-EPFL\data\distinVBCsJ2Continuation\Results_Izar_J2_sequences\s005_J2_0p3_D_9_plaquette\left\insurance_2\J2_0p27\D_9_chi_108_energy_magnetization_correlation.txt,0.27,9,108,plaquette,0.0,0.0,0,0,-0.4319163874156,9.491130600003395e-06,-0.36441719100505,-0.3585450880763,-0.2801784454544,0.08423874555064997,0.06970786293605608,plaquette,1d4888642b6a9e99b085d2ffad382dda6615e495dd794b364e499a16f24f2dbf,False,higher-energy duplicate/protocol
3ba3b11c824911,izar_j2_sequences:Results_Izar_J2_sequences,D:\HyraiOn\ENS_Lyon\Internship\2026-EPFL\data\distinVBCsJ2Continuation\Results_Izar_J2_sequences\s103_J2_0p31_D_9_plaquette\left\insurance_1\J2_0p27\D_9_chi_108_energy_magnetization_correlation.txt,0.27,9,108,plaquette,0.0,0.0,0,0,-0.4318651131283,1.0208139199996413e-05,-0.37438576872705,-0.36146135478005004,-0.2631625844548,0.11122318427224998,0.11620251687241587,plaquette,8598c65764fde40cf56dceb8fb3e44b32e24a6fc9eda980c2cc2e2c83783334b,False,higher-energy duplicate/protocol
3d1c99024ea745,izar_j2_sequences:Results_Izar_J2_sequences,D:\HyraiOn\ENS_Lyon\Internship\2026-EPFL\data\distinVBCsJ2Continuation\Results_Izar_J2_sequences\s103_J2_0p31_D_9_plaquette\left\insurance_2\J2_0p27\D_9_chi_108_energy_magnetization_correlation.txt,0.27,9,108,plaquette,0.0,0.0,0,0,-0.4318834999111,8.966923199960064e-06,-0.37474304704614997,-0.36125843731795,-0.2667853724432,0.10795767460294997,0.12490644854841576,plaquette,b7d697136ed0088b83e9af799418cd1836e913110458d04939763007261596e9,False,higher-energy duplicate/protocol
daf0187a2ee2bc,synced_small_h:Results_Izar_replica1,D:\HyraiOn\ENS_Lyon\Internship\2026-EPFL\data\distinVBCsSmallH\Results_Izar_replica1\J2_0.27\D_9\orientation_0\plaquette\replica_1\h_0\D_9_chi_108_energy_magnetization_correlation.txt,0.27,9,108,plaquette,0.0,0.0,0,1,-0.4318162525415,7.1980600000465245e-06,-0.39284308959309994,-0.39243332981644996,-0.2141216446088,0.17872144498429993,0.0022927286464473925,plaquette,c63b57c82526ac21260ecdd976ec863ea9cda8d7dcf7d356f9de21eeef6805f0,False,higher-energy duplicate/protocol
b2836d1f641280,synced_small_h:Results_Izar_replica1,D:\HyraiOn\ENS_Lyon\Internship\2026-EPFL\data\distinVBCsSmallH\Results_Izar_replica1\J2_0.27\D_9\orientation_0\plaquette\replica_1\h_0p001\D_9_chi_108_energy_magnetization_correlation.txt,0.27,9,108,plaquette,0.001,0.001,0,1,-0.4319947692423,7.193206900013571e-06,-0.3928430874492,-0.39243333230165,-0.21412164497990002,0.17872144246929997,0.0022927027775101463,plaquette,59bd86e129724d46fde0c889514609db1389e19070cdf625d9c4d74d3237614a,True,selected variational/high-chi representative
43ab99500b8e7f,synced_small_h:Results_Izar_replica1,D:\HyraiOn\ENS_Lyon\Internship\2026-EPFL\data\distinVBCsSmallH\Results_Izar_replica1\J2_0.27\D_9\orientation_0\plaquette\replica_1\h_0p002\D_9_chi_108_energy_magnetization_correlation.txt,0.27,9,108,plaquette,0.002,0.002,0,1,-0.4321732860317,7.1884426000035084e-06,-0.3928430820164,-0.39243333874049996,-0.21412164553674998,0.17872143647965003,0.002292636428908169,plaquette,601e5535372e1cafd42c9db20b8a577b67379ac466c896de6775fa7d9645cab3,True,selected variational/high-chi representative
d0caf6e6b3a22b,synced_small_h:Results_Izar_replica1,D:\HyraiOn\ENS_Lyon\Internship\2026-EPFL\data\distinVBCsSmallH\Results_Izar_replica1\J2_0.27\D_9\orientation_0\plaquette\replica_1\h_0p003\D_9_chi_108_energy_magnetization_correlation.txt,0.27,9,108,plaquette,0.003,0.003,0,1,-0.4323574173505,6.91361509996824e-06,-0.3976467776756,-0.396410453023,-0.2043202137641,0.19332656391150002,0.006395006602227712,plaquette,3ee632fd1f8d5cb1d29c21b1616299e55f21f34510afaea147f812a74fd17aec,True,selected variational/high-chi representative
873a60565fc352,synced_small_h:Results_Izar_replica1,D:\HyraiOn\ENS_Lyon\Internship\2026-EPFL\data\distinVBCsSmallH\Results_Izar_replica1\J2_0.27\D_9\orientation_0\plaquette\replica_1\h_0p005\D_9_chi_108_energy_magnetization_correlation.txt,0.27,9,108,plaquette,0.005,0.005,0,1,-0.4327459644939,1.0480045999905485e-06,-0.4047725798533,-0.4044468189496,-0.1868739977654,0.2178985820879,0.0014950115809776148,plaquette,5308dfc6eac1fc72e4971ac07be11e59f117be6565a84b8cee910daaf199b7e5,True,selected variational/high-chi representative
beca27a318cd0b,synced_large_h:Results_Izar_replica1,D:\HyraiOn\ENS_Lyon\Internship\2026-EPFL\data\distinVBCs\Results_Izar_replica1\J2_0.27\D_9\orientation_0\plaquette\replica_1\h_0p01\D_9_chi_108_energy_magnetization_correlation.txt,0.27,9,108,plaquette,0.01,0.01,0,1,-0.4339290439402,3.1692919999493085e-07,-0.41534287754739996,-0.41500811448564995,-0.16143321982654998,0.25390965772084995,0.001318433748266679,plaquette,14155bc6c0491f19dbe597db51c4492630f76b1170b0a56692ad694c2d0e9faf,True,selected variational/high-chi representative
ffd2b1734489d8,synced_large_h:Results_Izar_replica1,D:\HyraiOn\ENS_Lyon\Internship\2026-EPFL\data\distinVBCs\Results_Izar_replica1\J2_0.27\D_9\orientation_0\plaquette\replica_1\h_0p02\D_9_chi_108_energy_magnetization_correlation.txt,0.27,9,108,plaquette,0.02,0.02,0,1,-0.4367175132708,9.245718000094882e-07,-0.42819347973900007,-0.4280368804363,-0.12736032726145,0.30083315247755005,0.0005205520116728262,plaquette,0747988ee1d1589eabd09b39fcc3a30201f80146aeca939cbb9a6c6e565c7a21,True,selected variational/high-chi representative
f2d01ff8d5736b,synced_large_h:Results_Izar_replica1,D:\HyraiOn\ENS_Lyon\Internship\2026-EPFL\data\distinVBCs\Results_Izar_replica1\J2_0.27\D_9\orientation_0\plaquette\replica_1\h_0p04\D_9_chi_108_energy_magnetization_correlation.txt,0.27,9,108,plaquette,0.04,0.04,0,1,-0.443328730122,8.904111000185289e-07,-0.4416136974811,-0.44158063034545,-0.08615907961552,0.35545461786558,9.302772840202423e-05,plaquette,ccf4d9d75fab26ef05ad77498e977ad9bd4c2b7656d14b3795b34828b5047b92,True,selected variational/high-chi representative
8d69ba459c8d61,synced_large_h:Results_Izar_replica1,D:\HyraiOn\ENS_Lyon\Internship\2026-EPFL\data\distinVBCs\Results_Izar_replica1\J2_0.27\D_9\orientation_0\plaquette\replica_1\h_0p08\D_9_chi_108_energy_magnetization_correlation.txt,0.27,9,108,plaquette,0.08,0.08,0,1,-0.458785557324,1.7937940000045671e-06,-0.45258814258229996,-0.4525493298934,-0.041911511691615,0.41067663089068496,9.450912465060021e-05,plaquette,165ce647c0ba47cf8174b28a53f3029559f3a8cbeb59f259f66b04f54e487d00,True,selected variational/high-chi representative
2cf03d9132ea23,synced_large_h:Results_Izar_replica1,D:\HyraiOn\ENS_Lyon\Internship\2026-EPFL\data\distinVBCs\Results_Izar_replica1\J2_0.275\D_6\orientation_0\dimer-plaquette\replica_1\h_0p08\D_6_chi_72_energy_magnetization_correlation.txt,0.275,6,72,dimer-plaquette,0.08,-0.08,0,1,-0.4619294499835,1.1691899998167443e-07,-0.65994918073745,-0.13215449837855,-0.13199555892515,0.5279536218123,0.9996989518646461,dimer-plaquette,0783197d2883a06d09582bd81032db30ec29e5b1cca3d1b304c77a8f6ac9110a,True,selected variational/high-chi representative
cb5ae117cdcb36,synced_large_h:Results_Izar_replica1,D:\HyraiOn\ENS_Lyon\Internship\2026-EPFL\data\distinVBCs\Results_Izar_replica1\J2_0.275\D_6\orientation_0\dimer-plaquette\replica_1\h_0p04\D_6_chi_72_energy_magnetization_correlation.txt,0.275,6,72,dimer-plaquette,0.04,-0.04,0,1,-0.4428949522524,7.317356999769764e-07,-0.59773311351305,-0.18228475642825,-0.1821612988053,0.41557181470775006,0.9997029210870884,dimer-plaquette,b5d090815b2680a97da24f94a665d27d72ea4d59c6fbab1649b3f982221abcc5,True,selected variational/high-chi representative
a74bb9fd410812,synced_large_h:Results_Izar_replica1,D:\HyraiOn\ENS_Lyon\Internship\2026-EPFL\data\distinVBCs\Results_Izar_replica1\J2_0.275\D_6\orientation_0\dimer-plaquette\replica_1\h_0p02\D_6_chi_72_energy_magnetization_correlation.txt,0.275,6,72,dimer-plaquette,0.02,-0.02,0,1,-0.4353496065184,1.8474759999609347e-07,-0.55023256547175,-0.2150601564689,-0.2147973279087,0.33543523756305005,0.9992164551282404,dimer-plaquette,7b198348b80a1b25d90a576e3d740129a86a09d2df603211c1f852fa2953d4af,True,selected variational/high-chi representative
1fdb39cf269abf,synced_large_h:Results_Izar_replica1,D:\HyraiOn\ENS_Lyon\Internship\2026-EPFL\data\distinVBCs\Results_Izar_replica1\J2_0.275\D_6\orientation_0\dimer-plaquette\replica_1\h_0p01\D_6_chi_72_energy_magnetization_correlation.txt,0.275,6,72,dimer-plaquette,0.01,-0.01,0,1,-0.4322442446614,3.34816199987209e-07,-0.51900361271215,-0.23500295195875,-0.23442346154365,0.2845801511685,0.9979637005155821,dimer-plaquette,6f4d42240b0e27d0d39d1b85c9a0a8ba0890c1f6f1112d2658c57d5c04d7a865,True,selected variational/high-chi representative
5c1d8f7e671360,synced_large_h:Results_Izar_replica1,D:\HyraiOn\ENS_Lyon\Internship\2026-EPFL\data\distinVBCs\Results_Izar_replica1\J2_0.275\D_6\orientation_0\dimer-plaquette\replica_1\h_0p005\D_6_chi_72_energy_magnetization_correlation.txt,0.275,6,72,dimer-plaquette,0.005,-0.005,0,1,-0.4308962100526,2.034514000048837e-07,-0.5003961235407001,-0.24638422935829998,-0.2455969285871,0.25479919495360004,0.9969101127994408,dimer-plaquette,95d2e2cb74768541956aabde1bee99b8cee7c4af6f218d43c8d47da0bd9a284d,True,selected variational/high-chi representative
1482ee2ec506b5,synced_small_h:Results_Izar_replica1,D:\HyraiOn\ENS_Lyon\Internship\2026-EPFL\data\distinVBCsSmallH\Results_Izar_replica1\J2_0.275\D_6\orientation_0\dimer-plaquette\replica_1\h_0p003\D_6_chi_72_energy_magnetization_correlation.txt,0.275,6,72,dimer-plaquette,0.003,-0.003,0,1,-0.4304059776868,3.17825999962551e-08,-0.49155572681315,-0.2520290212979,-0.25044763404575,0.24110809276740003,0.9934411689213783,dimer-plaquette,af8175e9d71d9845ec98ce5c0f3adeef18d88e6c378abee8f226d479e4a08286,True,selected variational/high-chi representative
b1524a97073dca,synced_small_h:Results_Izar_replica1,D:\HyraiOn\ENS_Lyon\Internship\2026-EPFL\data\distinVBCsSmallH\Results_Izar_replica1\J2_0.275\D_6\orientation_0\dimer-plaquette\replica_1\h_0p002\D_6_chi_72_energy_magnetization_correlation.txt,0.275,6,72,dimer-plaquette,0.002,-0.002,0,1,-0.4301693249012,3.594410002971671e-08,-0.48713350503124997,-0.2545768121205,-0.25307845896115,0.23405504607009997,0.9935982873067337,dimer-plaquette,56df115a6b5e6bc24b556139d09d2839f41a6667ac4dccc082c89af3d27dbc9e,True,selected variational/high-chi representative
10fecdc7fcacba,synced_small_h:Results_Izar_replica1,D:\HyraiOn\ENS_Lyon\Internship\2026-EPFL\data\distinVBCsSmallH\Results_Izar_replica1\J2_0.275\D_6\orientation_0\dimer-plaquette\replica_1\h_0p001\D_6_chi_72_energy_magnetization_correlation.txt,0.275,6,72,dimer-plaquette,0.001,-0.001,0,1,-0.4299439131016,3.595779995979598e-08,-0.48250102235935,-0.2572995997284,-0.2557410691669,0.22675995319245001,0.9931269585323238,dimer-plaquette,a8224e36aa04eee794f615e2f67c0d98ebec80364bb824321cf537623d7cf9a2,True,selected variational/high-chi representative
cc894507c3d799,synced_small_h:Results_Izar_replica1,D:\HyraiOn\ENS_Lyon\Internship\2026-EPFL\data\distinVBCsSmallH\Results_Izar_replica1\J2_0.275\D_6\orientation_0\dimer-plaquette\replica_1\h_0\D_6_chi_72_energy_magnetization_correlation.txt,0.275,6,72,dimer-plaquette,0.0,0.0,0,1,-0.4297216927978,2.5924799973431334e-08,-0.47784483469105,-0.2603285576261,-0.25808948981185,0.2197553448792,0.9898110882559836,dimer-plaquette,31f6639d3fc2fc0ea9ca6e125c5dbe863e3340dc1887178870659c1e7280bab0,True,selected variational/high-chi representative
e45c5710908dbe,last_izar_pins:Results_LastIzar,D:\HyraiOn\ENS_Lyon\Internship\2026-EPFL\data\distinVBCsJ2Continuation\LastIzar\Results_LastIzar\task1_D6_adiabatic\J2_0p275\D_6_chi_72_energy_magnetization_correlation.txt,0.275,6,72,plaquette,0.0,0.0,0,0,-0.4295994058911,2.885924000328721e-07,-0.40450143556425,-0.3885830225785,-0.20857491908495,0.1959265164793,0.081246853523432,plaquette,73122ace20e42570f0052546bdfe3af39c04aedf63a41dc5f2164d6b066b5452,False,higher-energy duplicate/protocol
0a3bd6d28f95d3,last_izar_pins:Results_LastIzar,D:\HyraiOn\ENS_Lyon\Internship\2026-EPFL\data\distinVBCsJ2Continuation\LastIzar\Results_LastIzar\task1_D6_adiabatic\insurance_2\J2_0p275\D_6_chi_72_energy_magnetization_correlation.txt,0.275,6,72,plaquette,0.0,0.0,0,0,-0.4296021094366,1.1770610000017001e-06,-0.40596742517519996,-0.38921200718915,-0.20611734830545,0.19985007686974995,0.08383993765971937,plaquette,0236a2ab57e4e488a4610e3af02111c2bf0df3b5fc6837922240570e9a26ef7f,True,selected variational/high-chi representative
af43f31bc075d9,last_izar_pins:Results_LastIzar,D:\HyraiOn\ENS_Lyon\Internship\2026-EPFL\data\distinVBCsJ2Continuation\LastIzar\Results_LastIzar\task1_D6_adiabatic\insurance_3\J2_0p275\D_6_chi_72_energy_magnetization_correlation.txt,0.275,6,72,plaquette,0.0,0.0,0,0,-0.4296019694139,1.1217434000010407e-06,-0.4056336480386,-0.38954848356550004,-0.20614973196459999,0.19948391607400004,0.08063389164233711,plaquette,190e6c5e4f80443bfc79c4b98f59805d4ee54fdb1d64652fc2bda8e8e5237859,False,higher-energy duplicate/protocol
e549e835d74f33,last_izar_pins:Results_LastIzar,D:\HyraiOn\ENS_Lyon\Internship\2026-EPFL\data\distinVBCsJ2Continuation\LastIzar\Results_LastIzar\task1_D6_adiabatic\insurance_4\J2_0p275\D_6_chi_72_energy_magnetization_correlation.txt,0.275,6,72,plaquette,0.0,0.0,0,0,-0.4295810779753,5.557756999619023e-07,-0.40016648405634997,-0.38567549866450007,-0.21970366347439999,0.18046282058194998,0.0802990075469279,plaquette,e19a1a37b293a1111fe27ddb5fe27a38e41ea5cb4cb4f36dbe7f92de1a46c27f,False,higher-energy duplicate/protocol
45941fc407c299,last_izar_pins:Results_LastIzar,D:\HyraiOn\ENS_Lyon\Internship\2026-EPFL\data\distinVBCsJ2Continuation\LastIzar\Results_LastIzar\task1_D6_adiabatic\insurance_5\J2_0p275\D_6_chi_72_energy_magnetization_correlation.txt,0.275,6,72,plaquette,0.0,0.0,0,0,-0.4296019615696,1.2537665000089682e-06,-0.40603836638385,-0.3888491683896,-0.206496171659,0.19954219472485,0.08614317396855488,plaquette,0ba953d2260d7934e44abf905903f526ec5c10462cd1ad9a50646c64f609cda5,False,higher-energy duplicate/protocol
42705adbdce18f,last_izar_pins:Results_LastIzar,D:\HyraiOn\ENS_Lyon\Internship\2026-EPFL\data\distinVBCsJ2Continuation\LastIzar\Results_LastIzar\task_pin_D6_h0p01_adam\J2_0p275\h_0\D_6_chi_72_energy_magnetization_correlation.txt,0.275,6,72,plaquette,0.0,0.0,0,0,-0.4297226477754,2.2803339999599714e-07,-0.47779249565545,-0.26001729503505,-0.25843079857,0.21936169708545,0.9927676687127744,dimer-plaquette,35d1fbd6cc8d52aee20f3a5a3a44edb0b8aa83010e6f099b529e00d1a8dbede4,False,branch texture flipped
7ac8b152004c4c,last_izar_pins:Results_LastIzar,D:\HyraiOn\ENS_Lyon\Internship\2026-EPFL\data\distinVBCsJ2Continuation\LastIzar\Results_LastIzar\task_pin_D6_h0p01_lbfgs\J2_0p275\h_0\D_6_chi_72_energy_magnetization_correlation.txt,0.275,6,72,plaquette,0.0,0.0,0,0,-0.2739204413256,1.6866980001584153e-07,-0.39275347715485,-0.2149006823644,-0.19477826685714997,0.19797521029770002,0.8983589133357077,dimer-plaquette,59cfc49e95a32e604c90d0bc87644a60053fe3f1826db6d9983936edabee2093,False,energy outside original-2C3 physical envelope
8e41e6addfdc2e,last_izar_pins:Results_LastIzar,D:\HyraiOn\ENS_Lyon\Internship\2026-EPFL\data\distinVBCsJ2Continuation\LastIzar\Results_LastIzar\task_pin_D6_h0p02_adam\J2_0p275\h_0\D_6_chi_72_energy_magnetization_correlation.txt,0.275,6,72,plaquette,0.0,0.0,0,0,-0.4297231245132,1.3514129998393187e-07,-0.47785054206405,-0.25926127089485,-0.25909011819989997,0.21876042386415,0.9992176249619249,dimer-plaquette,396cccd0e47d29a85c4621713b8f072db7ad4b41675f32c0dd47b1bf1c539e60,False,branch texture flipped
b1a7a01d42fe9d,last_izar_pins:Results_LastIzar,D:\HyraiOn\ENS_Lyon\Internship\2026-EPFL\data\distinVBCsJ2Continuation\LastIzar\Results_LastIzar\task_pin_D6_h0p02_lbfgs\J2_0p275\h_0\D_6_chi_72_energy_magnetization_correlation.txt,0.275,6,72,plaquette,0.0,0.0,0,0,-0.2506266183669,1.199589999556494e-08,-0.4055916911713,-0.11966060308315,-0.1098869597194,0.2957047314519,0.9669479642217365,dimer-plaquette,d13d54936131ddb560b52f3cb81b94de864a3133d4cc2a1d07d6961a1c0559bf,False,energy outside original-2C3 physical envelope
c87f48091e9036,last_izar_pins:Results_LastIzar,D:\HyraiOn\ENS_Lyon\Internship\2026-EPFL\data\distinVBCsJ2Continuation\LastIzar\Results_LastIzar\task_pin_D6_h0p03_adam\J2_0p275\h_0\D_6_chi_72_energy_magnetization_correlation.txt,0.275,6,72,plaquette,0.0,0.0,0,0,-0.4297220643281,1.3747880001080404e-07,-0.47767027732719997,-0.25956129385695,-0.25902889068825,0.21864138663894994,0.9975649478953446,dimer-plaquette,0a7db494ec756ed258c41b4f6079ebf431d4927f82d32195b6f97478a8576fd0,False,branch texture flipped
afc389bf052f57,last_izar_pins:Results_LastIzar,D:\HyraiOn\ENS_Lyon\Internship\2026-EPFL\data\distinVBCsJ2Continuation\LastIzar\Results_LastIzar\task_pin_D6_h0p03_lbfgs\J2_0p275\h_0\D_6_chi_72_energy_magnetization_correlation.txt,0.275,6,72,plaquette,0.0,0.0,0,0,-0.4124483085475,1.034899999030614e-09,-0.36508056260085,-0.35767146001285005,-0.32120783417735,0.043872728423499985,0.16887717847133749,plaquette,3d79691b927465e187659899cd20f5f832b942d3579a1ee6218789c2715c56c9,False,energy outside original-2C3 physical envelope
8ffd8d55cc2f8e,synced_small_h:Results_Izar_replica1,D:\HyraiOn\ENS_Lyon\Internship\2026-EPFL\data\distinVBCsSmallH\Results_Izar_replica1\J2_0.275\D_6\orientation_0\plaquette\replica_1\h_0\D_6_chi_72_energy_magnetization_correlation.txt,0.275,6,72,plaquette,0.0,0.0,0,1,-0.4297224919651,1.8994779998893208e-07,-0.47782557579785,-0.26010107524395,-0.2583283799988,0.21949719579905003,0.9919238364813876,dimer-plaquette,c4235705a2c9f5f59ff1d27083d1cd1b459878b1c5e8bc4e1af4eb965b0177ea,False,branch texture flipped
fcc3e8c5e0d053,synced_small_h:Results_Izar_replica1,D:\HyraiOn\ENS_Lyon\Internship\2026-EPFL\data\distinVBCsSmallH\Results_Izar_replica1\J2_0.275\D_6\orientation_0\plaquette\replica_1\h_0p001\D_6_chi_72_energy_magnetization_correlation.txt,0.275,6,72,plaquette,0.001,0.001,0,1,-0.4298501564472,1.591346999729737e-07,-0.46842518206184997,-0.31786606839395,-0.20960911932159998,0.25881606274025,0.5817224482662902,three-distinct/mixed,9a557d619e52b4984ba7e4e6822f8d62c2ce3bd39b40ed885944611074ea196c,True,selected variational/high-chi representative
de03a9601c44c9,synced_small_h:Results_Izar_replica1,D:\HyraiOn\ENS_Lyon\Internship\2026-EPFL\data\distinVBCsSmallH\Results_Izar_replica1\J2_0.275\D_6\orientation_0\plaquette\replica_1\h_0p002\D_6_chi_72_energy_magnetization_correlation.txt,0.275,6,72,plaquette,0.002,0.002,0,1,-0.4300528779038,3.881850999531977e-07,-0.4529950467196,-0.35544196009189993,-0.1867487136051,0.26624633311449997,0.3664016157013028,three-distinct/mixed,2de548624e395144520f97bd2577f49b93b87928e086272b323a0d3823168a31,True,selected variational/high-chi representative
f240f983869595,synced_small_h:Results_Izar_replica1,D:\HyraiOn\ENS_Lyon\Internship\2026-EPFL\data\distinVBCsSmallH\Results_Izar_replica1\J2_0.275\D_6\orientation_0\plaquette\replica_1\h_0p003\D_6_chi_72_energy_magnetization_correlation.txt,0.275,6,72,plaquette,0.003,0.003,0,1,-0.4302782330935,2.19234599974083e-07,-0.44267378887435,-0.37579512710185003,-0.17599040773605001,0.2666833811383,0.2507792629860846,three-distinct/mixed,b8fc4c2b92dd6d63d778ead6945ff852b44284c03e105b1381b15e55450ac423,True,selected variational/high-chi representative
c7e0202eb6c8aa,synced_large_h:Results_Izar_replica1,D:\HyraiOn\ENS_Lyon\Internship\2026-EPFL\data\distinVBCs\Results_Izar_replica1\J2_0.275\D_6\orientation_0\plaquette\replica_1\h_0p005\D_6_chi_72_energy_magnetization_correlation.txt,0.275,6,72,plaquette,0.005,0.005,0,1,-0.4307627677862,3.1484499996015103e-07,-0.43557491836025,-0.39306308678785,-0.16419994358765,0.2713749747726,0.15665347037995292,plaquette,dc06636d080c51f9ec7d0713828ae06d5950e370def0fb0dd55fa2aa44883e10,True,selected variational/high-chi representative
9ed7e4c9b44a9e,last_izar_pins:Results_LastIzar,D:\HyraiOn\ENS_Lyon\Internship\2026-EPFL\data\distinVBCsJ2Continuation\LastIzar\Results_LastIzar\task_pin_D6_h0p01_adam\J2_0p275\h_0p01\D_6_chi_72_energy_magnetization_correlation.txt,0.275,6,72,plaquette,0.01,0.01,0,0,-0.4320666691672,9.631330000203775e-08,-0.43732481253449995,-0.40690456306054995,-0.14479829733255,0.29252651520194994,0.1039914260522638,plaquette,2989b2fef26668f99c90441e98c668b7e0f37ac70b1a7b7439481e59ede5857f,False,higher-energy duplicate/protocol
21e9a0adbeae2f,last_izar_pins:Results_LastIzar,D:\HyraiOn\ENS_Lyon\Internship\2026-EPFL\data\distinVBCsJ2Continuation\LastIzar\Results_LastIzar\task_pin_D6_h0p01_lbfgs\J2_0p275\h_0p01\D_6_chi_72_energy_magnetization_correlation.txt,0.275,6,72,plaquette,0.01,0.01,0,0,-0.1684140262463,0.10552252621529998,-0.2498346135021,-0.249781775974,-0.24970963258724999,0.00012498091485002583,0.42276477303284254,three-distinct/mixed,52dd6e15201cf1b70933adc01b43098ff846b1974845d9a156a5dbf5117b0f7c,False,energy outside original-2C3 physical envelope
ba252957cfd61f,synced_large_h:Results_Izar_replica1,D:\HyraiOn\ENS_Lyon\Internship\2026-EPFL\data\distinVBCs\Results_Izar_replica1\J2_0.275\D_6\orientation_0\plaquette\replica_1\h_0p01\D_6_chi_72_energy_magnetization_correlation.txt,0.275,6,72,plaquette,0.01,0.01,0,1,-0.432086941429,2.3007399985175425e-08,-0.43359890735150003,-0.41078470024835,-0.14432041563675,0.28927849171475006,0.0788658948265207,plaquette,4be69eb1d4fc4e4535312b10674e1fc8c2521cd46f072fb753f0f0eb9ef250e2,True,selected variational/high-chi representative
007cccf18d1286,last_izar_pins:Results_LastIzar,D:\HyraiOn\ENS_Lyon\Internship\2026-EPFL\data\distinVBCsJ2Continuation\LastIzar\Results_LastIzar\task_pin_D6_h0p02_adam\J2_0p275\h_0p02\D_6_chi_72_energy_magnetization_correlation.txt,0.275,6,72,plaquette,0.02,0.02,0,0,-0.4350710932178,1.3168390000650732e-07,-0.4378302835328,-0.42680861411085,-0.1161997964662,0.3216304870666,0.03426811159126134,plaquette,fb64dfa5ff6a181dcfa04acef849af10d5c375b5af6f85193e72def317266dce,True,selected variational/high-chi representative
a3eb32f8c9b0b3,last_izar_pins:Results_LastIzar,D:\HyraiOn\ENS_Lyon\Internship\2026-EPFL\data\distinVBCsJ2Continuation\LastIzar\Results_LastIzar\task_pin_D6_h0p02_lbfgs\J2_0p275\h_0p02\D_6_chi_72_energy_magnetization_correlation.txt,0.275,6,72,plaquette,0.02,0.02,0,0,-0.2448101722334,9.587890001383492e-08,-0.4055916591136,-0.1196605114789,-0.1098867822283,0.2957048768853,0.966947690029505,dimer-plaquette,85d3239bae9e0d50e5dd063c767c4cc860ea51ae3fdf36cc86786629d316a82a,False,energy outside original-2C3 physical envelope
a7a48c16e539e9,synced_large_h:Results_Izar_replica1,D:\HyraiOn\ENS_Lyon\Internship\2026-EPFL\data\distinVBCs\Results_Izar_replica1\J2_0.275\D_6\orientation_0\plaquette\replica_1\h_0p02\D_6_chi_72_energy_magnetization_correlation.txt,0.275,6,72,plaquette,0.02,0.02,0,1,-0.435069708056,1.0520109999800908e-07,-0.4385646882033,-0.42612841799925,-0.11611484415989999,0.32244984404340005,0.03856807634980952,plaquette,58447777aedf39d017983a6a1f8ea04644183422f03a30f6117989ccabae7a15,False,higher-energy duplicate/protocol
1ec34ffa4c34c6,last_izar_pins:Results_LastIzar,D:\HyraiOn\ENS_Lyon\Internship\2026-EPFL\data\distinVBCsJ2Continuation\LastIzar\Results_LastIzar\task_pin_D6_h0p03_adam\J2_0p275\h_0p03\D_6_chi_72_energy_magnetization_correlation.txt,0.275,6,72,plaquette,0.03,0.03,0,0,-0.4383574568615,4.197801000138668e-07,-0.4446666756514,-0.43350268268735004,-0.09525075310411,0.34941592254729,0.031950441418533315,plaquette,b0b00dfcb44b509b53163727664d92a373ee83cb6f12102f945e8996c3f4b989,True,selected variational/high-chi representative
a666d36a201e43,last_izar_pins:Results_LastIzar,D:\HyraiOn\ENS_Lyon\Internship\2026-EPFL\data\distinVBCsJ2Continuation\LastIzar\Results_LastIzar\task_pin_D6_h0p03_lbfgs\J2_0p275\h_0p03\D_6_chi_72_energy_magnetization_correlation.txt,0.275,6,72,plaquette,0.03,0.03,0,0,-0.4098123280722,1.2554000061726356e-09,-0.523189704713,-0.28126132744640003,-0.19495931321335,0.32823039149964994,0.7370687892771135,three-distinct/mixed,7b1732d81926cc95b1523c9637b11239fd236759f1dd69b96be7fa676369d9a8,False,branch texture flipped
abe9e17af4a99a,synced_large_h:Results_Izar_replica1,D:\HyraiOn\ENS_Lyon\Internship\2026-EPFL\data\distinVBCs\Results_Izar_replica1\J2_0.275\D_6\orientation_0\plaquette\replica_1\h_0p04\D_6_chi_72_energy_magnetization_correlation.txt,0.275,6,72,plaquette,0.04,0.04,0,1,-0.4419152129566,2.7414290004745823e-07,-0.44657314198215,-0.44071270069380003,-0.079680915321945,0.366892226660205,0.015973195566712187,plaquette,16dbd9b480db68cebff1e78717d82e265165cd16f25d2c0adae66988cc3e295d,True,selected variational/high-chi representative
dedc9260ede44e,synced_large_h:Results_Izar_replica1,D:\HyraiOn\ENS_Lyon\Internship\2026-EPFL\data\distinVBCs\Results_Izar_replica1\J2_0.275\D_6\orientation_0\plaquette\replica_1\h_0p08\D_6_chi_72_energy_magnetization_correlation.txt,0.275,6,72,plaquette,0.08,0.08,0,1,-0.4576089596114,1.4296530004287433e-07,-0.45420923494820004,-0.452417912422,-0.03856739553932,0.41564183940888005,0.004309774320957692,plaquette,4b48dce9aa28650710d23eb4e633deea16680bf320e7924809e8d40df675ba0a,True,selected variational/high-chi representative
487035557309ca,synced_large_h:Results_Izar_replica1,D:\HyraiOn\ENS_Lyon\Internship\2026-EPFL\data\distinVBCs\Results_Izar_replica1\J2_0.275\D_7\orientation_1\dimer-plaquette\replica_1\h_0p08\D_7_chi_91_energy_magnetization_correlation.txt,0.275,7,91,dimer-plaquette,0.08,-0.08,1,1,-0.4620326099797,2.7988299955428175e-08,-0.6590525507068999,-0.1324286661145,-0.13241948077925,0.5266330699276499,0.9999825583774083,dimer-plaquette,a5496a235c161afbbc994ba545ac4ec0d5ea82ecd8653ae08d065eae0d7716ec,True,selected variational/high-chi representative
ccdfcb18c7f820,synced_large_h:Results_Izar_replica1,D:\HyraiOn\ENS_Lyon\Internship\2026-EPFL\data\distinVBCs\Results_Izar_replica1\J2_0.275\D_7\orientation_1\dimer-plaquette\replica_1\h_0p04\D_7_chi_91_energy_magnetization_correlation.txt,0.275,7,91,dimer-plaquette,0.04,-0.04,1,1,-0.443060759815,7.600629997606134e-08,-0.5962278838008,-0.18263949584314998,-0.18262193236225,0.41360595143855006,0.9999575357152408,dimer-plaquette,673b8075463f3d4d6feffd45b77c3a3a721b4dd0757dab1d53b4753c9998aa0a,True,selected variational/high-chi representative
85719aead4a7ab,synced_large_h:Results_Izar_replica1,D:\HyraiOn\ENS_Lyon\Internship\2026-EPFL\data\distinVBCs\Results_Izar_replica1\J2_0.275\D_7\orientation_1\dimer-plaquette\replica_1\h_0p02\D_7_chi_91_energy_magnetization_correlation.txt,0.275,7,91,dimer-plaquette,0.02,-0.02,1,1,-0.4355583039982,2.3574770002809942e-07,-0.5482261728297501,-0.21537726464694998,-0.21535493703630001,0.33287123579345,0.999932924181338,dimer-plaquette,899c0e9125c2a37d619e2446491f0e6e4d278eb1409567cef42b0e17a5a9b63c,True,selected variational/high-chi representative
06422e6399ba73,synced_large_h:Results_Izar_replica1,D:\HyraiOn\ENS_Lyon\Internship\2026-EPFL\data\distinVBCs\Results_Izar_replica1\J2_0.275\D_7\orientation_1\dimer-plaquette\replica_1\h_0p01\D_7_chi_91_energy_magnetization_correlation.txt,0.275,7,91,dimer-plaquette,0.01,-0.01,1,1,-0.4324766732939,2.446499997033058e-08,-0.51688213221555,-0.23505367451530002,-0.2350078859994,0.28187424621615,0.9998375569371284,dimer-plaquette,5086f4dcd7afc168ae9414e682d08ecfffda535644e475d8969cbff40acebda3,True,selected variational/high-chi representative
36e415afd88030,synced_large_h:Results_Izar_replica1,D:\HyraiOn\ENS_Lyon\Internship\2026-EPFL\data\distinVBCs\Results_Izar_replica1\J2_0.275\D_7\orientation_1\dimer-plaquette\replica_1\h_0p005\D_7_chi_91_energy_magnetization_correlation.txt,0.275,7,91,dimer-plaquette,0.005,-0.005,1,1,-0.4311425029723,3.096099998600721e-08,-0.49799758731180005,-0.24643714529820002,-0.24634877775599998,0.25164880955580005,0.9996488457769541,dimer-plaquette,b49401ac419acaa0670ee886afe5f7cca5385f0dcd5a108375cef5d3b15fe037,True,selected variational/high-chi representative
53b6d08ec1d5f1,synced_small_h:Results_Izar_replica1,D:\HyraiOn\ENS_Lyon\Internship\2026-EPFL\data\distinVBCsSmallH\Results_Izar_replica1\J2_0.275\D_7\orientation_1\dimer-plaquette\replica_1\h_0p003\D_7_chi_91_energy_magnetization_correlation.txt,0.275,7,91,dimer-plaquette,0.003,-0.003,1,1,-0.4306833507111,9.156350000427693e-08,-0.48676852498065,-0.25308469580285003,-0.2529824962564,0.23378602872424997,0.9995628500684677,dimer-plaquette,089d3d7e64dfd704eddb9b6c0d335b4a659264a67dc2ab797d221380f4511b61,True,selected variational/high-chi representative
2eb8854b7a2571,synced_small_h:Results_Izar_replica1,D:\HyraiOn\ENS_Lyon\Internship\2026-EPFL\data\distinVBCsSmallH\Results_Izar_replica1\J2_0.275\D_7\orientation_1\dimer-plaquette\replica_1\h_0p002\D_7_chi_91_energy_magnetization_correlation.txt,0.275,7,91,dimer-plaquette,0.002,-0.002,1,1,-0.4304532589307,1.1200879995731938e-07,-0.4821215455477,-0.25581014778350003,-0.2556232862187,0.22649825932899997,0.9991749977887089,dimer-plaquette,dd3082a72fdb75b21738db2888241319af1c5b481d09e01e094804c302a0a2fc,True,selected variational/high-chi representative
a5f2bd1dfd4b26,synced_small_h:Results_Izar_replica1,D:\HyraiOn\ENS_Lyon\Internship\2026-EPFL\data\distinVBCsSmallH\Results_Izar_replica1\J2_0.275\D_7\orientation_1\dimer-plaquette\replica_1\h_0p001\D_7_chi_91_energy_magnetization_correlation.txt,0.275,7,91,dimer-plaquette,0.001,-0.001,1,1,-0.4302308172526,7.479190000658775e-08,-0.47721189044855,-0.25869832748265,-0.25839014478015004,0.21882174566839996,0.9985916267071238,dimer-plaquette,96201215014a1bfe2afbb98109186732f4ba80f05ffab63f29056262651d50fc,True,selected variational/high-chi representative
709a2631e15201,izar_j2_sequences:Results_Izar_J2_sequences,D:\HyraiOn\ENS_Lyon\Internship\2026-EPFL\data\distinVBCsJ2Continuation\Results_Izar_J2_sequences\s002_J2_0p3_D_7_dimer-plaquette\left\insurance_1\J2_0p275\D_7_chi_91_energy_magnetization_correlation.txt,0.275,7,91,dimer-plaquette,0.0,0.0,0,0,-0.4299628230012,2.0146529999820473e-07,-0.4768233976064,-0.2586344518959,-0.25862899478465,0.21819440282175,0.9999749896826893,dimer-plaquette,1489ddac197151f6dac2664b6cbd6f3eca1f582f6bd7276a6c2d2668dcc5e3d1,False,higher-energy duplicate/protocol
382f56de023a05,izar_j2_sequences:Results_Izar_J2_sequences,D:\HyraiOn\ENS_Lyon\Internship\2026-EPFL\data\distinVBCsJ2Continuation\Results_Izar_J2_sequences\s002_J2_0p3_D_7_dimer-plaquette\left\insurance_2\J2_0p275\D_7_chi_91_energy_magnetization_correlation.txt,0.275,7,91,dimer-plaquette,0.0,0.0,0,0,-0.4299628281356,2.0060450001135877e-07,-0.47682190322975004,-0.25872031833979997,-0.25854694782259996,0.21827495540715008,0.9992057241891237,dimer-plaquette,5bdf85d0609b12ef33c95ca497fd3705a4c2b2f76befe924d5db081ebf652bf1,False,higher-energy duplicate/protocol
5e481a1b1def90,synced_small_h:Results_Izar_replica1,D:\HyraiOn\ENS_Lyon\Internship\2026-EPFL\data\distinVBCsSmallH\Results_Izar_replica1\J2_0.275\D_7\orientation_1\dimer-plaquette\replica_1\h_0\D_7_chi_91_energy_magnetization_correlation.txt,0.275,7,91,dimer-plaquette,0.0,0.0,1,1,-0.4300161054745,1.2124680004443888e-07,-0.47214459702635003,-0.26158300606705004,-0.2612689113183,0.21087568570805004,0.9985105217431994,dimer-plaquette,5493d044cea7044810e39e451a4514dca4edc455003e90e10776c348945ff25b,True,selected variational/high-chi representative
d4019a26e91842,izar_j2_sequences:Results_Izar_J2_sequences,D:\HyraiOn\ENS_Lyon\Internship\2026-EPFL\data\distinVBCsJ2Continuation\Results_Izar_J2_sequences\s001_J2_0p28_D_7_plaquette\left\insurance_1\J2_0p275\D_7_chi_91_energy_magnetization_correlation.txt,0.275,7,91,plaquette,0.0,0.0,2,0,-0.4301462278395,1.5213503000155448e-06,-0.3986020835791,-0.39802792646625,-0.20044198446035,0.19816009911875,0.00289744058164757,plaquette,3aed0543879e356addd6b970176aa057b9adacd6be302e64f99bffbb34cf468c,True,selected variational/high-chi representative
74fdaa0603ddb1,izar_j2_sequences:Results_Izar_J2_sequences,D:\HyraiOn\ENS_Lyon\Internship\2026-EPFL\data\distinVBCsJ2Continuation\Results_Izar_J2_sequences\s001_J2_0p28_D_7_plaquette\left\insurance_2\J2_0p275\D_7_chi_91_energy_magnetization_correlation.txt,0.275,7,91,plaquette,0.0,0.0,2,0,-0.4301462118398,1.5040879000061125e-06,-0.39857666182035006,-0.39784313668285004,-0.20068838868865,0.19788827313170007,0.0037067640537337093,plaquette,b15c15f072555192d005147061077b2d48648bb0ed0e51558ac6a1af9dd52e7e,False,higher-energy duplicate/protocol
afed7693a8b824,synced_small_h:Results_Izar_replica1,D:\HyraiOn\ENS_Lyon\Internship\2026-EPFL\data\distinVBCsSmallH\Results_Izar_replica1\J2_0.275\D_7\orientation_1\plaquette\replica_1\h_0\D_7_chi_91_energy_magnetization_correlation.txt,0.275,7,91,plaquette,0.0,0.0,1,1,-0.4301332844665,1.2027060000141532e-06,-0.39931509714364993,-0.3982929100548,-0.19953894578245002,0.19977615136119992,0.005116662233630666,plaquette,1fef62d4d819a754ad4ceed589b8c00f736559c7e976e2521285d82b7583802d,False,higher-energy duplicate/protocol
691faf6f3f91c0,synced_small_h:Results_Izar_replica1,D:\HyraiOn\ENS_Lyon\Internship\2026-EPFL\data\distinVBCsSmallH\Results_Izar_replica1\J2_0.275\D_7\orientation_1\plaquette\replica_1\h_0p001\D_7_chi_91_energy_magnetization_correlation.txt,0.275,7,91,plaquette,0.001,0.001,1,1,-0.4303365384594,1.2075047999826616e-06,-0.40185209688999995,-0.40134976977235,-0.19303785017605002,0.20881424671394994,0.0024056170762050393,plaquette,279854c3b6d83395538bb66e2919fc09e227b80f62b2280c4f9709698f374b57,True,selected variational/high-chi representative
1a0314aba0228f,synced_small_h:Results_Izar_replica1,D:\HyraiOn\ENS_Lyon\Internship\2026-EPFL\data\distinVBCsSmallH\Results_Izar_replica1\J2_0.275\D_7\orientation_1\plaquette\replica_1\h_0p002\D_7_chi_91_energy_magnetization_correlation.txt,0.275,7,91,plaquette,0.002,0.002,1,1,-0.430549130925,1.2462903000165504e-06,-0.40428284552675,-0.40408083367169995,-0.18698043659895,0.21730240892779998,0.0009296346784501241,plaquette,5f417decafe0471fd8b328296ebeee93cf4a0f7b5bee68b54fffcd0ed1ae02bf,True,selected variational/high-chi representative
dbc5c56c0ed49a,synced_small_h:Results_Izar_replica1,D:\HyraiOn\ENS_Lyon\Internship\2026-EPFL\data\distinVBCsSmallH\Results_Izar_replica1\J2_0.275\D_7\orientation_1\plaquette\replica_1\h_0p003\D_7_chi_91_energy_magnetization_correlation.txt,0.275,7,91,plaquette,0.003,0.003,1,1,-0.4307700191608,1.252415800012674e-06,-0.40652293877539997,-0.40651899686595,-0.1814386171476,0.22508432162779995,1.7513034321801572e-05,plaquette,fe00771a96acce1bbc1aea84d9fe126b9665a6b890cb5687a8ce4bc82c29b30b,True,selected variational/high-chi representative
3893a0f6a4cb86,synced_large_h:Results_Izar_replica1,D:\HyraiOn\ENS_Lyon\Internship\2026-EPFL\data\distinVBCs\Results_Izar_replica1\J2_0.275\D_7\orientation_1\plaquette\replica_1\h_0p005\D_7_chi_91_energy_magnetization_correlation.txt,0.275,7,91,plaquette,0.005,0.005,1,1,-0.4312335142634,9.539379000056414e-07,-0.41086032030664993,-0.41075723390145,-0.1710911992426,0.23976912106404993,0.0004299402889847771,plaquette,fceac14a564e2ce250ffcba6863ad5e9e18c2e3e0349e1da065f8ada63b152b7,True,selected variational/high-chi representative
ed1da5f863df1a,synced_large_h:Results_Izar_replica1,D:\HyraiOn\ENS_Lyon\Internship\2026-EPFL\data\distinVBCs\Results_Izar_replica1\J2_0.275\D_7\orientation_1\plaquette\replica_1\h_0p01\D_7_chi_91_energy_magnetization_correlation.txt,0.275,7,91,plaquette,0.01,0.01,1,1,-0.432506089509,7.374143999872018e-07,-0.41982090912849995,-0.41883255982284995,-0.14960010055315,0.2702208085753499,0.003657561794965941,plaquette,e3160273e3918ed42d66fc8360042c417cad98ad5653071815eb1bb539954246,True,selected variational/high-chi representative
a8b9508f84bb49,synced_large_h:Results_Izar_replica1,D:\HyraiOn\ENS_Lyon\Internship\2026-EPFL\data\distinVBCs\Results_Izar_replica1\J2_0.275\D_7\orientation_1\plaquette\replica_1\h_0p02\D_7_chi_91_energy_magnetization_correlation.txt,0.275,7,91,plaquette,0.02,0.02,1,1,-0.435424350568,1.518315900006506e-06,-0.4307353630492499,-0.4301339337467,-0.11930680696399999,0.31142855608524994,0.001931195103333048,plaquette,1eb2a74f0936cbe0fabf6ca5c2af37038a91f64da99697fbef55bbce97a9e65c,True,selected variational/high-chi representative
2ecc100fb1dfd5,synced_large_h:Results_Izar_replica1,D:\HyraiOn\ENS_Lyon\Internship\2026-EPFL\data\distinVBCs\Results_Izar_replica1\J2_0.275\D_7\orientation_1\plaquette\replica_1\h_0p04\D_7_chi_91_energy_magnetization_correlation.txt,0.275,7,91,plaquette,0.04,0.04,1,1,-0.4421841734352,4.082967999807785e-07,-0.4428561335404,-0.44260869852685003,-0.08074444132440499,0.362111692215995,0.0006833113066185258,plaquette,8a12ed68c8b6f13f2542a79958ac98c7b9a0fd485d297e144cde2146116b2be5,True,selected variational/high-chi representative
fe43f2357644dd,synced_large_h:Results_Izar_replica1,D:\HyraiOn\ENS_Lyon\Internship\2026-EPFL\data\distinVBCs\Results_Izar_replica1\J2_0.275\D_7\orientation_1\plaquette\replica_1\h_0p08\D_7_chi_91_energy_magnetization_correlation.txt,0.275,7,91,plaquette,0.08,0.08,1,1,-0.4578319538027,1.070559999538645e-07,-0.45298381421955,-0.452733648071,-0.038487800489695,0.41449601372985495,0.0006035429540053197,plaquette,9272098bb95c56c4ce5920c1cccc9dca69de85e4d4479b72e24bab5c85f54bae,True,selected variational/high-chi representative
674c8507d8a2d7,synced_large_h:Results_Izar_replica1,D:\HyraiOn\ENS_Lyon\Internship\2026-EPFL\data\distinVBCs\Results_Izar_replica1\J2_0.275\D_8\orientation_2\dimer-plaquette\replica_1\h_0p08\D_8_chi_104_energy_magnetization_correlation.txt,0.275,8,104,dimer-plaquette,0.08,-0.08,2,1,-0.4620653405179,1.647340999721969e-07,-0.65873637638395,-0.13258466615005002,-0.1325289024266,0.52620747395735,0.9998940271162804,dimer-plaquette,24315036dab3a13629c9beac882d284725f297cd22a54b5c033c5b74b90673ad,True,selected variational/high-chi representative
552625283e2c94,synced_large_h:Results_Izar_replica1,D:\HyraiOn\ENS_Lyon\Internship\2026-EPFL\data\distinVBCs\Results_Izar_replica1\J2_0.275\D_8\orientation_2\dimer-plaquette\replica_1\h_0p04\D_8_chi_104_energy_magnetization_correlation.txt,0.275,8,104,dimer-plaquette,0.04,-0.04,2,1,-0.4431213479737,4.813801000036477e-07,-0.5954348507702499,-0.18303078127205,-0.1828967795591,0.41253807121114994,0.9996751773416777,dimer-plaquette,78459c7976bb710ec7a78441bc9aacdcd7eba76a538c59f2f46b92ebc40c07a3,True,selected variational/high-chi representative
fa7b355dfb19b7,synced_large_h:Results_Izar_replica1,D:\HyraiOn\ENS_Lyon\Internship\2026-EPFL\data\distinVBCs\Results_Izar_replica1\J2_0.275\D_8\orientation_2\dimer-plaquette\replica_1\h_0p02\D_8_chi_104_energy_magnetization_correlation.txt,0.275,8,104,dimer-plaquette,0.02,-0.02,2,1,-0.435659328919,4.57267600006972e-07,-0.5460681613031,-0.2165258317869,-0.21638134085490002,0.32968682044819997,0.9995617327626153,dimer-plaquette,3592c25a2d98d6838b94c08671cd19a506be4cf7f2f46746c02c29a8ff9a6b45,True,selected variational/high-chi representative
091cb29ad46667,synced_large_h:Results_Izar_replica1,D:\HyraiOn\ENS_Lyon\Internship\2026-EPFL\data\distinVBCs\Results_Izar_replica1\J2_0.275\D_8\orientation_2\dimer-plaquette\replica_1\h_0p01\D_8_chi_104_energy_magnetization_correlation.txt,0.275,8,104,dimer-plaquette,0.01,-0.01,2,1,-0.4326461316036,3.113070999871681e-07,-0.5113381520008501,-0.2380400675022,-0.2379955800155,0.27334257198535006,0.9998372464033801,dimer-plaquette,d85b279e82cbd198278c217d3789d5b41ca3b47173060a7debc49b25253fa1c7,True,selected variational/high-chi representative
8f7ea4c5839f2b,synced_large_h:Results_Izar_replica1,D:\HyraiOn\ENS_Lyon\Internship\2026-EPFL\data\distinVBCs\Results_Izar_replica1\J2_0.275\D_8\orientation_2\dimer-plaquette\replica_1\h_0p005\D_8_chi_104_energy_magnetization_correlation.txt,0.275,8,104,dimer-plaquette,0.005,-0.005,2,1,-0.4313701497928,1.4053904999755673e-06,-0.48888184308515,-0.25147613197835,-0.25124747226325,0.23763437082189998,0.9990377666567798,dimer-plaquette,9e3b62c6e5156f9ca545402e8a4c144abd42bb0a80a573805f25b54628388fa6,True,selected variational/high-chi representative
715e04a970956a,synced_small_h:Results_Izar_replica1,D:\HyraiOn\ENS_Lyon\Internship\2026-EPFL\data\distinVBCsSmallH\Results_Izar_replica1\J2_0.275\D_8\orientation_2\dimer-plaquette\replica_1\h_0p003\D_8_chi_104_energy_magnetization_correlation.txt,0.275,8,104,dimer-plaquette,0.003,-0.003,2,1,-0.4309120603108,1.2997435999695384e-06,-0.47836096528,-0.25776461342914997,-0.25709986286475,0.22126110241525,0.9969956284356191,dimer-plaquette,44cc6f02dac3bc1b2184a777a13c966ffadfb5014448b882ab16583c2ffeb739,True,selected variational/high-chi representative
eaee3d53acb8f4,synced_small_h:Results_Izar_replica1,D:\HyraiOn\ENS_Lyon\Internship\2026-EPFL\data\distinVBCsSmallH\Results_Izar_replica1\J2_0.275\D_8\orientation_2\dimer-plaquette\replica_1\h_0p002\D_8_chi_104_energy_magnetization_correlation.txt,0.275,8,104,dimer-plaquette,0.002,-0.002,2,1,-0.4306962692013,1.3073046999934057e-06,-0.4723597709383,-0.262130257461,-0.25963245253345,0.21272731840484999,0.9882581844857542,dimer-plaquette,548de51cd4449ae5f02cdf42c374fc785abce00878a290f9368eda0f0446a951,True,selected variational/high-chi representative
c45c6a177c817c,synced_small_h:Results_Izar_replica1,D:\HyraiOn\ENS_Lyon\Internship\2026-EPFL\data\distinVBCsSmallH\Results_Izar_replica1\J2_0.275\D_8\orientation_2\dimer-plaquette\replica_1\h_0p001\D_8_chi_104_energy_magnetization_correlation.txt,0.275,8,104,dimer-plaquette,0.001,-0.001,2,1,-0.4304895995701,1.3716371000116467e-06,-0.46632005468235,-0.26583031892259995,-0.26271540858295,0.2036046460994,0.9847011824173735,dimer-plaquette,eedf337393cb016b52f19d1bbec5f71fe16e1372ef19f4751d2062d0468de3e2,True,selected variational/high-chi representative
a31da4fcc27f25,izar_j2_sequences:Results_Izar_J2_sequences,D:\HyraiOn\ENS_Lyon\Internship\2026-EPFL\data\distinVBCsJ2Continuation\Results_Izar_J2_sequences\s004_J2_0p3_D_8_dimer-plaquette\left\insurance_1\J2_0p275\D_8_chi_104_energy_magnetization_correlation.txt,0.275,8,104,dimer-plaquette,0.0,0.0,2,0,-0.4302882741536,1.563512300017944e-06,-0.4603078605619,-0.2681093653981,-0.26692992249874997,0.19337793806315,0.9939008404414528,dimer-plaquette,bb9f374a1732c5397126f15f355288a6bf98bd6feef34f25859cfdfc81f67111,False,higher-energy duplicate/protocol
26f6f5e24edd8d,izar_j2_sequences:Results_Izar_J2_sequences,D:\HyraiOn\ENS_Lyon\Internship\2026-EPFL\data\distinVBCsJ2Continuation\Results_Izar_J2_sequences\s004_J2_0p3_D_8_dimer-plaquette\left\insurance_2\J2_0p275\D_8_chi_104_energy_magnetization_correlation.txt,0.275,8,104,dimer-plaquette,0.0,0.0,2,0,-0.4302932992314,1.9831771999601067e-06,-0.45931265343945005,-0.26920445846589997,-0.2670656048415,0.19224704859795005,0.9888744527419352,dimer-plaquette,f9edaf0ecb289aff8b28a093815ca2bc7418f3b85b4ceec5059747ae810c4c4e,False,higher-energy duplicate/protocol
5143f18b87791f,synced_small_h:Results_Izar_replica1,D:\HyraiOn\ENS_Lyon\Internship\2026-EPFL\data\distinVBCsSmallH\Results_Izar_replica1\J2_0.275\D_8\orientation_2\dimer-plaquette\replica_1\h_0\D_8_chi_104_energy_magnetization_correlation.txt,0.275,8,104,dimer-plaquette,0.0,0.0,2,1,-0.4302944752789,1.6905644000253517e-06,-0.45871159726005,-0.27457536737465,-0.26259061536830003,0.19612098189174998,0.9388910258823555,dimer-plaquette,7fdf9f8068fd6b3cb22c03370f8d5d258c16e4e1eba4569d19929f9af9dfedb1,True,selected variational/high-chi representative
33d2d4f40acf57,izar_j2_sequences:Results_Izar_J2_sequences,D:\HyraiOn\ENS_Lyon\Internship\2026-EPFL\data\distinVBCsJ2Continuation\Results_Izar_J2_sequences\s003_J2_0p28_D_8_plaquette\left\insurance_1\J2_0p275\D_8_chi_104_energy_magnetization_correlation.txt,0.275,8,104,plaquette,0.0,0.0,0,0,-0.4304087864439,2.258600900029162e-06,-0.39433906561640003,-0.3905258348151,-0.21181225101835,0.18252681459805004,0.020891345798683347,plaquette,ed67ebbffb799ba35ee8be679dad0ea2f28269bd68cfc315c1184f967aa0d498,False,higher-energy duplicate/protocol
bdb48b05a638f2,izar_j2_sequences:Results_Izar_J2_sequences,D:\HyraiOn\ENS_Lyon\Internship\2026-EPFL\data\distinVBCsJ2Continuation\Results_Izar_J2_sequences\s003_J2_0p28_D_8_plaquette\left\insurance_2\J2_0p275\D_8_chi_104_energy_magnetization_correlation.txt,0.275,8,104,plaquette,0.0,0.0,0,0,-0.4304088416646,2.255693899999578e-06,-0.39430124116674997,-0.39053423774734997,-0.2118322250262,0.18246901614054997,0.020644619558305752,plaquette,d5deb664781a11fd15edca9058a42aa6642de7b80734bf14d6e581a2e17fa878,True,selected variational/high-chi representative
233636148d363f,synced_small_h:Results_Izar_replica1,D:\HyraiOn\ENS_Lyon\Internship\2026-EPFL\data\distinVBCsSmallH\Results_Izar_replica1\J2_0.275\D_8\orientation_2\plaquette\replica_1\h_0\D_8_chi_104_energy_magnetization_correlation.txt,0.275,8,104,plaquette,0.0,0.0,2,1,-0.4303983598759,2.2409272000256664e-06,-0.39442795783269996,-0.39273005223855,-0.20933931264475,0.18508864518794996,0.009173472486255422,plaquette,071cd3e639cbb07e7c0dd5817b9752d0a15e6db0899b92776f1ca9f6857b2e7e,False,higher-energy duplicate/protocol
bdf0a45830dc8f,synced_small_h:Results_Izar_replica1,D:\HyraiOn\ENS_Lyon\Internship\2026-EPFL\data\distinVBCsSmallH\Results_Izar_replica1\J2_0.275\D_8\orientation_2\plaquette\replica_1\h_0p001\D_8_chi_104_energy_magnetization_correlation.txt,0.275,8,104,plaquette,0.001,0.001,2,1,-0.430588015845,2.146837000005508e-06,-0.39794727069065,-0.396136164418,-0.20159039262589998,0.19635687806475002,0.009223543837628115,plaquette,4a11d07b9e656c2215f4544064f14164234bf934ae031c0355914a55515f51a3,True,selected variational/high-chi representative
4430574e67574f,synced_small_h:Results_Izar_replica1,D:\HyraiOn\ENS_Lyon\Internship\2026-EPFL\data\distinVBCsSmallH\Results_Izar_replica1\J2_0.275\D_8\orientation_2\plaquette\replica_1\h_0p002\D_8_chi_104_energy_magnetization_correlation.txt,0.275,8,104,plaquette,0.002,0.002,2,1,-0.4307862887138,4.97476199956548e-07,-0.4009247037004,-0.39918178521930003,-0.19469239597375,0.20623230772665002,0.008451238801100559,plaquette,4574cd2997f59b430d292ac1ce93b43ab194ddc8c148134f3143d96fed46f95e,True,selected variational/high-chi representative
8f144bbd5cad3d,synced_small_h:Results_Izar_replica1,D:\HyraiOn\ENS_Lyon\Internship\2026-EPFL\data\distinVBCsSmallH\Results_Izar_replica1\J2_0.275\D_8\orientation_2\plaquette\replica_1\h_0p003\D_8_chi_104_energy_magnetization_correlation.txt,0.275,8,104,plaquette,0.003,0.003,2,1,-0.4309956840443,1.6176018999836117e-06,-0.4035793170814,-0.4025029485202,-0.18778603288265003,0.21579328419874996,0.004987961350125301,plaquette,b8f8db66d4c1a0209cb62661b91edf9e70565e7dac0ebab424f8ff8cee709664,True,selected variational/high-chi representative
80310aac258784,synced_large_h:Results_Izar_replica1,D:\HyraiOn\ENS_Lyon\Internship\2026-EPFL\data\distinVBCs\Results_Izar_replica1\J2_0.275\D_8\orientation_2\plaquette\replica_1\h_0p005\D_8_chi_104_energy_magnetization_correlation.txt,0.275,8,104,plaquette,0.005,0.005,2,1,-0.4314421277815,1.3736754999604806e-06,-0.40819439936519997,-0.40747133943675,-0.17638820219285,0.23180619717234996,0.0031192433044072263,plaquette,378200c4d312f88bd5f05436b61a9bde1064aa71fe96e10ae7b06dd9c6dccedc,True,selected variational/high-chi representative
d702bece2b5f1d,synced_large_h:Results_Izar_replica1,D:\HyraiOn\ENS_Lyon\Internship\2026-EPFL\data\distinVBCs\Results_Izar_replica1\J2_0.275\D_8\orientation_2\plaquette\replica_1\h_0p01\D_8_chi_104_energy_magnetization_correlation.txt,0.275,8,104,plaquette,0.01,0.01,2,1,-0.4326827630969,1.4897896000176658e-06,-0.41719610286979997,-0.41701594739685,-0.15374275490815,0.26345334796165,0.0006838230538493546,plaquette,f29640ec7b0f4d2c51e416e80fd55a91f6ae7fef3e519dd658efa111ed992f2f,True,selected variational/high-chi representative
f33808407c565a,synced_large_h:Results_Izar_replica1,D:\HyraiOn\ENS_Lyon\Internship\2026-EPFL\data\distinVBCs\Results_Izar_replica1\J2_0.275\D_8\orientation_2\plaquette\replica_1\h_0p02\D_8_chi_104_energy_magnetization_correlation.txt,0.275,8,104,plaquette,0.02,0.02,2,1,-0.435543531048,5.258082999559655e-07,-0.42951646646355,-0.4291544337394,-0.12121801800055,0.30829844846300003,0.0011742930460886787,plaquette,698b938607c131da1f6f1686d71b084ab0d381782ba3ca7d8e2fc5879fa559c6,True,selected variational/high-chi representative
7a3bdb66eb89ba,synced_large_h:Results_Izar_replica1,D:\HyraiOn\ENS_Lyon\Internship\2026-EPFL\data\distinVBCs\Results_Izar_replica1\J2_0.275\D_8\orientation_2\plaquette\replica_1\h_0p04\D_8_chi_104_energy_magnetization_correlation.txt,0.275,8,104,plaquette,0.04,0.04,2,1,-0.4422765292981,7.535939999803176e-08,-0.44224612106335,-0.4419895337122,-0.08163319866740999,0.36061292239594,0.0007115312159231196,plaquette,4d11a8b7158fdd340a5ea134c93c2166a753d1f43c2a7d9d84d1a3e21b1987f3,True,selected variational/high-chi representative
6c08838c19526e,synced_large_h:Results_Izar_replica1,D:\HyraiOn\ENS_Lyon\Internship\2026-EPFL\data\distinVBCs\Results_Izar_replica1\J2_0.275\D_8\orientation_2\plaquette\replica_1\h_0p08\D_8_chi_104_energy_magnetization_correlation.txt,0.275,8,104,plaquette,0.08,0.08,2,1,-0.4578914834847,4.772112999762435e-07,-0.45265459065280006,-0.45253598380245,-0.038733188837825,0.41392140181497505,0.0002865443773382164,plaquette,adef81c83c6dab8497fe8d770f16dac002f92ee646383cfff3c009dfae018f28,True,selected variational/high-chi representative
031d8614ac0986,synced_large_h:Results_Izar_replica1,D:\HyraiOn\ENS_Lyon\Internship\2026-EPFL\data\distinVBCs\Results_Izar_replica1\J2_0.275\D_9\orientation_1\dimer-plaquette\replica_1\h_0p08\D_9_chi_108_energy_magnetization_correlation.txt,0.275,9,108,dimer-plaquette,0.08,-0.08,1,1,-0.4620771016037,1.2303060999974136e-06,-0.65860872713615,-0.13263716033390002,-0.13261109107965,0.5259976360565001,0.999950438457394,dimer-plaquette,8b10540245910af191bb881777d2822e854c54ebc888492aaede71b49a115d41,True,selected variational/high-chi representative
e92c8249c1f81f,synced_large_h:Results_Izar_replica1,D:\HyraiOn\ENS_Lyon\Internship\2026-EPFL\data\distinVBCs\Results_Izar_replica1\J2_0.275\D_9\orientation_1\dimer-plaquette\replica_1\h_0p04\D_9_chi_108_energy_magnetization_correlation.txt,0.275,9,108,dimer-plaquette,0.04,-0.04,1,1,-0.4431506763935,1.6028969999637432e-06,-0.5949028201594,-0.18332202822695,-0.1832431572466,0.4116596629128,0.9998084073144502,dimer-plaquette,0089a54d7919ff26e48eb8b7d36cbe982f725580f68ea4fd5a87e108afc22694,True,selected variational/high-chi representative
00d0a580eece2c,synced_large_h:Results_Izar_replica1,D:\HyraiOn\ENS_Lyon\Internship\2026-EPFL\data\distinVBCs\Results_Izar_replica1\J2_0.275\D_9\orientation_1\dimer-plaquette\replica_1\h_0p02\D_9_chi_108_energy_magnetization_correlation.txt,0.275,9,108,dimer-plaquette,0.02,-0.02,1,1,-0.4357278498645,3.880503200048846e-06,-0.543875056278,-0.21787577107034997,-0.21769721278155,0.32617784349645007,0.9994525738263337,dimer-plaquette,03f65aea8363f7ba79e4ceab112581b3d4361b3deb2aa07137b18f7717805f67,True,selected variational/high-chi representative
1d6e456a832a9d,synced_large_h:Results_Izar_replica1,D:\HyraiOn\ENS_Lyon\Internship\2026-EPFL\data\distinVBCs\Results_Izar_replica1\J2_0.275\D_9\orientation_1\dimer-plaquette\replica_1\h_0p01\D_9_chi_108_energy_magnetization_correlation.txt,0.275,9,108,dimer-plaquette,0.01,-0.01,1,1,-0.4327505434685,1.2803162000030177e-06,-0.5068061904017499,-0.2407773933167,-0.24062808224944998,0.2661781081522999,0.9994390557950596,dimer-plaquette,829bd59d3dfd9f7324c8e03e93374b1b3ee2e5247b98ec1cfcaba60205de6d56,True,selected variational/high-chi representative
05d9a6f26751c4,synced_small_h:Results_Izar_replica1,D:\HyraiOn\ENS_Lyon\Internship\2026-EPFL\data\distinVBCsSmallH\Results_Izar_replica1\J2_0.275\D_9\orientation_1\dimer-plaquette\replica_1\h_0p005\D_9_chi_108_energy_magnetization_correlation.txt,0.275,9,108,dimer-plaquette,0.005,-0.005,1,1,-0.4315413867513,3.5385901999696046e-06,-0.478134568679,-0.25755499866415,-0.25724988239740004,0.22088468628159996,0.9986186626520547,dimer-plaquette,83d60f2ee91ed9f1435bdd0dd7d4c65e2a175853ea6d1e45632c1a47a6013252,True,selected variational/high-chi representative
355de886341fe8,synced_small_h:Results_Izar_replica1,D:\HyraiOn\ENS_Lyon\Internship\2026-EPFL\data\distinVBCsSmallH\Results_Izar_replica1\J2_0.275\D_9\orientation_1\dimer-plaquette\replica_1\h_0p003\D_9_chi_108_energy_magnetization_correlation.txt,0.275,9,108,dimer-plaquette,0.003,-0.003,1,1,-0.4311237576728,4.4940062999820896e-06,-0.46281468748565,-0.26624601591955,-0.26574430022769996,0.19707038725795006,0.9974541294669842,dimer-plaquette,979a90df56c783c62f78de89c8b23ccef7f281973511244b2a2df182b86a1494,True,selected variational/high-chi representative
d2c0831b919704,synced_small_h:Results_Izar_replica1,D:\HyraiOn\ENS_Lyon\Internship\2026-EPFL\data\distinVBCsSmallH\Results_Izar_replica1\J2_0.275\D_9\orientation_1\dimer-plaquette\replica_1\h_0p002\D_9_chi_108_energy_magnetization_correlation.txt,0.275,9,108,dimer-plaquette,0.002,-0.002,1,1,-0.4309347377764,5.48985630000054e-06,-0.45296479867920003,-0.27147838088845,-0.2713943093857,0.1815704892935,0.9995369759531018,dimer-plaquette,7b6f6098303425523c299782940c4bca0cd63089f258b698c66cccde4dbafb6b,True,selected variational/high-chi representative
610acdbb210863,synced_small_h:Results_Izar_replica1,D:\HyraiOn\ENS_Lyon\Internship\2026-EPFL\data\distinVBCsSmallH\Results_Izar_replica1\J2_0.275\D_9\orientation_1\dimer-plaquette\replica_1\h_0p001\D_9_chi_108_energy_magnetization_correlation.txt,0.275,9,108,dimer-plaquette,0.001,-0.001,1,1,-0.4307623485026,5.272437899994653e-06,-0.44021431421545,-0.2783625475438,-0.27822268559455,0.1619916286209,0.9991366100184267,dimer-plaquette,fc2ba55483d33c8b6bb0d5f8271281f37f489f9c77b2ff49f70c96a7bb807fed,True,selected variational/high-chi representative
b5e31ff1bf2b01,izar_j2_sequences:Results_Izar_J2_sequences,D:\HyraiOn\ENS_Lyon\Internship\2026-EPFL\data\distinVBCsJ2Continuation\Results_Izar_J2_sequences\s006_J2_0p33_D_9_dimer-plaquette\left\insurance_1\J2_0p275\D_9_chi_108_energy_magnetization_correlation.txt,0.275,9,108,dimer-plaquette,0.0,0.0,1,0,-0.4303935384368,1.9279265000005097e-05,-0.4404758244213,-0.27989009862245,-0.26483072283930004,0.17564510158199997,0.9142624778743431,dimer-plaquette,5fceb05e2d26759c83856a4c7771b99ea3f1b71ca69886e06b62400fdcf4f258,False,higher-energy duplicate/protocol
47a9aae57f93b5,izar_j2_sequences:Results_Izar_J2_sequences,D:\HyraiOn\ENS_Lyon\Internship\2026-EPFL\data\distinVBCsJ2Continuation\Results_Izar_J2_sequences\s006_J2_0p33_D_9_dimer-plaquette\left\insurance_2\J2_0p275\D_9_chi_108_energy_magnetization_correlation.txt,0.275,9,108,dimer-plaquette,0.0,0.0,1,0,-0.430566183459,1.775185760000131e-05,-0.41962423153094996,-0.2939291860963,-0.2810423836759,0.13858184785504996,0.9070094487852481,dimer-plaquette,f2eb8c4768be85fbcff791405427cf95406d811664a1e1295c9b90fe722a4a91,False,higher-energy duplicate/protocol
a7df238f400c11,izar_j2_sequences:Results_Izar_J2_sequences,D:\HyraiOn\ENS_Lyon\Internship\2026-EPFL\data\distinVBCsJ2Continuation\Results_Izar_J2_sequences\s101_J2_0p28_D_9_dimer-plaquette\left\insurance_1\J2_0p275\D_9_chi_108_energy_magnetization_correlation.txt,0.275,9,108,dimer-plaquette,0.0,0.0,2,0,-0.4306313667072,7.22351099996521e-06,-0.4079656707847,-0.29818805426545,-0.29251989602135,0.11544577476335,0.9509019861859904,dimer-plaquette,404257b7a817e2343e07f5bb5740a6d05eb80faa2a29728254831dd6e11374e6,False,higher-energy duplicate/protocol
7581d797216181,izar_j2_sequences:Results_Izar_J2_sequences,D:\HyraiOn\ENS_Lyon\Internship\2026-EPFL\data\distinVBCsJ2Continuation\Results_Izar_J2_sequences\s101_J2_0p28_D_9_dimer-plaquette\left\insurance_2\J2_0p275\D_9_chi_108_energy_magnetization_correlation.txt,0.275,9,108,dimer-plaquette,0.0,0.0,2,0,-0.4306350068708,8.046293699992546e-06,-0.40218468252120004,-0.30092173188910004,-0.2958847725858,0.10629990993540006,0.9526155825874068,dimer-plaquette,9a514f9c90e9215d60a10f716e4dc21473e7a3e088cd2b11f3f653b6f59937b5,True,selected variational/high-chi representative
34d9d9b610c60f,izar_j2_sequences:Results_Izar_J2_sequences,D:\HyraiOn\ENS_Lyon\Internship\2026-EPFL\data\distinVBCsJ2Continuation\Results_Izar_J2_sequences\s102_J2_0p3_D_9_dimer-plaquette\left\insurance_1\J2_0p275\D_9_chi_108_energy_magnetization_correlation.txt,0.275,9,108,dimer-plaquette,0.0,0.0,0,0,-0.4306325422193,2.4256678799960962e-05,-0.40544413561115,-0.3038398891889,-0.28968799471725,0.11575614089390002,0.8777438988345218,dimer-plaquette,197c440aca7199c87df6b429bff547b424d294710724e3ee9c78ec0bdbadf8bf,False,higher-energy duplicate/protocol
76002ee3be1144,izar_j2_sequences:Results_Izar_J2_sequences,D:\HyraiOn\ENS_Lyon\Internship\2026-EPFL\data\distinVBCsJ2Continuation\Results_Izar_J2_sequences\s102_J2_0p3_D_9_dimer-plaquette\left\insurance_2\J2_0p275\D_9_chi_108_energy_magnetization_correlation.txt,0.275,9,108,dimer-plaquette,0.0,0.0,0,0,-0.430615492348,8.955773399987876e-06,-0.42214693211805,-0.29649660877265,-0.27919660370685,0.14295032841119998,0.878978906462977,dimer-plaquette,7ae21a4963cb9f28bd11742cea937bb76d4ca7ae420a6309d91cbc914ec63849,False,higher-energy duplicate/protocol
a1a87e08e13433,synced_small_h:Results_Izar_replica1,D:\HyraiOn\ENS_Lyon\Internship\2026-EPFL\data\distinVBCsSmallH\Results_Izar_replica1\J2_0.275\D_9\orientation_1\dimer-plaquette\replica_1\h_0\D_9_chi_108_energy_magnetization_correlation.txt,0.275,9,108,dimer-plaquette,0.0,0.0,1,1,-0.430616416295,4.918408100018645e-06,-0.4193433275355,-0.2904390411819,-0.28868192684495003,0.13066140069055,0.9865521544414527,dimer-plaquette,c1ce7dde24fcc8f15f1a10ed3a3a9c9c979a2b7569f8b57d3fcd2eadda5b2208,False,higher-energy duplicate/protocol
69d506b293fa0b,izar_j2_sequences:Results_Izar_J2_sequences,D:\HyraiOn\ENS_Lyon\Internship\2026-EPFL\data\distinVBCsJ2Continuation\Results_Izar_J2_sequences\s005_J2_0p3_D_9_plaquette\left\insurance_1\J2_0p275\D_9_chi_108_energy_magnetization_correlation.txt,0.275,9,108,plaquette,0.0,0.0,0,0,-0.4306423198822,5.324426399999638e-06,-0.36869970233385,-0.36268827913224994,-0.267594588794,0.10110511353985002,0.05945716285883717,plaquette,67e926f972624132ad520012176a67edade5806f30f0e58497fbae963eeb0975,False,higher-energy duplicate/protocol
2afdd80075c7d0,izar_j2_sequences:Results_Izar_J2_sequences,D:\HyraiOn\ENS_Lyon\Internship\2026-EPFL\data\distinVBCsJ2Continuation\Results_Izar_J2_sequences\s005_J2_0p3_D_9_plaquette\left\insurance_2\J2_0p275\D_9_chi_108_energy_magnetization_correlation.txt,0.275,9,108,plaquette,0.0,0.0,0,0,-0.4306449913778,1.045178799996549e-05,-0.3698455627919,-0.3624480659091,-0.26665271668275,0.10319284610915003,0.07168614067466905,plaquette,ab16def421e7ebbcbec53517b78346309fae1785a9e2145c2a3f699732752d0f,True,selected variational/high-chi representative
4b42b92ee05054,izar_j2_sequences:Results_Izar_J2_sequences,D:\HyraiOn\ENS_Lyon\Internship\2026-EPFL\data\distinVBCsJ2Continuation\Results_Izar_J2_sequences\s103_J2_0p31_D_9_plaquette\left\insurance_1\J2_0p275\D_9_chi_108_energy_magnetization_correlation.txt,0.275,9,108,plaquette,0.0,0.0,0,0,-0.4306125280765,1.0147879500044255e-05,-0.37438594336935,-0.36146168242535,-0.2631617672531,0.11122417611625002,0.1162001050067725,plaquette,fc6eda01aaa0119d2f38edc2598fab06c19214dfdf0c084118aac6a0b86843eb,False,higher-energy duplicate/protocol
8db97d06bd4362,izar_j2_sequences:Results_Izar_J2_sequences,D:\HyraiOn\ENS_Lyon\Internship\2026-EPFL\data\distinVBCsJ2Continuation\Results_Izar_J2_sequences\s103_J2_0p31_D_9_plaquette\left\insurance_2\J2_0p275\D_9_chi_108_energy_magnetization_correlation.txt,0.275,9,108,plaquette,0.0,0.0,0,0,-0.4305960882142,1.1219336099987931e-05,-0.38212094097005006,-0.36554668518655004,-0.24692522068025002,0.13519572028980004,0.12259452997455929,plaquette,39bbb7348bfaffd33619a74ce2deeb00014b5d16fdb9a69f4c8739a0382adc1b,False,higher-energy duplicate/protocol
6ebbf055b81164,synced_small_h:Results_Izar_replica1,D:\HyraiOn\ENS_Lyon\Internship\2026-EPFL\data\distinVBCsSmallH\Results_Izar_replica1\J2_0.275\D_9\orientation_1\plaquette\replica_1\h_0p001\D_9_chi_108_energy_magnetization_correlation.txt,0.275,9,108,plaquette,0.001,0.001,1,1,-0.4307551667407,5.205648000050633e-06,-0.38923939551645,-0.3873752811805,-0.21986631316585,0.16937308235059997,0.011005965706470826,plaquette,d5b8e0857f207377779fd5e47a472a7eb1496a5afe80d0c436deeb48b44cd95a,True,selected variational/high-chi representative
2459cdbd0b7fac,synced_small_h:Results_Izar_replica1,D:\HyraiOn\ENS_Lyon\Internship\2026-EPFL\data\distinVBCsSmallH\Results_Izar_replica1\J2_0.275\D_9\orientation_1\plaquette\replica_1\h_0p002\D_9_chi_108_energy_magnetization_correlation.txt,0.275,9,108,plaquette,0.002,0.002,1,1,-0.4309323630895,4.9941526000241154e-06,-0.39455120857880005,-0.39420527964245,-0.20644394124374998,0.18810726733505007,0.0018389982548302714,plaquette,713806b0d13daa6aa2269f2f28455d7d37da81d249c2bf41ff150107357b4cdd,True,selected variational/high-chi representative
d87b0cfa88c228,synced_small_h:Results_Izar_replica1,D:\HyraiOn\ENS_Lyon\Internship\2026-EPFL\data\distinVBCsSmallH\Results_Izar_replica1\J2_0.275\D_9\orientation_1\plaquette\replica_1\h_0p003\D_9_chi_108_energy_magnetization_correlation.txt,0.275,9,108,plaquette,0.003,0.003,1,1,-0.431127769151,8.45335130000846e-06,-0.39818438596425,-0.39806312977155,-0.1981687239743,0.20001566198995,0.000606233489385815,plaquette,69e681819bce7977e19b6ef4ce7007ffe3732f8d462e5ca982f6c14aef64dab4,True,selected variational/high-chi representative
ec4089a29ba4d5,synced_small_h:Results_Izar_replica1,D:\HyraiOn\ENS_Lyon\Internship\2026-EPFL\data\distinVBCsSmallH\Results_Izar_replica1\J2_0.275\D_9\orientation_1\plaquette\replica_1\h_0p005\D_9_chi_108_energy_magnetization_correlation.txt,0.275,9,108,plaquette,0.005,0.005,1,1,-0.4315419953868,2.837293299973176e-06,-0.40514176752665,-0.40500928677325,-0.18225364551515,0.2228881220115,0.0005943822945987407,plaquette,104b5c223a0d9a7ff79951852fc49ba43250e4c7c957b761f6462d19865306f1,True,selected variational/high-chi representative
c26309fd9dec02,synced_large_h:Results_Izar_replica1,D:\HyraiOn\ENS_Lyon\Internship\2026-EPFL\data\distinVBCs\Results_Izar_replica1\J2_0.275\D_9\orientation_1\plaquette\replica_1\h_0p01\D_9_chi_108_energy_magnetization_correlation.txt,0.275,9,108,plaquette,0.01,0.01,1,1,-0.4327517626937,2.361005100037783e-06,-0.41599775624635,-0.41584401012294997,-0.15604498883405002,0.2599527674123,0.0005914386868448775,plaquette,c9225fb31132885f92e9f0429099dd711dea0086ca673455173b3ea55d5a8a84,True,selected variational/high-chi representative
0c366401c9d739,synced_large_h:Results_Izar_replica1,D:\HyraiOn\ENS_Lyon\Internship\2026-EPFL\data\distinVBCs\Results_Izar_replica1\J2_0.275\D_9\orientation_1\plaquette\replica_1\h_0p02\D_9_chi_108_energy_magnetization_correlation.txt,0.275,9,108,plaquette,0.02,0.02,1,1,-0.4355994375706,1.8272640999739131e-06,-0.42883596132609997,-0.42865075935089997,-0.12230296567445,0.30653299565165,0.0006041828378256126,plaquette,f8fa638657e704bc25a85fe17b3ba7742ee812a7c51efee26ae76837a56e0f39,True,selected variational/high-chi representative
73b4b8b10808af,synced_large_h:Results_Izar_replica1,D:\HyraiOn\ENS_Lyon\Internship\2026-EPFL\data\distinVBCs\Results_Izar_replica1\J2_0.275\D_9\orientation_1\plaquette\replica_1\h_0p04\D_9_chi_108_energy_magnetization_correlation.txt,0.275,9,108,plaquette,0.04,0.04,1,1,-0.442309724899,8.474100000044338e-07,-0.44191369487614995,-0.44182927966615004,-0.08201837551084,0.35989531936530994,0.00023455489820979156,plaquette,b4c0aef0b2dbdd6cf32083326649d35a8c73f386b53246f5a87aeeeaa88bc69a,True,selected variational/high-chi representative
4b95d1930fdd74,synced_large_h:Results_Izar_replica1,D:\HyraiOn\ENS_Lyon\Internship\2026-EPFL\data\distinVBCs\Results_Izar_replica1\J2_0.275\D_9\orientation_1\plaquette\replica_1\h_0p08\D_9_chi_108_energy_magnetization_correlation.txt,0.275,9,108,plaquette,0.08,0.08,1,1,-0.457911668245,1.6274641000402212e-06,-0.4525066825914,-0.4524921184758,-0.03882348821741,0.41368319437399,3.5205963882598655e-05,plaquette,36d5fca11cdef3d608e5e48f72008ede3b4a050d95b45b51d866dcd1b4ccb58b,True,selected variational/high-chi representative
f7738baa73aa72,synced_large_h:Results_Izar_replica1,D:\HyraiOn\ENS_Lyon\Internship\2026-EPFL\data\distinVBCs\Results_Izar_replica1\J2_0.28\D_6\orientation_2\dimer-plaquette\replica_1\h_0p08\D_6_chi_72_energy_magnetization_correlation.txt,0.28,6,72,dimer-plaquette,0.08,-0.08,2,1,-0.4611732027777,1.3487680000645597e-07,-0.66224102631645,-0.12903129302315,-0.12892577677045,0.533315249546,0.9998021503176784,dimer-plaquette,9c1f91a0a05fc4fb938ce9683f33e5e8bae9cd1c454ef59160ce372cd0aa4a27,True,selected variational/high-chi representative
fcda96ce9da0a0,synced_large_h:Results_Izar_replica1,D:\HyraiOn\ENS_Lyon\Internship\2026-EPFL\data\distinVBCs\Results_Izar_replica1\J2_0.28\D_6\orientation_2\dimer-plaquette\replica_1\h_0p04\D_6_chi_72_energy_magnetization_correlation.txt,0.28,6,72,dimer-plaquette,0.04,-0.04,2,1,-0.4419125549754,9.764429997893842e-08,-0.6004081328976999,-0.17917244948635,-0.17893887026199998,0.42146926263569995,0.9994457977246327,dimer-plaquette,82dc02ac5d2514f8699692389011490cd4cb6cf8f3dffdab50c88ef15eed3683,True,selected variational/high-chi representative
6e75948af58e99,synced_large_h:Results_Izar_replica1,D:\HyraiOn\ENS_Lyon\Internship\2026-EPFL\data\distinVBCs\Results_Izar_replica1\J2_0.28\D_6\orientation_2\dimer-plaquette\replica_1\h_0p02\D_6_chi_72_energy_magnetization_correlation.txt,0.28,6,72,dimer-plaquette,0.02,-0.02,2,1,-0.4342499688208,2.0558340002585496e-07,-0.5530656522342,-0.21175446164385,-0.2116566138365,0.3414090383977,0.9997134000675283,dimer-plaquette,2f5f0fe328fda9af9a383c3ac9fc07314788b8c5ece42a475eb3ff4086ab3263,True,selected variational/high-chi representative
0c3c2aca83840c,synced_large_h:Results_Izar_replica1,D:\HyraiOn\ENS_Lyon\Internship\2026-EPFL\data\distinVBCs\Results_Izar_replica1\J2_0.28\D_6\orientation_2\dimer-plaquette\replica_1\h_0p01\D_6_chi_72_energy_magnetization_correlation.txt,0.28,6,72,dimer-plaquette,0.01,-0.01,2,1,-0.4310818898557,8.441260002101103e-08,-0.5220272696374001,-0.23141943919170002,-0.23138469272175,0.2906425769156501,0.9998804494843158,dimer-plaquette,7c8c30ab894162d03d8111266c9912322b319c3dc7ea51853e15dc688d9364e1,True,selected variational/high-chi representative
a27d1e51526ce6,synced_large_h:Results_Izar_replica1,D:\HyraiOn\ENS_Lyon\Internship\2026-EPFL\data\distinVBCs\Results_Izar_replica1\J2_0.28\D_6\orientation_2\dimer-plaquette\replica_1\h_0p005\D_6_chi_72_energy_magnetization_correlation.txt,0.28,6,72,dimer-plaquette,0.005,-0.005,2,1,-0.4297012967305,4.863180003145118e-08,-0.5035714097579,-0.2428265992897,-0.24236579717884998,0.26120561257905006,0.9982358644352999,dimer-plaquette,c302c48bdd7556f925fc1afa5c032b3b76a532bb06977d9b4aea9c037305314f,True,selected variational/high-chi representative
78954ea89a08bf,synced_small_h:Results_Izar_replica1,D:\HyraiOn\ENS_Lyon\Internship\2026-EPFL\data\distinVBCsSmallH\Results_Izar_replica1\J2_0.28\D_6\orientation_2\dimer-plaquette\replica_1\h_0p003\D_6_chi_72_energy_magnetization_correlation.txt,0.28,6,72,dimer-plaquette,0.003,-0.003,2,1,-0.4291925736498,9.44455000317923e-08,-0.49536886707575006,-0.24780460472455001,-0.247142333166,0.24822653390975005,0.997331987245204,dimer-plaquette,4cdb97e6f2d95304e0caefd333aa39869b864f8709488c77683c7d125ecf81da,True,selected variational/high-chi representative
7d4a2f268b7b56,synced_small_h:Results_Izar_replica1,D:\HyraiOn\ENS_Lyon\Internship\2026-EPFL\data\distinVBCsSmallH\Results_Izar_replica1\J2_0.28\D_6\orientation_2\dimer-plaquette\replica_1\h_0p002\D_6_chi_72_energy_magnetization_correlation.txt,0.28,6,72,dimer-plaquette,0.002,-0.002,2,1,-0.4289481310612,1.1100250002504808e-07,-0.49105363612355,-0.25034519033075003,-0.24968056892864998,0.24137306719490004,0.9972464972591023,dimer-plaquette,13c2aa6aedb8d277efd5c44e900bfe7c76345a0d85cadf3a71342e3f3dedc0b4,True,selected variational/high-chi representative
fffaa7503ccdb6,synced_small_h:Results_Izar_replica1,D:\HyraiOn\ENS_Lyon\Internship\2026-EPFL\data\distinVBCsSmallH\Results_Izar_replica1\J2_0.28\D_6\orientation_2\dimer-plaquette\replica_1\h_0p001\D_6_chi_72_energy_magnetization_correlation.txt,0.28,6,72,dimer-plaquette,0.001,-0.001,2,1,-0.4287105819137,1.9595180000830936e-07,-0.48664926042035,-0.25301477776880005,-0.25216376280015,0.2344854976202,0.9963707138510185,dimer-plaquette,2cb2994431395a9a6dc52950aa4abfc8e5d264e73b03c150140061459af979d6,True,selected variational/high-chi representative
8170c3292d390e,synced_small_h:Results_Izar_replica1,D:\HyraiOn\ENS_Lyon\Internship\2026-EPFL\data\distinVBCsSmallH\Results_Izar_replica1\J2_0.28\D_6\orientation_2\dimer-plaquette\replica_1\h_0\D_6_chi_72_energy_magnetization_correlation.txt,0.28,6,72,dimer-plaquette,0.0,0.0,2,1,-0.4284800661376,2.3011729999300456e-07,-0.48215124838955004,-0.25569661130645,-0.25469280602454997,0.22745844236500007,0.9955868629387287,dimer-plaquette,639d9c42e3f62b753b2772834476dd48be41d4988fbff459c15f72dfe570244c,True,selected variational/high-chi representative
496b03bb9a39ba,last_izar_pins:Results_LastIzar,D:\HyraiOn\ENS_Lyon\Internship\2026-EPFL\data\distinVBCsJ2Continuation\LastIzar\Results_LastIzar\task1_D6_adiabatic\J2_0p28\D_6_chi_72_energy_magnetization_correlation.txt,0.28,6,72,plaquette,0.0,0.0,0,0,-0.428326974792,1.0731542999797838e-06,-0.4094627342094,-0.3915805023056,-0.19643295724874998,0.21302977696065,0.08394240541829577,plaquette,d92f84614c63aac9fae1480aad58a0cd8906b2e8595f1e1aa5be8bfbc4a7b2e3,False,higher-energy duplicate/protocol
ee00e7846ae57f,last_izar_pins:Results_LastIzar,D:\HyraiOn\ENS_Lyon\Internship\2026-EPFL\data\distinVBCsJ2Continuation\LastIzar\Results_LastIzar\task1_D6_adiabatic\insurance_2\J2_0p28\D_6_chi_72_energy_magnetization_correlation.txt,0.28,6,72,plaquette,0.0,0.0,0,0,-0.4283268039288,8.717141999903255e-07,-0.40874774016865006,-0.39191430439995,-0.1969109305884,0.21183680958025006,0.07946416773390393,plaquette,1bbe563f1fa89ecaa8f005e344a895e5580f746e05c909af707d32485cbafdca,False,higher-energy duplicate/protocol
3e6d6b204bf280,last_izar_pins:Results_LastIzar,D:\HyraiOn\ENS_Lyon\Internship\2026-EPFL\data\distinVBCsJ2Continuation\LastIzar\Results_LastIzar\task1_D6_adiabatic\insurance_3\J2_0p28\D_6_chi_72_energy_magnetization_correlation.txt,0.28,6,72,plaquette,0.0,0.0,0,0,-0.4283275114577,9.271633999996531e-07,-0.4090338797389,-0.39223112900585,-0.19617524500845,0.21285863473045,0.07893854413906146,plaquette,d0034b9c5fb6a591a4ef00e2dee125a71a038365894ef8f65d0f8433578d8a6a,False,higher-energy duplicate/protocol
c0c915b24d28c1,last_izar_pins:Results_LastIzar,D:\HyraiOn\ENS_Lyon\Internship\2026-EPFL\data\distinVBCsJ2Continuation\LastIzar\Results_LastIzar\task1_D6_adiabatic\insurance_4\J2_0p28\D_6_chi_72_energy_magnetization_correlation.txt,0.28,6,72,plaquette,0.0,0.0,0,0,-0.4283275507706,1.2118580999809225e-06,-0.4099903224974,-0.39135860106835,-0.19615172746785,0.21383859502954997,0.08712983466092858,plaquette,a009f95e50c1246eba1f285331419b1287cc64a7e9ec9864f78d5c649a38aa36,False,higher-energy duplicate/protocol
c6cb650daab730,last_izar_pins:Results_LastIzar,D:\HyraiOn\ENS_Lyon\Internship\2026-EPFL\data\distinVBCsJ2Continuation\LastIzar\Results_LastIzar\task1_D6_adiabatic\insurance_5\J2_0p28\D_6_chi_72_energy_magnetization_correlation.txt,0.28,6,72,plaquette,0.0,0.0,0,0,-0.4283270927161,9.691193999517012e-07,-0.4094174069538499,-0.39164718256654996,-0.1963734045915,0.21304400236234994,0.08341105213126808,plaquette,345d83c49a0deb09eec091d98f5097476fcaf0f1b8c3546c3c50bbdc52344196,False,higher-energy duplicate/protocol
12279bcfd84879,last_izar_pins:Results_LastIzar,D:\HyraiOn\ENS_Lyon\Internship\2026-EPFL\data\distinVBCsJ2Continuation\LastIzar\Results_LastIzar\task_pin_D6_h0p01_adam\J2_0p28\h_0\D_6_chi_72_energy_magnetization_correlation.txt,0.28,6,72,plaquette,0.0,0.0,0,0,-0.428495459337,1.6720779999479518e-07,-0.48104538574265,-0.25584858580340003,-0.25572166063065,0.225323725112,0.9994366985869466,dimer-plaquette,c6f85b79611abb4470421bcee441532c772824941f31da4555541174e430c9ad,False,branch texture flipped
af77901747e065,last_izar_pins:Results_LastIzar,D:\HyraiOn\ENS_Lyon\Internship\2026-EPFL\data\distinVBCsJ2Continuation\LastIzar\Results_LastIzar\task_pin_D6_h0p01_lbfgs\J2_0p28\h_0\D_6_chi_72_energy_magnetization_correlation.txt,0.28,6,72,plaquette,0.0,0.0,0,0,-0.4041783229944,5.285999971071931e-10,-0.54333108089265,-0.24558331449659998,-0.19490765118925,0.3484234297034,0.8545572456178154,dimer-plaquette,62f4161b1eb695f0402ddb956dbd094f61cdd9dc970bef4276820b176a817d7b,False,energy outside original-2C3 physical envelope
255d923477d44a,last_izar_pins:Results_LastIzar,D:\HyraiOn\ENS_Lyon\Internship\2026-EPFL\data\distinVBCsJ2Continuation\LastIzar\Results_LastIzar\task_pin_D6_h0p02_adam\J2_0p28\h_0\D_6_chi_72_energy_magnetization_correlation.txt,0.28,6,72,plaquette,0.0,0.0,0,0,-0.4284950863913,9.097600006668927e-09,-0.4810661594087,-0.25593993036690005,-0.25560628265065,0.22545987675805002,0.9985201459299647,dimer-plaquette,c631427ffac2947073f6819c8c84114f4a867b7b23cb7130019417b0091e8b72,False,branch texture flipped
c2df9af8344d22,last_izar_pins:Results_LastIzar,D:\HyraiOn\ENS_Lyon\Internship\2026-EPFL\data\distinVBCsJ2Continuation\LastIzar\Results_LastIzar\task_pin_D6_h0p02_lbfgs\J2_0p28\h_0\D_6_chi_72_energy_magnetization_correlation.txt,0.28,6,72,plaquette,0.0,0.0,0,0,-0.4284001103711,5.108194999769999e-07,-0.46361418286925,-0.3188955492385,-0.21300084063415,0.2506133422351,0.5774578174492787,three-distinct/mixed,6f815ad3b7c6f081669c51ee445d8af2aa71026877befaf41efa0bc7ebb35284,True,selected variational/high-chi representative
55ccc668b33548,last_izar_pins:Results_LastIzar,D:\HyraiOn\ENS_Lyon\Internship\2026-EPFL\data\distinVBCsJ2Continuation\LastIzar\Results_LastIzar\task_pin_D6_h0p03_adam\J2_0p28\h_0\D_6_chi_72_energy_magnetization_correlation.txt,0.28,6,72,plaquette,0.0,0.0,0,0,-0.4284954104371,7.977459998143033e-08,-0.48105347593910003,-0.25585141569385,-0.2557112821248,0.22534219381430004,0.9993781299157605,dimer-plaquette,d596bbdf91441994de0a05920e0659af5dd5806b818a2ab8734e509c15043de9,False,branch texture flipped
20d034c3602c1d,last_izar_pins:Results_LastIzar,D:\HyraiOn\ENS_Lyon\Internship\2026-EPFL\data\distinVBCsJ2Continuation\LastIzar\Results_LastIzar\task_pin_D6_h0p03_lbfgs\J2_0p28\h_0\D_6_chi_72_energy_magnetization_correlation.txt,0.28,6,72,plaquette,0.0,0.0,0,0,-0.4284128390489,3.5539839998710576e-07,-0.4733207495192,-0.2925140532669,-0.2292899949884,0.2440307545308,0.7409176626115777,three-distinct/mixed,bd83ad9b76819c360741ebf8902dbc91d910f2777e0a6797f955b9901ba9d83f,False,branch texture flipped
2fdb44e4f34961,synced_small_h:Results_Izar_replica1,D:\HyraiOn\ENS_Lyon\Internship\2026-EPFL\data\distinVBCsSmallH\Results_Izar_replica1\J2_0.28\D_6\orientation_2\plaquette\replica_1\h_0\D_6_chi_72_energy_magnetization_correlation.txt,0.28,6,72,plaquette,0.0,0.0,2,1,-0.4284969114549,1.0511960002457243e-07,-0.48101188337985,-0.2559687291192,-0.25564289657824996,0.22536898680160006,0.9985542263575207,dimer-plaquette,70ef05664aa62e5f04fa2e7f4463be7f61d6af236e34ad78a11a3b6cdc237edb,False,branch texture flipped
0ea90eef9d03fd,synced_small_h:Results_Izar_replica1,D:\HyraiOn\ENS_Lyon\Internship\2026-EPFL\data\distinVBCsSmallH\Results_Izar_replica1\J2_0.28\D_6\orientation_2\plaquette\replica_1\h_0p001\D_6_chi_72_energy_magnetization_correlation.txt,0.28,6,72,plaquette,0.001,0.001,2,1,-0.4286095846614,8.145427999872723e-07,-0.46023759613765,-0.33974886403375,-0.19300119652884998,0.26723639960879997,0.4508694634424058,three-distinct/mixed,fb434b6f47a2691f19160e80bb2d8a8443c38d0bb0b4569e66c2403895a3fbb1,True,selected variational/high-chi representative
3ed4eafb871e39,synced_small_h:Results_Izar_replica1,D:\HyraiOn\ENS_Lyon\Internship\2026-EPFL\data\distinVBCsSmallH\Results_Izar_replica1\J2_0.28\D_6\orientation_2\plaquette\replica_1\h_0p002\D_6_chi_72_energy_magnetization_correlation.txt,0.28,6,72,plaquette,0.002,0.002,2,1,-0.4288262341522,1.068296200001928e-06,-0.4527628728949,-0.3586964498757,-0.18071722244090002,0.272045650454,0.34577440536990195,three-distinct/mixed,5dd95682ae4508c102fa7c3863e30a085ec3ad8acf899143e58df1f68259a8a9,True,selected variational/high-chi representative
713bde41b74067,synced_small_h:Results_Izar_replica1,D:\HyraiOn\ENS_Lyon\Internship\2026-EPFL\data\distinVBCsSmallH\Results_Izar_replica1\J2_0.28\D_6\orientation_2\plaquette\replica_1\h_0p003\D_6_chi_72_energy_magnetization_correlation.txt,0.28,6,72,plaquette,0.003,0.003,2,1,-0.429057694992,8.945733000476075e-07,-0.44684960420569997,-0.3726827645054,-0.1717958322604,0.2750537719453,0.2696448740759299,three-distinct/mixed,227eff913fc22a1c20151050a5957cc937699b6368e5ea1d7805413a76a90dee,True,selected variational/high-chi representative
ffe99c19794305,synced_large_h:Results_Izar_replica1,D:\HyraiOn\ENS_Lyon\Internship\2026-EPFL\data\distinVBCs\Results_Izar_replica1\J2_0.28\D_6\orientation_2\plaquette\replica_1\h_0p005\D_6_chi_72_energy_magnetization_correlation.txt,0.28,6,72,plaquette,0.005,0.005,2,1,-0.4295515908665,5.338128000187403e-07,-0.44136908891195,-0.38841213992135,-0.1597898389063,0.28157925000565,0.18807120549379044,plaquette,c0f7a3ab4dfadda4e240d57e1e8b9bf3c4ff158696e93cb5809066c3c3aa8a4e,True,selected variational/high-chi representative
2ad61fc849bad2,last_izar_pins:Results_LastIzar,D:\HyraiOn\ENS_Lyon\Internship\2026-EPFL\data\distinVBCsJ2Continuation\LastIzar\Results_LastIzar\task_pin_D6_h0p01_adam\J2_0p28\h_0p01\D_6_chi_72_energy_magnetization_correlation.txt,0.28,6,72,plaquette,0.01,0.01,0,0,-0.4309199838476,5.451980000237278e-07,-0.4352932145596,-0.41091295420935,-0.1387365208014,0.29655669375820004,0.08221112813635792,plaquette,114ca596e1708442b38de079b70cbce939c70e229c7411cd0ab63797ba55fe91,True,selected variational/high-chi representative
4ca825b532e149,last_izar_pins:Results_LastIzar,D:\HyraiOn\ENS_Lyon\Internship\2026-EPFL\data\distinVBCsJ2Continuation\LastIzar\Results_LastIzar\task_pin_D6_h0p01_lbfgs\J2_0p28\h_0p01\D_6_chi_72_energy_magnetization_correlation.txt,0.28,6,72,plaquette,0.01,0.01,0,0,-0.4049001420057,3.447399976597154e-09,-0.5500483876072501,-0.23900036345345,-0.191980781857,0.3580676057502501,0.8686851844697565,dimer-plaquette,460f1eb5b4ebaf8449e6ad3055da62a0ceadd574cc5ada3f369ad77d20bf9130,False,energy outside original-2C3 physical envelope
5055a19fa7346e,synced_large_h:Results_Izar_replica1,D:\HyraiOn\ENS_Lyon\Internship\2026-EPFL\data\distinVBCs\Results_Izar_replica1\J2_0.28\D_6\orientation_2\plaquette\replica_1\h_0p01\D_6_chi_72_energy_magnetization_correlation.txt,0.28,6,72,plaquette,0.01,0.01,2,1,-0.4309030134403,1.5785640000709478e-07,-0.4378705215826,-0.40855094045025003,-0.13879252018545,0.29907800139715,0.09803322543076665,plaquette,66c0cd7ec7b2f5f0b7f29f48006ccb1b8eff3b16dc9fd0e05d05ecb5a92ec763,False,higher-energy duplicate/protocol
b4b59d25584e27,last_izar_pins:Results_LastIzar,D:\HyraiOn\ENS_Lyon\Internship\2026-EPFL\data\distinVBCsJ2Continuation\LastIzar\Results_LastIzar\task_pin_D6_h0p02_adam\J2_0p28\h_0p02\D_6_chi_72_energy_magnetization_correlation.txt,0.28,6,72,plaquette,0.02,0.02,0,0,-0.4339593982915,5.982731000053754e-07,-0.43950598214555003,-0.42646792906515,-0.11118028088799999,0.32832570125755006,0.03971072940821198,plaquette,8085684f54bc8e64d91aa9ff1a812d9a64cdcdae46a319c529e5ffdedab7d3cb,True,selected variational/high-chi representative
6b7cb0c769fa7f,last_izar_pins:Results_LastIzar,D:\HyraiOn\ENS_Lyon\Internship\2026-EPFL\data\distinVBCsJ2Continuation\LastIzar\Results_LastIzar\task_pin_D6_h0p02_lbfgs\J2_0p28\h_0p02\D_6_chi_72_energy_magnetization_correlation.txt,0.28,6,72,plaquette,0.02,0.02,0,0,-0.4203569102301,1.6866000263071612e-09,-0.46219692458414996,-0.41428444711665,-0.11759650872510001,0.34460041585904994,0.13903778191346503,plaquette,8bbc967788de0f58288b749d5726ad37f281888a26c31370b9b33acd6ed7a03e,False,higher-energy duplicate/protocol
5f27b239dd4dfd,synced_large_h:Results_Izar_replica1,D:\HyraiOn\ENS_Lyon\Internship\2026-EPFL\data\distinVBCs\Results_Izar_replica1\J2_0.28\D_6\orientation_2\plaquette\replica_1\h_0p02\D_6_chi_72_energy_magnetization_correlation.txt,0.28,6,72,plaquette,0.02,0.02,2,1,-0.433950127025,5.458937000213382e-07,-0.4403173022884,-0.42603441583990004,-0.11089493799345,0.32942236429495,0.043357367308892544,plaquette,b9ce3c97b12d06b0652d5f5171f25f1a14d795b0e319afb3f24afc7d4d10332b,False,higher-energy duplicate/protocol
8e15602d60db52,last_izar_pins:Results_LastIzar,D:\HyraiOn\ENS_Lyon\Internship\2026-EPFL\data\distinVBCsJ2Continuation\LastIzar\Results_LastIzar\task_pin_D6_h0p03_adam\J2_0p28\h_0p03\D_6_chi_72_energy_magnetization_correlation.txt,0.28,6,72,plaquette,0.03,0.03,0,0,-0.4373248217206,1.1261420002073308e-07,-0.44298578297575,-0.43582533287724995,-0.091253574394345,0.35173220858140497,0.020357675310371273,plaquette,f4372c9997074f00632fcdab8cf373e4f61177a7cbde66e3955eb72ff71bcfe1,True,selected variational/high-chi representative
195c6e9d29975b,last_izar_pins:Results_LastIzar,D:\HyraiOn\ENS_Lyon\Internship\2026-EPFL\data\distinVBCsJ2Continuation\LastIzar\Results_LastIzar\task_pin_D6_h0p03_lbfgs\J2_0p28\h_0p03\D_6_chi_72_energy_magnetization_correlation.txt,0.28,6,72,plaquette,0.03,0.03,0,0,-0.4304103221712,6.577000055685289e-10,-0.4611158719879,-0.4393703977826,-0.06724329784673501,0.393872574141165,0.055209414498371114,plaquette,5113ee7df0c09355bfbd279c61a0d8fef32499e8dae41c520f733822f6fc6849,False,higher-energy duplicate/protocol
fb74e53bc0c189,synced_large_h:Results_Izar_replica1,D:\HyraiOn\ENS_Lyon\Internship\2026-EPFL\data\distinVBCs\Results_Izar_replica1\J2_0.28\D_6\orientation_2\plaquette\replica_1\h_0p04\D_6_chi_72_energy_magnetization_correlation.txt,0.28,6,72,plaquette,0.04,0.04,2,1,-0.4409020287729,1.22036900029876e-07,-0.44718014883784996,-0.44084904093634997,-0.07540761355183,0.37177253528601995,0.01702952020549126,plaquette,a91c6bd82be3bb80dcc61f07bff86681e1a06f79b47a1cde6e17590cd94be2ea,True,selected variational/high-chi representative
5230a6b5c818d3,synced_large_h:Results_Izar_replica1,D:\HyraiOn\ENS_Lyon\Internship\2026-EPFL\data\distinVBCs\Results_Izar_replica1\J2_0.28\D_6\orientation_2\plaquette\replica_1\h_0p08\D_6_chi_72_energy_magnetization_correlation.txt,0.28,6,72,plaquette,0.08,0.08,2,1,-0.4567323096234,2.398298000194643e-07,-0.4541303606877,-0.452493132676,-0.035716473849760004,0.41841388683794,0.00391293898984321,plaquette,66c4f24b2d6324d8c4f6cc07f1c485e5448dd4b61df55c896fd35295b12c1540,True,selected variational/high-chi representative
c7d1031a5d4f26,synced_large_h:Results_Izar_replica1,D:\HyraiOn\ENS_Lyon\Internship\2026-EPFL\data\distinVBCs\Results_Izar_replica1\J2_0.28\D_7\orientation_2\dimer-plaquette\replica_1\h_0p08\D_7_chi_91_energy_magnetization_correlation.txt,0.28,7,91,dimer-plaquette,0.08,-0.08,2,1,-0.4612629175919,3.2585870002321826e-07,-0.66151473340905,-0.12946278272495002,-0.1290120424245,0.5325026909845499,0.9991535436194385,dimer-plaquette,dd3b4b602d170af3ea26162a1ea5ecae967121b6d4d3f009fe1d227a303c74bf,True,selected variational/high-chi representative
6847e722a56a19,synced_large_h:Results_Izar_replica1,D:\HyraiOn\ENS_Lyon\Internship\2026-EPFL\data\distinVBCs\Results_Izar_replica1\J2_0.28\D_7\orientation_2\dimer-plaquette\replica_1\h_0p04\D_7_chi_91_energy_magnetization_correlation.txt,0.28,7,91,dimer-plaquette,0.04,-0.04,2,1,-0.442055854464,4.5512299995387195e-07,-0.5991518241535999,-0.17992248624105,-0.17892655989140002,0.42022526426219986,0.9976300179109923,dimer-plaquette,90291e881c8000c4d8645885de8ec383fa9c027fb7f54664af1e45f73e645e3b,True,selected variational/high-chi representative
ad28e7815677ec,synced_large_h:Results_Izar_replica1,D:\HyraiOn\ENS_Lyon\Internship\2026-EPFL\data\distinVBCs\Results_Izar_replica1\J2_0.28\D_7\orientation_2\dimer-plaquette\replica_1\h_0p02\D_7_chi_91_energy_magnetization_correlation.txt,0.28,7,91,dimer-plaquette,0.02,-0.02,2,1,-0.4344441192469,4.183562999915402e-07,-0.55072536970125,-0.21437016308739998,-0.21082156904515,0.33990380065609993,0.9895600048148909,dimer-plaquette,16135c63d02c873cb6433d48ff31635a8f0e6aa31e08d0b146e68878ac18f0f3,True,selected variational/high-chi representative
2b7b94e45eaa4b,synced_large_h:Results_Izar_replica1,D:\HyraiOn\ENS_Lyon\Internship\2026-EPFL\data\distinVBCs\Results_Izar_replica1\J2_0.28\D_7\orientation_2\dimer-plaquette\replica_1\h_0p01\D_7_chi_91_energy_magnetization_correlation.txt,0.28,7,91,dimer-plaquette,0.01,-0.01,2,1,-0.4313196465109,3.996892999902357e-07,-0.51805395989685,-0.238210602271,-0.2281548879597,0.28989907193715003,0.9653130510418464,dimer-plaquette,e65a08c01c822919cedc18feedbfd93145e2fdb1f52ed615dba9a84d3dd66b52,True,selected variational/high-chi representative
32da1504a1f901,synced_large_h:Results_Izar_replica1,D:\HyraiOn\ENS_Lyon\Internship\2026-EPFL\data\distinVBCs\Results_Izar_replica1\J2_0.28\D_7\orientation_2\dimer-plaquette\replica_1\h_0p005\D_7_chi_91_energy_magnetization_correlation.txt,0.28,7,91,dimer-plaquette,0.005,-0.005,2,1,-0.4299758717914,2.7848299999355675e-07,-0.4971315298837,-0.257927421244,-0.23357866071345001,0.26355286917025,0.9076133733348919,dimer-plaquette,42fd8b34a50660897f1562a9188cc2e3385b586837b733b7f7be31cabd5e8ff8,True,selected variational/high-chi representative
10e43538d4ace2,synced_small_h:Results_Izar_replica1,D:\HyraiOn\ENS_Lyon\Internship\2026-EPFL\data\distinVBCsSmallH\Results_Izar_replica1\J2_0.28\D_7\orientation_2\dimer-plaquette\replica_1\h_0p003\D_7_chi_91_energy_magnetization_correlation.txt,0.28,7,91,dimer-plaquette,0.003,-0.003,2,1,-0.429489403659,3.6741269998641357e-07,-0.48651792080944994,-0.27188270437215,-0.23193304131835,0.2545848794911,0.8430791996223144,dimer-plaquette,ef131255788a26cdd3de6feb5eb3da6c87c09f6c9c72e6fa0d68b6773717e10e,True,selected variational/high-chi representative
06a78aaca7fe15,synced_small_h:Results_Izar_replica1,D:\HyraiOn\ENS_Lyon\Internship\2026-EPFL\data\distinVBCsSmallH\Results_Izar_replica1\J2_0.28\D_7\orientation_2\dimer-plaquette\replica_1\h_0p002\D_7_chi_91_energy_magnetization_correlation.txt,0.28,7,91,dimer-plaquette,0.002,-0.002,2,1,-0.429259693537,3.242311999995806e-07,-0.48012489365065,-0.28165328285315,-0.22942965156189998,0.25069524208875,0.7916847928339938,dimer-plaquette,620a3f13afd47c87eef6a57f22c2a05335407d6c05b7bea7905ec2867d919dcd,True,selected variational/high-chi representative
22c0f0c38fc825,synced_small_h:Results_Izar_replica1,D:\HyraiOn\ENS_Lyon\Internship\2026-EPFL\data\distinVBCsSmallH\Results_Izar_replica1\J2_0.28\D_7\orientation_2\dimer-plaquette\replica_1\h_0p001\D_7_chi_91_energy_magnetization_correlation.txt,0.28,7,91,dimer-plaquette,0.001,-0.001,2,1,-0.4290662148498,1.9564259999826916e-06,-0.45752052432289997,-0.32617738982954997,-0.2087502896489,0.24877023467399997,0.5279696530634709,three-distinct/mixed,fdaae919d476c8625dec467b7b56d76cde75ed339bc9df25188f4cfe3c3e1bce,True,selected variational/high-chi representative
e590275706f596,izar_j2_sequences:Results_Izar_J2_sequences,D:\HyraiOn\ENS_Lyon\Internship\2026-EPFL\data\distinVBCsJ2Continuation\Results_Izar_J2_sequences\s002_J2_0p3_D_7_dimer-plaquette\left\insurance_1\J2_0p28\D_7_chi_91_energy_magnetization_correlation.txt,0.28,7,91,dimer-plaquette,0.0,0.0,0,0,-0.4287597121651,2.780530000690007e-08,-0.47951264306505,-0.25548157806255,-0.2554505687025,0.22406207436255,0.99986160370898,dimer-plaquette,8a3187685cdeddee2ef1f3d68c18b8f11da0f98d52bb36d33583e08ed7ff5de7,True,selected variational/high-chi representative
09bc2098f7f7c3,izar_j2_sequences:Results_Izar_J2_sequences,D:\HyraiOn\ENS_Lyon\Internship\2026-EPFL\data\distinVBCsJ2Continuation\Results_Izar_J2_sequences\s002_J2_0p3_D_7_dimer-plaquette\left\insurance_2\J2_0p28\D_7_chi_91_energy_magnetization_correlation.txt,0.28,7,91,dimer-plaquette,0.0,0.0,0,0,-0.4287596978297,3.5757799998759054e-08,-0.47954451317240004,-0.25555015149370003,-0.25534153590225,0.22420297727015004,0.9990695235451817,dimer-plaquette,7f254e27da866f57c602770ae27ef4c6e38628d1d87b44cdf7c11c76d37a2c94,False,higher-energy duplicate/protocol
29a51d6faa425b,synced_small_h:Results_Izar_replica1,D:\HyraiOn\ENS_Lyon\Internship\2026-EPFL\data\distinVBCsSmallH\Results_Izar_replica1\J2_0.28\D_7\orientation_2\dimer-plaquette\replica_1\h_0\D_7_chi_91_energy_magnetization_correlation.txt,0.28,7,91,dimer-plaquette,0.0,0.0,2,1,-0.4288992190601,1.3966800999631879e-06,-0.42401408664685003,-0.37339979598425005,-0.1958421817374,0.22817190490945002,0.22182525356347554,plaquette,4b4b73ad4fa0de6f3c09fd02d4699c9c66e4eac2a8619a832251eec670f752dd,False,branch texture flipped
38d8db4611b314,synced_small_h:Results_Izar_replica1,D:\HyraiOn\ENS_Lyon\Internship\2026-EPFL\data\distinVBCsSmallH\Results_Izar_replica1\J2_0.28\D_7\orientation_2\plaquette\replica_1\h_0\D_7_chi_91_energy_magnetization_correlation.txt,0.28,7,91,plaquette,0.0,0.0,2,1,-0.4289188870681,9.607522000187885e-07,-0.40004488756960005,-0.39940160840135003,-0.1938030839871,0.20624180358250005,0.00311905325242513,plaquette,c930db714269e61ab1fa37eca851e521cbb9fdff83ce45c6496d41a1e2de6d89,True,selected variational/high-chi representative
3a0b063a2ab546,synced_small_h:Results_Izar_replica1,D:\HyraiOn\ENS_Lyon\Internship\2026-EPFL\data\distinVBCsSmallH\Results_Izar_replica1\J2_0.28\D_7\orientation_2\plaquette\replica_1\h_0p001\D_7_chi_91_energy_magnetization_correlation.txt,0.28,7,91,plaquette,0.001,0.001,2,1,-0.4291293386728,1.1030823000024448e-06,-0.4026975038003,-0.4023311662591,-0.18733486897745,0.21536263482285,0.0017010264640445192,plaquette,dee7a1bd86915411cd96ccfc77ea8a6a67768331327f1e415bdef4a8d93a375a,True,selected variational/high-chi representative
e8ac8c90dbb8df,synced_small_h:Results_Izar_replica1,D:\HyraiOn\ENS_Lyon\Internship\2026-EPFL\data\distinVBCsSmallH\Results_Izar_replica1\J2_0.28\D_7\orientation_2\plaquette\replica_1\h_0p002\D_7_chi_91_energy_magnetization_correlation.txt,0.28,7,91,plaquette,0.002,0.002,2,1,-0.4293478923779,4.840674999728733e-07,-0.40534482209830003,-0.40510794939464995,-0.1809088662116,0.22443595588670004,0.0010554133481609337,plaquette,39b49c7f98d74c4b15bcbd32b35313bb56f199e544c366bbbb8d74225c758c2f,True,selected variational/high-chi representative
4b9ca548fd6ba5,synced_small_h:Results_Izar_replica1,D:\HyraiOn\ENS_Lyon\Internship\2026-EPFL\data\distinVBCsSmallH\Results_Izar_replica1\J2_0.28\D_7\orientation_2\plaquette\replica_1\h_0p003\D_7_chi_91_energy_magnetization_correlation.txt,0.28,7,91,plaquette,0.003,0.003,2,1,-0.4295759277718,2.997557999595557e-07,-0.4075699677288,-0.4075461782193,-0.17535704052545,0.23221292720335,0.00010244696445844914,plaquette,48124c9c224e645ae2dd8d8e8e5a8c6ace082ca7c55e61a23eeaef6f77aef058,True,selected variational/high-chi representative
3d95357a9d5c94,synced_large_h:Results_Izar_replica1,D:\HyraiOn\ENS_Lyon\Internship\2026-EPFL\data\distinVBCs\Results_Izar_replica1\J2_0.28\D_7\orientation_2\plaquette\replica_1\h_0p005\D_7_chi_91_energy_magnetization_correlation.txt,0.28,7,91,plaquette,0.005,0.005,2,1,-0.4300545063653,2.8862290002429347e-07,-0.4117925719702,-0.41164286297485003,-0.16528452585259998,0.24650804611760005,0.0006073188997594608,plaquette,a40c24f85ba6d30cde978f9658e7d534e0c4dce44127f4356a5880c62bbd830a,True,selected variational/high-chi representative
3591984975688a,synced_large_h:Results_Izar_replica1,D:\HyraiOn\ENS_Lyon\Internship\2026-EPFL\data\distinVBCs\Results_Izar_replica1\J2_0.28\D_7\orientation_2\plaquette\replica_1\h_0p01\D_7_chi_91_energy_magnetization_correlation.txt,0.28,7,91,plaquette,0.01,0.01,2,1,-0.4313622035296,3.477340999591405e-07,-0.42026357668695,-0.41997063083790004,-0.14400556030085,0.27625801638610004,0.0010604066911150292,plaquette,0170a460bcbc7e1a8fb1e7cf738657d3ee43d33e5376050634abba94a063fc51,True,selected variational/high-chi representative
77fbd960ca77ec,synced_large_h:Results_Izar_replica1,D:\HyraiOn\ENS_Lyon\Internship\2026-EPFL\data\distinVBCs\Results_Izar_replica1\J2_0.28\D_7\orientation_2\plaquette\replica_1\h_0p02\D_7_chi_91_energy_magnetization_correlation.txt,0.28,7,91,plaquette,0.02,0.02,2,1,-0.4343384256632,4.832236000229528e-07,-0.43095355502914995,-0.43093845766415,-0.11439813425619999,0.31655542077294996,4.7692644033940744e-05,plaquette,6e820c19d2ac2ffb83440929b0e406c26b47516d1baa77e5277f3d8e21b5cf42,True,selected variational/high-chi representative
1644bc7a67bbe0,synced_large_h:Results_Izar_replica1,D:\HyraiOn\ENS_Lyon\Internship\2026-EPFL\data\distinVBCs\Results_Izar_replica1\J2_0.28\D_7\orientation_2\plaquette\replica_1\h_0p04\D_7_chi_91_energy_magnetization_correlation.txt,0.28,7,91,plaquette,0.04,0.04,2,1,-0.4412114594854,3.155672000376697e-07,-0.44281795804915003,-0.4427902273003,-0.07677645219068,0.36604150585847006,7.575848204701467e-05,plaquette,7373238a95c44a8977718b14c1cea21fa9bea0ffda139a344b0be451fde9c739,True,selected variational/high-chi representative
1688187aac22e9,synced_large_h:Results_Izar_replica1,D:\HyraiOn\ENS_Lyon\Internship\2026-EPFL\data\distinVBCs\Results_Izar_replica1\J2_0.28\D_7\orientation_2\plaquette\replica_1\h_0p08\D_7_chi_91_energy_magnetization_correlation.txt,0.28,7,91,plaquette,0.08,0.08,2,1,-0.4569990047072,4.4269700000265644e-07,-0.45269916640510005,-0.4526181416947,-0.03547998084001,0.4172191855650901,0.00019420178458551878,plaquette,d1ae4d70638db03783dbf10b63c66c25e9f3c32ab356d2fb8e0e6590050303af,True,selected variational/high-chi representative
f29e808d5b0110,synced_large_h:Results_Izar_replica1,D:\HyraiOn\ENS_Lyon\Internship\2026-EPFL\data\distinVBCs\Results_Izar_replica1\J2_0.28\D_8\orientation_0\dimer-plaquette\replica_1\h_0p08\D_8_chi_104_energy_magnetization_correlation.txt,0.28,8,104,dimer-plaquette,0.08,-0.08,0,1,-0.461265827575,4.4529497500001014e-05,-0.6618851458309499,-0.12903087700590002,-0.1290193000157,0.53286584581525,0.9999782740997739,dimer-plaquette,b585866d52ed91ca1e9ffda36095646de7e969448aceb7d1a3d7ec2de5138cfd,True,selected variational/high-chi representative
e7445be6a9ffcc,synced_large_h:Results_Izar_replica1,D:\HyraiOn\ENS_Lyon\Internship\2026-EPFL\data\distinVBCs\Results_Izar_replica1\J2_0.28\D_8\orientation_0\dimer-plaquette\replica_1\h_0p04\D_8_chi_104_energy_magnetization_correlation.txt,0.28,8,104,dimer-plaquette,0.04,-0.04,0,1,-0.4420290891513,7.958665410001675e-05,-0.60067873681815,-0.17873627967814998,-0.17836756848295,0.4223111683352,0.9991269205674728,dimer-plaquette,7485442aa3d792eb1e6f598db4307456ed141415fef5a00b30f76b5930cecdad,True,selected variational/high-chi representative
0f0d9886302500,synced_large_h:Results_Izar_replica1,D:\HyraiOn\ENS_Lyon\Internship\2026-EPFL\data\distinVBCs\Results_Izar_replica1\J2_0.28\D_8\orientation_0\dimer-plaquette\replica_1\h_0p02\D_8_chi_104_energy_magnetization_correlation.txt,0.28,8,104,dimer-plaquette,0.02,-0.02,0,1,-0.4343234872083,5.626897249999541e-05,-0.55470414658915,-0.210943343058,-0.20894724943485,0.3457568971543,0.9942268870423742,dimer-plaquette,b0d0c9105830b824b9d725154d5c5fb6f1589c2fbcff6e0c1ad693fdc67e3275,True,selected variational/high-chi representative
75ce21c1984807,synced_large_h:Results_Izar_replica1,D:\HyraiOn\ENS_Lyon\Internship\2026-EPFL\data\distinVBCs\Results_Izar_replica1\J2_0.28\D_8\orientation_0\dimer-plaquette\replica_1\h_0p01\D_8_chi_104_energy_magnetization_correlation.txt,0.28,8,104,dimer-plaquette,0.01,-0.01,0,1,-0.4312278634692,6.742761389999519e-05,-0.5201691106917999,-0.23734730963205,-0.2266635052551,0.2935056054366999,0.9635993174268214,dimer-plaquette,6a6d0843433f1180113c63dd118d4b93287fa9cf47c8c0ad0e49bd79596c18d3,True,selected variational/high-chi representative
f1c3856fb5f275,synced_large_h:Results_Izar_replica1,D:\HyraiOn\ENS_Lyon\Internship\2026-EPFL\data\distinVBCs\Results_Izar_replica1\J2_0.28\D_8\orientation_0\dimer-plaquette\replica_1\h_0p005\D_8_chi_104_energy_magnetization_correlation.txt,0.28,8,104,dimer-plaquette,0.005,-0.005,0,1,-0.4297870449524,6.736590829997668e-05,-0.5201691105674,-0.23734730999585,-0.22666350508080002,0.2935056054866,0.9635993155996548,dimer-plaquette,ec26ebbab35d81793abf9d5965620aa5ccbb16b5638793263c45552cec102bc1,True,selected variational/high-chi representative
edda0ba96e7536,synced_small_h:Results_Izar_replica1,D:\HyraiOn\ENS_Lyon\Internship\2026-EPFL\data\distinVBCsSmallH\Results_Izar_replica1\J2_0.28\D_8\orientation_0\dimer-plaquette\replica_1\h_0p003\D_8_chi_104_energy_magnetization_correlation.txt,0.28,8,104,dimer-plaquette,0.003,-0.003,0,1,-0.4293986057968,7.431524829998315e-05,-0.49007642367555,-0.2648235197424,-0.2350097925222,0.25506663115335,0.8831139648279767,dimer-plaquette,44e675264efbf70f652dfc485b244f7b6df8fedb42a15f06af62633a0897206d,True,selected variational/high-chi representative
e383fc8b94b28a,synced_small_h:Results_Izar_replica1,D:\HyraiOn\ENS_Lyon\Internship\2026-EPFL\data\distinVBCsSmallH\Results_Izar_replica1\J2_0.28\D_8\orientation_0\dimer-plaquette\replica_1\h_0p002\D_8_chi_104_energy_magnetization_correlation.txt,0.28,8,104,dimer-plaquette,0.002,-0.002,0,1,-0.4291277786872,3.92386214999596e-05,-0.48831935613905,-0.2668196625392,-0.23487217227360002,0.25344718386544995,0.8739481347618356,dimer-plaquette,c422f06e018e2ee7e290ec589e11a87a1d80fcfd341744db7ccf036c67e80c67,True,selected variational/high-chi representative
9e0c5d76818599,synced_small_h:Results_Izar_replica1,D:\HyraiOn\ENS_Lyon\Internship\2026-EPFL\data\distinVBCsSmallH\Results_Izar_replica1\J2_0.28\D_8\orientation_0\dimer-plaquette\replica_1\h_0p001\D_8_chi_104_energy_magnetization_correlation.txt,0.28,8,104,dimer-plaquette,0.001,-0.001,0,1,-0.4289376879462,6.9178906200007e-05,-0.48011250704955,-0.27542970539565,-0.2355204760477,0.24459203100185,0.8368334847849228,dimer-plaquette,0a528f2dea3c14c7906708591074ccea5f987b10649bdbc83c655c76a0260119,True,selected variational/high-chi representative
71f14b64eb104a,izar_j2_sequences:Results_Izar_J2_sequences,D:\HyraiOn\ENS_Lyon\Internship\2026-EPFL\data\distinVBCsJ2Continuation\Results_Izar_J2_sequences\s004_J2_0p3_D_8_dimer-plaquette\left\insurance_1\J2_0p28\D_8_chi_104_energy_magnetization_correlation.txt,0.28,8,104,dimer-plaquette,0.0,0.0,2,0,-0.4290741454649,4.158785000263343e-07,-0.4655196571213,-0.26314749612465,-0.2622001258163,0.20331953130500002,0.995340485479829,dimer-plaquette,a08b557ef3107941c17d57f651e2a98c01ac3695965e7b83544498dec708c564,True,selected variational/high-chi representative
e30df1ffc970d3,izar_j2_sequences:Results_Izar_J2_sequences,D:\HyraiOn\ENS_Lyon\Internship\2026-EPFL\data\distinVBCsJ2Continuation\Results_Izar_J2_sequences\s004_J2_0p3_D_8_dimer-plaquette\left\insurance_2\J2_0p28\D_8_chi_104_energy_magnetization_correlation.txt,0.28,8,104,dimer-plaquette,0.0,0.0,2,0,-0.4290740133702,2.2212000000410015e-07,-0.4655742349109,-0.26320037367885,-0.26208399224105,0.20349024266985,0.9945138330803838,dimer-plaquette,243d148b9a8e05cf0c50e50800494dfb9ff5657dc219722f3e6cbd674978d486,False,higher-energy duplicate/protocol
781f4ce9029000,synced_small_h:Results_Izar_replica1,D:\HyraiOn\ENS_Lyon\Internship\2026-EPFL\data\distinVBCsSmallH\Results_Izar_replica1\J2_0.28\D_8\orientation_0\dimer-plaquette\replica_1\h_0\D_8_chi_104_energy_magnetization_correlation.txt,0.28,8,104,dimer-plaquette,0.0,0.0,0,1,-0.4287036453326,5.9773572400001473e-05,-0.4801118401934,-0.275436910261,-0.2354904647104,0.24462137548299998,0.8367009200576747,dimer-plaquette,e24a409eb17e275fba6fe790828bf8d109aa93952b15562371667f997c976967,False,higher-energy duplicate/protocol
db15f808425210,synced_small_h:Results_Izar_replica1,D:\HyraiOn\ENS_Lyon\Internship\2026-EPFL\data\distinVBCsSmallH\Results_Izar_replica1\J2_0.28\D_8\orientation_0\plaquette\replica_1\h_0\D_8_chi_104_energy_magnetization_correlation.txt,0.28,8,104,plaquette,0.0,0.0,0,1,-0.4291916976238,2.0907839000106065e-06,-0.39596813715109996,-0.3919701576341,-0.20468534174414998,0.19128279540694998,0.0209008839947909,plaquette,2074599913c75bc5428c9b17460d8af81af5b26d1a15ae87174c466539e28e19,True,selected variational/high-chi representative
ff11c0d1722801,synced_small_h:Results_Izar_replica1,D:\HyraiOn\ENS_Lyon\Internship\2026-EPFL\data\distinVBCsSmallH\Results_Izar_replica1\J2_0.28\D_8\orientation_0\plaquette\replica_1\h_0p001\D_8_chi_104_energy_magnetization_correlation.txt,0.28,8,104,plaquette,0.001,0.001,0,1,-0.4293865557047,1.873577900046719e-06,-0.39909524175885003,-0.3961180959776,-0.19650005874114998,0.20259518301770005,0.014695047221285219,plaquette,b989630b37c6646f53f5021105e65894bdb096aee9f62f735d09a39b4a70ecc4,True,selected variational/high-chi representative
3296a5450f1e8f,synced_small_h:Results_Izar_replica1,D:\HyraiOn\ENS_Lyon\Internship\2026-EPFL\data\distinVBCsSmallH\Results_Izar_replica1\J2_0.28\D_8\orientation_0\plaquette\replica_1\h_0p002\D_8_chi_104_energy_magnetization_correlation.txt,0.28,8,104,plaquette,0.002,0.002,0,1,-0.4295914495858,1.2046172999657934e-06,-0.40173067094855,-0.40023759028765,-0.18881198374719999,0.21291868720135,0.00701244536365202,plaquette,7e300a852f1de891c8869529abe626fac6856c372734dec3fd66afabdb4e4220,True,selected variational/high-chi representative
66f61c8b0aab40,synced_small_h:Results_Izar_replica1,D:\HyraiOn\ENS_Lyon\Internship\2026-EPFL\data\distinVBCsSmallH\Results_Izar_replica1\J2_0.28\D_8\orientation_0\plaquette\replica_1\h_0p003\D_8_chi_104_energy_magnetization_correlation.txt,0.28,8,104,plaquette,0.003,0.003,0,1,-0.4298079196074,1.0186161000236282e-06,-0.4041622596775,-0.4032297960235,-0.18256595772130002,0.2215963019562,0.004207938696487466,plaquette,ed4f965c1750445e0a9cdb2e6b3cc02dffb9339d830d8b05ab00f672aef566a7,True,selected variational/high-chi representative
3b4fd1c23500b3,synced_large_h:Results_Izar_replica1,D:\HyraiOn\ENS_Lyon\Internship\2026-EPFL\data\distinVBCs\Results_Izar_replica1\J2_0.28\D_8\orientation_0\plaquette\replica_1\h_0p005\D_8_chi_104_energy_magnetization_correlation.txt,0.28,8,104,plaquette,0.005,0.005,0,1,-0.4302666008047,7.408827999988432e-07,-0.4089691048518,-0.4081996397389,-0.17105327288285,0.23791583196895,0.0032341904552212124,plaquette,19a24acc17db3f6ab2507638b275c045f80f96fd6aa24239cdfdf21d9cf93099,True,selected variational/high-chi representative
8d9c31fbb1a83b,synced_large_h:Results_Izar_replica1,D:\HyraiOn\ENS_Lyon\Internship\2026-EPFL\data\distinVBCs\Results_Izar_replica1\J2_0.28\D_8\orientation_0\plaquette\replica_1\h_0p01\D_8_chi_104_energy_magnetization_correlation.txt,0.28,8,104,plaquette,0.01,0.01,0,1,-0.4315368826408,6.373431999939783e-07,-0.41825820779360007,-0.41766726329709997,-0.14799001143905,0.27026819635455007,0.00218651141521984,plaquette,309c609f720b67e761d244f7e6a61f3e8c97404f7befb5d4baf74542a79063b6,True,selected variational/high-chi representative
0c9b8fc4301cc4,synced_large_h:Results_Izar_replica1,D:\HyraiOn\ENS_Lyon\Internship\2026-EPFL\data\distinVBCs\Results_Izar_replica1\J2_0.28\D_8\orientation_0\plaquette\replica_1\h_0p02\D_8_chi_104_energy_magnetization_correlation.txt,0.28,8,104,plaquette,0.02,0.02,0,1,-0.4344682089865,1.4951953000164053e-06,-0.42990615195725,-0.42960356285335005,-0.1165499372398,0.31335621471745,0.0009656393895771474,plaquette,8a447827a0b3d476177541639cb9d91a01270e3087fab0b361d4acea9524860a,True,selected variational/high-chi representative
9c714e8f58dabf,synced_large_h:Results_Izar_replica1,D:\HyraiOn\ENS_Lyon\Internship\2026-EPFL\data\distinVBCs\Results_Izar_replica1\J2_0.28\D_8\orientation_0\plaquette\replica_1\h_0p04\D_8_chi_104_energy_magnetization_correlation.txt,0.28,8,104,plaquette,0.04,0.04,0,1,-0.4412944886333,2.8878407999921585e-06,-0.4423351680063499,-0.4422019838346,-0.07770333272643,0.36463183527991994,0.00036525656529046044,plaquette,a69a3f5dea3f8d83b9ce9d09ac5d3221ca7bdbbcd7ea499d2a5b699161a7f585,True,selected variational/high-chi representative
d6c1df682bb8eb,synced_large_h:Results_Izar_replica1,D:\HyraiOn\ENS_Lyon\Internship\2026-EPFL\data\distinVBCs\Results_Izar_replica1\J2_0.28\D_8\orientation_0\plaquette\replica_1\h_0p08\D_8_chi_104_energy_magnetization_correlation.txt,0.28,8,104,plaquette,0.08,0.08,0,1,-0.4570440779959,3.469273900047476e-06,-0.45250988826574995,-0.4524275175263501,-0.03574113329172501,0.41676875497402494,0.0001976413500695528,plaquette,8763baae366c57453b6f434f4db8fa577fa1df24e12b46aad851f87f543ec40f,True,selected variational/high-chi representative
939f7ff7135073,synced_large_h:Results_Izar_replica1,D:\HyraiOn\ENS_Lyon\Internship\2026-EPFL\data\distinVBCs\Results_Izar_replica1\J2_0.28\D_9\orientation_2\dimer-plaquette\replica_1\h_0p08\D_9_chi_108_energy_magnetization_correlation.txt,0.28,9,108,dimer-plaquette,0.08,-0.08,2,1,-0.4613284899089,1.6650748000390792e-06,-0.66081365278055,-0.1295682504638,-0.12956152215305,0.5312521306275,0.999987334995265,dimer-plaquette,6ef905b53e4f123ca5bbbd3106023b1c7c9482de10c9831a8792c96d48954c3b,True,selected variational/high-chi representative
1d727217983c67,synced_large_h:Results_Izar_replica1,D:\HyraiOn\ENS_Lyon\Internship\2026-EPFL\data\distinVBCs\Results_Izar_replica1\J2_0.28\D_9\orientation_2\dimer-plaquette\replica_1\h_0p04\D_9_chi_108_energy_magnetization_correlation.txt,0.28,9,108,dimer-plaquette,0.04,-0.04,2,1,-0.4421795019577,2.0876553999960024e-06,-0.59750817400305,-0.1800781023661,-0.18005467488034999,0.4174534991227,0.9999438800110689,dimer-plaquette,11cf38b8f7ef9725fed43f118ee37dd9a6388b0678fa4bd8ff359a1eda949c35,True,selected variational/high-chi representative
0efdb972ce970a,synced_large_h:Results_Izar_replica1,D:\HyraiOn\ENS_Lyon\Internship\2026-EPFL\data\distinVBCs\Results_Izar_replica1\J2_0.28\D_9\orientation_2\dimer-plaquette\replica_1\h_0p02\D_9_chi_108_energy_magnetization_correlation.txt,0.28,9,108,dimer-plaquette,0.02,-0.02,2,1,-0.4346395201062,3.926300500001201e-06,-0.5468035375189,-0.21453865424724997,-0.21426813575829998,0.33253540176060004,0.9991864971743828,dimer-plaquette,96459a40e0e3d70a2918797b53afe0c757cb8c36943ab5f73573e54cdb751561,True,selected variational/high-chi representative
540662a9d29369,synced_small_h:Results_Izar_replica1,D:\HyraiOn\ENS_Lyon\Internship\2026-EPFL\data\distinVBCsSmallH\Results_Izar_replica1\J2_0.28\D_9\orientation_2\dimer-plaquette\replica_1\h_0p005\D_9_chi_108_energy_magnetization_correlation.txt,0.28,9,108,dimer-plaquette,0.005,-0.005,2,1,-0.4303469772684,1.7454551000106733e-06,-0.4822266142892,-0.25366550721485,-0.2530507219209,0.2291758923683,0.9973174085302045,dimer-plaquette,48bed11d4d7b493263567b658f39a5dd7628be5e5587c3f5439e115f0252661b,True,selected variational/high-chi representative
fa03c160a4f304,synced_small_h:Results_Izar_replica1,D:\HyraiOn\ENS_Lyon\Internship\2026-EPFL\data\distinVBCsSmallH\Results_Izar_replica1\J2_0.28\D_9\orientation_2\dimer-plaquette\replica_1\h_0p003\D_9_chi_108_energy_magnetization_correlation.txt,0.28,9,108,dimer-plaquette,0.003,-0.003,2,1,-0.4299227678083,4.196345100015986e-06,-0.4662346880383,-0.26252939958095,-0.2620974915003,0.204137196538,0.997884226451745,dimer-plaquette,4f16e6aa49593f2ab506eb191f9e0c630f301eae6350c53b04df2d54340fc024,True,selected variational/high-chi representative
1a0a60bf103b24,synced_small_h:Results_Izar_replica1,D:\HyraiOn\ENS_Lyon\Internship\2026-EPFL\data\distinVBCsSmallH\Results_Izar_replica1\J2_0.28\D_9\orientation_2\dimer-plaquette\replica_1\h_0p002\D_9_chi_108_energy_magnetization_correlation.txt,0.28,9,108,dimer-plaquette,0.002,-0.002,2,1,-0.4297277147402,5.995982599982241e-06,-0.4563181657292,-0.26813790676945,-0.26738339917155,0.18893476655764996,0.9960065179551285,dimer-plaquette,865fbe9dbbd8ea4283aa94ea35e9bc32e77471be335e5e9f5afd145d180eaeb8,True,selected variational/high-chi representative
7eb0d8f0d0977b,synced_small_h:Results_Izar_replica1,D:\HyraiOn\ENS_Lyon\Internship\2026-EPFL\data\distinVBCsSmallH\Results_Izar_replica1\J2_0.28\D_9\orientation_2\dimer-plaquette\replica_1\h_0p001\D_9_chi_108_energy_magnetization_correlation.txt,0.28,9,108,dimer-plaquette,0.001,-0.001,2,1,-0.4295418056278,4.222460899983016e-06,-0.44922001749415,-0.27208142819365,-0.27109605441010004,0.17812396308404999,0.9944680448015577,dimer-plaquette,46f1e7f3d01b805c873e1de65fcdcfd0c060f64b0ef157c6d89d7436161ac2c5,True,selected variational/high-chi representative
2b45220e051823,izar_j2_sequences:Results_Izar_J2_sequences,D:\HyraiOn\ENS_Lyon\Internship\2026-EPFL\data\distinVBCsJ2Continuation\Results_Izar_J2_sequences\s006_J2_0p33_D_9_dimer-plaquette\left\insurance_1\J2_0p28\D_9_chi_108_energy_magnetization_correlation.txt,0.28,9,108,dimer-plaquette,0.0,0.0,1,0,-0.4292625382235,1.9166431100003933e-05,-0.44047586790140003,-0.27989006281050005,-0.26483069995445,0.17564516794695,0.9142625838668195,dimer-plaquette,3729fe944980187ebd818ba7f99b79ee2d2846c27faa81315bb1deed80c9fc84,False,higher-energy duplicate/protocol
8317efee873a4c,izar_j2_sequences:Results_Izar_J2_sequences,D:\HyraiOn\ENS_Lyon\Internship\2026-EPFL\data\distinVBCsJ2Continuation\Results_Izar_J2_sequences\s006_J2_0p33_D_9_dimer-plaquette\left\insurance_2\J2_0p28\D_9_chi_108_energy_magnetization_correlation.txt,0.28,9,108,dimer-plaquette,0.0,0.0,1,0,-0.4293524510415,1.7217246999989833e-05,-0.41962395686785,-0.29392956556,-0.2810413186418,0.13858263822605,0.906999555765584,dimer-plaquette,6d793e76ac1497297a5964bf6c565d93a0527c7a8d60513d803d57f44d33bca8,False,higher-energy duplicate/protocol
31044bb801ac74,izar_j2_sequences:Results_Izar_J2_sequences,D:\HyraiOn\ENS_Lyon\Internship\2026-EPFL\data\distinVBCsJ2Continuation\Results_Izar_J2_sequences\s102_J2_0p3_D_9_dimer-plaquette\left\insurance_1\J2_0p28\D_9_chi_108_energy_magnetization_correlation.txt,0.28,9,108,dimer-plaquette,0.0,0.0,0,0,-0.4293905561528,8.216561699969649e-06,-0.42713042452659994,-0.29230828712215,-0.27456267257085,0.15256775195574995,0.8836869893944109,dimer-plaquette,30d06af552e20eda232e61f522b791be2362ee7152d473c6da5f3304f1429aee,False,higher-energy duplicate/protocol
ebba6198bfcaaa,izar_j2_sequences:Results_Izar_J2_sequences,D:\HyraiOn\ENS_Lyon\Internship\2026-EPFL\data\distinVBCsJ2Continuation\Results_Izar_J2_sequences\s102_J2_0p3_D_9_dimer-plaquette\left\insurance_2\J2_0p28\D_9_chi_108_energy_magnetization_correlation.txt,0.28,9,108,dimer-plaquette,0.0,0.0,0,0,-0.4293914128243,9.254671799963088e-06,-0.42845907184015,-0.29307598136415,-0.27223811587205,0.15622095596809998,0.8666128666095537,dimer-plaquette,6afddbb64baa4a08ec5bdf56ab8cf7c3853dafabf6f1297a9f56621ea8d4226c,False,higher-energy duplicate/protocol
c96e85dc23c78f,synced_small_h:Results_Izar_replica1,D:\HyraiOn\ENS_Lyon\Internship\2026-EPFL\data\distinVBCsSmallH\Results_Izar_replica1\J2_0.28\D_9\orientation_2\dimer-plaquette\replica_1\h_0\D_9_chi_108_energy_magnetization_correlation.txt,0.28,9,108,dimer-plaquette,0.0,0.0,2,1,-0.4293999510728,7.438713399976482e-06,-0.41305582649699996,-0.29400688449710005,-0.28757694119095,0.12547888530604995,0.9487567705876008,dimer-plaquette,b85258a66d8ad84762f6b94f32aa8f24c59e136204c98508abf545a1885042ec,True,selected variational/high-chi representative
97469ed5bfbcc2,izar_j2_sequences:Results_Izar_J2_sequences,D:\HyraiOn\ENS_Lyon\Internship\2026-EPFL\data\distinVBCsJ2Continuation\Results_Izar_J2_sequences\s005_J2_0p3_D_9_plaquette\left\insurance_1\J2_0p28\D_9_chi_108_energy_magnetization_correlation.txt,0.28,9,108,plaquette,0.0,0.0,0,0,-0.4294088089708,4.876486200011687e-06,-0.3741898055144,-0.36872826125874997,-0.25169735659035003,0.12249244892404998,0.04458678313335387,plaquette,6f0327874a80edfb206c737b2b81aed783e9f622e2b6f085da816239e53b77ae,False,higher-energy duplicate/protocol
3015472f7e0943,izar_j2_sequences:Results_Izar_J2_sequences,D:\HyraiOn\ENS_Lyon\Internship\2026-EPFL\data\distinVBCsJ2Continuation\Results_Izar_J2_sequences\s005_J2_0p3_D_9_plaquette\left\insurance_2\J2_0p28\D_9_chi_108_energy_magnetization_correlation.txt,0.28,9,108,plaquette,0.0,0.0,0,0,-0.4294124084997,9.852483700001358e-06,-0.3754297330593,-0.36857949843165,-0.2504453317411,0.12498440131819999,0.05480871657103725,plaquette,fc9539ab6d487dbae2f0eed748ed0a12cbd8d64bfd7605157b119a4101d4fdb0,True,selected variational/high-chi representative
2ac27ff7e2d6c4,izar_j2_sequences:Results_Izar_J2_sequences,D:\HyraiOn\ENS_Lyon\Internship\2026-EPFL\data\distinVBCsJ2Continuation\Results_Izar_J2_sequences\s103_J2_0p31_D_9_plaquette\left\insurance_1\J2_0p28\D_9_chi_108_energy_magnetization_correlation.txt,0.28,9,108,plaquette,0.0,0.0,0,0,-0.429374441377,8.636509999992992e-06,-0.38429769774760003,-0.3725766188661,-0.237293009932,0.14700468781560003,0.0797326878187908,plaquette,1fadab3023e7c016936e9f1026354d15c3e4f28d018bbb57d060b5f7d945129c,False,higher-energy duplicate/protocol
e908084e29ea48,izar_j2_sequences:Results_Izar_J2_sequences,D:\HyraiOn\ENS_Lyon\Internship\2026-EPFL\data\distinVBCsJ2Continuation\Results_Izar_J2_sequences\s103_J2_0p31_D_9_plaquette\left\insurance_2\J2_0p28\D_9_chi_108_energy_magnetization_correlation.txt,0.28,9,108,plaquette,0.0,0.0,0,0,-0.4293833495426,1.1151321799962588e-05,-0.38212133794854997,-0.36554644575809997,-0.2469248804538,0.13519645749474996,0.12259856876126836,plaquette,e0eae1f5866ae4a9e8109f72ae8780290f94403f16ba5f068d015814c5f6239d,False,higher-energy duplicate/protocol
ed4d0d577e8a40,synced_small_h:Results_Izar_replica1,D:\HyraiOn\ENS_Lyon\Internship\2026-EPFL\data\distinVBCsSmallH\Results_Izar_replica1\J2_0.28\D_9\orientation_2\plaquette\replica_1\h_0p002\D_9_chi_108_energy_magnetization_correlation.txt,0.28,9,108,plaquette,0.002,0.002,2,1,-0.4297273378806,3.2398497000207804e-06,-0.39652046794129997,-0.39584321957859997,-0.1987287738321,0.19779169410919997,0.0034240485463767466,plaquette,31cb91d803a515491917adb98aec4ae1270dc7802b930ef6f28fd2dd6867b3ea,True,selected variational/high-chi representative
bfef5a069309f3,synced_small_h:Results_Izar_replica1,D:\HyraiOn\ENS_Lyon\Internship\2026-EPFL\data\distinVBCsSmallH\Results_Izar_replica1\J2_0.28\D_9\orientation_2\plaquette\replica_1\h_0p003\D_9_chi_108_energy_magnetization_correlation.txt,0.28,9,108,plaquette,0.003,0.003,2,1,-0.4299309024193,3.939318799994762e-06,-0.39995392789575,-0.3998364244498,-0.1902451791729,0.20970874872285003,0.000560317328989025,plaquette,b8ff0ce4352f1f1e10edebbdcc70be63fdc5001ca94018fa3641a311b8458c36,True,selected variational/high-chi representative
e11a10bd6d0aaf,synced_small_h:Results_Izar_replica1,D:\HyraiOn\ENS_Lyon\Internship\2026-EPFL\data\distinVBCsSmallH\Results_Izar_replica1\J2_0.28\D_9\orientation_2\plaquette\replica_1\h_0p005\D_9_chi_108_energy_magnetization_correlation.txt,0.28,9,108,plaquette,0.005,0.005,2,1,-0.4303698636692,3.5569319000172683e-06,-0.40622607269175,-0.40601769280425004,-0.17598057766025,0.2302454950315,0.0009050335055260675,plaquette,2db1226b9a9d183338ef869cf7630d70af45fd2e6b8ea040e67e6f5d108478bf,True,selected variational/high-chi representative
61c7bf10a7834a,synced_large_h:Results_Izar_replica1,D:\HyraiOn\ENS_Lyon\Internship\2026-EPFL\data\distinVBCs\Results_Izar_replica1\J2_0.28\D_9\orientation_2\plaquette\replica_1\h_0p01\D_9_chi_108_energy_magnetization_correlation.txt,0.28,9,108,plaquette,0.01,0.01,2,1,-0.431606852969,1.2938879999646602e-06,-0.4170296901926,-0.41691457460465003,-0.1498321440118,0.2671975461808,0.00043082576765907934,plaquette,47c52620112b6816dc9960e39e429d9850a11d180d9b771ccbc08411e9158923,True,selected variational/high-chi representative
bcd7b9787ea21c,synced_large_h:Results_Izar_replica1,D:\HyraiOn\ENS_Lyon\Internship\2026-EPFL\data\distinVBCs\Results_Izar_replica1\J2_0.28\D_9\orientation_2\plaquette\replica_1\h_0p02\D_9_chi_108_energy_magnetization_correlation.txt,0.28,9,108,plaquette,0.02,0.02,2,1,-0.4345193136102,1.2372227000123637e-06,-0.42930426625120005,-0.42927684318525,-0.117312452177,0.31199181407420007,8.789674828945247e-05,plaquette,03ab474931fc5fd804f81303c114c3975c79a4953dfc0070e9a17c42bcc7e1b7,True,selected variational/high-chi representative
a9866ec1d38a59,synced_large_h:Results_Izar_replica1,D:\HyraiOn\ENS_Lyon\Internship\2026-EPFL\data\distinVBCs\Results_Izar_replica1\J2_0.28\D_9\orientation_2\plaquette\replica_1\h_0p04\D_9_chi_108_energy_magnetization_correlation.txt,0.28,9,108,plaquette,0.04,0.04,2,1,-0.4413310397021,1.7670810000258719e-06,-0.4420571150788,-0.4420430784191,-0.07800388407748,0.36405323100132003,3.855661344195292e-05,plaquette,6249ded596bc9f3bdcb1791ee5d85823b35c5feed075b9bfaa8dbddfe7262dfb,True,selected variational/high-chi representative
1a969e65bd5d44,synced_large_h:Results_Izar_replica1,D:\HyraiOn\ENS_Lyon\Internship\2026-EPFL\data\distinVBCs\Results_Izar_replica1\J2_0.28\D_9\orientation_2\plaquette\replica_1\h_0p08\D_9_chi_108_energy_magnetization_correlation.txt,0.28,9,108,plaquette,0.08,0.08,2,1,-0.4570697313445,1.6601955999950846e-06,-0.4523653679176,-0.45234479888894996,-0.03581415015177,0.41655121776583004,4.93793506603449e-05,plaquette,5bc11eef638cee18ca994d7229441e707e0596c10248f17a4df668bbe38fdd6d,True,selected variational/high-chi representative
4da68915c50ffc,synced_large_h:Results_Izar_replica1,D:\HyraiOn\ENS_Lyon\Internship\2026-EPFL\data\distinVBCs\Results_Izar_replica1\J2_0.29\D_6\orientation_2\dimer-plaquette\replica_1\h_0p08\D_6_chi_72_energy_magnetization_correlation.txt,0.29,6,72,dimer-plaquette,0.08,-0.08,2,1,-0.4597445445129,1.5275079995324958e-07,-0.66673117644755,-0.12277425285725001,-0.12271180315595,0.5440193732916,0.9998852068430539,dimer-plaquette,3a085a511f44f93f2c9c5a4b4593c3332e09b02e20f4f5ad77660bdbbfa03c77,True,selected variational/high-chi representative
336b97861a0714,synced_large_h:Results_Izar_replica1,D:\HyraiOn\ENS_Lyon\Internship\2026-EPFL\data\distinVBCs\Results_Izar_replica1\J2_0.29\D_6\orientation_2\dimer-plaquette\replica_1\h_0p04\D_6_chi_72_energy_magnetization_correlation.txt,0.29,6,72,dimer-plaquette,0.04,-0.04,2,1,-0.4400339177398,4.4284829997520703e-07,-0.6057034525791,-0.17280745816835,-0.17258478164775,0.4331186709313499,0.9994858764224569,dimer-plaquette,dcd36307c8f6873ac4d68d77f732ebb09714df4e2fe2a4e089842b069957e530,True,selected variational/high-chi representative
8c8bd71dcb8b5f,synced_large_h:Results_Izar_replica1,D:\HyraiOn\ENS_Lyon\Internship\2026-EPFL\data\distinVBCs\Results_Izar_replica1\J2_0.29\D_6\orientation_2\dimer-plaquette\replica_1\h_0p02\D_6_chi_72_energy_magnetization_correlation.txt,0.29,6,72,dimer-plaquette,0.02,-0.02,2,1,-0.4321334288207,2.3482009997577435e-07,-0.55867408001085,-0.20538971592389998,-0.20516375505889997,0.35351032495195,0.9993608083016224,dimer-plaquette,1f001a1d1dc4d4f8e3db679faba3b48d782a8f981763d6d1030acdc6cf1dea47,True,selected variational/high-chi representative
22fc93069b77a7,synced_large_h:Results_Izar_replica1,D:\HyraiOn\ENS_Lyon\Internship\2026-EPFL\data\distinVBCs\Results_Izar_replica1\J2_0.29\D_6\orientation_2\dimer-plaquette\replica_1\h_0p01\D_6_chi_72_energy_magnetization_correlation.txt,0.29,6,72,dimer-plaquette,0.01,-0.01,2,1,-0.4288500957716,4.743932999762279e-07,-0.52771677866555,-0.22509136482144998,-0.22473329222174998,0.3029834864438,0.9988181778356874,dimer-plaquette,5fb3728f4c994375162cfd831994cbf9cb63cbeaec847e999f8cfcae3123a108,True,selected variational/high-chi representative
c52ea664b72ccf,synced_large_h:Results_Izar_replica1,D:\HyraiOn\ENS_Lyon\Internship\2026-EPFL\data\distinVBCs\Results_Izar_replica1\J2_0.29\D_6\orientation_2\dimer-plaquette\replica_1\h_0p005\D_6_chi_72_energy_magnetization_correlation.txt,0.29,6,72,dimer-plaquette,0.005,-0.005,2,1,-0.4274084735685,4.1681390000603e-07,-0.5093878977927501,-0.2364186715725,-0.23568355742855,0.2737043403642001,0.9973142035563929,dimer-plaquette,b4c15876f87237a9978c97577f61a5ffab0d88050d1f8f8c1c0c69e8b8dc88f8,True,selected variational/high-chi representative
af3224f59b9921,synced_small_h:Results_Izar_replica1,D:\HyraiOn\ENS_Lyon\Internship\2026-EPFL\data\distinVBCsSmallH\Results_Izar_replica1\J2_0.29\D_6\orientation_2\dimer-plaquette\replica_1\h_0p003\D_6_chi_72_energy_magnetization_correlation.txt,0.29,6,72,dimer-plaquette,0.003,-0.003,2,1,-0.4268752590209,3.634428999976791e-07,-0.5011252943384,-0.2413156901428,-0.24059104617649998,0.2605342481619001,0.9972186229971205,dimer-plaquette,6ad78701ae2717a5b1ca1c46d21c2571017a328c57557f4bf18111617e9312c8,True,selected variational/high-chi representative
956e25240add9a,synced_small_h:Results_Izar_replica1,D:\HyraiOn\ENS_Lyon\Internship\2026-EPFL\data\distinVBCsSmallH\Results_Izar_replica1\J2_0.29\D_6\orientation_2\dimer-plaquette\replica_1\h_0p002\D_6_chi_72_energy_magnetization_correlation.txt,0.29,6,72,dimer-plaquette,0.002,-0.002,2,1,-0.4266284338637,1.3455139996620957e-07,-0.49620563468359996,-0.2442334293741,-0.24336221337235,0.2528434213112499,0.9965543260044819,dimer-plaquette,efc4cf3ff6016af87312c31feca831da4f3a5cf1c9decd47c08cb784175477a7,True,selected variational/high-chi representative
40c5ca6bbaf496,synced_small_h:Results_Izar_replica1,D:\HyraiOn\ENS_Lyon\Internship\2026-EPFL\data\distinVBCsSmallH\Results_Izar_replica1\J2_0.29\D_6\orientation_2\dimer-plaquette\replica_1\h_0p001\D_6_chi_72_energy_magnetization_correlation.txt,0.29,6,72,dimer-plaquette,0.001,-0.001,2,1,-0.4263800961918,2.1869029998011769e-07,-0.49166549114755,-0.24649869939235,-0.246409794511,0.24525569663654997,0.9996375012586078,dimer-plaquette,ee40d927f1eeb5ccd73cb87dd919087e0aa5d83d4e0a08f60839c648067b8101,True,selected variational/high-chi representative
88b4e84e7906f8,synced_small_h:Results_Izar_replica1,D:\HyraiOn\ENS_Lyon\Internship\2026-EPFL\data\distinVBCsSmallH\Results_Izar_replica1\J2_0.29\D_6\orientation_2\dimer-plaquette\replica_1\h_0\D_6_chi_72_energy_magnetization_correlation.txt,0.29,6,72,dimer-plaquette,0.0,0.0,2,1,-0.4261384302902,1.7125059997846748e-07,-0.48714352477225,-0.24914206753104998,-0.24899406504635,0.2381494597259,0.999378531091902,dimer-plaquette,05c502305c50e4324d1a7f19920526dcd81d907e860181df2a004ea642c96953,True,selected variational/high-chi representative
19ac4b00341a68,last_izar_pins:Results_LastIzar,D:\HyraiOn\ENS_Lyon\Internship\2026-EPFL\data\distinVBCsJ2Continuation\LastIzar\Results_LastIzar\task1_D6_adiabatic\J2_0p29\D_6_chi_72_energy_magnetization_correlation.txt,0.29,6,72,plaquette,0.0,0.0,0,0,-0.4261380187371,1.4094020001076402e-07,-0.48699963789085005,-0.24993748598605,-0.24834077686695,0.23865886102390005,0.9933096591836156,dimer-plaquette,6227ace36dc90b0c529847fbf1376b9d8886cf7f0e9e23cfb297901ac2bc6272,False,branch texture flipped
a04c153210b94e,last_izar_pins:Results_LastIzar,D:\HyraiOn\ENS_Lyon\Internship\2026-EPFL\data\distinVBCsJ2Continuation\LastIzar\Results_LastIzar\task1_D6_adiabatic\insurance_2\J2_0p29\D_6_chi_72_energy_magnetization_correlation.txt,0.29,6,72,plaquette,0.0,0.0,0,0,-0.4261380190715,1.35866400019502e-07,-0.48700288707775,-0.24989734727075,-0.2483714557309,0.23863143134685003,0.9936056556705972,dimer-plaquette,a179ad6589c5d1b03bb67bd181a5571c9dec6830d3e8d65612a8426a48d89a5b,False,branch texture flipped
8544e679f964cc,last_izar_pins:Results_LastIzar,D:\HyraiOn\ENS_Lyon\Internship\2026-EPFL\data\distinVBCsJ2Continuation\LastIzar\Results_LastIzar\task1_D6_adiabatic\insurance_3\J2_0p29\D_6_chi_72_energy_magnetization_correlation.txt,0.29,6,72,plaquette,0.0,0.0,0,0,-0.4261380670776,1.2810520000350323e-07,-0.48700864213949996,-0.24990806429714998,-0.24835431574065,0.23865432639884995,0.9934895437265056,dimer-plaquette,4af2627b2ebda4e1ffc1139d3efe5a0a5c79612fc850a33ccd55e1cb02fbbc63,False,branch texture flipped
42c69b3a5fb29e,last_izar_pins:Results_LastIzar,D:\HyraiOn\ENS_Lyon\Internship\2026-EPFL\data\distinVBCsJ2Continuation\LastIzar\Results_LastIzar\task1_D6_adiabatic\insurance_4\J2_0p29\D_6_chi_72_energy_magnetization_correlation.txt,0.29,6,72,plaquette,0.0,0.0,0,0,-0.4261380428791,1.3312579999480434e-07,-0.48700510090160004,-0.2499358834216,-0.2483394827398,0.23866561816180004,0.9933111409423131,dimer-plaquette,bd036077f37dabebe67ebb3b9cb70d30b85650916b1f1052ba80f975e2b99c6d,False,branch texture flipped
d6b30d22c1d1f2,last_izar_pins:Results_LastIzar,D:\HyraiOn\ENS_Lyon\Internship\2026-EPFL\data\distinVBCsJ2Continuation\LastIzar\Results_LastIzar\task1_D6_adiabatic\insurance_5\J2_0p29\D_6_chi_72_energy_magnetization_correlation.txt,0.29,6,72,plaquette,0.0,0.0,0,0,-0.4261378490749,1.8572249999015966e-07,-0.48697535774815,-0.24963599830164998,-0.24866088867070002,0.23831446907744996,0.9959083070586324,dimer-plaquette,e4f1d2a0375cd7e5800e5d6c51c0a20109daf5e89110324c640cbed66c1522e7,False,branch texture flipped
bb3bf14e5c9917,last_izar_pins:Results_LastIzar,D:\HyraiOn\ENS_Lyon\Internship\2026-EPFL\data\distinVBCsJ2Continuation\LastIzar\Results_LastIzar\task_pin_D6_h0p01_adam\J2_0p29\h_0\D_6_chi_72_energy_magnetization_correlation.txt,0.29,6,72,plaquette,0.0,0.0,0,0,-0.4261382519574,1.133499999972365e-07,-0.4871182496967,-0.24974031892460002,-0.24839590151395,0.23872234818274998,0.9943682800505095,dimer-plaquette,ce278b140d18b2a0cfbe2b869235f98d7407f32d17afd11a0fc2d33d91f320ac,False,branch texture flipped
873e05663a7da9,last_izar_pins:Results_LastIzar,D:\HyraiOn\ENS_Lyon\Internship\2026-EPFL\data\distinVBCsJ2Continuation\LastIzar\Results_LastIzar\task_pin_D6_h0p01_lbfgs\J2_0p29\h_0\D_6_chi_72_energy_magnetization_correlation.txt,0.29,6,72,plaquette,0.0,0.0,0,0,0.2642017929066,0.5748541142201,0.025369225198795,0.027995080604394998,0.046332114607670005,0.020962889408875005,0.12526209313914027,plaquette,00223748880e99571990a985d0bd06bee6b5bcf5df1230819640d1a08f688435,False,branch texture flipped
8ce78f888b01ba,last_izar_pins:Results_LastIzar,D:\HyraiOn\ENS_Lyon\Internship\2026-EPFL\data\distinVBCsJ2Continuation\LastIzar\Results_LastIzar\task_pin_D6_h0p02_adam\J2_0p29\h_0\D_6_chi_72_energy_magnetization_correlation.txt,0.29,6,72,plaquette,0.0,0.0,0,0,-0.4261387998107,1.9920299965114907e-08,-0.4871039032811,-0.2493770034354,-0.2487719774099,0.23833192587119997,0.997461414272182,dimer-plaquette,47ee814c4ffc1bd3cd80c88fb49c17ed0c099dc9212ce34a3ff2df3aff009425,False,branch texture flipped
5219a46fe95e21,last_izar_pins:Results_LastIzar,D:\HyraiOn\ENS_Lyon\Internship\2026-EPFL\data\distinVBCsJ2Continuation\LastIzar\Results_LastIzar\task_pin_D6_h0p02_lbfgs\J2_0p29\h_0\D_6_chi_72_energy_magnetization_correlation.txt,0.29,6,72,plaquette,0.0,0.0,0,0,-0.408436254544,2.5351999943801218e-09,-0.5118212980641,-0.37565469070455,-0.065628875709665,0.446192422354435,0.3051746299075099,three-distinct/mixed,3170509b85232148b6da88d2d4ce7ec69087833c06d373f438c87fb7df9e4cd9,False,branch texture flipped
cbc433002618fb,last_izar_pins:Results_LastIzar,D:\HyraiOn\ENS_Lyon\Internship\2026-EPFL\data\distinVBCsJ2Continuation\LastIzar\Results_LastIzar\task_pin_D6_h0p03_adam\J2_0p29\h_0\D_6_chi_72_energy_magnetization_correlation.txt,0.29,6,72,plaquette,0.0,0.0,0,0,-0.4261396701969,6.4414000244816805e-09,-0.4870276906427,-0.2494808834144,-0.2487788972547,0.238248793388,0.9970535583844206,dimer-plaquette,6cfe32e5bffecd663ee60b98abb1372fd929fc33db813357b638c03cf0cacc30,False,branch texture flipped
9a78bfa261a40e,last_izar_pins:Results_LastIzar,D:\HyraiOn\ENS_Lyon\Internship\2026-EPFL\data\distinVBCsJ2Continuation\LastIzar\Results_LastIzar\task_pin_D6_h0p03_lbfgs\J2_0p29\h_0\D_6_chi_72_energy_magnetization_correlation.txt,0.29,6,72,plaquette,0.0,0.0,0,0,-0.4261396697083,5.6461000041974074e-08,-0.48709986154135,-0.24911673788575003,-0.24904910251044998,0.2380507590309,0.9997158783463855,dimer-plaquette,32d15588286720515aef9bcf717accd1a6f37d97fec911456928687413f48b3a,False,branch texture flipped
473503293437f2,synced_small_h:Results_Izar_replica1,D:\HyraiOn\ENS_Lyon\Internship\2026-EPFL\data\distinVBCsSmallH\Results_Izar_replica1\J2_0.29\D_6\orientation_2\plaquette\replica_1\h_0\D_6_chi_72_energy_magnetization_correlation.txt,0.29,6,72,plaquette,0.0,0.0,2,1,-0.4261390270226,1.4740000331414649e-09,-0.48705973410764997,-0.2498898032979,-0.24831148824065,0.23874824586699997,0.9933892077342037,dimer-plaquette,b1d347a589d1782b0d08a38d79a9222e0856f47690cefc2eec9bbe2451690201,False,branch texture flipped
01967f43cc3c9a,synced_small_h:Results_Izar_replica1,D:\HyraiOn\ENS_Lyon\Internship\2026-EPFL\data\distinVBCsSmallH\Results_Izar_replica1\J2_0.29\D_6\orientation_2\plaquette\replica_1\h_0p001\D_6_chi_72_energy_magnetization_correlation.txt,0.29,6,72,plaquette,0.001,0.001,2,1,-0.4259670984456,1.7954955000010209e-06,-0.46572027200385,-0.34385074794445,-0.1772676901597,0.28845258184415,0.422494135016083,three-distinct/mixed,ec3460320f4ec008cfc8f9fdc96ddd694c4db8f92fd4cd5770d975c73b280a2c,True,selected variational/high-chi representative
5d6ae778a9864e,synced_small_h:Results_Izar_replica1,D:\HyraiOn\ENS_Lyon\Internship\2026-EPFL\data\distinVBCsSmallH\Results_Izar_replica1\J2_0.29\D_6\orientation_2\plaquette\replica_1\h_0p002\D_6_chi_72_energy_magnetization_correlation.txt,0.29,6,72,plaquette,0.002,0.002,2,1,-0.426204088898,2.1682490000118904e-06,-0.45618940746395004,-0.3652116247902,-0.1645739181083,0.29161548935565007,0.3119785676500704,three-distinct/mixed,8df7f7f3b00fc3c49e48d2a0a49e88fd2c7b28e5b5c555105fba0ee92131ba1b,True,selected variational/high-chi representative
0726486241ef5e,synced_small_h:Results_Izar_replica1,D:\HyraiOn\ENS_Lyon\Internship\2026-EPFL\data\distinVBCsSmallH\Results_Izar_replica1\J2_0.29\D_6\orientation_2\plaquette\replica_1\h_0p003\D_6_chi_72_energy_magnetization_correlation.txt,0.29,6,72,plaquette,0.003,0.003,2,1,-0.4264552834018,1.991969599990373e-06,-0.4508648341996,-0.3774285536207,-0.1567523029436,0.294112531256,0.24968769696854554,plaquette,feb74e866e401184943124fa5734799d20c3a5aa0dece1a69317c180b013e1a2,True,selected variational/high-chi representative
6acba39116ccb1,synced_large_h:Results_Izar_replica1,D:\HyraiOn\ENS_Lyon\Internship\2026-EPFL\data\distinVBCs\Results_Izar_replica1\J2_0.29\D_6\orientation_2\plaquette\replica_1\h_0p005\D_6_chi_72_energy_magnetization_correlation.txt,0.29,6,72,plaquette,0.005,0.005,2,1,-0.4269858031349,1.4002162999626755e-06,-0.44185441999104996,-0.39686398291695,-0.14455141280285,0.29730300718819996,0.15132856374244447,plaquette,6f39c1276c44d3255684e12d326122238c957afd3020d2b917766927fba2b711,True,selected variational/high-chi representative
e556bcfa20c42d,last_izar_pins:Results_LastIzar,D:\HyraiOn\ENS_Lyon\Internship\2026-EPFL\data\distinVBCsJ2Continuation\LastIzar\Results_LastIzar\task_pin_D6_h0p01_adam\J2_0p29\h_0p01\D_6_chi_72_energy_magnetization_correlation.txt,0.29,6,72,plaquette,0.01,0.01,0,0,-0.4286767497043,6.892770004762738e-08,-0.43952230224995,-0.40967331589879996,-0.128202128083,0.31132017416695,0.0958787410132408,plaquette,994f17c19652465ae32303f1c473917a9550debf2d8da53e0171da9a9dc3bb2a,True,selected variational/high-chi representative
39805c4e1d4e27,last_izar_pins:Results_LastIzar,D:\HyraiOn\ENS_Lyon\Internship\2026-EPFL\data\distinVBCsJ2Continuation\LastIzar\Results_LastIzar\task_pin_D6_h0p01_lbfgs\J2_0p29\h_0p01\D_6_chi_72_energy_magnetization_correlation.txt,0.29,6,72,plaquette,0.01,0.01,0,0,-0.1574823325356,0.1563212693475,-0.24999078954375,-0.24999026930575,-0.249983666472,7.12307175002036e-06,0.07303562539728084,uniform/unresolved,cb261b60ca7b98ef292c30a1cce65285c2e8c46d703d8589f9aedc1f8aaabcc1,False,energy outside original-2C3 physical envelope
e046ecb91d13e4,synced_large_h:Results_Izar_replica1,D:\HyraiOn\ENS_Lyon\Internship\2026-EPFL\data\distinVBCs\Results_Izar_replica1\J2_0.29\D_6\orientation_2\plaquette\replica_1\h_0p01\D_6_chi_72_energy_magnetization_correlation.txt,0.29,6,72,plaquette,0.01,0.01,2,1,-0.4284287116909,1.1976753000464413e-06,-0.43907732817175,-0.41423697493405,-0.12561969727565,0.3134576308961,0.07924628654497072,plaquette,d172ed82e7141c9ca943ec6567c4507ec9f96ee5510ace1c997ee9178696a82f,False,higher-energy duplicate/protocol
42bc06d12ec14b,last_izar_pins:Results_LastIzar,D:\HyraiOn\ENS_Lyon\Internship\2026-EPFL\data\distinVBCsJ2Continuation\LastIzar\Results_LastIzar\task_pin_D6_h0p02_adam\J2_0p29\h_0p02\D_6_chi_72_energy_magnetization_correlation.txt,0.29,6,72,plaquette,0.02,0.02,0,0,-0.4318478654509,5.335792999661138e-07,-0.44026473306085,-0.4281237575906,-0.10145792105719999,0.33880681200365004,0.035834508162484076,plaquette,7b7b04db8acfd03a78b34c885b15cc469bce30d1072babe94ad496296bae25be,True,selected variational/high-chi representative
f0f640889d8609,last_izar_pins:Results_LastIzar,D:\HyraiOn\ENS_Lyon\Internship\2026-EPFL\data\distinVBCsJ2Continuation\LastIzar\Results_LastIzar\task_pin_D6_h0p02_lbfgs\J2_0p29\h_0p02\D_6_chi_72_energy_magnetization_correlation.txt,0.29,6,72,plaquette,0.02,0.02,0,0,-0.4159984353499,2.644599983447904e-09,-0.51182130903975,-0.37565467852325,-0.06562886364977,0.44619244538998,0.3051746660512998,three-distinct/mixed,f012027e8bcbd481eeba66f0ed513c0b6831f1f7d6c299b784d5b396added118,False,higher-energy duplicate/protocol
12ac7afcdf86be,synced_large_h:Results_Izar_replica1,D:\HyraiOn\ENS_Lyon\Internship\2026-EPFL\data\distinVBCs\Results_Izar_replica1\J2_0.29\D_6\orientation_2\plaquette\replica_1\h_0p02\D_6_chi_72_energy_magnetization_correlation.txt,0.29,6,72,plaquette,0.02,0.02,2,1,-0.4316212838606,1.3268151000112027e-06,-0.44238719796045006,-0.429277009475,-0.09896973007046,0.34341746788999006,0.03817565998025976,plaquette,d2bf0d9d6bcf3f4a85848102ffae02e4208cb8da345914cb2826288d0e031caa,False,higher-energy duplicate/protocol
3482d465d57300,last_izar_pins:Results_LastIzar,D:\HyraiOn\ENS_Lyon\Internship\2026-EPFL\data\distinVBCsJ2Continuation\LastIzar\Results_LastIzar\task_pin_D6_h0p03_adam\J2_0p29\h_0p03\D_6_chi_72_energy_magnetization_correlation.txt,0.29,6,72,plaquette,0.03,0.03,0,0,-0.4352038868447,1.8643050003763761e-07,-0.44158075788504997,-0.440692995167,-0.081687546885985,0.35989321099906496,0.002466739274090595,plaquette,355210c45290839408e27887739a37dcc8f61dd83a28d3215e861ea1c60e5f5c,False,higher-energy duplicate/protocol
9ad5d3acfe8309,last_izar_pins:Results_LastIzar,D:\HyraiOn\ENS_Lyon\Internship\2026-EPFL\data\distinVBCsJ2Continuation\LastIzar\Results_LastIzar\task_pin_D6_h0p03_lbfgs\J2_0p29\h_0p03\D_6_chi_72_energy_magnetization_correlation.txt,0.29,6,72,plaquette,0.03,0.03,0,0,-0.4352900291626,4.755872000106187e-07,-0.4449058682966,-0.43539683508480004,-0.08247478632923,0.36243108196737,0.02623680386401317,plaquette,860b0cdcd80002d2f9304f948de4568ba00f1fd8e8b25a08d8cc4d3c411e62aa,True,selected variational/high-chi representative
6b8a3a6f961965,synced_large_h:Results_Izar_replica1,D:\HyraiOn\ENS_Lyon\Internship\2026-EPFL\data\distinVBCs\Results_Izar_replica1\J2_0.29\D_6\orientation_2\plaquette\replica_1\h_0p04\D_6_chi_72_energy_magnetization_correlation.txt,0.29,6,72,plaquette,0.04,0.04,2,1,-0.4387898129619,5.854817499983955e-06,-0.44945887757030006,-0.441904469876,-0.065251511147055,0.38420736642324504,0.019662318722900456,plaquette,1a19f6ce87b13d596a459bfdac3c0534795238bffb178c508b933c480d5b5cd5,True,selected variational/high-chi representative
0155e22dc9716a,synced_large_h:Results_Izar_replica1,D:\HyraiOn\ENS_Lyon\Internship\2026-EPFL\data\distinVBCs\Results_Izar_replica1\J2_0.29\D_6\orientation_2\plaquette\replica_1\h_0p08\D_6_chi_72_energy_magnetization_correlation.txt,0.29,6,72,plaquette,0.08,0.08,2,1,-0.4549330410497,3.4385395999980695e-06,-0.45533932337489996,-0.45218764104860004,-0.027535372651779997,0.42780395072311994,0.007367118328319807,plaquette,5948330f7fb25c6b4ce90aeb4e6ea056c59a2ae883264719f7aa3e3e84d8f201,True,selected variational/high-chi representative
46073bae3821ca,synced_large_h:Results_Izar_replica1,D:\HyraiOn\ENS_Lyon\Internship\2026-EPFL\data\distinVBCs\Results_Izar_replica1\J2_0.29\D_7\orientation_0\dimer-plaquette\replica_1\h_0p08\D_7_chi_91_energy_magnetization_correlation.txt,0.29,7,91,dimer-plaquette,0.08,-0.08,0,1,-0.4598637704342,2.1328800003939108e-08,-0.6656238173203001,-0.12321242305875,-0.1231965865297,0.5424272307906001,0.9999708043251683,dimer-plaquette,b18edaa4f4574672f493bb2f800196666c2b3a14f8c89e4ae18a7d61093e7b9f,True,selected variational/high-chi representative
86d6198e4c3d08,synced_large_h:Results_Izar_replica1,D:\HyraiOn\ENS_Lyon\Internship\2026-EPFL\data\distinVBCs\Results_Izar_replica1\J2_0.29\D_7\orientation_0\dimer-plaquette\replica_1\h_0p04\D_7_chi_91_energy_magnetization_correlation.txt,0.29,7,91,dimer-plaquette,0.04,-0.04,0,1,-0.4402336864389,8.252819999610139e-08,-0.6037311374104,-0.17329254180025,-0.1732846605273,0.4304464768831,0.999981690469377,dimer-plaquette,e0f31af5b32e501a6562c33889cd91c5dd13340a877180e74aab5aa42df79b35,True,selected variational/high-chi representative
a4fd208a8c4461,synced_large_h:Results_Izar_replica1,D:\HyraiOn\ENS_Lyon\Internship\2026-EPFL\data\distinVBCs\Results_Izar_replica1\J2_0.29\D_7\orientation_0\dimer-plaquette\replica_1\h_0p02\D_7_chi_91_energy_magnetization_correlation.txt,0.29,7,91,dimer-plaquette,0.02,-0.02,0,1,-0.4323920831913,5.76942600027941e-07,-0.55594089528085,-0.2059912651985,-0.20594784811334998,0.3499930471675,0.9998759487209778,dimer-plaquette,62912bca88fba9cf21c065e75b7991ab51b98e58a2c3c30d455e3e29830b9384,True,selected variational/high-chi representative
5f372523d4938b,synced_large_h:Results_Izar_replica1,D:\HyraiOn\ENS_Lyon\Internship\2026-EPFL\data\distinVBCs\Results_Izar_replica1\J2_0.29\D_7\orientation_0\dimer-plaquette\replica_1\h_0p01\D_7_chi_91_energy_magnetization_correlation.txt,0.29,7,91,dimer-plaquette,0.01,-0.01,0,1,-0.4291393664862,2.8317169997738034e-07,-0.5247490929499999,-0.2255471009294,-0.2255103196096,0.29923877334039994,0.9998770837101442,dimer-plaquette,789d7d771b20d547531c4caff6d62fb6aa2eaaf945ce32dc597d179a7c515e99,True,selected variational/high-chi representative
9e25bae7f0b760,synced_large_h:Results_Izar_replica1,D:\HyraiOn\ENS_Lyon\Internship\2026-EPFL\data\distinVBCs\Results_Izar_replica1\J2_0.29\D_7\orientation_0\dimer-plaquette\replica_1\h_0p005\D_7_chi_91_energy_magnetization_correlation.txt,0.29,7,91,dimer-plaquette,0.005,-0.005,0,1,-0.4277164410079,1.0789130000521396e-07,-0.50612159333015,-0.2367560544586,-0.2366282176507,0.2694933756794501,0.9995256402589572,dimer-plaquette,25e545b9d10d236d00be9eed7445046e857a098818c2420d66775365a846c997,True,selected variational/high-chi representative
382d614bc3e719,synced_small_h:Results_Izar_replica1,D:\HyraiOn\ENS_Lyon\Internship\2026-EPFL\data\distinVBCsSmallH\Results_Izar_replica1\J2_0.29\D_7\orientation_0\dimer-plaquette\replica_1\h_0p003\D_7_chi_91_energy_magnetization_correlation.txt,0.29,7,91,dimer-plaquette,0.003,-0.003,0,1,-0.4271903500854,5.38999955779218e-10,-0.49798992976505,-0.24147951359835,-0.24144236354259999,0.25654756622245,0.9998551923282804,dimer-plaquette,82d37abca2ae91a112b4af83dda38e47ee01cd8442fe383e2a496e0d654a6c7e,True,selected variational/high-chi representative
a355de72f1cbd0,synced_small_h:Results_Izar_replica1,D:\HyraiOn\ENS_Lyon\Internship\2026-EPFL\data\distinVBCsSmallH\Results_Izar_replica1\J2_0.29\D_7\orientation_0\dimer-plaquette\replica_1\h_0p002\D_7_chi_91_energy_magnetization_correlation.txt,0.29,7,91,dimer-plaquette,0.002,-0.002,0,1,-0.4269372444156,2.924219999478339e-08,-0.49368906949740005,-0.24398817625150002,-0.24392127555770002,0.24976779393970003,0.999732148437776,dimer-plaquette,93556dbd2fe1ac24dcf5bf448dc857c135bd4778c86781b7ef34871503f168da,True,selected variational/high-chi representative
b247cd1cb346bc,synced_small_h:Results_Izar_replica1,D:\HyraiOn\ENS_Lyon\Internship\2026-EPFL\data\distinVBCsSmallH\Results_Izar_replica1\J2_0.29\D_7\orientation_0\dimer-plaquette\replica_1\h_0p001\D_7_chi_91_energy_magnetization_correlation.txt,0.29,7,91,dimer-plaquette,0.001,-0.001,0,1,-0.4266909410579,4.059620001273245e-08,-0.48932606002819995,-0.2464879470897,-0.24644583284075003,0.24288022718744992,0.9998266048684257,dimer-plaquette,c9601121dce8947c77b449e6add67fb9b3ccfecb2a08ccfaa570314ffb71a4cc,True,selected variational/high-chi representative
6c7016b3f62fea,izar_j2_sequences:Results_Izar_J2_sequences,D:\HyraiOn\ENS_Lyon\Internship\2026-EPFL\data\distinVBCsJ2Continuation\Results_Izar_J2_sequences\s002_J2_0p3_D_7_dimer-plaquette\left\insurance_1\J2_0p29\D_7_chi_91_energy_magnetization_correlation.txt,0.29,7,91,dimer-plaquette,0.0,0.0,0,0,-0.4264519911067,2.4835099976527886e-08,-0.4847271204382,-0.24926718830304997,-0.2489460711581,0.2357810492801,0.9986380705916339,dimer-plaquette,f9521e499f49d802a209649fdf9220977fe731372314f007b2316786edc6271e,True,selected variational/high-chi representative
8ce4df77d00b42,izar_j2_sequences:Results_Izar_J2_sequences,D:\HyraiOn\ENS_Lyon\Internship\2026-EPFL\data\distinVBCsJ2Continuation\Results_Izar_J2_sequences\s002_J2_0p3_D_7_dimer-plaquette\left\insurance_2\J2_0p29\D_7_chi_91_energy_magnetization_correlation.txt,0.29,7,91,dimer-plaquette,0.0,0.0,0,0,-0.4264519643028,2.6857099988397692e-08,-0.4847233269742,-0.24933883053365,-0.2488732352584,0.23585009171580001,0.9980258846970853,dimer-plaquette,faf8f54c5f3451b139956d55e5d78eb56e62a4ba7e7e7be697538bd163644737,False,higher-energy duplicate/protocol
996369e106a167,synced_small_h:Results_Izar_replica1,D:\HyraiOn\ENS_Lyon\Internship\2026-EPFL\data\distinVBCsSmallH\Results_Izar_replica1\J2_0.29\D_7\orientation_0\dimer-plaquette\replica_1\h_0\D_7_chi_91_energy_magnetization_correlation.txt,0.29,7,91,dimer-plaquette,0.0,0.0,0,1,-0.4264517654917,2.870229998119811e-08,-0.4847229308262,-0.24913685630555002,-0.24908258025995,0.23564035056625,0.9997696657407376,dimer-plaquette,2d1f7d6dd0f8dce1915f98c8931057693c6e5c8013ef9bf71f07ba98b121fce6,False,higher-energy duplicate/protocol
263240998a958c,izar_j2_sequences:Results_Izar_J2_sequences,D:\HyraiOn\ENS_Lyon\Internship\2026-EPFL\data\distinVBCsJ2Continuation\Results_Izar_J2_sequences\s001_J2_0p28_D_7_plaquette\right\insurance_1\J2_0p29\D_7_chi_91_energy_magnetization_correlation.txt,0.29,7,91,plaquette,0.0,0.0,2,0,-0.4265706897232,1.644682599999392e-06,-0.40237738618880003,-0.4021064195083,-0.18088976296735002,0.22148762322145002,0.0012233942310587176,plaquette,b436cedd8c361d5112f818f23aff1a0b4bd26f41a335232ee4e3be526d1d4ab7,False,higher-energy duplicate/protocol
6ffc81395a8fae,izar_j2_sequences:Results_Izar_J2_sequences,D:\HyraiOn\ENS_Lyon\Internship\2026-EPFL\data\distinVBCsJ2Continuation\Results_Izar_J2_sequences\s001_J2_0p28_D_7_plaquette\right\insurance_2\J2_0p29\D_7_chi_91_energy_magnetization_correlation.txt,0.29,7,91,plaquette,0.0,0.0,2,0,-0.4265707762296,1.6776633999793233e-06,-0.40234560701014993,-0.40206458241385,-0.18096255601949998,0.22138305099064995,0.0012694042974038962,plaquette,b5d9bae4dfde8ae0d554570fd1d02862fb9d282a518998f133f2121d3d95b306,True,selected variational/high-chi representative
a3ba02d78c0040,synced_small_h:Results_Izar_replica1,D:\HyraiOn\ENS_Lyon\Internship\2026-EPFL\data\distinVBCsSmallH\Results_Izar_replica1\J2_0.29\D_7\orientation_0\plaquette\replica_1\h_0\D_7_chi_91_energy_magnetization_correlation.txt,0.29,7,91,plaquette,0.0,0.0,0,1,-0.426405879585,8.85049389998116e-06,-0.4373576414904001,-0.3735783257268,-0.17228517638085003,0.26507246510955007,0.2406108674367258,plaquette,d3cbe8c740302b765a7caacfa42fd62a8f0e805d4783a1d29803cbd258e7cbd9,False,higher-energy duplicate/protocol
7fc29b7c167217,synced_small_h:Results_Izar_replica1,D:\HyraiOn\ENS_Lyon\Internship\2026-EPFL\data\distinVBCsSmallH\Results_Izar_replica1\J2_0.29\D_7\orientation_0\plaquette\replica_1\h_0p001\D_7_chi_91_energy_magnetization_correlation.txt,0.29,7,91,plaquette,0.001,0.001,0,1,-0.4266390631206,8.85421599999825e-06,-0.43735749581775,-0.3735797405406,-0.17228370809015,0.26507378772760004,0.24060377989049025,plaquette,6af6cac38cb83d836c4a04e4ba3650a03151af383f4c4fc5baa952e6e4076c82,True,selected variational/high-chi representative
42709959d2f538,synced_small_h:Results_Izar_replica1,D:\HyraiOn\ENS_Lyon\Internship\2026-EPFL\data\distinVBCsSmallH\Results_Izar_replica1\J2_0.29\D_7\orientation_0\plaquette\replica_1\h_0p002\D_7_chi_91_energy_magnetization_correlation.txt,0.29,7,91,plaquette,0.002,0.002,0,1,-0.4268770149163,9.444757999965692e-06,-0.43359196672120004,-0.3834541154143,-0.16528314808230002,0.2683088186389,0.18686620723554154,plaquette,5636574592dae7f2251156c4949f362465ae4fc1a09d690b1460209642c0b6f6,True,selected variational/high-chi representative
8d188f3489aeca,synced_small_h:Results_Izar_replica1,D:\HyraiOn\ENS_Lyon\Internship\2026-EPFL\data\distinVBCsSmallH\Results_Izar_replica1\J2_0.29\D_7\orientation_0\plaquette\replica_1\h_0p003\D_7_chi_91_energy_magnetization_correlation.txt,0.29,7,91,plaquette,0.003,0.003,0,1,-0.4271239464505,9.811706499995854e-06,-0.43114384963804997,-0.39105639228065003,-0.15939597747225,0.2717478721658,0.14751709751361586,plaquette,13f7911f971047706796eccdc6a8c82c8396e2225522b9592c165f07c7ec4e1c,True,selected variational/high-chi representative
1c18e1f5b99727,synced_large_h:Results_Izar_replica1,D:\HyraiOn\ENS_Lyon\Internship\2026-EPFL\data\distinVBCs\Results_Izar_replica1\J2_0.29\D_7\orientation_0\plaquette\replica_1\h_0p005\D_7_chi_91_energy_magnetization_correlation.txt,0.29,7,91,plaquette,0.005,0.005,0,1,-0.4276386748208,8.568018599997007e-06,-0.42881408785505,-0.40147407366325,-0.14968869922205,0.27912538863299996,0.09794886207125797,plaquette,1af564cfbd4579683fe4bf0782a9aa2daff13bfabe1be47587ba3282f37a4993,True,selected variational/high-chi representative
3e875061c1957d,synced_large_h:Results_Izar_replica1,D:\HyraiOn\ENS_Lyon\Internship\2026-EPFL\data\distinVBCs\Results_Izar_replica1\J2_0.29\D_7\orientation_0\plaquette\replica_1\h_0p01\D_7_chi_91_energy_magnetization_correlation.txt,0.29,7,91,plaquette,0.01,0.01,0,1,-0.4290057943454,2.3808702999672526e-06,-0.4304063763445,-0.4154279693378,-0.13023484299114998,0.30017153335335,0.0498994919317283,plaquette,f121c9852f4dc9aef6b2959e07c135f22d5504f327491a9bb7e50cf875b069fe,True,selected variational/high-chi representative
fffb08b3622f94,synced_large_h:Results_Izar_replica1,D:\HyraiOn\ENS_Lyon\Internship\2026-EPFL\data\distinVBCs\Results_Izar_replica1\J2_0.29\D_7\orientation_0\plaquette\replica_1\h_0p02\D_7_chi_91_energy_magnetization_correlation.txt,0.29,7,91,plaquette,0.02,0.02,0,1,-0.4321237074579,3.116837100025638e-06,-0.4366038191888,-0.42906065839549995,-0.10280762319730001,0.33379619599149996,0.022598102925930633,plaquette,84a127aec89c6e2362e27a4f19d3a721ddbdb6a892bebeb8956dcf68da4c94df,True,selected variational/high-chi representative
abc91d5832ff6c,synced_large_h:Results_Izar_replica1,D:\HyraiOn\ENS_Lyon\Internship\2026-EPFL\data\distinVBCs\Results_Izar_replica1\J2_0.29\D_7\orientation_0\plaquette\replica_1\h_0p04\D_7_chi_91_energy_magnetization_correlation.txt,0.29,7,91,plaquette,0.04,0.04,0,1,-0.4391813970912,1.781783800003378e-06,-0.44707017293595,-0.44096400129995,-0.066820265065465,0.380249907870485,0.016058311940682485,plaquette,d2de466a7d23a8aafda04b778b88cffb2b066c3b2d19f50c74f24a2b5485d1b2,True,selected variational/high-chi representative
4215a1502a2313,synced_large_h:Results_Izar_replica1,D:\HyraiOn\ENS_Lyon\Internship\2026-EPFL\data\distinVBCs\Results_Izar_replica1\J2_0.29\D_7\orientation_0\plaquette\replica_1\h_0p08\D_7_chi_91_energy_magnetization_correlation.txt,0.29,7,91,plaquette,0.08,0.08,0,1,-0.4552562649799,5.330830000038755e-06,-0.45350304654595,-0.45202364043029997,-0.02864742005892,0.42485562648702996,0.0034821384569686743,plaquette,10fa450624cdd01bbcef0eb6566b3eb06e85a61b8942645e30a84cfc32b7b26c,True,selected variational/high-chi representative
47129bcd99ff7a,bundle_replica12:Results_VBC_branches,D:\HyraiOn\ENS_Lyon\Internship\2026-EPFL\6-AD-CTMRG\models\VBCPinningClusterBundle\Results_VBC_branches\J2_0.29\D_8\orientation_2\dimer-plaquette\replica_1\h_0p08\D_8_chi_104_energy_magnetization_correlation.txt,0.29,8,104,dimer-plaquette,0.08,-0.08,2,1,-0.4598213892194,6.416132390002494e-05,-0.6664855750393001,-0.12354931809075,-0.1219267126495,0.5445588623898001,0.9970203304852496,dimer-plaquette,0e7c4313a98074833c5c0a951dbbb66ba416f2fcbf0f22b6b11354393486d51b,True,selected variational/high-chi representative
534352266cf6aa,bundle_replica12:Results_VBC_branches,D:\HyraiOn\ENS_Lyon\Internship\2026-EPFL\6-AD-CTMRG\models\VBCPinningClusterBundle\Results_VBC_branches\J2_0.29\D_8\orientation_2\dimer-plaquette\replica_2\h_0p08\D_8_chi_104_energy_magnetization_correlation.txt,0.29,8,104,dimer-plaquette,0.08,-0.08,2,2,-0.02337415097963,0.0008567314647800021,-0.019833493915635002,-0.016226322281245,-0.012047459191034999,0.007786034724600004,0.463287380801569,three-distinct/mixed,96158de4c1319dabefcbabd5b36147ec08d1760118a191ecc2b4fecae949b570,False,energy outside original-2C3 physical envelope
57ac62f3000a55,synced_large_h:Results_Izar_replica1,D:\HyraiOn\ENS_Lyon\Internship\2026-EPFL\data\distinVBCs\Results_Izar_replica1\J2_0.29\D_8\orientation_2\dimer-plaquette\replica_1\h_0p08\D_8_chi_104_energy_magnetization_correlation.txt,0.29,8,104,dimer-plaquette,0.08,-0.08,2,1,-0.4598158538202,3.421433549999353e-05,-0.6664446700736,-0.12331173351614999,-0.1221871374911,0.5442575325825,0.9979337060899942,dimer-plaquette,a1dec7d4cf175f27c7a8fdf48b750e6da7f59910ded4235068b02fe00c3699b1,False,higher-energy duplicate/protocol
e223f4f38277bc,bundle_replica12:Results_VBC_branches,D:\HyraiOn\ENS_Lyon\Internship\2026-EPFL\6-AD-CTMRG\models\VBCPinningClusterBundle\Results_VBC_branches\J2_0.29\D_8\orientation_2\dimer-plaquette\replica_1\h_0p04\D_8_chi_104_energy_magnetization_correlation.txt,0.29,8,104,dimer-plaquette,0.04,-0.04,2,1,-0.4401324568144,6.525260930001497e-05,-0.6067217036185,-0.17439420545325002,-0.1689172557262,0.4378044478923,0.9874899632623253,dimer-plaquette,c744391d7b9afa16d67b84a008b3654e7ed37ee9414b15103222be386b252377,True,selected variational/high-chi representative
8210b8e945578c,bundle_replica12:Results_VBC_branches,D:\HyraiOn\ENS_Lyon\Internship\2026-EPFL\6-AD-CTMRG\models\VBCPinningClusterBundle\Results_VBC_branches\J2_0.29\D_8\orientation_2\dimer-plaquette\replica_2\h_0p04\D_8_chi_104_energy_magnetization_correlation.txt,0.29,8,104,dimer-plaquette,0.04,-0.04,2,2,-0.4300003645332,8.45764072999744e-05,-0.6711281845964999,-0.12824612098825,-0.1265730713404,0.5445551132561,0.996927676176161,dimer-plaquette,6ad1698259fbabea34cf554c64b74718712469e913a2db68343c948daef5b96c,False,higher-energy duplicate/protocol
242c13b14838f1,synced_large_h:Results_Izar_replica1,D:\HyraiOn\ENS_Lyon\Internship\2026-EPFL\data\distinVBCs\Results_Izar_replica1\J2_0.29\D_8\orientation_2\dimer-plaquette\replica_1\h_0p04\D_8_chi_104_energy_magnetization_correlation.txt,0.29,8,104,dimer-plaquette,0.04,-0.04,2,1,-0.4401018423281,2.7046252900009282e-05,-0.6060869901436999,-0.1743033359766,-0.16960454979125003,0.4364824403524499,0.9892348792277743,dimer-plaquette,a37f1261bb8667c78756e9e035c474a0c2f9420bd17da393f249995aa2b299d1,False,higher-energy duplicate/protocol
6ac8c9e0b9e917,bundle_replica12:Results_VBC_branches,D:\HyraiOn\ENS_Lyon\Internship\2026-EPFL\6-AD-CTMRG\models\VBCPinningClusterBundle\Results_VBC_branches\J2_0.29\D_8\orientation_2\dimer-plaquette\replica_1\h_0p02\D_8_chi_104_energy_magnetization_correlation.txt,0.29,8,104,dimer-plaquette,0.02,-0.02,2,1,-0.4322137218558,5.245971519995951e-05,-0.5593106575251999,-0.21118798313985,-0.1973363003431,0.3619743571820999,0.9617329721790719,dimer-plaquette,94117594d0920240815bddc86da73623e9559030be9d0eef921dd7788e49fd71,False,higher-energy duplicate/protocol
96fd790ffc1ed0,bundle_replica12:Results_VBC_branches,D:\HyraiOn\ENS_Lyon\Internship\2026-EPFL\6-AD-CTMRG\models\VBCPinningClusterBundle\Results_VBC_branches\J2_0.29\D_8\orientation_2\dimer-plaquette\replica_2\h_0p02\D_8_chi_104_energy_magnetization_correlation.txt,0.29,8,104,dimer-plaquette,0.02,-0.02,2,2,-0.432499278446,1.7413269998156622e-07,-0.55397346472855,-0.2067992716703,-0.20678750025339998,0.34718596447515004,0.9999660947788664,dimer-plaquette,de0de134465715ecb38ae81333a320190f88dc966a8951ab106c4fe099e05d7f,True,selected variational/high-chi representative
22f65bed07b7e2,synced_large_h:Results_Izar_replica1,D:\HyraiOn\ENS_Lyon\Internship\2026-EPFL\data\distinVBCs\Results_Izar_replica1\J2_0.29\D_8\orientation_2\dimer-plaquette\replica_1\h_0p02\D_8_chi_104_energy_magnetization_correlation.txt,0.29,8,104,dimer-plaquette,0.02,-0.02,2,1,-0.4321826661032,2.1038006499995987e-05,-0.55901138506505,-0.21051313472014999,-0.1984581627649,0.36055322230014997,0.9665653467791933,dimer-plaquette,0c871f92b39219094f5fa86c42566a71a2181ef1c5a8c7c1a913d5b5ad08564f,False,higher-energy duplicate/protocol
3e11d6fd9c1724,synced_large_h:Results_Izar_replica1,D:\HyraiOn\ENS_Lyon\Internship\2026-EPFL\data\distinVBCs\Results_Izar_replica1\J2_0.29\D_8\orientation_2\dimer-plaquette\replica_1\h_0p01\D_8_chi_104_energy_magnetization_correlation.txt,0.29,8,104,dimer-plaquette,0.01,-0.01,2,1,-0.4289713129805,6.273288859998116e-05,-0.5248101021810999,-0.2427461833527,-0.2088415278265,0.3159685743545999,0.892696115126468,dimer-plaquette,12ba00d08e302e55666397939d312196435848c79f7e12b52d075000650c90d8,True,selected variational/high-chi representative
3482e2999d310b,synced_small_h:Results_Izar_replica1,D:\HyraiOn\ENS_Lyon\Internship\2026-EPFL\data\distinVBCsSmallH\Results_Izar_replica1\J2_0.29\D_8\orientation_2\dimer-plaquette\replica_1\h_0p005\D_8_chi_104_energy_magnetization_correlation.txt,0.29,8,104,dimer-plaquette,0.005,-0.005,2,1,-0.427578296712,2.2007227300002707e-05,-0.4995835621145999,-0.2752039588045,-0.20545089837350003,0.2941326637410999,0.7628517025487598,dimer-plaquette,97dc1d0c3cb636cb60b1d4df9cfd1f473acffbca4bd5a7d65f0ff7c9bec08277,True,selected variational/high-chi representative
7055424a583e96,synced_small_h:Results_Izar_replica1,D:\HyraiOn\ENS_Lyon\Internship\2026-EPFL\data\distinVBCsSmallH\Results_Izar_replica1\J2_0.29\D_8\orientation_2\dimer-plaquette\replica_1\h_0p003\D_8_chi_104_energy_magnetization_correlation.txt,0.29,8,104,dimer-plaquette,0.003,-0.003,2,1,-0.4270597866211,2.1969480100025862e-05,-0.49958353713040005,-0.2752042044485,-0.20545068144725,0.29413285568315006,0.7628502846469117,dimer-plaquette,d9161ed9e6e8d8574e8cbdffe7da117d0df2e81297e2f6dffde41fd0961ee3d5,True,selected variational/high-chi representative
be5659c945ee1b,synced_small_h:Results_Izar_replica1,D:\HyraiOn\ENS_Lyon\Internship\2026-EPFL\data\distinVBCsSmallH\Results_Izar_replica1\J2_0.29\D_8\orientation_2\dimer-plaquette\replica_1\h_0p002\D_8_chi_104_energy_magnetization_correlation.txt,0.29,8,104,dimer-plaquette,0.002,-0.002,2,1,-0.4268634389196,1.2255569199981498e-05,-0.47008940126134996,-0.31931156132175004,-0.19360842097065,0.27648098029069995,0.545346156473649,three-distinct/mixed,af48ebe4f231ec252ac609fc23d7ba34f299de88f41dd3731f5f84c9a9de520b,True,selected variational/high-chi representative
2139b8cb9186a7,synced_small_h:Results_Izar_replica1,D:\HyraiOn\ENS_Lyon\Internship\2026-EPFL\data\distinVBCsSmallH\Results_Izar_replica1\J2_0.29\D_8\orientation_2\dimer-plaquette\replica_1\h_0p001\D_8_chi_104_energy_magnetization_correlation.txt,0.29,8,104,dimer-plaquette,0.001,-0.001,2,1,-0.4267066922852,1.8951598899974442e-05,-0.4340133296471,-0.36706404385155,-0.18284372510755,0.25116960453954995,0.26655011030607384,three-distinct/mixed,2d64c33d03f94822a5de1e8fdaffe652f15d6b33c597d8663e081eb435dcb914,False,branch texture flipped
086328e11cbb8d,izar_j2_sequences:Results_Izar_J2_sequences,D:\HyraiOn\ENS_Lyon\Internship\2026-EPFL\data\distinVBCsJ2Continuation\Results_Izar_J2_sequences\s004_J2_0p3_D_8_dimer-plaquette\left\insurance_1\J2_0p29\D_8_chi_104_energy_magnetization_correlation.txt,0.29,8,104,dimer-plaquette,0.0,0.0,2,0,-0.4267738830989,4.582272999931192e-07,-0.47115116076440006,-0.25627593919355,-0.25546535388325003,0.21568580688115002,0.9962418235950655,dimer-plaquette,e52f9281f86363aabcba384c717b43d07afb93a44415d5b35ea89fca03c6f1c7,True,selected variational/high-chi representative
3360020287fd38,izar_j2_sequences:Results_Izar_J2_sequences,D:\HyraiOn\ENS_Lyon\Internship\2026-EPFL\data\distinVBCsJ2Continuation\Results_Izar_J2_sequences\s004_J2_0p3_D_8_dimer-plaquette\left\insurance_2\J2_0p29\D_8_chi_104_energy_magnetization_correlation.txt,0.29,8,104,dimer-plaquette,0.0,0.0,2,0,-0.4267738356416,4.2493989999004e-07,-0.471192058475,-0.25616587300300003,-0.2555268490988,0.21566520937619998,0.997036963420997,dimer-plaquette,d51a0a5806ffe0ebb4ae4159791fcc246ad0f011f2cba8d1d053a4ebab4e6ec5,False,higher-energy duplicate/protocol
ed3286480a1c22,synced_small_h:Results_Izar_replica1,D:\HyraiOn\ENS_Lyon\Internship\2026-EPFL\data\distinVBCsSmallH\Results_Izar_replica1\J2_0.29\D_8\orientation_2\dimer-plaquette\replica_1\h_0\D_8_chi_104_energy_magnetization_correlation.txt,0.29,8,104,dimer-plaquette,0.0,0.0,2,1,-0.4268633123622,3.065832400006574e-06,-0.40592393068405,-0.3856598258286,-0.19310620193605,0.21281772874800003,0.09521812385961986,plaquette,e71aaeae64609feae7adf4f120392c7a5d628012f4b2e5eebfece6c53c6d02c6,False,branch texture flipped
4a63433b4f4c4c,synced_large_h:Results_Izar_replica1,D:\HyraiOn\ENS_Lyon\Internship\2026-EPFL\data\distinVBCs\Results_Izar_replica1\J2_0.29\D_8\orientation_2\dimer-plaquette\replica_1\h_0p0\D_8_chi_104_energy_magnetization_correlation.txt,0.29,8,104,dimer-plaquette,0.0,0.0,2,1,-0.4268561217163,1.8112610999931889e-06,-0.41231246389930004,-0.37787724331605,-0.19459161631495,0.21772084758435004,0.15816225669390274,plaquette,f931a982638c0c9b99f492c9f8d29528a67a299d67cc4bb496a28ab5de244327,False,branch texture flipped
502721bbebf43e,izar_j2_sequences:Results_Izar_J2_sequences,D:\HyraiOn\ENS_Lyon\Internship\2026-EPFL\data\distinVBCsJ2Continuation\Results_Izar_J2_sequences\s003_J2_0p28_D_8_plaquette\right\insurance_1\J2_0p29\D_8_chi_104_energy_magnetization_correlation.txt,0.29,8,104,plaquette,0.0,0.0,0,0,-0.4268656015277,1.9728813999697614e-06,-0.3985538224094,-0.39422105982754996,-0.19181983523755,0.20673398717185001,0.020958153234128838,plaquette,1cad34f422ee9e5f267f85603d307ff99972f17a55f46343ba9d03e29adff23c,False,higher-energy duplicate/protocol
2f17510a5a5e79,izar_j2_sequences:Results_Izar_J2_sequences,D:\HyraiOn\ENS_Lyon\Internship\2026-EPFL\data\distinVBCsJ2Continuation\Results_Izar_J2_sequences\s003_J2_0p28_D_8_plaquette\right\insurance_2\J2_0p29\D_8_chi_104_energy_magnetization_correlation.txt,0.29,8,104,plaquette,0.0,0.0,0,0,-0.4268653393888,1.7831340999863166e-06,-0.39842210646270004,-0.39436849002165,-0.19179907026555,0.20662303619715006,0.019618414846940376,plaquette,40c8eee3f681c0baec4c0a92d72b80d05b2233713fbd0b76c148e56d9ff72592,False,higher-energy duplicate/protocol
bb53472c684594,synced_small_h:Results_Izar_replica1,D:\HyraiOn\ENS_Lyon\Internship\2026-EPFL\data\distinVBCsSmallH\Results_Izar_replica1\J2_0.29\D_8\orientation_2\plaquette\replica_1\h_0\D_8_chi_104_energy_magnetization_correlation.txt,0.29,8,104,plaquette,0.0,0.0,2,1,-0.4268662207217,2.238897900019854e-06,-0.39937667921479997,-0.3933343045286,-0.19184449307425,0.20753218614054997,0.029115361807579013,plaquette,a447193a7b9f2bc41c59592650435cd05fb4bedd8654bdcfbc09692c87cc3de6,False,higher-energy duplicate/protocol
2063528e51e0e3,synced_large_h:Results_Izar_replica1,D:\HyraiOn\ENS_Lyon\Internship\2026-EPFL\data\distinVBCs\Results_Izar_replica1\J2_0.29\D_8\orientation_2\plaquette\replica_1\h_0p0\D_8_chi_104_energy_magnetization_correlation.txt,0.29,8,104,plaquette,0.0,0.0,2,1,-0.4268665487844,3.341481200014318e-06,-0.39887749039274994,-0.3937222728631,-0.19195647301575,0.20692101737699994,0.02491393863706639,plaquette,7a770805c669429b833d953fb0e8a44593df321328b1b9c4f44ed632a5cb5173,True,selected variational/high-chi representative
3dfeeb28034751,synced_small_h:Results_Izar_replica1,D:\HyraiOn\ENS_Lyon\Internship\2026-EPFL\data\distinVBCsSmallH\Results_Izar_replica1\J2_0.29\D_8\orientation_2\plaquette\replica_1\h_0p001\D_8_chi_104_energy_magnetization_correlation.txt,0.29,8,104,plaquette,0.001,0.001,2,1,-0.4270685654429,4.4178489999602277e-07,-0.40122494201100006,-0.3996933231907,-0.18255261968255,0.21867232232845008,0.007004173203042776,plaquette,435afbfaf1974e0076a4d5725414a5dca362869ee4f2f731d619a271ddb5239b,True,selected variational/high-chi representative
701ac69851cc5a,synced_small_h:Results_Izar_replica1,D:\HyraiOn\ENS_Lyon\Internship\2026-EPFL\data\distinVBCsSmallH\Results_Izar_replica1\J2_0.29\D_8\orientation_2\plaquette\replica_1\h_0p002\D_8_chi_104_energy_magnetization_correlation.txt,0.29,8,104,plaquette,0.002,0.002,2,1,-0.4272911549842,5.29612899979881e-07,-0.4042117988906,-0.40280284727129995,-0.17561311014019998,0.22859868875040001,0.006163428263748437,plaquette,0a8e2e40b41b82e158c6f14a8cfefc3a1d8f21b127bf4bfca9d778c4ac9d8f38,True,selected variational/high-chi representative
1e479590dba56a,synced_small_h:Results_Izar_replica1,D:\HyraiOn\ENS_Lyon\Internship\2026-EPFL\data\distinVBCsSmallH\Results_Izar_replica1\J2_0.29\D_8\orientation_2\plaquette\replica_1\h_0p003\D_8_chi_104_energy_magnetization_correlation.txt,0.29,8,104,plaquette,0.003,0.003,2,1,-0.4275228944643,6.900671999932051e-07,-0.4068904459036,-0.4055301091191,-0.16931520426055,0.23757524164305002,0.005725919818462839,plaquette,cc738ea14a9810958e2938bd0232db408746e2653823f6c0f1a0b81f28848869,True,selected variational/high-chi representative
5d2b0bf9e4f966,synced_large_h:Results_Izar_replica1,D:\HyraiOn\ENS_Lyon\Internship\2026-EPFL\data\distinVBCs\Results_Izar_replica1\J2_0.29\D_8\orientation_2\plaquette\replica_1\h_0p005\D_8_chi_104_energy_magnetization_correlation.txt,0.29,8,104,plaquette,0.005,0.005,2,1,-0.4280118045436,1.0098645999989664e-06,-0.41123659222795,-0.4101801071236,-0.1586790605045,0.25255753172344997,0.004183146299936419,plaquette,7a320dd38ecdf46b9fea51b9497f4a7670a144dfecfe033909173b2e8495d1b8,True,selected variational/high-chi representative
b7c628d5325b3b,bundle_replica12:Results_VBC_branches,D:\HyraiOn\ENS_Lyon\Internship\2026-EPFL\6-AD-CTMRG\models\VBCPinningClusterBundle\Results_VBC_branches\J2_0.29\D_8\orientation_2\plaquette\replica_1\h_0p01\D_8_chi_104_energy_magnetization_correlation.txt,0.29,8,104,plaquette,0.01,0.01,2,1,-0.4293499838756,2.5985673000050724e-06,-0.41994781837745004,-0.41941507142734996,-0.13649258928865002,0.28345522908880005,0.00187947476507193,plaquette,f3a48cc41e7d96c733a7e0f1a9258c48cbba43b4fadd874a4e6b55dd78383e27,True,selected variational/high-chi representative
b5d48db8c93752,synced_large_h:Results_Izar_replica1,D:\HyraiOn\ENS_Lyon\Internship\2026-EPFL\data\distinVBCs\Results_Izar_replica1\J2_0.29\D_8\orientation_2\plaquette\replica_1\h_0p01\D_8_chi_104_energy_magnetization_correlation.txt,0.29,8,104,plaquette,0.01,0.01,2,1,-0.4293492337007,5.493117000154868e-07,-0.4197085352262,-0.4194555271027,-0.13673869590085,0.28296983932535,0.0008941169281616832,plaquette,b4decaa40bf7592eea1f4ff20e2f75364e951a757e1430560f6381f61d0f07b1,False,higher-energy duplicate/protocol
579797f4185f93,bundle_replica12:Results_VBC_branches,D:\HyraiOn\ENS_Lyon\Internship\2026-EPFL\6-AD-CTMRG\models\VBCPinningClusterBundle\Results_VBC_branches\J2_0.29\D_8\orientation_2\plaquette\replica_1\h_0p02\D_8_chi_104_energy_magnetization_correlation.txt,0.29,8,104,plaquette,0.02,0.02,2,1,-0.4324006991224,3.1359586999957223e-06,-0.4309667572416,-0.43052890952035,-0.1067322354843,0.3242345217573,0.0013504043890111693,plaquette,3912b5ec190555c8897a7886f4de568ab521b4ab3d8a9ded641762431f94ca66,True,selected variational/high-chi representative
80d7ccef49ab3d,bundle_replica12:Results_VBC_branches,D:\HyraiOn\ENS_Lyon\Internship\2026-EPFL\6-AD-CTMRG\models\VBCPinningClusterBundle\Results_VBC_branches\J2_0.29\D_8\orientation_2\plaquette\replica_2\h_0p02\D_8_chi_104_energy_magnetization_correlation.txt,0.29,8,104,plaquette,0.02,0.02,2,2,-0.3295579227304,0.001776868288299982,-0.32952211856085,-0.31681240647845,-0.27829089663800005,0.05123122192284996,0.248085280915997,plaquette,d6fef2d8736ca3829e3df52fc5d1e79794289844a6af8a9253da75fad44f3d44,False,energy outside original-2C3 physical envelope
f549f3331c74b4,synced_large_h:Results_Izar_replica1,D:\HyraiOn\ENS_Lyon\Internship\2026-EPFL\data\distinVBCs\Results_Izar_replica1\J2_0.29\D_8\orientation_2\plaquette\replica_1\h_0p02\D_8_chi_104_energy_magnetization_correlation.txt,0.29,8,104,plaquette,0.02,0.02,2,1,-0.4323978543144,1.3096505999676822e-06,-0.4308358826093,-0.4306584836226,-0.10677205638604999,0.32406382622325003,0.00054741989801041,plaquette,1b5893f508bde09cdec9241ad4ebed381d770151cc477e87c391bb90e6f21c35,False,higher-energy duplicate/protocol
bae41e4c96eb87,bundle_replica12:Results_VBC_branches,D:\HyraiOn\ENS_Lyon\Internship\2026-EPFL\6-AD-CTMRG\models\VBCPinningClusterBundle\Results_VBC_branches\J2_0.29\D_8\orientation_2\plaquette\replica_1\h_0p04\D_8_chi_104_energy_magnetization_correlation.txt,0.29,8,104,plaquette,0.04,0.04,2,1,-0.4394110745314,6.315216999897011e-07,-0.44266835489285,-0.44247943196934997,-0.069736182940885,0.372932171951965,0.0005065878937480578,plaquette,9ea2daa130a9121f8294a80fb12ff60eb58bb5fd8400eb21a33b5cf7d3383173,True,selected variational/high-chi representative
95863ca9799562,bundle_replica12:Results_VBC_branches,D:\HyraiOn\ENS_Lyon\Internship\2026-EPFL\6-AD-CTMRG\models\VBCPinningClusterBundle\Results_VBC_branches\J2_0.29\D_8\orientation_2\plaquette\replica_2\h_0p04\D_8_chi_104_energy_magnetization_correlation.txt,0.29,8,104,plaquette,0.04,0.04,2,2,-0.3313310560454,4.021941699960951e-06,-0.33435186146505,-0.31703617230375,-0.28460063659554996,0.049751224869500066,0.34804548444224165,three-distinct/mixed,93176f412ae4c911c9cc870947a45739b04dd9c83b39ef822f5a979fe0242934,False,energy outside original-2C3 physical envelope
c6a63a6c8aae12,synced_large_h:Results_Izar_replica1,D:\HyraiOn\ENS_Lyon\Internship\2026-EPFL\data\distinVBCs\Results_Izar_replica1\J2_0.29\D_8\orientation_2\plaquette\replica_1\h_0p04\D_8_chi_104_energy_magnetization_correlation.txt,0.29,8,104,plaquette,0.04,0.04,2,1,-0.4394090982551,4.15834200018228e-07,-0.44270280967145004,-0.4424712960785,-0.06972413189246,0.37297867777899,0.0006207153565148922,plaquette,ac0e3e551a7fe112872d4074fb9514640a4be35ae741e5e24c8e7ffa84e27ce3,False,higher-energy duplicate/protocol
403aabea7c62b3,bundle_replica12:Results_VBC_branches,D:\HyraiOn\ENS_Lyon\Internship\2026-EPFL\6-AD-CTMRG\models\VBCPinningClusterBundle\Results_VBC_branches\J2_0.29\D_8\orientation_2\plaquette\replica_1\h_0p08\D_8_chi_104_energy_magnetization_correlation.txt,0.29,8,104,plaquette,0.08,0.08,2,1,-0.4554309679102,1.3077557999841005e-06,-0.45223141410529993,-0.45198271714175003,-0.029837980171245,0.42239343393405493,0.0005887803729182173,plaquette,5b3ea0f5becd562897a770faaff092186229ee0446d2303a276ca8104d65e3c1,True,selected variational/high-chi representative
ece97c25f7c398,bundle_replica12:Results_VBC_branches,D:\HyraiOn\ENS_Lyon\Internship\2026-EPFL\6-AD-CTMRG\models\VBCPinningClusterBundle\Results_VBC_branches\J2_0.29\D_8\orientation_2\plaquette\replica_2\h_0p08\D_8_chi_104_energy_magnetization_correlation.txt,0.29,8,104,plaquette,0.08,0.08,2,2,-0.02118279242134,0.0008432780623000014,-0.01678498750232,-0.015448014257415,-0.012552514537405001,0.004232472964914998,0.31588465088562,three-distinct/mixed,26f623f742ebe17a2758b43318fe93265c81ac0078de6eac09a4d4335aaed5c4,False,energy outside original-2C3 physical envelope
9c84fe39344696,synced_large_h:Results_Izar_replica1,D:\HyraiOn\ENS_Lyon\Internship\2026-EPFL\data\distinVBCs\Results_Izar_replica1\J2_0.29\D_8\orientation_2\plaquette\replica_1\h_0p08\D_8_chi_104_energy_magnetization_correlation.txt,0.29,8,104,plaquette,0.08,0.08,2,1,-0.4554301181131,7.234925000210168e-07,-0.45219737206370003,-0.45202050844345004,-0.029841224878864998,0.42235614718483505,0.0004187546965489981,plaquette,2b058e7dc9a51b985e204697af3a53b0249a12655b983105b746659a723114f7,False,higher-energy duplicate/protocol
2356bfaa7e4598,bundle_replica12:Results_VBC_branches,D:\HyraiOn\ENS_Lyon\Internship\2026-EPFL\6-AD-CTMRG\models\VBCPinningClusterBundle\Results_VBC_branches\J2_0.29\D_9\orientation_1\dimer-plaquette\replica_2\h_0p08\D_9_chi_108_energy_magnetization_correlation.txt,0.29,9,108,dimer-plaquette,0.08,-0.08,1,2,-0.005717819931218,0.0008340929732179999,-0.008595822484662998,-0.0030940855402965,-0.0018969378504845001,0.006698884634178498,0.8212914902722743,dimer-plaquette,874e13cd2d086d0e8643f4ab68732be2ae069b2446da55feb0c3d4bce3c7a56f,False,energy outside original-2C3 physical envelope
e8582f2c899dff,synced_large_h:Results_Izar_replica1,D:\HyraiOn\ENS_Lyon\Internship\2026-EPFL\data\distinVBCs\Results_Izar_replica1\J2_0.29\D_9\orientation_1\dimer-plaquette\replica_1\h_0p08\D_9_chi_108_energy_magnetization_correlation.txt,0.29,9,108,dimer-plaquette,0.08,-0.08,1,1,-0.4598977614499,4.835482000364877e-07,-0.6652599543547001,-0.12342450072735,-0.12338139717865,0.54187855717605,0.9999204553342642,dimer-plaquette,ae62f32f8349f30a5c1ffb8f285e7ee7dec0dac44d3452d29fab15d7a90588e2,True,selected variational/high-chi representative
db1846e41f0c07,bundle_replica12:Results_VBC_branches,D:\HyraiOn\ENS_Lyon\Internship\2026-EPFL\6-AD-CTMRG\models\VBCPinningClusterBundle\Results_VBC_branches\J2_0.29\D_9\orientation_1\dimer-plaquette\replica_2\h_0p04\D_9_chi_108_energy_magnetization_correlation.txt,0.29,9,108,dimer-plaquette,0.04,-0.04,1,2,-0.4340667171209,5.407603550000584e-05,-0.6378478692229,-0.18833320076284998,-0.12155355902305,0.5162943101998501,0.870655863486176,dimer-plaquette,61fed3f1e486993cd4f67505d02993e58d17316fe4271acdb9a401937d966dc2,False,higher-energy duplicate/protocol
5c4259f74c4b78,synced_large_h:Results_Izar_replica1,D:\HyraiOn\ENS_Lyon\Internship\2026-EPFL\data\distinVBCs\Results_Izar_replica1\J2_0.29\D_9\orientation_1\dimer-plaquette\replica_1\h_0p04\D_9_chi_108_energy_magnetization_correlation.txt,0.29,9,108,dimer-plaquette,0.04,-0.04,1,1,-0.4403235693931,3.68496530001039e-06,-0.60238996313495,-0.1743157329259,-0.17354982816679998,0.42884013496815,0.9982140086791157,dimer-plaquette,f650fa224dcd0a03bb69f44937588c5327e19b46d08321d755b9803a321d2329,True,selected variational/high-chi representative
e356d87244cbd7,bundle_replica12:Results_VBC_branches,D:\HyraiOn\ENS_Lyon\Internship\2026-EPFL\6-AD-CTMRG\models\VBCPinningClusterBundle\Results_VBC_branches\J2_0.29\D_9\orientation_1\dimer-plaquette\replica_2\h_0p02\D_9_chi_108_energy_magnetization_correlation.txt,0.29,9,108,dimer-plaquette,0.02,-0.02,1,2,-0.4322691125906,1.4600545999998715e-06,-0.5576161563797,-0.20609750519805,-0.2048862115234,0.35272994485629994,0.9965659460096492,dimer-plaquette,793beed9522b593b8818f7238cb5ecbb21e6981d3c2cda71308283b83e29c12d,False,higher-energy duplicate/protocol
837c9a16cb8c00,synced_large_h:Results_Izar_replica1,D:\HyraiOn\ENS_Lyon\Internship\2026-EPFL\data\distinVBCs\Results_Izar_replica1\J2_0.29\D_9\orientation_1\dimer-plaquette\replica_1\h_0p02\D_9_chi_108_energy_magnetization_correlation.txt,0.29,9,108,dimer-plaquette,0.02,-0.02,1,1,-0.4325601757686,7.509079600009905e-06,-0.55205772644495,-0.20817281594079998,-0.20778904902965,0.3442686774153,0.9988852691623554,dimer-plaquette,7322cbddcb7a5e49cf37d84f5f5db24a089c9f3b2b1d24c04c50c8192d30464d,True,selected variational/high-chi representative
43202a25593e7d,synced_large_h:Results_Izar_replica1,D:\HyraiOn\ENS_Lyon\Internship\2026-EPFL\data\distinVBCs\Results_Izar_replica1\J2_0.29\D_9\orientation_1\dimer-plaquette\replica_1\h_0p01\D_9_chi_108_energy_magnetization_correlation.txt,0.29,9,108,dimer-plaquette,0.01,-0.01,1,1,-0.4294013872606,3.935064800009158e-06,-0.5157815042294,-0.2304647939547,-0.2300913260166,0.28569017821279996,0.9986927519159521,dimer-plaquette,238d3d7a384c5eb81276d8aef9920a5466ef13b4e0b050a27140535dc1c96a75,True,selected variational/high-chi representative
8114878edec006,izar_j2_sequences:Results_Izar_J2_sequences,D:\HyraiOn\ENS_Lyon\Internship\2026-EPFL\data\distinVBCsJ2Continuation\Results_Izar_J2_sequences\s006_J2_0p33_D_9_dimer-plaquette\left\insurance_1\J2_0p29\D_9_chi_108_energy_magnetization_correlation.txt,0.29,9,108,dimer-plaquette,0.0,0.0,1,0,-0.4270005466084,1.89519650999892e-05,-0.4404758696993,-0.27989006214915,-0.26483069968845,0.17564517001085,0.9142625871251128,dimer-plaquette,eb7e8a3372ac862c592881409dac7e6c871849541cdfcad7b1c052d43b5d0e1a,False,higher-energy duplicate/protocol
882be52a516105,izar_j2_sequences:Results_Izar_J2_sequences,D:\HyraiOn\ENS_Lyon\Internship\2026-EPFL\data\distinVBCsJ2Continuation\Results_Izar_J2_sequences\s006_J2_0p33_D_9_dimer-plaquette\left\insurance_2\J2_0p29\D_9_chi_108_energy_magnetization_correlation.txt,0.29,9,108,dimer-plaquette,0.0,0.0,1,0,-0.4269999809559,1.8966961700006557e-05,-0.4393831650127,-0.27791036930595,-0.26830112503709996,0.17108203997560006,0.9438325363070227,dimer-plaquette,429b9a16a91a5998a019d7b2292ec23f3c95e5556f0beb4355f8d874f227bb58,False,higher-energy duplicate/protocol
450197f5980ed0,izar_j2_sequences:Results_Izar_J2_sequences,D:\HyraiOn\ENS_Lyon\Internship\2026-EPFL\data\distinVBCsJ2Continuation\Results_Izar_J2_sequences\s101_J2_0p28_D_9_dimer-plaquette\right\insurance_1\J2_0p29\D_9_chi_108_energy_magnetization_correlation.txt,0.29,9,108,dimer-plaquette,0.0,0.0,2,0,-0.4270574780315,1.1508187700015604e-05,-0.43182349405485,-0.28053956545675,-0.27345117048895,0.15837232356589998,0.9552422114660049,dimer-plaquette,dd3323cb4b91feff683f9aaf2dc11d61acfa2079d8c2f6e29c0999487b42a905,False,higher-energy duplicate/protocol
d5a48639dc1946,izar_j2_sequences:Results_Izar_J2_sequences,D:\HyraiOn\ENS_Lyon\Internship\2026-EPFL\data\distinVBCsJ2Continuation\Results_Izar_J2_sequences\s101_J2_0p28_D_9_dimer-plaquette\right\insurance_2\J2_0p29\D_9_chi_108_energy_magnetization_correlation.txt,0.29,9,108,dimer-plaquette,0.0,0.0,2,0,-0.4270575256146,1.1459187499951451e-05,-0.43184947202769997,-0.28024075850860003,-0.2737295476345,0.15811992439319994,0.958821060033469,dimer-plaquette,c2cde9a3ffb5ad0089a7cc6ced41b6e1c896fe594d570e5cf511a695b42d670a,True,selected variational/high-chi representative
74791d684f48a4,izar_j2_sequences:Results_Izar_J2_sequences,D:\HyraiOn\ENS_Lyon\Internship\2026-EPFL\data\distinVBCsJ2Continuation\Results_Izar_J2_sequences\s102_J2_0p3_D_9_dimer-plaquette\left\insurance_1\J2_0p29\D_9_chi_108_energy_magnetization_correlation.txt,0.29,9,108,dimer-plaquette,0.0,0.0,0,0,-0.4270457482149,1.7476247000103307e-06,-0.4442331950909,-0.28185419111655,-0.25859808545955004,0.18563510963134994,0.8747214053247581,dimer-plaquette,ca2e120bab46331fe49cfdc5c723d2a41ce7a55f1dec07f0199b616e1e1d3a41,False,higher-energy duplicate/protocol
8223b23493785e,izar_j2_sequences:Results_Izar_J2_sequences,D:\HyraiOn\ENS_Lyon\Internship\2026-EPFL\data\distinVBCsJ2Continuation\Results_Izar_J2_sequences\s102_J2_0p3_D_9_dimer-plaquette\left\insurance_2\J2_0p29\D_9_chi_108_energy_magnetization_correlation.txt,0.29,9,108,dimer-plaquette,0.0,0.0,0,0,-0.427055337826,8.043852500028148e-06,-0.44114709422995,-0.28437790632834997,-0.25966268108885,0.18148441314110003,0.8638162649247214,dimer-plaquette,fd700a459a818bf8f1aa03129a81ea008bed367d29e5556444c823daf7199b4f,False,higher-energy duplicate/protocol
e858e1563c811d,synced_large_h:Results_Izar_replica1,D:\HyraiOn\ENS_Lyon\Internship\2026-EPFL\data\distinVBCs\Results_Izar_replica1\J2_0.29\D_9\orientation_1\dimer-plaquette\replica_1\h_0p0\D_9_chi_108_energy_magnetization_correlation.txt,0.29,9,108,dimer-plaquette,0.0,0.0,1,1,-0.4270504337227,8.823470300012293e-06,-0.41984445995400005,-0.31396587334075,-0.2521480211028,0.16769643885120006,0.6313705129254292,three-distinct/mixed,8c7e4d8b0db57da25949a80c4073b851122eb3a98e187403a44124f88be354a5,False,higher-energy duplicate/protocol
f325e54c1661a9,izar_j2_sequences:Results_Izar_J2_sequences,D:\HyraiOn\ENS_Lyon\Internship\2026-EPFL\data\distinVBCsJ2Continuation\Results_Izar_J2_sequences\s005_J2_0p3_D_9_plaquette\left\insurance_1\J2_0p29\D_9_chi_108_energy_magnetization_correlation.txt,0.29,9,108,plaquette,0.0,0.0,0,0,-0.4270614113048,1.9555956000116836e-06,-0.3834683198253,-0.38073432190625,-0.22125698905615,0.16221133076915,0.016854543428540526,plaquette,1ecb6c5dd8f81024d7d5e41e0123cca9bd7bb137d9a3e9474984e6e3cfe8b6d4,False,higher-energy duplicate/protocol
10512cc8c99900,izar_j2_sequences:Results_Izar_J2_sequences,D:\HyraiOn\ENS_Lyon\Internship\2026-EPFL\data\distinVBCsJ2Continuation\Results_Izar_J2_sequences\s005_J2_0p3_D_9_plaquette\left\insurance_2\J2_0p29\D_9_chi_108_energy_magnetization_correlation.txt,0.29,9,108,plaquette,0.0,0.0,0,0,-0.4270670811143,7.736567599947453e-06,-0.3847004801843,-0.37785554784805003,-0.22298745736655,0.16171302281774996,0.042327650655347396,plaquette,be79562df5efde70e405dd39cebfe928f4a115abff8f6baf9dc7129fd51c876b,True,selected variational/high-chi representative
182771bad3b7d4,izar_j2_sequences:Results_Izar_J2_sequences,D:\HyraiOn\ENS_Lyon\Internship\2026-EPFL\data\distinVBCsJ2Continuation\Results_Izar_J2_sequences\s103_J2_0p31_D_9_plaquette\left\insurance_1\J2_0p29\D_9_chi_108_energy_magnetization_correlation.txt,0.29,9,108,plaquette,0.0,0.0,0,0,-0.4270321934133,7.481536100029107e-06,-0.39113809461225,-0.37984017675805,-0.21428674371290002,0.17685135089935,0.0638836955259105,plaquette,8acbea270ae88c65d770a8035978901258854f8363eb38de11ceb0cdfdee1b40,False,higher-energy duplicate/protocol
b807d3891c6545,izar_j2_sequences:Results_Izar_J2_sequences,D:\HyraiOn\ENS_Lyon\Internship\2026-EPFL\data\distinVBCsJ2Continuation\Results_Izar_J2_sequences\s103_J2_0p31_D_9_plaquette\left\insurance_2\J2_0p29\D_9_chi_108_energy_magnetization_correlation.txt,0.29,9,108,plaquette,0.0,0.0,0,0,-0.4270280725398,2.6916411000055263e-06,-0.39114427083415,-0.3801563568502,-0.21396911978019997,0.17717515105395001,0.062017240671656954,plaquette,809d377aa041c6df2e886875f9c57f2fde1b979ec052431c3ee271f794e149da,False,higher-energy duplicate/protocol
a64e773d647e6d,synced_large_h:Results_Izar_replica1,D:\HyraiOn\ENS_Lyon\Internship\2026-EPFL\data\distinVBCs\Results_Izar_replica1\J2_0.29\D_9\orientation_1\plaquette\replica_1\h_0p01\D_9_chi_108_energy_magnetization_correlation.txt,0.29,9,108,plaquette,0.01,0.01,1,1,-0.4294335003323,4.481388899968408e-06,-0.4183110471619,-0.41804344997465,-0.13947055941395,0.27884048774795,0.0009596783788869589,plaquette,3c2b1d601bf670ce5c73460946d5ce5a45b2aa3d330004039354b8da4221e1aa,True,selected variational/high-chi representative
c8631594a17789,bundle_replica12:Results_VBC_branches,D:\HyraiOn\ENS_Lyon\Internship\2026-EPFL\6-AD-CTMRG\models\VBCPinningClusterBundle\Results_VBC_branches\J2_0.29\D_9\orientation_1\plaquette\replica_2\h_0p02\D_9_chi_108_energy_magnetization_correlation.txt,0.29,9,108,plaquette,0.02,0.02,1,2,-0.432155663335,1.0305445999891916e-06,-0.43753407415575,-0.42810076256359997,-0.10289169930775,0.334642374848,0.02818923215099347,plaquette,95782c5fdcb5dab917ca0fc0484ebdb59cf1918c739e407a183e49d14945b95c,False,higher-energy duplicate/protocol
d01647aaf928b0,synced_large_h:Results_Izar_replica1,D:\HyraiOn\ENS_Lyon\Internship\2026-EPFL\data\distinVBCs\Results_Izar_replica1\J2_0.29\D_9\orientation_1\plaquette\replica_1\h_0p02\D_9_chi_108_energy_magnetization_correlation.txt,0.29,9,108,plaquette,0.02,0.02,1,1,-0.4324520279832,2.4657819999718278e-06,-0.43036729246705,-0.43011548979450004,-0.10752124434780001,0.32284604811925,0.00077994658450016,plaquette,1f8cb6e9721ad59e57b0bef770bead44baf8e73acd327df457b88df8116a0a56,True,selected variational/high-chi representative
48befd5edaf2b1,bundle_replica12:Results_VBC_branches,D:\HyraiOn\ENS_Lyon\Internship\2026-EPFL\6-AD-CTMRG\models\VBCPinningClusterBundle\Results_VBC_branches\J2_0.29\D_9\orientation_1\plaquette\replica_2\h_0p04\D_9_chi_108_energy_magnetization_correlation.txt,0.29,9,108,plaquette,0.04,0.04,1,2,-0.4347182949222,3.438656670001761e-05,-0.47453674643095,-0.43401033761644997,-0.0499295648105,0.42460718162045,0.09544447331257337,plaquette,bc1b239d66c71ebcb317ee8656319832a8c6f893f60f7fb1bd245260d09b01a0,False,higher-energy duplicate/protocol
9b3d3364d729e2,synced_large_h:Results_Izar_replica1,D:\HyraiOn\ENS_Lyon\Internship\2026-EPFL\data\distinVBCs\Results_Izar_replica1\J2_0.29\D_9\orientation_1\plaquette\replica_1\h_0p04\D_9_chi_108_energy_magnetization_correlation.txt,0.29,9,108,plaquette,0.04,0.04,1,1,-0.4394513834192,2.2264421999929063e-06,-0.44236512116279997,-0.4422944113118,-0.069994670983455,0.37237045017934495,0.0001898911446005955,plaquette,51efdbe31dd7bc07df2bc9ab528006e40762ce2686fad27320f676ead9b6f1a7,True,selected variational/high-chi representative
ba69267322db88,bundle_replica12:Results_VBC_branches,D:\HyraiOn\ENS_Lyon\Internship\2026-EPFL\6-AD-CTMRG\models\VBCPinningClusterBundle\Results_VBC_branches\J2_0.29\D_9\orientation_1\plaquette\replica_2\h_0p08\D_9_chi_108_energy_magnetization_correlation.txt,0.29,9,108,plaquette,0.08,0.08,1,2,-0.007327591664145,0.0008450234440059998,-0.0097307333388565,-0.004162151523750999,-0.0012721575353065,0.00845857580355,0.6583356281761298,three-distinct/mixed,0c17fe6863200b41293f7269746ae58a3077b99d7ff9c99d3f681b24864e0c94,False,energy outside original-2C3 physical envelope
182d497c709c6c,synced_large_h:Results_Izar_replica1,D:\HyraiOn\ENS_Lyon\Internship\2026-EPFL\data\distinVBCs\Results_Izar_replica1\J2_0.29\D_9\orientation_1\plaquette\replica_1\h_0p08\D_9_chi_108_energy_magnetization_correlation.txt,0.29,9,108,plaquette,0.08,0.08,1,1,-0.455458242341,1.4922981000364821e-06,-0.4520278882042,-0.4519605714266,-0.029887628013249998,0.42214026019094997,0.00015946542878785935,plaquette,d2f141ea5dde6520fc2276563789d7aade8ae91d9c5296595b7c1528e03b750a,True,selected variational/high-chi representative
6556419933801e,synced_large_h:Results_Kuma_replica1,D:\HyraiOn\ENS_Lyon\Internship\2026-EPFL\data\distinVBCs\Results_Kuma_replica1\J2_0.30\D_5\orientation_2\dimer-plaquette\replica_1\h_0p08\D_5_chi_50_energy_magnetization_correlation.txt,0.3,5,50,dimer-plaquette,0.08,-0.08,2,1,-0.4576533013952,2.982220900005217e-06,-0.6756510002425501,-0.1155699044681,-0.11348137792655,0.5621696223160001,0.9962848818957065,dimer-plaquette,5a53a7ee7265fd82c99cebbd3c7ba1c4efe1cd11258933e6352bd4f2246826f5,True,selected variational/high-chi representative
ee03f0a61093c4,synced_large_h:Results_Kuma_replica1,D:\HyraiOn\ENS_Lyon\Internship\2026-EPFL\data\distinVBCs\Results_Kuma_replica1\J2_0.30\D_5\orientation_2\dimer-plaquette\replica_1\h_0p04\D_5_chi_50_energy_magnetization_correlation.txt,0.3,5,50,dimer-plaquette,0.04,-0.04,2,1,-0.437193406625,3.610234999840145e-07,-0.6175209055523,-0.1659534200761,-0.16319759339005,0.45432331216224997,0.993934216862141,dimer-plaquette,1ee32e7704dc19654f0bd8c385dd2a6479f50fa3a1b267ea36e54d83f30a532d,True,selected variational/high-chi representative
668acabc0200b5,synced_large_h:Results_Kuma_replica1,D:\HyraiOn\ENS_Lyon\Internship\2026-EPFL\data\distinVBCs\Results_Kuma_replica1\J2_0.30\D_5\orientation_2\dimer-plaquette\replica_1\h_0p02\D_5_chi_50_energy_magnetization_correlation.txt,0.3,5,50,dimer-plaquette,0.02,-0.02,2,1,-0.4290889459131,4.786407999946007e-07,-0.56599228846225,-0.2018295201457,-0.20147087498075,0.3645214134815,0.9990161204481114,dimer-plaquette,8f1b160d3d2c530576e05784784702781eae13119754ab7a712d14c0ce7f9bac,True,selected variational/high-chi representative
e878c99b7bc44d,synced_large_h:Results_Kuma_replica1,D:\HyraiOn\ENS_Lyon\Internship\2026-EPFL\data\distinVBCs\Results_Kuma_replica1\J2_0.30\D_5\orientation_2\dimer-plaquette\replica_1\h_0p01\D_5_chi_50_energy_magnetization_correlation.txt,0.3,5,50,dimer-plaquette,0.01,-0.01,2,1,-0.4256914625308,1.92018900002644e-07,-0.5350875919060499,-0.2221095034667,-0.22074718855029998,0.31434040335575,0.9956661157717664,dimer-plaquette,2872ea916e4166827481cde7748ff21d30a385cc5d6dead251ab613e0401d0ae,True,selected variational/high-chi representative
6cb87ac6c90013,synced_large_h:Results_Kuma_replica1,D:\HyraiOn\ENS_Lyon\Internship\2026-EPFL\data\distinVBCs\Results_Kuma_replica1\J2_0.30\D_5\orientation_2\dimer-plaquette\replica_1\h_0p0\D_5_chi_50_energy_magnetization_correlation.txt,0.3,5,50,dimer-plaquette,0.0,0.0,2,1,-0.422858174187,8.186148999778098e-07,-0.49539212052314996,-0.2498031101706,-0.24059974668429998,0.25479237383885,0.9638789680097688,dimer-plaquette,7803a4d3fa34e235f99b7651954bdb035d37eb496f292798a40621bf582f1232,True,selected variational/high-chi representative
6e872e72db85c4,last_izar_pins:Results_LastIzar,D:\HyraiOn\ENS_Lyon\Internship\2026-EPFL\data\distinVBCsJ2Continuation\LastIzar\Results_LastIzar\task6_D5_dimer_adiabatic\J2_0p30\D_5_chi_50_energy_magnetization_correlation.txt,0.3,5,50,plaquette,0.0,0.0,0,0,-0.4228576206174,6.277548000310773e-07,-0.49544746698844994,-0.24855815552024998,-0.24179534729724997,0.25365211969119994,0.9733382546487956,dimer-plaquette,b5dd60339375d52d4d419c1e226ba883427848afd82df9ac2c7061e1dcb0e138,False,branch texture flipped
39369b888090c1,last_izar_pins:Results_LastIzar,D:\HyraiOn\ENS_Lyon\Internship\2026-EPFL\data\distinVBCsJ2Continuation\LastIzar\Results_LastIzar\task_pin_D5_h0p01_adam\J2_0p30\h_0\D_5_chi_50_energy_magnetization_correlation.txt,0.3,5,50,plaquette,0.0,0.0,0,0,-0.4228576355115,1.2180719999310696e-07,-0.49496846376454995,-0.2532621615404,-0.23764189264705002,0.2573265711174999,0.939297878079534,dimer-plaquette,145c21e18cb716f1cf6b1393d1a7ed49cd6b5e6cd3b73a41a0f0416ed5e1ba36,False,branch texture flipped
e372b43ec39b5f,last_izar_pins:Results_LastIzar,D:\HyraiOn\ENS_Lyon\Internship\2026-EPFL\data\distinVBCsJ2Continuation\LastIzar\Results_LastIzar\task_pin_D5_h0p01_lbfgs\J2_0p30\h_0\D_5_chi_50_energy_magnetization_correlation.txt,0.3,5,50,plaquette,0.0,0.0,0,0,-0.4228580910306,2.4192899961139602e-08,-0.49524279011129996,-0.25089089345279997,-0.2397041316113,0.25553865849999996,0.9562228200337055,dimer-plaquette,441abcb170cb11b52994bd358f8679628e9ca4251f0b7c0324d3f9f2829ded2d,False,branch texture flipped
a265dd7d31cbc0,last_izar_pins:Results_LastIzar,D:\HyraiOn\ENS_Lyon\Internship\2026-EPFL\data\distinVBCsJ2Continuation\LastIzar\Results_LastIzar\task_pin_D5_h0p02_adam\J2_0p30\h_0\D_5_chi_50_energy_magnetization_correlation.txt,0.3,5,50,plaquette,0.0,0.0,0,0,-0.4228572658256,2.378155999904763e-07,-0.4949623894414,-0.25431608291339997,-0.2366108132908,0.2583515761506,0.9314683119553367,dimer-plaquette,36e171fa5430db9b1f593d2d3de5b3106f49b94c85e8366d6fc91fc91310f8c9,False,branch texture flipped
48ee6f39a0e152,last_izar_pins:Results_LastIzar,D:\HyraiOn\ENS_Lyon\Internship\2026-EPFL\data\distinVBCsJ2Continuation\LastIzar\Results_LastIzar\task_pin_D5_h0p02_lbfgs\J2_0p30\h_0\D_5_chi_50_energy_magnetization_correlation.txt,0.3,5,50,plaquette,0.0,0.0,0,0,-0.3984681349076,4.609999604276993e-10,-0.5445467903002,-0.2760762494182,-0.16055814157099998,0.3839886487292,0.6991627012165489,three-distinct/mixed,e2d2d3a5640855e411bf8ae1c3ed272a3b9b891de8ecf1a22b0f608d23643aaa,False,branch texture flipped
33469d2bf84c2f,last_izar_pins:Results_LastIzar,D:\HyraiOn\ENS_Lyon\Internship\2026-EPFL\data\distinVBCsJ2Continuation\LastIzar\Results_LastIzar\task_pin_D5_h0p03_adam\J2_0p30\h_0\D_5_chi_50_energy_magnetization_correlation.txt,0.3,5,50,plaquette,0.0,0.0,0,0,-0.4228573578997,7.28932999516374e-08,-0.4948061716553,-0.25392696465875003,-0.23718668450940003,0.2576194871459,0.935019356125535,dimer-plaquette,1179cd7fcf13e3865d1d3e4fa42918d7372488deba54619c7c9fe00e12eb12ec,False,branch texture flipped
d52a29c9116838,last_izar_pins:Results_LastIzar,D:\HyraiOn\ENS_Lyon\Internship\2026-EPFL\data\distinVBCsJ2Continuation\LastIzar\Results_LastIzar\task_pin_D5_h0p03_lbfgs\J2_0p30\h_0\D_5_chi_50_energy_magnetization_correlation.txt,0.3,5,50,plaquette,0.0,0.0,0,0,-0.0003015986061564,0.2707647906741436,-0.0009792653014711,-0.0007145106422835001,-0.000389353559550835,0.0005899117419202651,0.4488038470395209,uniform/unresolved,d3d8ed3befd308617d1c4dc40b7af9fa9a4075b123526d2a93b03902b1c07864,False,branch texture flipped
44404ae24810f7,synced_large_h:Results_Kuma_replica1,D:\HyraiOn\ENS_Lyon\Internship\2026-EPFL\data\distinVBCs\Results_Kuma_replica1\J2_0.30\D_5\orientation_2\plaquette\replica_1\h_0p0\D_5_chi_50_energy_magnetization_correlation.txt,0.3,5,50,plaquette,0.0,0.0,2,1,-0.4228586872053,6.05870000003339e-06,-0.49491518798034995,-0.2560729341709,-0.23483104845795,0.26008413952239995,0.9183268700968961,dimer-plaquette,6fc82cd2b6f595be214f0cdd3d089c4822ce1392c1d2a1920642cd21ac92ec3d,False,branch texture flipped
474b51d1a5bf14,last_izar_pins:Results_LastIzar,D:\HyraiOn\ENS_Lyon\Internship\2026-EPFL\data\distinVBCsJ2Continuation\LastIzar\Results_LastIzar\task_pin_D5_h0p01_adam\J2_0p30\h_0p01\D_5_chi_50_energy_magnetization_correlation.txt,0.3,5,50,plaquette,0.01,0.01,0,0,-0.425511850281,2.2397359999981603e-07,-0.4572675050983,-0.40071798088725,-0.11834776533949999,0.3389197397588,0.16685225903718306,plaquette,0f1e057cc1cb80205ea34ab38846927c5b15bc9658912a5f4fee53eb038e1ffe,False,higher-energy duplicate/protocol
219ebe0bfe3387,last_izar_pins:Results_LastIzar,D:\HyraiOn\ENS_Lyon\Internship\2026-EPFL\data\distinVBCsJ2Continuation\LastIzar\Results_LastIzar\task_pin_D5_h0p01_lbfgs\J2_0p30\h_0p01\D_5_chi_50_energy_magnetization_correlation.txt,0.3,5,50,plaquette,0.01,0.01,0,0,-0.4017629585565,2.0244999565655064e-09,-0.4744911789751,-0.3347448442197,-0.20664860592419998,0.26784257305090003,0.5217480296862403,three-distinct/mixed,953a860073082cc8273276e8042d308241f821ad13a1a4b286b48ab36afb70c7,False,energy outside original-2C3 physical envelope
bd503a976c1f2b,synced_large_h:Results_Kuma_replica1,D:\HyraiOn\ENS_Lyon\Internship\2026-EPFL\data\distinVBCs\Results_Kuma_replica1\J2_0.30\D_5\orientation_2\plaquette\replica_1\h_0p01\D_5_chi_50_energy_magnetization_correlation.txt,0.3,5,50,plaquette,0.01,0.01,2,1,-0.425517157695,9.620746399985336e-06,-0.4575749590598,-0.39991241243905,-0.11906571321095,0.33850924584885,0.17034260460494857,plaquette,835fb53498669310371db5b4cf7269922d032621a5f5102c3c19559f0485fb2e,True,selected variational/high-chi representative
1c1e8a3a9872b8,last_izar_pins:Results_LastIzar,D:\HyraiOn\ENS_Lyon\Internship\2026-EPFL\data\distinVBCsJ2Continuation\LastIzar\Results_LastIzar\task_pin_D5_h0p02_adam\J2_0p30\h_0p02\D_5_chi_50_energy_magnetization_correlation.txt,0.3,5,50,plaquette,0.02,0.02,0,0,-0.4288058949454,3.576980001085417e-08,-0.45165532355475,-0.42424577733905,-0.09308916635308001,0.35856615720167,0.0764420893193329,plaquette,cb02d889af6a3406d561d4991314fb6fac3827441911050f5d4732081bb5760c,False,higher-energy duplicate/protocol
320e569b6c9a62,last_izar_pins:Results_LastIzar,D:\HyraiOn\ENS_Lyon\Internship\2026-EPFL\data\distinVBCsJ2Continuation\LastIzar\Results_LastIzar\task_pin_D5_h0p02_lbfgs\J2_0p30\h_0p02\D_5_chi_50_energy_magnetization_correlation.txt,0.3,5,50,plaquette,0.02,0.02,0,0,-0.4031879821379,3.710300011672274e-09,-0.5449677459801,-0.27610509271660005,-0.15862798137609999,0.386339764604,0.695922806545905,three-distinct/mixed,d5326383fa47ab01caa94a944c96637d61d65d91ca79b537d1f64944c2cda3fe,False,branch texture flipped
228ae7c4228d91,synced_large_h:Results_Kuma_replica1,D:\HyraiOn\ENS_Lyon\Internship\2026-EPFL\data\distinVBCs\Results_Kuma_replica1\J2_0.30\D_5\orientation_2\plaquette\replica_1\h_0p02\D_5_chi_50_energy_magnetization_correlation.txt,0.3,5,50,plaquette,0.02,0.02,2,1,-0.4288060221526,6.161810001126256e-08,-0.45156266364725,-0.42437565246930004,-0.093020562574515,0.358542101072735,0.0758265517399719,plaquette,b2fe711a0704ac07a5f2b023c4813771682be343df9ef17644c13033b30efb77,True,selected variational/high-chi representative
81f7edde9238c1,last_izar_pins:Results_LastIzar,D:\HyraiOn\ENS_Lyon\Internship\2026-EPFL\data\distinVBCsJ2Continuation\LastIzar\Results_LastIzar\task_pin_D5_h0p03_adam\J2_0p30\h_0p03\D_5_chi_50_energy_magnetization_correlation.txt,0.3,5,50,plaquette,0.03,0.03,0,0,-0.4323718598007,2.1318000142933613e-09,-0.45068624612415004,-0.43570297708495004,-0.07612974086081499,0.37455650526333506,0.04000269339512842,plaquette,e81400eadea47426e60e9f681cfbca94e657a9d06d19e4943a11f001f7fd8dea,True,selected variational/high-chi representative
b33bc8144eaba2,last_izar_pins:Results_LastIzar,D:\HyraiOn\ENS_Lyon\Internship\2026-EPFL\data\distinVBCsJ2Continuation\LastIzar\Results_LastIzar\task_pin_D5_h0p03_lbfgs\J2_0p30\h_0p03\D_5_chi_50_energy_magnetization_correlation.txt,0.3,5,50,plaquette,0.03,0.03,0,0,-0.2582493969399,2.0276540002583943e-07,-0.48546316710085,-0.09766735920910001,-0.01878655081145,0.46667661628940005,0.8309733000448136,dimer-plaquette,cd6aa3c29913f0340aa0a5221bb347dd0dc9f317579cd0a53776e5ece437e8d4,False,energy outside original-2C3 physical envelope
2d4551c71138e2,synced_large_h:Results_Kuma_replica1,D:\HyraiOn\ENS_Lyon\Internship\2026-EPFL\data\distinVBCs\Results_Kuma_replica1\J2_0.30\D_5\orientation_2\plaquette\replica_1\h_0p04\D_5_chi_50_energy_magnetization_correlation.txt,0.3,5,50,plaquette,0.04,0.04,2,1,-0.4361051468043,1.5357979998853466e-07,-0.44900886211359997,-0.4454058678619,-0.061181649549104995,0.387827212564495,0.00929020485147311,plaquette,00a8c594000dc8c15125e10c501dac1dabfef7ed7bc4b342ade11f7b57b9b92f,True,selected variational/high-chi representative
aedc64f83558e0,synced_large_h:Results_Kuma_replica1,D:\HyraiOn\ENS_Lyon\Internship\2026-EPFL\data\distinVBCs\Results_Kuma_replica1\J2_0.30\D_5\orientation_2\plaquette\replica_1\h_0p08\D_5_chi_50_energy_magnetization_correlation.txt,0.3,5,50,plaquette,0.08,0.08,2,1,-0.4524713121674,4.889319000223047e-07,-0.45638709312645,-0.45239823642185,-0.02663377341624,0.42975331971020997,0.009281735641483187,plaquette,a65aecd7408ef6693efec529f0369079f9be75ddacc0525ae4d159f1f9f25fd1,True,selected variational/high-chi representative
acaf262524c2aa,synced_large_h:Results_Izar_replica1,D:\HyraiOn\ENS_Lyon\Internship\2026-EPFL\data\distinVBCs\Results_Izar_replica1\J2_0.30\D_6\orientation_0\dimer-plaquette\replica_1\h_0p08\D_6_chi_72_energy_magnetization_correlation.txt,0.3,6,72,dimer-plaquette,0.08,-0.08,0,1,-0.4584232626441,2.218860001290679e-08,-0.6711194097172001,-0.11651053208695,-0.11641232763795001,0.5547070820792501,0.9998229616095183,dimer-plaquette,51145dd24e578bf9d4c873d0948bf85fa79b4df50d203e08504d5ff2f8a360b8,False,higher-energy duplicate/protocol
e03d67c9de8a58,synced_large_h:Results_Kuma_replica1,D:\HyraiOn\ENS_Lyon\Internship\2026-EPFL\data\distinVBCs\Results_Kuma_replica1\J2_0.30\D_6\orientation_0\dimer-plaquette\replica_1\h_0p08\D_6_chi_72_energy_magnetization_correlation.txt,0.3,6,72,dimer-plaquette,0.08,-0.08,0,1,-0.4584239646861,9.004420004066205e-08,-0.67110624259985,-0.11649518583155,-0.11644117559329999,0.5546650670065499,0.9999026254915576,dimer-plaquette,88b92004273c457cef8ecc69d70b8ea4d9e45840eb3f1f7a7712ad70e5615526,True,selected variational/high-chi representative
6a7df11dd1a15c,synced_large_h:Results_Izar_replica1,D:\HyraiOn\ENS_Lyon\Internship\2026-EPFL\data\distinVBCs\Results_Izar_replica1\J2_0.30\D_6\orientation_0\dimer-plaquette\replica_1\h_0p04\D_6_chi_72_energy_magnetization_correlation.txt,0.3,6,72,dimer-plaquette,0.04,-0.04,0,1,-0.4382690687916,3.18435399992989e-07,-0.6107222929803,-0.1664360221499,-0.1664228385955,0.4442994543848,0.9999703273225526,dimer-plaquette,e09851cee259238feec385ea7f54adcba81b1621ced8bcbeeb5fd172f8dc791d,False,higher-energy duplicate/protocol
849150435121b5,synced_large_h:Results_Kuma_replica1,D:\HyraiOn\ENS_Lyon\Internship\2026-EPFL\data\distinVBCs\Results_Kuma_replica1\J2_0.30\D_6\orientation_0\dimer-plaquette\replica_1\h_0p04\D_6_chi_72_energy_magnetization_correlation.txt,0.3,6,72,dimer-plaquette,0.04,-0.04,0,1,-0.4382691172574,1.1239819996955447e-07,-0.6107160381645,-0.16646057927415,-0.1663974977256,0.44431854043890007,0.999858026296882,dimer-plaquette,3e150563690ce7648b5dced912ff07c5cadf985ade220be572936fc4e21a0f79,True,selected variational/high-chi representative
b80dc8d4305b09,synced_large_h:Results_Izar_replica1,D:\HyraiOn\ENS_Lyon\Internship\2026-EPFL\data\distinVBCs\Results_Izar_replica1\J2_0.30\D_6\orientation_0\dimer-plaquette\replica_1\h_0p02\D_6_chi_72_energy_magnetization_correlation.txt,0.3,6,72,dimer-plaquette,0.02,-0.02,0,1,-0.4301422144825,2.988500000244976e-07,-0.5637988015355,-0.19905906614325,-0.19892451908550002,0.36487428245,0.9996312509151193,dimer-plaquette,0ba85ad7fae46fae2dac2c56ff5155a275fc756f895918699a0112bbf7c09073,False,higher-energy duplicate/protocol
fa74fdc1fddcb5,synced_large_h:Results_Kuma_replica1,D:\HyraiOn\ENS_Lyon\Internship\2026-EPFL\data\distinVBCs\Results_Kuma_replica1\J2_0.30\D_6\orientation_0\dimer-plaquette\replica_1\h_0p02\D_6_chi_72_energy_magnetization_correlation.txt,0.3,6,72,dimer-plaquette,0.02,-0.02,0,1,-0.4301427706991,2.617042000330194e-07,-0.5637949293112,-0.1990777583865,-0.19893592004930002,0.36485900926189996,0.9996112516517356,dimer-plaquette,55c912433573d8beb1218d0ee77384b2c907695a60c3306a94e1d34d17387fba,True,selected variational/high-chi representative
2fd308e76002c9,synced_large_h:Results_Izar_replica1,D:\HyraiOn\ENS_Lyon\Internship\2026-EPFL\data\distinVBCs\Results_Izar_replica1\J2_0.30\D_6\orientation_0\dimer-plaquette\replica_1\h_0p01\D_6_chi_72_energy_magnetization_correlation.txt,0.3,6,72,dimer-plaquette,0.01,-0.01,0,1,-0.4267400301988,5.272933000233238e-07,-0.5330801458248,-0.21869312031515,-0.21838141586865,0.31469872995615,0.999009514761806,dimer-plaquette,349d4ff2c074b82b12fee72844adfa6f048ae5828dfc87281c66fc8d8e51fd81,False,higher-energy duplicate/protocol
e1e396c4a7d1da,synced_large_h:Results_Kuma_replica1,D:\HyraiOn\ENS_Lyon\Internship\2026-EPFL\data\distinVBCs\Results_Kuma_replica1\J2_0.30\D_6\orientation_0\dimer-plaquette\replica_1\h_0p01\D_6_chi_72_energy_magnetization_correlation.txt,0.3,6,72,dimer-plaquette,0.01,-0.01,0,1,-0.4267402825938,5.426522999840699e-07,-0.5330646007751,-0.21868863860235,-0.21839932323065,0.31466527754444995,0.9990805614971003,dimer-plaquette,ed1ce2e5a1bcc8a46c42af83e6d6cc76e8cf65586ef4be7757ef69f7fb823a3d,True,selected variational/high-chi representative
44de78dd3cdea5,synced_large_h:Results_Izar_replica1,D:\HyraiOn\ENS_Lyon\Internship\2026-EPFL\data\distinVBCs\Results_Izar_replica1\J2_0.30\D_6\orientation_0\dimer-plaquette\replica_1\h_0p005\D_6_chi_72_energy_magnetization_correlation.txt,0.3,6,72,dimer-plaquette,0.005,-0.005,0,1,-0.4252388929101,6.684982999938249e-07,-0.5149388746903,-0.22972239550875004,-0.22939304392335,0.28554583076694995,0.9988465894090787,dimer-plaquette,a01944d6a39a51503ae5ace3d9b292fc8f6f08daae7330f7a9af4d871be4bed2,True,selected variational/high-chi representative
4a02004a3f1bde,synced_small_h:Results_Izar_replica1,D:\HyraiOn\ENS_Lyon\Internship\2026-EPFL\data\distinVBCsSmallH\Results_Izar_replica1\J2_0.30\D_6\orientation_0\dimer-plaquette\replica_1\h_0p003\D_6_chi_72_energy_magnetization_correlation.txt,0.3,6,72,dimer-plaquette,0.003,-0.003,0,1,-0.4246808124256,5.859259999962951e-07,-0.5069818274471,-0.23448312309065,-0.23407887291815,0.27290295452894997,0.9985187035691945,dimer-plaquette,2ca97c7e27a572a170927e3d04032d0060a6821a180e620530e9863d652ce69a,True,selected variational/high-chi representative
40f9136de40771,synced_small_h:Results_Izar_replica1,D:\HyraiOn\ENS_Lyon\Internship\2026-EPFL\data\distinVBCsSmallH\Results_Izar_replica1\J2_0.30\D_6\orientation_0\dimer-plaquette\replica_1\h_0p002\D_6_chi_72_energy_magnetization_correlation.txt,0.3,6,72,dimer-plaquette,0.002,-0.002,0,1,-0.4244114678286,4.534920999832437e-07,-0.5028206318573,-0.23708474322679998,-0.23637391867065002,0.2664467131866499,0.9973322074509812,dimer-plaquette,965fe5a0c2166a17546c6c6efb4ff711966bf7180897778eb02d1d37165c528a,True,selected variational/high-chi representative
1deedd23788a18,synced_small_h:Results_Izar_replica1,D:\HyraiOn\ENS_Lyon\Internship\2026-EPFL\data\distinVBCsSmallH\Results_Izar_replica1\J2_0.30\D_6\orientation_0\dimer-plaquette\replica_1\h_0p001\D_6_chi_72_energy_magnetization_correlation.txt,0.3,6,72,dimer-plaquette,0.001,-0.001,0,1,-0.4241489624615,5.700630000271545e-07,-0.49844152467959996,-0.23950798103725002,-0.2390928095397,0.2593487151399,0.9983991765784299,dimer-plaquette,1730d067775fcaa38ca77aacd3fa18275bfdbb32cdd8c83a7579baa7f2b15fa2,True,selected variational/high-chi representative
79bd7e9be0910e,synced_small_h:Results_Izar_replica1,D:\HyraiOn\ENS_Lyon\Internship\2026-EPFL\data\distinVBCsSmallH\Results_Izar_replica1\J2_0.30\D_6\orientation_0\dimer-plaquette\replica_1\h_0\D_6_chi_72_energy_magnetization_correlation.txt,0.3,6,72,dimer-plaquette,0.0,0.0,0,1,-0.4238936032151,5.476105000012943e-07,-0.493946028123,-0.24251911482635,-0.2412994388087,0.25264658931429995,0.9951724026001688,dimer-plaquette,0319b819b5a3e75077bb68bcc1b5d56deb8f75d08f33ec0f5ecef2f010fa5d57,True,selected variational/high-chi representative
d720307416ec77,synced_large_h:Results_Kuma_replica1,D:\HyraiOn\ENS_Lyon\Internship\2026-EPFL\data\distinVBCs\Results_Kuma_replica1\J2_0.30\D_6\orientation_0\dimer-plaquette\replica_1\h_0p0\D_6_chi_72_energy_magnetization_correlation.txt,0.3,6,72,dimer-plaquette,0.0,0.0,0,1,-0.4238934590345,4.3890239997956826e-07,-0.4939679807162,-0.24238856658730001,-0.2413981217532,0.252569858963,0.9960785311510781,dimer-plaquette,8c9737832ef12315e3fc30d7ce7eddefe4e3ecb569e3da271e1d87faa630a7b2,False,higher-energy duplicate/protocol
af902468b93687,last_izar_pins:Results_LastIzar,D:\HyraiOn\ENS_Lyon\Internship\2026-EPFL\data\distinVBCsJ2Continuation\LastIzar\Results_LastIzar\task1_D6_adiabatic\J2_0p30\D_6_chi_72_energy_magnetization_correlation.txt,0.3,6,72,plaquette,0.0,0.0,0,0,-0.4239092086271,2.258922999764934e-07,-0.4926627528049499,-0.24346280365750003,-0.24162198512225,0.2510407676826999,0.9926672526050562,dimer-plaquette,e33872b7ae79711e4f5e3666d5b32a9bb145ea3ff9095222dbd4ff63a60e7693,False,branch texture flipped
9acef0a281750a,last_izar_pins:Results_LastIzar,D:\HyraiOn\ENS_Lyon\Internship\2026-EPFL\data\distinVBCsJ2Continuation\LastIzar\Results_LastIzar\task1_D6_adiabatic\insurance_2\J2_0p30\D_6_chi_72_energy_magnetization_correlation.txt,0.3,6,72,plaquette,0.0,0.0,0,0,-0.4239091966207,2.336156000315448e-07,-0.4926701036423,-0.2434772680361,-0.24159797769494998,0.25107212594735007,0.9925149383506469,dimer-plaquette,6b3d87c41edc345642d0d3fe3b862c8971cd716de06d20978ccd99bab9cb2508,False,branch texture flipped
715c2fb07a0ca3,last_izar_pins:Results_LastIzar,D:\HyraiOn\ENS_Lyon\Internship\2026-EPFL\data\distinVBCsJ2Continuation\LastIzar\Results_LastIzar\task1_D6_adiabatic\insurance_3\J2_0p30\D_6_chi_72_energy_magnetization_correlation.txt,0.3,6,72,plaquette,0.0,0.0,0,0,-0.4239092362463,2.2496149998385562e-07,-0.4926464791083,-0.24350905650125,-0.24159016007784997,0.25105631903045,0.9923567093200022,dimer-plaquette,3a543a920ae50bef2d8e33b6b34ac4dc6f6307472b98e4528df0964e5de49910,False,branch texture flipped
d1b5610337b2f7,last_izar_pins:Results_LastIzar,D:\HyraiOn\ENS_Lyon\Internship\2026-EPFL\data\distinVBCsJ2Continuation\LastIzar\Results_LastIzar\task1_D6_adiabatic\insurance_4\J2_0p30\D_6_chi_72_energy_magnetization_correlation.txt,0.3,6,72,plaquette,0.0,0.0,0,0,-0.4239092325048,2.247841999758471e-07,-0.4926440174466,-0.24333769799229998,-0.24177062224299997,0.2508733952036001,0.9937535195869285,dimer-plaquette,5da09a80aeefa2a2b71489d8a397533a808d431c979581920db8f3a9132170df,False,branch texture flipped
a4956e922bcec8,last_izar_pins:Results_LastIzar,D:\HyraiOn\ENS_Lyon\Internship\2026-EPFL\data\distinVBCsJ2Continuation\LastIzar\Results_LastIzar\task1_D6_adiabatic\insurance_5\J2_0p30\D_6_chi_72_energy_magnetization_correlation.txt,0.3,6,72,plaquette,0.0,0.0,0,0,-0.4239092540212,1.9302560000378222e-07,-0.49264942301235,-0.2433062552651,-0.2417938939067,0.25085552910565,0.9939711858702421,dimer-plaquette,4ec59503e058ba0a5bff9f229b98256c4f5ea8a8b20eceafd281646c204e9599,False,branch texture flipped
95a5a8a47caba0,last_izar_pins:Results_LastIzar,D:\HyraiOn\ENS_Lyon\Internship\2026-EPFL\data\distinVBCsJ2Continuation\LastIzar\Results_LastIzar\task_pin_D6_h0p01_adam\J2_0p30\h_0\D_6_chi_72_energy_magnetization_correlation.txt,0.3,6,72,plaquette,0.0,0.0,0,0,-0.4239093840034,2.0423379998302238e-07,-0.49262088875715,-0.24397803218720002,-0.24114567188575,0.25147521687139995,0.9887370201458127,dimer-plaquette,b4e8d69f0dfce2dd69036f20487a85b17bc24a005dac33fd77b6408bd73cb2f9,False,branch texture flipped
ddc0ed1cfe1492,last_izar_pins:Results_LastIzar,D:\HyraiOn\ENS_Lyon\Internship\2026-EPFL\data\distinVBCsJ2Continuation\LastIzar\Results_LastIzar\task_pin_D6_h0p01_lbfgs\J2_0p30\h_0\D_6_chi_72_energy_magnetization_correlation.txt,0.3,6,72,plaquette,0.0,0.0,0,0,-0.4239093618523,1.100626000338778e-07,-0.49264763051995003,-0.24376835674709998,-0.24131551423685002,0.25133211628310004,0.9902406324089233,dimer-plaquette,9881c265e9b56b67a6864857193b66c04928f3fe0097c064ac38bc34bdcd5411,False,branch texture flipped
b3dc61553c2a23,last_izar_pins:Results_LastIzar,D:\HyraiOn\ENS_Lyon\Internship\2026-EPFL\data\distinVBCsJ2Continuation\LastIzar\Results_LastIzar\task_pin_D6_h0p02_adam\J2_0p30\h_0\D_6_chi_72_energy_magnetization_correlation.txt,0.3,6,72,plaquette,0.0,0.0,0,0,-0.4238928889435,1.0857670001973574e-07,-0.49392141802695,-0.24259303745005,-0.2412529572822,0.25266846074475,0.9946962902932163,dimer-plaquette,004e07722bef4ce58a7c5b7e84739b54c406c1bdbba4496d029c190a09ab122c,False,branch texture flipped
302f0291c446dd,last_izar_pins:Results_LastIzar,D:\HyraiOn\ENS_Lyon\Internship\2026-EPFL\data\distinVBCsJ2Continuation\LastIzar\Results_LastIzar\task_pin_D6_h0p02_lbfgs\J2_0p30\h_0\D_6_chi_72_energy_magnetization_correlation.txt,0.3,6,72,plaquette,0.0,0.0,0,0,-0.4047499149323,7.373505390001478e-05,-0.45817306602155,-0.3227055341099,-0.23909623034005,0.2190768356815,0.6183562561064031,three-distinct/mixed,3fe635de0c83b11a08104215378be20c2a3f0c57cb40baeebfa912910d53cb9e,False,branch texture flipped
c52687c016b3ac,last_izar_pins:Results_LastIzar,D:\HyraiOn\ENS_Lyon\Internship\2026-EPFL\data\distinVBCsJ2Continuation\LastIzar\Results_LastIzar\task_pin_D6_h0p03_adam\J2_0p30\h_0\D_6_chi_72_energy_magnetization_correlation.txt,0.3,6,72,plaquette,0.0,0.0,0,0,-0.4239100398704,4.335590003679002e-08,-0.49273087311924996,-0.2426495605711,-0.24235018451544998,0.2503806886038,0.998804316509714,dimer-plaquette,cb5b3cad2a782f2adf8eeb1b93acc0f74e0547670a2a3b863f091ec72a08e4e1,False,branch texture flipped
c14d6a1816cbbe,last_izar_pins:Results_LastIzar,D:\HyraiOn\ENS_Lyon\Internship\2026-EPFL\data\distinVBCsJ2Continuation\LastIzar\Results_LastIzar\task_pin_D6_h0p03_lbfgs\J2_0p30\h_0\D_6_chi_72_energy_magnetization_correlation.txt,0.3,6,72,plaquette,0.0,0.0,0,0,-0.4239093101827,2.468793999788055e-07,-0.49267943456835,-0.2428279681125,-0.242224790571,0.25045464399735,0.9975916695659021,dimer-plaquette,ce18fc15086b14771c3c0c1f0dd9e4c33a2308095e19d40b5bac85245bd20827,False,branch texture flipped
977300cf5f3c38,synced_small_h:Results_Izar_replica1,D:\HyraiOn\ENS_Lyon\Internship\2026-EPFL\data\distinVBCsSmallH\Results_Izar_replica1\J2_0.30\D_6\orientation_0\plaquette\replica_1\h_0\D_6_chi_72_energy_magnetization_correlation.txt,0.3,6,72,plaquette,0.0,0.0,0,1,-0.4239102515131,2.2483480000001776e-07,-0.49272321284090004,-0.2435000005643,-0.2414952169486,0.25122799589230005,0.992020062857328,dimer-plaquette,793b1bbd9c66dd540af69a9cf72930a520dcd4a029c06d4d9c5c389696dbb179,False,branch texture flipped
4b8d73b55af9e4,synced_large_h:Results_Kuma_replica1,D:\HyraiOn\ENS_Lyon\Internship\2026-EPFL\data\distinVBCs\Results_Kuma_replica1\J2_0.30\D_6\orientation_0\plaquette\replica_1\h_0p0\D_6_chi_72_energy_magnetization_correlation.txt,0.3,6,72,plaquette,0.0,0.0,0,1,-0.4239100655205,4.783810003683442e-08,-0.4927722339417,-0.24265553733674997,-0.24229469403145,0.25047753991025,0.9985593785956647,dimer-plaquette,4a18db16cfe7c26fb24883379ee6108ff9c177a104ae284a9a1df50ef4dc4de0,False,branch texture flipped
e983872c9f475d,synced_small_h:Results_Izar_replica1,D:\HyraiOn\ENS_Lyon\Internship\2026-EPFL\data\distinVBCsSmallH\Results_Izar_replica1\J2_0.30\D_6\orientation_0\plaquette\replica_1\h_0p001\D_6_chi_72_energy_magnetization_correlation.txt,0.3,6,72,plaquette,0.001,0.001,0,1,-0.4240783260012,3.240620000122263e-08,-0.48629679923015007,-0.29943842337365,-0.1912012548052,0.29509554442495006,0.6332131385468026,three-distinct/mixed,cd672e1eb13fdf11a490a22fed8ad00983edbddf17b1ec09d6993be7cee4b1a5,False,branch texture flipped
2e7d8c699e183b,synced_small_h:Results_Izar_replica1,D:\HyraiOn\ENS_Lyon\Internship\2026-EPFL\data\distinVBCsSmallH\Results_Izar_replica1\J2_0.30\D_6\orientation_0\plaquette\replica_1\h_0p002\D_6_chi_72_energy_magnetization_correlation.txt,0.3,6,72,plaquette,0.002,0.002,0,1,-0.4242899596028,2.688722000043775e-07,-0.46921816493945,-0.34523920785100004,-0.16169432207095,0.3075238428685,0.40315234074863104,three-distinct/mixed,bbce159fa465f5deec0c1aa6f9f01b3527628e02c9f3488859a23a61eb3c4043,True,selected variational/high-chi representative
6dfc543c2768f3,synced_small_h:Results_Izar_replica1,D:\HyraiOn\ENS_Lyon\Internship\2026-EPFL\data\distinVBCsSmallH\Results_Izar_replica1\J2_0.30\D_6\orientation_0\plaquette\replica_1\h_0p003\D_6_chi_72_energy_magnetization_correlation.txt,0.3,6,72,plaquette,0.003,0.003,0,1,-0.4245436704068,2.515983000273003e-07,-0.45820915116460004,-0.36784448218535,-0.1493428278861,0.30886632327850005,0.2925688628661844,three-distinct/mixed,8104a4384ac1b46c857101df17943350bd171b23a8b866f588b86e7630b3e6d5,True,selected variational/high-chi representative
ad9c57ab83e3ba,synced_large_h:Results_Izar_replica1,D:\HyraiOn\ENS_Lyon\Internship\2026-EPFL\data\distinVBCs\Results_Izar_replica1\J2_0.30\D_6\orientation_0\plaquette\replica_1\h_0p005\D_6_chi_72_energy_magnetization_correlation.txt,0.3,6,72,plaquette,0.005,0.005,0,1,-0.4250911805115,3.205551999951872e-07,-0.44788019914055005,-0.38957088035180004,-0.13636511127530002,0.31151508786525006,0.18717975809239926,plaquette,d1bf8f4612d8ca1af8dec7350f34a6c67697b6b443810065fbd20d8839761f73,True,selected variational/high-chi representative
f64cc90bdad211,last_izar_pins:Results_LastIzar,D:\HyraiOn\ENS_Lyon\Internship\2026-EPFL\data\distinVBCsJ2Continuation\LastIzar\Results_LastIzar\task_pin_D6_h0p01_adam\J2_0p30\h_0p01\D_6_chi_72_energy_magnetization_correlation.txt,0.3,6,72,plaquette,0.01,0.01,0,0,-0.4265685360499,9.140710000021812e-08,-0.4424941943161,-0.40963824251005,-0.11759622690190001,0.32489796741419996,0.10112698478092726,plaquette,650e82ccdf040ae3be88e9936846b9d0bd9eb6e6086dae8fbbf8ecb730ea2ad7,False,higher-energy duplicate/protocol
24e3498e1dc892,last_izar_pins:Results_LastIzar,D:\HyraiOn\ENS_Lyon\Internship\2026-EPFL\data\distinVBCsJ2Continuation\LastIzar\Results_LastIzar\task_pin_D6_h0p01_lbfgs\J2_0p30\h_0p01\D_6_chi_72_energy_magnetization_correlation.txt,0.3,6,72,plaquette,0.01,0.01,0,0,-0.4265686605806,7.207870000858208e-08,-0.44226849721575,-0.4100401915958,-0.1174642077859,0.32480428942985,0.09922376849308986,plaquette,73896d0bc9399e0b8c57b957786360b52c7bbd64895ec4f21f82204cd9f73362,False,higher-energy duplicate/protocol
bf3dfa7c599a3b,synced_large_h:Results_Izar_replica1,D:\HyraiOn\ENS_Lyon\Internship\2026-EPFL\data\distinVBCs\Results_Izar_replica1\J2_0.30\D_6\orientation_0\plaquette\replica_1\h_0p01\D_6_chi_72_energy_magnetization_correlation.txt,0.3,6,72,plaquette,0.01,0.01,0,1,-0.4265745066623,1.7001559998730542e-07,-0.4421212444252,-0.41034593118150003,-0.11731772938895,0.32480351503625,0.09782933919343104,plaquette,95c471350765c7698f7b51e778082ec897dddde27a9ad71e240e62694ccdf355,True,selected variational/high-chi representative
7cee46a6fa31ba,synced_large_h:Results_Kuma_replica1,D:\HyraiOn\ENS_Lyon\Internship\2026-EPFL\data\distinVBCs\Results_Kuma_replica1\J2_0.30\D_6\orientation_0\plaquette\replica_1\h_0p01\D_6_chi_72_energy_magnetization_correlation.txt,0.3,6,72,plaquette,0.01,0.01,0,1,-0.4265537389795,2.083869999891519e-07,-0.45148627512355,-0.4005046575908,-0.11720092502790001,0.33428535009564997,0.15250927842982795,plaquette,fa8e410be4dbda6f3a7642e4107a1a9bc2a8c4483d733e5faca8ff4c77eafca5,False,higher-energy duplicate/protocol
0bd24c497be5cb,last_izar_pins:Results_LastIzar,D:\HyraiOn\ENS_Lyon\Internship\2026-EPFL\data\distinVBCsJ2Continuation\LastIzar\Results_LastIzar\task_pin_D6_h0p02_adam\J2_0p30\h_0p02\D_6_chi_72_energy_magnetization_correlation.txt,0.3,6,72,plaquette,0.02,0.02,0,0,-0.4298474953448,1.9277640000980867e-07,-0.4422757813761,-0.42801135353950004,-0.092086571217345,0.35018921015875504,0.040733487562718836,plaquette,1dc814b81a0f824d67b68486686818005e01f79f47817c65d2a672ceb3b6bcfc,True,selected variational/high-chi representative
22990c883aaf5a,last_izar_pins:Results_LastIzar,D:\HyraiOn\ENS_Lyon\Internship\2026-EPFL\data\distinVBCsJ2Continuation\LastIzar\Results_LastIzar\task_pin_D6_h0p02_lbfgs\J2_0p30\h_0p02\D_6_chi_72_energy_magnetization_correlation.txt,0.3,6,72,plaquette,0.02,0.02,0,0,-0.4076287734444,3.3740999993980836e-09,-0.5265756862073999,-0.31498143087415004,-0.1369419640283,0.3896337221790999,0.5430593998637212,three-distinct/mixed,c6269359996537811622d80c48c0c917834dcb29b762a8404a6abe10a3de6b1d,False,higher-energy duplicate/protocol
6894ee625fec24,synced_large_h:Results_Izar_replica1,D:\HyraiOn\ENS_Lyon\Internship\2026-EPFL\data\distinVBCs\Results_Izar_replica1\J2_0.30\D_6\orientation_0\plaquette\replica_1\h_0p02\D_6_chi_72_energy_magnetization_correlation.txt,0.3,6,72,plaquette,0.02,0.02,0,1,-0.4298463668976,1.1624279999677967e-07,-0.44317974746655,-0.42702029142985,-0.092113784157675,0.35106596330887496,0.046029685943899314,plaquette,cac04df79fb22e069a1aa5c13acaeaccfad1fbf14cbe96d69d1a9304ebd8fb5d,False,higher-energy duplicate/protocol
50c44db9172b0a,synced_large_h:Results_Kuma_replica1,D:\HyraiOn\ENS_Lyon\Internship\2026-EPFL\data\distinVBCs\Results_Kuma_replica1\J2_0.30\D_6\orientation_0\plaquette\replica_1\h_0p02\D_6_chi_72_energy_magnetization_correlation.txt,0.3,6,72,plaquette,0.02,0.02,0,1,-0.4298304976126,1.8136820001402043e-07,-0.44777478670669996,-0.42279559255790006,-0.09115403284737,0.35662075385932995,0.07004414038856811,plaquette,5ee7b6d2ef3b72f2dca576b6e14665910d8f7f8f3e229a9d642ac39957c516af,False,higher-energy duplicate/protocol
3fba918d35a84b,last_izar_pins:Results_LastIzar,D:\HyraiOn\ENS_Lyon\Internship\2026-EPFL\data\distinVBCsJ2Continuation\LastIzar\Results_LastIzar\task_pin_D6_h0p03_adam\J2_0p30\h_0p03\D_6_chi_72_energy_magnetization_correlation.txt,0.3,6,72,plaquette,0.03,0.03,0,0,-0.4333940983166,1.4890724999716554e-06,-0.44618854610915,-0.43521769001195,-0.07404311443084001,0.37214543167831,0.02948002356961197,plaquette,2e3d2601c821fd7e7e297a638e5641b142c8bcedf5bd48290bb42f36daf87175,True,selected variational/high-chi representative
47003c991ac8a3,last_izar_pins:Results_LastIzar,D:\HyraiOn\ENS_Lyon\Internship\2026-EPFL\data\distinVBCsJ2Continuation\LastIzar\Results_LastIzar\task_pin_D6_h0p03_lbfgs\J2_0p30\h_0p03\D_6_chi_72_energy_magnetization_correlation.txt,0.3,6,72,plaquette,0.03,0.03,0,0,-0.4262536025857,2.9509999999177694e-10,-0.4657701579135,-0.44076511205275,-0.052644373957115,0.413125783956385,0.06052647119064806,plaquette,49ca12f20e112060de28cce2a3594be5ac3265bec588ef33edc264853fc4fb76,False,higher-energy duplicate/protocol
425d2d6d05da08,synced_large_h:Results_Izar_replica1,D:\HyraiOn\ENS_Lyon\Internship\2026-EPFL\data\distinVBCs\Results_Izar_replica1\J2_0.30\D_6\orientation_0\plaquette\replica_1\h_0p04\D_6_chi_72_energy_magnetization_correlation.txt,0.3,6,72,plaquette,0.04,0.04,0,1,-0.4371617097381,5.00823299998121e-07,-0.44918955642775,-0.44022392280915,-0.059677798804900005,0.38951175762285,0.02301761999000059,plaquette,4b2775f42b07515a4213353e5566341229b9620d8b37d6ce0d71b87eec42ce73,True,selected variational/high-chi representative
b3c0b13c27e988,synced_large_h:Results_Kuma_replica1,D:\HyraiOn\ENS_Lyon\Internship\2026-EPFL\data\distinVBCs\Results_Kuma_replica1\J2_0.30\D_6\orientation_0\plaquette\replica_1\h_0p04\D_6_chi_72_energy_magnetization_correlation.txt,0.3,6,72,plaquette,0.04,0.04,0,1,-0.4371569588384,3.7786890000335305e-07,-0.44916311434655,-0.44033014858680003,-0.059561369794465,0.38960174455208496,0.022671781847139794,plaquette,a8a4d31b2653220488b2d11181a0f2656463eee8ce84b5bf51f7da442470cf47,False,higher-energy duplicate/protocol
30f25d8ea656d0,synced_large_h:Results_Izar_replica1,D:\HyraiOn\ENS_Lyon\Internship\2026-EPFL\data\distinVBCs\Results_Izar_replica1\J2_0.30\D_6\orientation_0\plaquette\replica_1\h_0p08\D_6_chi_72_energy_magnetization_correlation.txt,0.3,6,72,plaquette,0.08,0.08,0,1,-0.4535294021065,2.4798789999280757e-07,-0.45364881610325,-0.45156955137575,-0.024244925747120002,0.42940389035612997,0.004842212132208484,plaquette,34b75303d020787e39204be823a159e6cb195262005b0b2ab06e2ca033c05091,True,selected variational/high-chi representative
f95a84ff871175,synced_large_h:Results_Kuma_replica1,D:\HyraiOn\ENS_Lyon\Internship\2026-EPFL\data\distinVBCs\Results_Kuma_replica1\J2_0.30\D_6\orientation_0\plaquette\replica_1\h_0p08\D_6_chi_72_energy_magnetization_correlation.txt,0.3,6,72,plaquette,0.08,0.08,0,1,-0.4532938009913,1.1085555000067693e-06,-0.45415531663329994,-0.45291006217045005,-0.02019867561602,0.43395664101727993,0.0028695365968608674,plaquette,42d45649825e2d172e132dc32c6ebdbc7b7c6da557b51d1a24362660fc891b71,False,higher-energy duplicate/protocol
77ec09eee14c69,synced_large_h:Results_Izar_replica1,D:\HyraiOn\ENS_Lyon\Internship\2026-EPFL\data\distinVBCs\Results_Izar_replica1\J2_0.30\D_7\orientation_0\dimer-plaquette\replica_1\h_0p08\D_7_chi_91_energy_magnetization_correlation.txt,0.3,7,91,dimer-plaquette,0.08,-0.08,0,1,-0.4585546336147,2.3043499997044137e-08,-0.6698923543143,-0.117004519161,-0.1169731500963,0.552919204218,0.9999432664583531,dimer-plaquette,a673ef365e0cccf397e1edd46900a36c5e69ffab77ae76726a6c30aff536b1e6,False,higher-energy duplicate/protocol
e1f36b08b7421d,synced_large_h:Results_Kuma_replica1,D:\HyraiOn\ENS_Lyon\Internship\2026-EPFL\data\distinVBCs\Results_Kuma_replica1\J2_0.30\D_7\orientation_0\dimer-plaquette\replica_1\h_0p08\D_7_chi_91_energy_magnetization_correlation.txt,0.3,7,91,dimer-plaquette,0.08,-0.08,0,1,-0.4585553501189,1.4071999676623648e-09,-0.66986591930565,-0.1170055737134,-0.1170004908251,0.55286542848055,0.9999908062829792,dimer-plaquette,b16c8555471ee3f096f659ecd4fed442f1a4d5209bf2178d75e0c0268a68b95e,True,selected variational/high-chi representative
5e730fd9df944b,synced_large_h:Results_Izar_replica1,D:\HyraiOn\ENS_Lyon\Internship\2026-EPFL\data\distinVBCs\Results_Izar_replica1\J2_0.30\D_7\orientation_0\dimer-plaquette\replica_1\h_0p04\D_7_chi_91_energy_magnetization_correlation.txt,0.3,7,91,dimer-plaquette,0.04,-0.04,0,1,-0.4384932775553,4.988539997752284e-08,-0.60848281512795,-0.1671085102768,-0.16708856176635,0.4413942533616,0.9999548056860776,dimer-plaquette,225c1fc24398dfd82608c0be39a408a640fd7929f4a83f26babaa30a992cee15,True,selected variational/high-chi representative
20d23316ff71f0,synced_large_h:Results_Kuma_replica1,D:\HyraiOn\ENS_Lyon\Internship\2026-EPFL\data\distinVBCs\Results_Kuma_replica1\J2_0.30\D_7\orientation_0\dimer-plaquette\replica_1\h_0p04\D_7_chi_91_energy_magnetization_correlation.txt,0.3,7,91,dimer-plaquette,0.04,-0.04,0,1,-0.4384930406305,2.9778299992511137e-08,-0.6084995963791,-0.16709166044215,-0.1670795180266,0.44142007835249997,0.9999724923805114,dimer-plaquette,f77388704f5b40194dbe8e311054b797480d64852d0529349906859d5a2d5057,False,higher-energy duplicate/protocol
a1dd293b3f5182,synced_large_h:Results_Izar_replica1,D:\HyraiOn\ENS_Lyon\Internship\2026-EPFL\data\distinVBCs\Results_Izar_replica1\J2_0.30\D_7\orientation_0\dimer-plaquette\replica_1\h_0p02\D_7_chi_91_energy_magnetization_correlation.txt,0.3,7,91,dimer-plaquette,0.02,-0.02,0,1,-0.4304340617132,5.950156999889877e-07,-0.56067419789555,-0.19982980012944998,-0.19982894323345002,0.36084525466209993,0.999997625308941,dimer-plaquette,c5800bb0bd8f925fe1861c63bdd8f271a207e077a207fb84d73331363df87a8b,True,selected variational/high-chi representative
048d0850c44a49,synced_large_h:Results_Kuma_replica1,D:\HyraiOn\ENS_Lyon\Internship\2026-EPFL\data\distinVBCs\Results_Kuma_replica1\J2_0.30\D_7\orientation_0\dimer-plaquette\replica_1\h_0p02\D_7_chi_91_energy_magnetization_correlation.txt,0.3,7,91,dimer-plaquette,0.02,-0.02,0,1,-0.4304338332044,6.617507999906458e-07,-0.56065864916875,-0.199880575552,-0.1998003263526,0.36085832281614993,0.9997776157723793,dimer-plaquette,2d13eba5bf0182d04ee05ab3d8c27c6d346571889d9d45598f8ab64bed2749b4,False,higher-energy duplicate/protocol
f1a32355c69f96,synced_large_h:Results_Izar_replica1,D:\HyraiOn\ENS_Lyon\Internship\2026-EPFL\data\distinVBCs\Results_Izar_replica1\J2_0.30\D_7\orientation_0\dimer-plaquette\replica_1\h_0p01\D_7_chi_91_energy_magnetization_correlation.txt,0.3,7,91,dimer-plaquette,0.01,-0.01,0,1,-0.4270723144155,8.93138699997742e-07,-0.5295285598394,-0.2193579143548,-0.21930792362735,0.31022063621205,0.9998388542810677,dimer-plaquette,0bc9965ccfcc8c453a0ddeab3f7d03d5182fc7b40c96d8a1eb30f6a10af449b5,True,selected variational/high-chi representative
716e6e73d8b676,synced_large_h:Results_Kuma_replica1,D:\HyraiOn\ENS_Lyon\Internship\2026-EPFL\data\distinVBCs\Results_Kuma_replica1\J2_0.30\D_7\orientation_0\dimer-plaquette\replica_1\h_0p01\D_7_chi_91_energy_magnetization_correlation.txt,0.3,7,91,dimer-plaquette,0.01,-0.01,0,1,-0.4270718215232,4.935298000274813e-07,-0.529494693068,-0.21938958315239998,-0.21932135904475,0.31017333402325,0.9997800452193455,dimer-plaquette,83204711ce9a1e330790751cdf8e90f832c83426d9c9f7bd29511336efc4d51e,False,higher-energy duplicate/protocol
8a31ad52671110,synced_large_h:Results_Izar_replica1,D:\HyraiOn\ENS_Lyon\Internship\2026-EPFL\data\distinVBCs\Results_Izar_replica1\J2_0.30\D_7\orientation_0\dimer-plaquette\replica_1\h_0p005\D_7_chi_91_energy_magnetization_correlation.txt,0.3,7,91,dimer-plaquette,0.005,-0.005,0,1,-0.4255947613606,1.1693779999877307e-07,-0.51088078644435,-0.23053424164045,-0.23044576640454997,0.28043502003980003,0.9996845071778571,dimer-plaquette,74cacfd72630c089d1669708e02480e812f6038b7a4cea19f8c6b31a98ff3635,True,selected variational/high-chi representative
020d09ed4f8c58,synced_small_h:Results_Izar_replica1,D:\HyraiOn\ENS_Lyon\Internship\2026-EPFL\data\distinVBCsSmallH\Results_Izar_replica1\J2_0.30\D_7\orientation_0\dimer-plaquette\replica_1\h_0p003\D_7_chi_91_energy_magnetization_correlation.txt,0.3,7,91,dimer-plaquette,0.003,-0.003,0,1,-0.4250462978437,6.959899989666951e-09,-0.50303161312195,-0.23524057098725001,-0.23492254573675,0.2681090673852,0.9988138213541164,dimer-plaquette,a5f5835bb59e7b375d5e018d4ebb9e1268482e60137bd706cdfd7a2dfe0430d5,True,selected variational/high-chi representative
497c3acd3bd08a,synced_small_h:Results_Izar_replica1,D:\HyraiOn\ENS_Lyon\Internship\2026-EPFL\data\distinVBCsSmallH\Results_Izar_replica1\J2_0.30\D_7\orientation_0\dimer-plaquette\replica_1\h_0p002\D_7_chi_91_energy_magnetization_correlation.txt,0.3,7,91,dimer-plaquette,0.002,-0.002,0,1,-0.4247825567424,3.373500034875576e-09,-0.49838608884915003,-0.2379402146377,-0.23762044132135,0.26076564752780007,0.998773713794813,dimer-plaquette,66d5216d88d484207bebaf52cb51b8a7fb0908329941efb82f386422c04f1fe1,True,selected variational/high-chi representative
d4b0fea03510e1,synced_small_h:Results_Izar_replica1,D:\HyraiOn\ENS_Lyon\Internship\2026-EPFL\data\distinVBCsSmallH\Results_Izar_replica1\J2_0.30\D_7\orientation_0\dimer-plaquette\replica_1\h_0p001\D_7_chi_91_energy_magnetization_correlation.txt,0.3,7,91,dimer-plaquette,0.001,-0.001,0,1,-0.4245253845371,5.100659999923707e-08,-0.4939890056862,-0.24037019644905,-0.24023094231445,0.25375806337175,0.9994512326711921,dimer-plaquette,8fdf39baabb06a892f0615f214bb2f250018c974767a120d36954d82346f6f58,True,selected variational/high-chi representative
f53748f59f7070,synced_small_h:Results_Izar_replica1,D:\HyraiOn\ENS_Lyon\Internship\2026-EPFL\data\distinVBCsSmallH\Results_Izar_replica1\J2_0.30\D_7\orientation_0\dimer-plaquette\replica_1\h_0\D_7_chi_91_energy_magnetization_correlation.txt,0.3,7,91,dimer-plaquette,0.0,0.0,0,1,-0.4242752341228,3.2536400018656764e-08,-0.4895135337915,-0.24315035372005,-0.24255977578260002,0.24695375800889996,0.9976085484901643,dimer-plaquette,af61f9d68254c677c298d29fe9d34d1c97d83475829f98896cd5a7e42900fe7f,False,higher-energy duplicate/protocol
e1963a33a159b9,synced_large_h:Results_Kuma_replica1,D:\HyraiOn\ENS_Lyon\Internship\2026-EPFL\data\distinVBCs\Results_Kuma_replica1\J2_0.30\D_7\orientation_0\dimer-plaquette\replica_1\h_0p0\D_7_chi_91_energy_magnetization_correlation.txt,0.3,7,91,dimer-plaquette,0.0,0.0,0,1,-0.4242753728965,4.3818000006190516e-08,-0.48946517036699994,-0.24312316398794998,-0.2426497273095,0.24681544305749994,0.9980818190604885,dimer-plaquette,29e2218d0581cfb8933483478cf571722d37a2573914787521213580dd716390,True,selected variational/high-chi representative
e5b06bb08cd6b5,izar_j2_sequences:Results_Izar_J2_sequences,D:\HyraiOn\ENS_Lyon\Internship\2026-EPFL\data\distinVBCsJ2Continuation\Results_Izar_J2_sequences\s001_J2_0p28_D_7_plaquette\right\insurance_1\J2_0p30\D_7_chi_91_energy_magnetization_correlation.txt,0.3,7,91,plaquette,0.0,0.0,2,0,-0.4243607588864,1.7484963000247156e-06,-0.40481224734055,-0.4046081000585,-0.16774964757214997,0.23706259976840002,0.0008611534769694817,plaquette,4089e7db6e46561f5cfeeedcb5149c10a67aca44610584352a0c9d44193bb833,False,higher-energy duplicate/protocol
4e2280cf1409da,izar_j2_sequences:Results_Izar_J2_sequences,D:\HyraiOn\ENS_Lyon\Internship\2026-EPFL\data\distinVBCsJ2Continuation\Results_Izar_J2_sequences\s001_J2_0p28_D_7_plaquette\right\insurance_2\J2_0p30\D_7_chi_91_energy_magnetization_correlation.txt,0.3,7,91,plaquette,0.0,0.0,2,0,-0.4243625569489,1.9885428000354644e-06,-0.4051567789982,-0.40435438456925005,-0.167575912588,0.23758086641020001,0.003377352903346099,plaquette,94ad6dcdfd24439ce9610330169fdf1a5e54021d421c73e2909b33477328c3d5,True,selected variational/high-chi representative
4980b8c8b8debf,synced_small_h:Results_Izar_replica1,D:\HyraiOn\ENS_Lyon\Internship\2026-EPFL\data\distinVBCsSmallH\Results_Izar_replica1\J2_0.30\D_7\orientation_0\plaquette\replica_1\h_0\D_7_chi_91_energy_magnetization_correlation.txt,0.3,7,91,plaquette,0.0,0.0,0,1,-0.4242511679879,1.3828700001772276e-07,-0.4469081856959,-0.35936489431035,-0.16969046700995002,0.27721771868595,0.31579255395548744,three-distinct/mixed,4b465420ce57c8456a97646ea3e6af19f979e83fffddc7720c48c7bbf0f0e13f,False,higher-energy duplicate/protocol
354a992224770e,synced_large_h:Results_Kuma_replica1,D:\HyraiOn\ENS_Lyon\Internship\2026-EPFL\data\distinVBCs\Results_Kuma_replica1\J2_0.30\D_7\orientation_0\plaquette\replica_1\h_0p0\D_7_chi_91_energy_magnetization_correlation.txt,0.3,7,91,plaquette,0.0,0.0,0,1,-0.4242746696872,2.532282999956337e-07,-0.47552247928280006,-0.30134170550735,-0.19895399863415,0.27656848064865003,0.6297925684334494,three-distinct/mixed,1cb1a5ac356771184e5ecc29126c062df8409526e9af9c97d3e211e831e3e212,False,branch texture flipped
4dce6753ad8c86,synced_small_h:Results_Izar_replica1,D:\HyraiOn\ENS_Lyon\Internship\2026-EPFL\data\distinVBCsSmallH\Results_Izar_replica1\J2_0.30\D_7\orientation_0\plaquette\replica_1\h_0p001\D_7_chi_91_energy_magnetization_correlation.txt,0.3,7,91,plaquette,0.001,0.001,0,1,-0.4244940196439,6.610671999807138e-07,-0.43295592115715004,-0.3838588391441,-0.15834517849845,0.2746107426587,0.178787914623101,plaquette,e7626f86490b033bfcc468c05d9363c898d8165bb5421c34c597654b7c42667f,True,selected variational/high-chi representative
57c06c88b0dae0,synced_small_h:Results_Izar_replica1,D:\HyraiOn\ENS_Lyon\Internship\2026-EPFL\data\distinVBCsSmallH\Results_Izar_replica1\J2_0.30\D_7\orientation_0\plaquette\replica_1\h_0p002\D_7_chi_91_energy_magnetization_correlation.txt,0.3,7,91,plaquette,0.002,0.002,0,1,-0.4247484145834,6.020293999986492e-07,-0.4280413913551,-0.39446058719215,-0.1518494281522,0.27619196320289996,0.12158501563016304,plaquette,ac9e307cb9ef56d026512c90a4033b78fd0562051e45be1af1648a3ed781eda6,True,selected variational/high-chi representative
db0db5f8c3f077,synced_small_h:Results_Izar_replica1,D:\HyraiOn\ENS_Lyon\Internship\2026-EPFL\data\distinVBCsSmallH\Results_Izar_replica1\J2_0.30\D_7\orientation_0\plaquette\replica_1\h_0p003\D_7_chi_91_energy_magnetization_correlation.txt,0.3,7,91,plaquette,0.003,0.003,0,1,-0.4250113649055,5.2130049998933e-07,-0.42638706428945,-0.400388014561,-0.14677800135095,0.27960906293849996,0.09298357304737476,plaquette,45861f881ac2a9ad58002433aa759e245c4610d8dd1712ad80a46c19a9b7cc5b,True,selected variational/high-chi representative
9a6881aa4d344e,synced_large_h:Results_Izar_replica1,D:\HyraiOn\ENS_Lyon\Internship\2026-EPFL\data\distinVBCs\Results_Izar_replica1\J2_0.30\D_7\orientation_0\plaquette\replica_1\h_0p005\D_7_chi_91_energy_magnetization_correlation.txt,0.3,7,91,plaquette,0.005,0.005,0,1,-0.4255571128471,6.319413000110963e-07,-0.42583305226754997,-0.40818267979524997,-0.1379496324336,0.28788341983394994,0.06131083367871852,plaquette,50c79f628a61d00fde387e941c1df7673916559812280e7229c11ebe7c152fbd,True,selected variational/high-chi representative
5f2a43d5c13d3a,synced_large_h:Results_Izar_replica1,D:\HyraiOn\ENS_Lyon\Internship\2026-EPFL\data\distinVBCs\Results_Izar_replica1\J2_0.30\D_7\orientation_0\plaquette\replica_1\h_0p01\D_7_chi_91_energy_magnetization_correlation.txt,0.3,7,91,plaquette,0.01,0.01,0,1,-0.4269928478105,1.1582570003110249e-07,-0.4302037763679,-0.41813928405075,-0.11950172517480001,0.3107020511931,0.03882978007651446,plaquette,6cc3f8741535796a3ab1637555f69fa60e46f005ea80bf5f644d2c1143340a25,False,higher-energy duplicate/protocol
a43088bd071777,synced_large_h:Results_Kuma_replica1,D:\HyraiOn\ENS_Lyon\Internship\2026-EPFL\data\distinVBCs\Results_Kuma_replica1\J2_0.30\D_7\orientation_0\plaquette\replica_1\h_0p01\D_7_chi_91_energy_magnetization_correlation.txt,0.3,7,91,plaquette,0.01,0.01,0,1,-0.4270064877277,2.3278229999146305e-07,-0.43065612307900003,-0.41763110485000005,-0.11954887390245,0.31110724917655,0.04186664972762633,plaquette,8b1baa67609b6480b6116daba5c426530300dfcb51048342f5e790321cf18f5b,True,selected variational/high-chi representative
e5f5cd5d33e9ea,synced_large_h:Results_Izar_replica1,D:\HyraiOn\ENS_Lyon\Internship\2026-EPFL\data\distinVBCs\Results_Izar_replica1\J2_0.30\D_7\orientation_0\plaquette\replica_1\h_0p02\D_7_chi_91_energy_magnetization_correlation.txt,0.3,7,91,plaquette,0.02,0.02,0,1,-0.430226924981,4.1409770001887836e-07,-0.4361754794199,-0.43065094221665,-0.093591439588095,0.34258403983180497,0.016126078745414687,plaquette,809942dae73de87c9767f8c3dfce48f1c15f2a129cd4da16054bda1d580fe282,False,higher-energy duplicate/protocol
e8b21f6929963a,synced_large_h:Results_Kuma_replica1,D:\HyraiOn\ENS_Lyon\Internship\2026-EPFL\data\distinVBCs\Results_Kuma_replica1\J2_0.30\D_7\orientation_0\plaquette\replica_1\h_0p02\D_7_chi_91_energy_magnetization_correlation.txt,0.3,7,91,plaquette,0.02,0.02,0,1,-0.4302397764655,3.628954000078899e-07,-0.436299065692,-0.43045898627235,-0.09370447483340999,0.34259459085859,0.017046618876888638,plaquette,736af96ca468c957699888b5c28dd08618843bf62343b718d09dae81b4547f81,True,selected variational/high-chi representative
7b8c13f25e7a8d,synced_large_h:Results_Izar_replica1,D:\HyraiOn\ENS_Lyon\Internship\2026-EPFL\data\distinVBCs\Results_Izar_replica1\J2_0.30\D_7\orientation_0\plaquette\replica_1\h_0p04\D_7_chi_91_energy_magnetization_correlation.txt,0.3,7,91,plaquette,0.04,0.04,0,1,-0.4374943043943,3.4366489998216565e-07,-0.44448416297019994,-0.44252286775210004,-0.06055021509965,0.3839339478705499,0.0051084183333566175,plaquette,6283ab3db1b148f846f9be073cf89c69bdfe20f1c4228f7ef35af990bcf27511,True,selected variational/high-chi representative
fa2099d6bc3b6c,synced_large_h:Results_Kuma_replica1,D:\HyraiOn\ENS_Lyon\Internship\2026-EPFL\data\distinVBCs\Results_Kuma_replica1\J2_0.30\D_7\orientation_0\plaquette\replica_1\h_0p04\D_7_chi_91_energy_magnetization_correlation.txt,0.3,7,91,plaquette,0.04,0.04,0,1,-0.4374133307641,2.658884000195094e-07,-0.44731662806670003,-0.44081439685709994,-0.059304968273685,0.38801165979301505,0.016757824270200287,plaquette,a213b77ce86e5d4d526fdfd19c572754c4300439f3bcaa46e67a3dfbaf212657,False,higher-energy duplicate/protocol
6d16639c3a8268,synced_large_h:Results_Izar_replica1,D:\HyraiOn\ENS_Lyon\Internship\2026-EPFL\data\distinVBCs\Results_Izar_replica1\J2_0.30\D_7\orientation_0\plaquette\replica_1\h_0p08\D_7_chi_91_energy_magnetization_correlation.txt,0.3,7,91,plaquette,0.08,0.08,0,1,-0.4537069807709,1.2933295999717487e-06,-0.45308047706544996,-0.4516707558214,-0.022908550174869997,0.43017192689058,0.0032771112104871478,plaquette,edb448ab4e5a57f1c9623dcc1ccc3b93ccd763e9147adedd84784371e653b56c,False,higher-energy duplicate/protocol
224eb8b23303d0,synced_large_h:Results_Kuma_replica1,D:\HyraiOn\ENS_Lyon\Internship\2026-EPFL\data\distinVBCs\Results_Kuma_replica1\J2_0.30\D_7\orientation_0\plaquette\replica_1\h_0p08\D_7_chi_91_energy_magnetization_correlation.txt,0.3,7,91,plaquette,0.08,0.08,0,1,-0.4537251689574,1.255126099997117e-06,-0.4531535584699,-0.4514448288004,-0.023095957925785,0.430057600544115,0.003973257692314057,plaquette,b6bd54e382353170b947561158efc69debe4dcb3f0d44863828a1f9e70f9c10a,True,selected variational/high-chi representative
50c47463e7f0c2,bundle_replica12:Results_VBC_branches,D:\HyraiOn\ENS_Lyon\Internship\2026-EPFL\6-AD-CTMRG\models\VBCPinningClusterBundle\Results_VBC_branches\J2_0.30\D_8\orientation_2\dimer-plaquette\replica_1\h_0p08\D_8_chi_104_energy_magnetization_correlation.txt,0.3,8,104,dimer-plaquette,0.08,-0.08,2,1,-0.4586031806137,6.48275999548531e-08,-0.6693478206499001,-0.1172543206842,-0.11725382904209998,0.5520939916078,0.9999991094956522,dimer-plaquette,9152d26deff529700a34d0f41e8b975b7591b57f236072c78a3099a34dc3f159,False,higher-energy duplicate/protocol
275bba8da3cdb3,bundle_replica12:Results_VBC_branches,D:\HyraiOn\ENS_Lyon\Internship\2026-EPFL\6-AD-CTMRG\models\VBCPinningClusterBundle\Results_VBC_branches\J2_0.30\D_8\orientation_2\dimer-plaquette\replica_2\h_0p08\D_8_chi_104_energy_magnetization_correlation.txt,0.3,8,104,dimer-plaquette,0.08,-0.08,2,2,-0.02209861625212,0.0010013236715200012,-0.020132561524865002,-0.015261748215655,-0.011304212861239999,0.008828348663625004,0.5517241666359382,three-distinct/mixed,2c8fbaa69ee01b6da1efe3827e1695ddd864601fac129a7776cc60761bb5d9e8,False,energy outside original-2C3 physical envelope
dd24a5bf7b163a,synced_large_h:Results_Izar_replica1,D:\HyraiOn\ENS_Lyon\Internship\2026-EPFL\data\distinVBCs\Results_Izar_replica1\J2_0.30\D_8\orientation_2\dimer-plaquette\replica_1\h_0p08\D_8_chi_104_energy_magnetization_correlation.txt,0.3,8,104,dimer-plaquette,0.08,-0.08,2,1,-0.458603182785,4.26394999863966e-08,-0.6693405268801,-0.11727644534615,-0.1172529006367,0.5520876262434,0.9999573533107232,dimer-plaquette,34fffa1ab5ef0579d78ff8e79fd2a9d3b7269e79cb0318873d99735d0581671b,True,selected variational/high-chi representative
96c7d628b793c2,synced_large_h:Results_Kuma_replica1,D:\HyraiOn\ENS_Lyon\Internship\2026-EPFL\data\distinVBCs\Results_Kuma_replica1\J2_0.30\D_8\orientation_2\dimer-plaquette\replica_1\h_0p08\D_8_chi_104_energy_magnetization_correlation.txt,0.3,8,104,dimer-plaquette,0.08,-0.08,2,1,-0.4586030799771,6.994800000326151e-08,-0.6693413722973,-0.1172640356026,-0.11725718249599999,0.5520841898012999,0.9999875868450382,dimer-plaquette,5929b7563326c1df841717ad82424551f9c85811d0aad225a5cea6d02e93db7a,False,higher-energy duplicate/protocol
06705dcfcfe6c4,bundle_replica12:Results_VBC_branches,D:\HyraiOn\ENS_Lyon\Internship\2026-EPFL\6-AD-CTMRG\models\VBCPinningClusterBundle\Results_VBC_branches\J2_0.30\D_8\orientation_2\dimer-plaquette\replica_1\h_0p04\D_8_chi_104_energy_magnetization_correlation.txt,0.3,8,104,dimer-plaquette,0.04,-0.04,2,1,-0.4385881416135,7.420935000390649e-07,-0.60720674997915,-0.1676134306063,-0.1675234602703,0.43968328970885007,0.9997953746751223,dimer-plaquette,faa7e2cc3981e61780eba3a94125dc3e39e34dd19e5ffb91753e75ad10192702,False,higher-energy duplicate/protocol
a76e07f46117cd,bundle_replica12:Results_VBC_branches,D:\HyraiOn\ENS_Lyon\Internship\2026-EPFL\6-AD-CTMRG\models\VBCPinningClusterBundle\Results_VBC_branches\J2_0.30\D_8\orientation_2\dimer-plaquette\replica_2\h_0p04\D_8_chi_104_energy_magnetization_correlation.txt,0.3,8,104,dimer-plaquette,0.04,-0.04,2,2,-0.438343168372,1.0792121000191557e-06,-0.6107007069864,-0.16681121111125,-0.16564411469510001,0.4450565922913,0.9973776449189498,dimer-plaquette,a31b83f993fe4a2de18aac2f549162323d867db15b26ee37eab5b7346392f007,False,higher-energy duplicate/protocol
f80c88d373f29d,synced_large_h:Results_Izar_replica1,D:\HyraiOn\ENS_Lyon\Internship\2026-EPFL\data\distinVBCs\Results_Izar_replica1\J2_0.30\D_8\orientation_2\dimer-plaquette\replica_1\h_0p04\D_8_chi_104_energy_magnetization_correlation.txt,0.3,8,104,dimer-plaquette,0.04,-0.04,2,1,-0.4385907330305,7.56708999904987e-08,-0.60707643051075,-0.1676889385589,-0.1676559686615,0.43942046184925,0.9999249695900341,dimer-plaquette,97b0c3cb0c849434bf5f1345bf8f6309b9230f519791cc6e92f5c8cfaa26ffb2,True,selected variational/high-chi representative
997848c43434e1,synced_large_h:Results_Kuma_replica1,D:\HyraiOn\ENS_Lyon\Internship\2026-EPFL\data\distinVBCs\Results_Kuma_replica1\J2_0.30\D_8\orientation_2\dimer-plaquette\replica_1\h_0p04\D_8_chi_104_energy_magnetization_correlation.txt,0.3,8,104,dimer-plaquette,0.04,-0.04,2,1,-0.4385877622034,5.27895899993247e-07,-0.60718812234015,-0.16765593140245003,-0.16747916916105,0.43970895317909997,0.9995980017233626,dimer-plaquette,71bbdda1cb72d509692e9813782656d3f3118fba3bb5663be40b46dd2c68eb29,False,higher-energy duplicate/protocol
32390606803eea,bundle_replica12:Results_VBC_branches,D:\HyraiOn\ENS_Lyon\Internship\2026-EPFL\6-AD-CTMRG\models\VBCPinningClusterBundle\Results_VBC_branches\J2_0.30\D_8\orientation_2\dimer-plaquette\replica_1\h_0p02\D_8_chi_104_energy_magnetization_correlation.txt,0.3,8,104,dimer-plaquette,0.02,-0.02,2,1,-0.430589713712,4.154868999961536e-07,-0.5576282192731999,-0.20108282646495002,-0.20105939722985,0.35656882204334994,0.9999342925302169,dimer-plaquette,bea9cda9699350c7d87b65dfddb98e97742f31a67595f5bff8a4340918d5ac9f,False,higher-energy duplicate/protocol
97c0f103b28d76,bundle_replica12:Results_VBC_branches,D:\HyraiOn\ENS_Lyon\Internship\2026-EPFL\6-AD-CTMRG\models\VBCPinningClusterBundle\Results_VBC_branches\J2_0.30\D_8\orientation_2\dimer-plaquette\replica_2\h_0p02\D_8_chi_104_energy_magnetization_correlation.txt,0.3,8,104,dimer-plaquette,0.02,-0.02,2,2,-0.4305860945895,5.00896099986381e-07,-0.55781213197805,-0.2010352422178,-0.2009672628629,0.35684486911515,0.9998094988585137,dimer-plaquette,8f7429879b7ee255b7e73daaaeb0e6474f232e7206e25e1c2a8e9a24d6bb49a5,False,higher-energy duplicate/protocol
daebbd846bea58,synced_large_h:Results_Izar_replica1,D:\HyraiOn\ENS_Lyon\Internship\2026-EPFL\data\distinVBCs\Results_Izar_replica1\J2_0.30\D_8\orientation_2\dimer-plaquette\replica_1\h_0p02\D_8_chi_104_energy_magnetization_correlation.txt,0.3,8,104,dimer-plaquette,0.02,-0.02,2,1,-0.4305909250528,6.188235999737834e-07,-0.55758337073205,-0.20113861467969998,-0.20105654416215002,0.3565268265699,0.9997698054916666,dimer-plaquette,0d4b5b1e108bde5ad96a3ff8c76fb1d82d92e0651a77c32ca2c0806313c6083a,True,selected variational/high-chi representative
47c9da1f7a00f6,synced_large_h:Results_Kuma_replica1,D:\HyraiOn\ENS_Lyon\Internship\2026-EPFL\data\distinVBCs\Results_Kuma_replica1\J2_0.30\D_8\orientation_2\dimer-plaquette\replica_1\h_0p02\D_8_chi_104_energy_magnetization_correlation.txt,0.3,8,104,dimer-plaquette,0.02,-0.02,2,1,-0.430587771518,3.6911059997368767e-07,-0.5577162926133999,-0.20113856165879998,-0.2009141070695,0.3568021855439,0.9993709270895922,dimer-plaquette,9872df9729d129bfd80d9472e35b98f9b6f94476ddc4921173c674b9975ebf2a,False,higher-energy duplicate/protocol
d63cfc20ada2db,bundle_replica12:Results_VBC_branches,D:\HyraiOn\ENS_Lyon\Internship\2026-EPFL\6-AD-CTMRG\models\VBCPinningClusterBundle\Results_VBC_branches\J2_0.30\D_8\orientation_2\dimer-plaquette\replica_2\h_0p01\D_8_chi_104_energy_magnetization_correlation.txt,0.3,8,104,dimer-plaquette,0.01,-0.01,2,2,-0.4272833560757,5.434543999816022e-07,-0.52409256083585,-0.22177746817889998,-0.2217088888959,0.30238367193994997,0.9997732044109393,dimer-plaquette,2bda642523f9fdbaa36f62c4466606379e1c6085154484edd491ba3506b050b3,False,higher-energy duplicate/protocol
098404d1bd49cc,synced_large_h:Results_Izar_replica1,D:\HyraiOn\ENS_Lyon\Internship\2026-EPFL\data\distinVBCs\Results_Izar_replica1\J2_0.30\D_8\orientation_2\dimer-plaquette\replica_1\h_0p01\D_8_chi_104_energy_magnetization_correlation.txt,0.3,8,104,dimer-plaquette,0.01,-0.01,2,1,-0.4272848956976,3.247892999547197e-07,-0.5240957852372,-0.22180596641125003,-0.22165445788500002,0.3024413273522,0.9994990482035758,dimer-plaquette,aa4dffc7f3cb4273366e1b67520a7ac501236d4ffd9911270c2b5162b1bcf2ee,True,selected variational/high-chi representative
e42aab6da58911,synced_large_h:Results_Kuma_replica1,D:\HyraiOn\ENS_Lyon\Internship\2026-EPFL\data\distinVBCs\Results_Kuma_replica1\J2_0.30\D_8\orientation_2\dimer-plaquette\replica_1\h_0p01\D_8_chi_104_energy_magnetization_correlation.txt,0.3,8,104,dimer-plaquette,0.01,-0.01,2,1,-0.4272846209712,3.275563000282311e-07,-0.524135629812,-0.2217377670744,-0.22165559327855,0.30248003653345,0.999728333159465,dimer-plaquette,bce76e277d4260166b35131d2640e542dc7d04f6f2ce04b9617ea0640f8f53b9,False,higher-energy duplicate/protocol
b93ad6f08627db,synced_small_h:Results_Izar_replica1,D:\HyraiOn\ENS_Lyon\Internship\2026-EPFL\data\distinVBCsSmallH\Results_Izar_replica1\J2_0.30\D_8\orientation_2\dimer-plaquette\replica_1\h_0p005\D_8_chi_104_energy_magnetization_correlation.txt,0.3,8,104,dimer-plaquette,0.005,-0.005,2,1,-0.425858214251,2.1549240003526648e-07,-0.5028722661783499,-0.23417349542415,-0.23412238650119999,0.2687498796771499,0.9998098271782989,dimer-plaquette,99258fc049f8410b36264b053b8866aa48755d1fe8f357aa7a7c049f4ec6de97,True,selected variational/high-chi representative
c78e9df728ed0c,synced_small_h:Results_Izar_replica1,D:\HyraiOn\ENS_Lyon\Internship\2026-EPFL\data\distinVBCsSmallH\Results_Izar_replica1\J2_0.30\D_8\orientation_2\dimer-plaquette\replica_1\h_0p003\D_8_chi_104_energy_magnetization_correlation.txt,0.3,8,104,dimer-plaquette,0.003,-0.003,2,1,-0.425336937585,5.950249000186147e-07,-0.4928361348806,-0.2399165800812,-0.23989666402345,0.25293947085715,0.9999212615663243,dimer-plaquette,437a86804529d95072f93e262c78698230e234075cbd727be7b407e3386e5fc9,True,selected variational/high-chi representative
9b974d2d852633,synced_small_h:Results_Izar_replica1,D:\HyraiOn\ENS_Lyon\Internship\2026-EPFL\data\distinVBCsSmallH\Results_Izar_replica1\J2_0.30\D_8\orientation_2\dimer-plaquette\replica_1\h_0p002\D_8_chi_104_energy_magnetization_correlation.txt,0.3,8,104,dimer-plaquette,0.002,-0.002,2,1,-0.4250879908525,5.378110000120451e-07,-0.48780073296555,-0.24280143285065,-0.2426551972668,0.24514553569875,0.9994034744159905,dimer-plaquette,7312bb97850ffb1d954ad45d331cd0481465dbbb9cecd3c23d3248632e1fcf63,True,selected variational/high-chi representative
4ef9c96d964c01,synced_small_h:Results_Izar_replica1,D:\HyraiOn\ENS_Lyon\Internship\2026-EPFL\data\distinVBCsSmallH\Results_Izar_replica1\J2_0.30\D_8\orientation_2\dimer-plaquette\replica_1\h_0p001\D_8_chi_104_energy_magnetization_correlation.txt,0.3,8,104,dimer-plaquette,0.001,-0.001,2,1,-0.4248473846867,6.540143000499654e-07,-0.48229950046135,-0.24603574847655,-0.24558497766105,0.2367145228003,0.99809571964505,dimer-plaquette,d59b5db4e0a9005938217833c19eeb3bab6b886471e251ba9a4f7ff25e4e409b,True,selected variational/high-chi representative
5b103b5558693c,synced_small_h:Results_Izar_replica1,D:\HyraiOn\ENS_Lyon\Internship\2026-EPFL\data\distinVBCsSmallH\Results_Izar_replica1\J2_0.30\D_8\orientation_2\dimer-plaquette\replica_1\h_0\D_8_chi_104_energy_magnetization_correlation.txt,0.3,8,104,dimer-plaquette,0.0,0.0,2,1,-0.424615552857,6.549224999541359e-07,-0.47640819393,-0.24921912490745002,-0.24894971780029998,0.22745847612970002,0.9988155767517038,dimer-plaquette,8216b0e47f6657988e3ec95e9fcec6c2bb213112a8d3c9729614e604f950098e,True,selected variational/high-chi representative
808cf816415657,synced_large_h:Results_Izar_replica1,D:\HyraiOn\ENS_Lyon\Internship\2026-EPFL\data\distinVBCs\Results_Izar_replica1\J2_0.30\D_8\orientation_2\dimer-plaquette\replica_1\h_0p0\D_8_chi_104_energy_magnetization_correlation.txt,0.3,8,104,dimer-plaquette,0.0,0.0,2,1,-0.4246137433732,7.897045000149205e-07,-0.47668311023119997,-0.24919772084625,-0.2486364434796,0.22804666675159996,0.997538760927116,dimer-plaquette,271ad1a95ad5cf7edd7b769ec1eb917aa0d03e584b7422a3512d30b918b45bfc,False,higher-energy duplicate/protocol
46a754b39f59a3,synced_large_h:Results_Kuma_replica1,D:\HyraiOn\ENS_Lyon\Internship\2026-EPFL\data\distinVBCs\Results_Kuma_replica1\J2_0.30\D_8\orientation_2\dimer-plaquette\replica_1\h_0p0\D_8_chi_104_energy_magnetization_correlation.txt,0.3,8,104,dimer-plaquette,0.0,0.0,2,1,-0.4246139674826,7.385499000145401e-07,-0.47655881082269996,-0.24965245278135004,-0.2483539412366,0.22820486958609995,0.9943098867824111,dimer-plaquette,abcf7e11e6cade3d8a836cdb2bd45c419032a58f637446caa23210e22c4dac2a,False,higher-energy duplicate/protocol
1033baa7c01d44,izar_j2_sequences:Results_Izar_J2_sequences,D:\HyraiOn\ENS_Lyon\Internship\2026-EPFL\data\distinVBCsJ2Continuation\Results_Izar_J2_sequences\s003_J2_0p28_D_8_plaquette\right\insurance_1\J2_0p30\D_8_chi_104_energy_magnetization_correlation.txt,0.3,8,104,plaquette,0.0,0.0,0,0,-0.4246812907167,1.402340500000765e-06,-0.40097293220105,-0.39620938905665004,-0.17902446086955,0.2219484713315,0.02146238320914224,plaquette,6ad1d1ebdb9a94f94c3f3d0aef4a97890c391a2d8c3829320f2646e688a13bab,True,selected variational/high-chi representative
c71e06f6246a61,izar_j2_sequences:Results_Izar_J2_sequences,D:\HyraiOn\ENS_Lyon\Internship\2026-EPFL\data\distinVBCsJ2Continuation\Results_Izar_J2_sequences\s003_J2_0p28_D_8_plaquette\right\insurance_2\J2_0p30\D_8_chi_104_energy_magnetization_correlation.txt,0.3,8,104,plaquette,0.0,0.0,0,0,-0.4246805363005,1.281072000036687e-06,-0.4011948133696,-0.39579668897814996,-0.1793057282972,0.2218890850724,0.024328030329606766,plaquette,8bb0472870809bc9a1bd12e10f4eeecc36018f7de5177cc04e6545ab649488a0,False,higher-energy duplicate/protocol
a9f374e9b69a99,synced_small_h:Results_Izar_replica1,D:\HyraiOn\ENS_Lyon\Internship\2026-EPFL\data\distinVBCsSmallH\Results_Izar_replica1\J2_0.30\D_8\orientation_2\plaquette\replica_1\h_0\D_8_chi_104_energy_magnetization_correlation.txt,0.3,8,104,plaquette,0.0,0.0,2,1,-0.4246494769689,3.511056699989634e-06,-0.40362565841889997,-0.39612034914225003,-0.17623182074330002,0.22739383767559995,0.03300577251067382,plaquette,661306f6eac6d89fd85d7534853b38d0df279ac72106d278cc33798b26cb89c2,False,higher-energy duplicate/protocol
063d997afc04f0,synced_large_h:Results_Izar_replica1,D:\HyraiOn\ENS_Lyon\Internship\2026-EPFL\data\distinVBCs\Results_Izar_replica1\J2_0.30\D_8\orientation_2\plaquette\replica_1\h_0p0\D_8_chi_104_energy_magnetization_correlation.txt,0.3,8,104,plaquette,0.0,0.0,2,1,-0.4246062339057,1.3300363000401383e-06,-0.47619241763895,-0.2518023697555,-0.2468860386281,0.22930637901085,0.978559989701955,dimer-plaquette,3a601084212276ff2f80f8110d4a485fcefb05fa0df9619e46def3a86aa84578,False,branch texture flipped
938ad0522fad7f,synced_large_h:Results_Kuma_replica1,D:\HyraiOn\ENS_Lyon\Internship\2026-EPFL\data\distinVBCs\Results_Kuma_replica1\J2_0.30\D_8\orientation_2\plaquette\replica_1\h_0p0\D_8_chi_104_energy_magnetization_correlation.txt,0.3,8,104,plaquette,0.0,0.0,2,1,-0.4245892992043,1.608783600004493e-06,-0.47546689445850004,-0.2521848558778,-0.24808896653305001,0.22737792792545003,0.9819864250584037,dimer-plaquette,5180e5dc2e4981bd417199031275006d6085ded413b0270cc490219b1a69dd97,False,branch texture flipped
ab855486810540,synced_small_h:Results_Izar_replica1,D:\HyraiOn\ENS_Lyon\Internship\2026-EPFL\data\distinVBCsSmallH\Results_Izar_replica1\J2_0.30\D_8\orientation_2\plaquette\replica_1\h_0p001\D_8_chi_104_energy_magnetization_correlation.txt,0.3,8,104,plaquette,0.001,0.001,2,1,-0.4248755380153,3.407234299979134e-06,-0.40446468139905,-0.40163769455305,-0.168990906819,0.23547377458005,0.012005527371537424,plaquette,04a9bda44bf2c4d8f757f43135ead58c0d0faf6571b516a4ffcf61cd7edae062,True,selected variational/high-chi representative
98533d1d76adc5,synced_small_h:Results_Izar_replica1,D:\HyraiOn\ENS_Lyon\Internship\2026-EPFL\data\distinVBCsSmallH\Results_Izar_replica1\J2_0.30\D_8\orientation_2\plaquette\replica_1\h_0p002\D_8_chi_104_energy_magnetization_correlation.txt,0.3,8,104,plaquette,0.002,0.002,2,1,-0.4251137827954,3.383328200046165e-06,-0.40698626970449997,-0.40486075475255,-0.16254584055125001,0.24444042915324996,0.00869543127261237,plaquette,6c87e7e3a55c81839aee0a681df9eb89b7aaae1277dfc07add6dfa591f471d2a,True,selected variational/high-chi representative
c354a0724b6e9d,synced_small_h:Results_Izar_replica1,D:\HyraiOn\ENS_Lyon\Internship\2026-EPFL\data\distinVBCsSmallH\Results_Izar_replica1\J2_0.30\D_8\orientation_2\plaquette\replica_1\h_0p003\D_8_chi_104_energy_magnetization_correlation.txt,0.3,8,104,plaquette,0.003,0.003,2,1,-0.4253600025829,3.171575400029436e-06,-0.4090836040746,-0.40750893804184996,-0.15694377509475002,0.25213982897985,0.006245209410671363,plaquette,19bb6ef862e61243ea3fefccd46ef498ddb90fde1e2b4073c797c095545d3df0,True,selected variational/high-chi representative
9112d1dfe91a2d,synced_small_h:Results_Izar_replica1,D:\HyraiOn\ENS_Lyon\Internship\2026-EPFL\data\distinVBCsSmallH\Results_Izar_replica1\J2_0.30\D_8\orientation_2\plaquette\replica_1\h_0p005\D_8_chi_104_energy_magnetization_correlation.txt,0.3,8,104,plaquette,0.005,0.005,2,1,-0.4258712454821,2.060892200006492e-06,-0.41313832195925,-0.41235003418955,-0.146474588303,0.26666373365624996,0.0029561116500233684,plaquette,fabc2a0729b6518aab0ad84ae028c5913aade079ac4b1c9688e407a1d7d5f98a,True,selected variational/high-chi representative
c8ff8ef37fa07c,synced_large_h:Results_Izar_replica1,D:\HyraiOn\ENS_Lyon\Internship\2026-EPFL\data\distinVBCs\Results_Izar_replica1\J2_0.30\D_8\orientation_2\plaquette\replica_1\h_0p01\D_8_chi_104_energy_magnetization_correlation.txt,0.3,8,104,plaquette,0.01,0.01,2,1,-0.4272093673887,9.101302000380507e-07,-0.4259142904205,-0.4181861221224,-0.12331996757114999,0.30259432284935,0.025539700234057532,plaquette,267a655bcea0a22c54c51642fb676301f0df536bdb60e193a3163d69bb9b576b,True,selected variational/high-chi representative
0c6fd6ffe923c4,synced_large_h:Results_Kuma_replica1,D:\HyraiOn\ENS_Lyon\Internship\2026-EPFL\data\distinVBCs\Results_Kuma_replica1\J2_0.30\D_8\orientation_2\plaquette\replica_1\h_0p01\D_8_chi_104_energy_magnetization_correlation.txt,0.3,8,104,plaquette,0.01,0.01,2,1,-0.4271705634688,2.3317664000210847e-06,-0.42685544196334996,-0.41813451475040003,-0.1224950702244,0.30436037173895,0.02865329399856913,plaquette,1a3576960b301b863aa44d9b1987da2c8f38b6afdc85dc00d580146e80badce0,False,higher-energy duplicate/protocol
c473959c42b1b0,bundle_replica12:Results_VBC_branches,D:\HyraiOn\ENS_Lyon\Internship\2026-EPFL\6-AD-CTMRG\models\VBCPinningClusterBundle\Results_VBC_branches\J2_0.30\D_8\orientation_2\plaquette\replica_2\h_0p02\D_8_chi_104_energy_magnetization_correlation.txt,0.3,8,104,plaquette,0.02,0.02,2,2,-0.4304380091501,2.085082799974103e-06,-0.43183698948995003,-0.43162858969355006,-0.09682995898435,0.33500703050560005,0.0006220758892296982,plaquette,3683037cad531bb56b6866112fa6ebb1c37caf133b68bd4c8140c3128cc90460,True,selected variational/high-chi representative
29030a1480adce,synced_large_h:Results_Izar_replica1,D:\HyraiOn\ENS_Lyon\Internship\2026-EPFL\data\distinVBCs\Results_Izar_replica1\J2_0.30\D_8\orientation_2\plaquette\replica_1\h_0p02\D_8_chi_104_energy_magnetization_correlation.txt,0.3,8,104,plaquette,0.02,0.02,2,1,-0.4303673840148,3.0268898000285205e-06,-0.43449775705279997,-0.43052502864930003,-0.0950998562744,0.3393979007784,0.011705223851970181,plaquette,3b032cf5dce16f3e908ea8b40aafa84c3cdb48e52bf1aed95bea4c61b5974e05,False,higher-energy duplicate/protocol
222d5aefaa1060,synced_large_h:Results_Kuma_replica1,D:\HyraiOn\ENS_Lyon\Internship\2026-EPFL\data\distinVBCs\Results_Kuma_replica1\J2_0.30\D_8\orientation_2\plaquette\replica_1\h_0p02\D_8_chi_104_energy_magnetization_correlation.txt,0.3,8,104,plaquette,0.02,0.02,2,1,-0.4303658363642,4.0084324999800636e-06,-0.43444269737839997,-0.4304567982114,-0.09518205656955499,0.339260640808845,0.011748781578367125,plaquette,52d647a6b37e054286eb37cc025df781ff5279fd2fcd3cdf83e068b9a7a3283e,False,higher-energy duplicate/protocol
f65bf18d6e6c29,bundle_replica12:Results_VBC_branches,D:\HyraiOn\ENS_Lyon\Internship\2026-EPFL\6-AD-CTMRG\models\VBCPinningClusterBundle\Results_VBC_branches\J2_0.30\D_8\orientation_2\plaquette\replica_1\h_0p04\D_8_chi_104_energy_magnetization_correlation.txt,0.3,8,104,plaquette,0.04,0.04,2,1,-0.4375977022477,4.173558599995797e-06,-0.44368217336775,-0.44228041024389997,-0.061373575122635,0.382308598245115,0.003666574935234151,plaquette,ca6c0cd6bb477ddb2e6390806212b93d0a7f338286419cffcfe2075ce897c8ca,False,higher-energy duplicate/protocol
fc8125d9f98a1b,bundle_replica12:Results_VBC_branches,D:\HyraiOn\ENS_Lyon\Internship\2026-EPFL\6-AD-CTMRG\models\VBCPinningClusterBundle\Results_VBC_branches\J2_0.30\D_8\orientation_2\plaquette\replica_2\h_0p04\D_8_chi_104_energy_magnetization_correlation.txt,0.3,8,104,plaquette,0.04,0.04,2,2,-0.4373248477419,1.4165832999957217e-06,-0.44668972879465,-0.4424956665375,-0.05851775519041,0.38817197360424005,0.010804649851990781,plaquette,e111ecd13e821b3191add1d2dbcf3fd4624b71f0566df07bba669f48977b3990,False,higher-energy duplicate/protocol
ef7fd116862553,synced_large_h:Results_Izar_replica1,D:\HyraiOn\ENS_Lyon\Internship\2026-EPFL\data\distinVBCs\Results_Izar_replica1\J2_0.30\D_8\orientation_2\plaquette\replica_1\h_0p04\D_8_chi_104_energy_magnetization_correlation.txt,0.3,8,104,plaquette,0.04,0.04,2,1,-0.4376240713257,8.091276000321557e-07,-0.44303956200895,-0.4426894753332,-0.06161923550907,0.38142032649988,0.0009178500762205533,plaquette,f859245774c1326c90791089dec95825c777911483a6579808f9333a726b699c,True,selected variational/high-chi representative
debd7ffe4f4c3a,synced_large_h:Results_Kuma_replica1,D:\HyraiOn\ENS_Lyon\Internship\2026-EPFL\data\distinVBCs\Results_Kuma_replica1\J2_0.30\D_8\orientation_2\plaquette\replica_1\h_0p04\D_8_chi_104_energy_magnetization_correlation.txt,0.3,8,104,plaquette,0.04,0.04,2,1,-0.4375951571203,5.002312000013109e-06,-0.44391706497370004,-0.44202880080275,-0.06135393034234,0.38256313463136005,0.004935823658935674,plaquette,fb7f203f97f0e4db8785d49b134ec6d83d406287fc1e29263e850223a8689f2e,False,higher-energy duplicate/protocol
5d331c25463cf6,bundle_replica12:Results_VBC_branches,D:\HyraiOn\ENS_Lyon\Internship\2026-EPFL\6-AD-CTMRG\models\VBCPinningClusterBundle\Results_VBC_branches\J2_0.30\D_8\orientation_2\plaquette\replica_1\h_0p08\D_8_chi_104_energy_magnetization_correlation.txt,0.3,8,104,plaquette,0.08,0.08,2,1,-0.4538443265695,8.174021300044743e-06,-0.4520178253112,-0.45171731215315,-0.024051900122345,0.427965925188855,0.0007021894509882014,plaquette,eed71a1933286bb8f79f77faa06c94a7e075ac21d188c0b920eb4162955a3b3b,False,higher-energy duplicate/protocol
e65c0447973a4d,bundle_replica12:Results_VBC_branches,D:\HyraiOn\ENS_Lyon\Internship\2026-EPFL\6-AD-CTMRG\models\VBCPinningClusterBundle\Results_VBC_branches\J2_0.30\D_8\orientation_2\plaquette\replica_2\h_0p08\D_8_chi_104_energy_magnetization_correlation.txt,0.3,8,104,plaquette,0.08,0.08,2,2,-0.02227307884767,0.0010002873458800007,-0.01753762376664,-0.01725476505191,-0.013599606251565,0.003938017515075,0.07182769341355105,plaquette,ef325b764081fe49f84ee97e633a9645fe4479580104dc47c4b19b590f57c09f,False,energy outside original-2C3 physical envelope
06be5967c6b014,synced_large_h:Results_Izar_replica1,D:\HyraiOn\ENS_Lyon\Internship\2026-EPFL\data\distinVBCs\Results_Izar_replica1\J2_0.30\D_8\orientation_2\plaquette\replica_1\h_0p08\D_8_chi_104_energy_magnetization_correlation.txt,0.3,8,104,plaquette,0.08,0.08,2,1,-0.4539124412229,3.854423999971601e-07,-0.4516727090071,-0.4516195389061,-0.024011415106255,0.427661293900845,0.00012432759699853766,plaquette,f491dad030f4f105baaeb1b2e0df494df5986250d1a9690352c4562141507155,True,selected variational/high-chi representative
87dddc48ee004a,synced_large_h:Results_Kuma_replica1,D:\HyraiOn\ENS_Lyon\Internship\2026-EPFL\data\distinVBCs\Results_Kuma_replica1\J2_0.30\D_8\orientation_2\plaquette\replica_1\h_0p08\D_8_chi_104_energy_magnetization_correlation.txt,0.3,8,104,plaquette,0.08,0.08,2,1,-0.4538430345866,8.872325400033354e-06,-0.45197777370645004,-0.4517831893793,-0.023922612443174996,0.42805516126327503,0.00045457769175302146,plaquette,e3a1dcef92f9f02d740cf4798ec97aa6973143c991c907041d890a1aebe5afb3,False,higher-energy duplicate/protocol
7120016dc81bc2,synced_large_h:Results_Kuma_replica1,D:\HyraiOn\ENS_Lyon\Internship\2026-EPFL\data\distinVBCs\Results_Kuma_replica1\J2_0.30\D_9\orientation_0\dimer-plaquette\replica_1\h_0p08\D_9_chi_180_energy_magnetization_correlation.txt,0.3,9,180,dimer-plaquette,0.08,-0.08,0,1,-0.4586242975098,1.08136510001966e-06,-0.6692417963902,-0.11721598417935002,-0.1172073986978,0.5520343976924,0.9999844475605398,dimer-plaquette,99ab1ee8083187067c6b953a2404578133f5d6ee42d332446223e7fcbe2b383f,True,selected variational/high-chi representative
981fc05f0a66c0,bundle_replica12:Results_VBC_branches,D:\HyraiOn\ENS_Lyon\Internship\2026-EPFL\6-AD-CTMRG\models\VBCPinningClusterBundle\Results_VBC_branches\J2_0.30\D_9\orientation_0\dimer-plaquette\replica_2\h_0p08\D_9_chi_108_energy_magnetization_correlation.txt,0.3,9,108,dimer-plaquette,0.08,-0.08,0,2,-0.01088570506948,0.0008502747147799989,-0.010509652473899999,-0.007003562859559001,-0.0064521502725225005,0.004057502201377498,0.8641004835809334,dimer-plaquette,6c1ac19bce10ad12cb530be4256631df546eacb0865b43ec9426978b2b372658,False,energy outside original-2C3 physical envelope
24265468c22ef3,synced_large_h:Results_Izar_replica1,D:\HyraiOn\ENS_Lyon\Internship\2026-EPFL\data\distinVBCs\Results_Izar_replica1\J2_0.30\D_9\orientation_0\dimer-plaquette\replica_1\h_0p08\D_9_chi_108_energy_magnetization_correlation.txt,0.3,9,108,dimer-plaquette,0.08,-0.08,0,1,-0.4585838845912,8.821779999834689e-07,-0.669400165048,-0.11730012087255,-0.11707236393805,0.5523278011099501,0.9995876417336909,dimer-plaquette,8a1ce0773d18fede812dfc5fe9039c4d0560d11464b44be2733674b6485f7fe9,False,chi below 75% of group maximum
3b6afc607e7293,synced_large_h:Results_Kuma_replica1,D:\HyraiOn\ENS_Lyon\Internship\2026-EPFL\data\distinVBCs\Results_Kuma_replica1\J2_0.30\D_9\orientation_0\dimer-plaquette\replica_1\h_0p04\D_9_chi_180_energy_magnetization_correlation.txt,0.3,9,180,dimer-plaquette,0.04,-0.04,0,1,-0.4386146978832,9.902611000089934e-07,-0.6069240490105,-0.16768893892790002,-0.16765094836174999,0.43927310064875,0.9999135149270603,dimer-plaquette,f978db0651725fb6bdeba7df9eccff293f553cdead23f6ba0444fe5d64b95bc7,True,selected variational/high-chi representative
cb29f1e6529b40,bundle_replica12:Results_VBC_branches,D:\HyraiOn\ENS_Lyon\Internship\2026-EPFL\6-AD-CTMRG\models\VBCPinningClusterBundle\Results_VBC_branches\J2_0.30\D_9\orientation_0\dimer-plaquette\replica_2\h_0p04\D_9_chi_108_energy_magnetization_correlation.txt,0.3,9,108,dimer-plaquette,0.04,-0.04,0,2,-0.2262451218082,0.023242469869799998,-0.27791237311975,-0.20999862641675002,-0.19912013509115,0.07879223802859997,0.8619344798703225,dimer-plaquette,5195df93eace6f6044a0fcafee8be6d3e4be9f611349b14820b6a653acc9bebd,False,energy outside original-2C3 physical envelope
7210d6ebb34f10,synced_large_h:Results_Izar_replica1,D:\HyraiOn\ENS_Lyon\Internship\2026-EPFL\data\distinVBCs\Results_Izar_replica1\J2_0.30\D_9\orientation_0\dimer-plaquette\replica_1\h_0p04\D_9_chi_108_energy_magnetization_correlation.txt,0.3,9,108,dimer-plaquette,0.04,-0.04,0,1,-0.4386079905605,1.3004327500010238e-05,-0.6070147976621499,-0.16780110551195002,-0.1674502719573,0.43956452570484994,0.9992018610826534,dimer-plaquette,fbc16625426bc0a6ee542e578080b7d47886a23a7a2731cc58c91bb143c26105,False,chi below 75% of group maximum
5600e075d7decb,synced_large_h:Results_Kuma_replica1,D:\HyraiOn\ENS_Lyon\Internship\2026-EPFL\data\distinVBCs\Results_Kuma_replica1\J2_0.30\D_9\orientation_0\dimer-plaquette\replica_1\h_0p02\D_9_chi_180_energy_magnetization_correlation.txt,0.3,9,180,dimer-plaquette,0.02,-0.02,0,1,-0.4306404600275,6.679985999902271e-07,-0.55612037358095,-0.2019746285568,-0.20191249345465,0.3542078801263,0.9998245801247339,dimer-plaquette,44b802acd0e298ebe637fe441b898fb9932a13814d28797657376d5e3432a88a,True,selected variational/high-chi representative
3f780dd9c07c52,bundle_replica12:Results_VBC_branches,D:\HyraiOn\ENS_Lyon\Internship\2026-EPFL\6-AD-CTMRG\models\VBCPinningClusterBundle\Results_VBC_branches\J2_0.30\D_9\orientation_0\dimer-plaquette\replica_2\h_0p02\D_9_chi_108_energy_magnetization_correlation.txt,0.3,9,108,dimer-plaquette,0.02,-0.02,0,2,-0.2523101481137,9.570613699994013e-06,-0.33097897324084996,-0.26904140674475,-0.23825544754295,0.09272352569789996,0.6679811410309943,three-distinct/mixed,6504e2e5b52686662b27b01d0b597d63eb389c2dec442dbfe00884fcb1fd00fb,False,energy outside original-2C3 physical envelope
f09d39e4194118,synced_large_h:Results_Izar_replica1,D:\HyraiOn\ENS_Lyon\Internship\2026-EPFL\data\distinVBCs\Results_Izar_replica1\J2_0.30\D_9\orientation_0\dimer-plaquette\replica_1\h_0p02\D_9_chi_108_energy_magnetization_correlation.txt,0.3,9,108,dimer-plaquette,0.02,-0.02,0,1,-0.4306100149425,9.206010199991344e-06,-0.5575822457160501,-0.20133413558345,-0.2009947112527,0.3565875344633501,0.9990481318107183,dimer-plaquette,f4053d0da8f4f951e6674de10506fdb3d3eac01798358fee7f7dd837e82239f1,False,chi below 75% of group maximum
40ae616ab5281b,synced_large_h:Results_Kuma_replica1,D:\HyraiOn\ENS_Lyon\Internship\2026-EPFL\data\distinVBCs\Results_Kuma_replica1\J2_0.30\D_9\orientation_0\dimer-plaquette\replica_1\h_0p01\D_9_chi_180_energy_magnetization_correlation.txt,0.3,9,180,dimer-plaquette,0.01,-0.01,0,1,-0.4273866331687,6.432621000307392e-07,-0.5196879118915,-0.22421023567879997,-0.2240981746092,0.2955897372823,0.9996208898501341,dimer-plaquette,dba6b22169220119612139bc31746d4ecc5af3fefb965a1b5900454efd6db7b3,True,selected variational/high-chi representative
7789c05cc3bd0b,bundle_replica12:Results_VBC_branches,D:\HyraiOn\ENS_Lyon\Internship\2026-EPFL\6-AD-CTMRG\models\VBCPinningClusterBundle\Results_VBC_branches\J2_0.30\D_9\orientation_0\dimer-plaquette\replica_2\h_0p01\D_9_chi_108_energy_magnetization_correlation.txt,0.3,9,108,dimer-plaquette,0.01,-0.01,0,2,-0.249781789156,0.00053947664579998,-0.326608632043,-0.26445387567350004,-0.23446592253754997,0.09214270950545003,0.6745488243519,three-distinct/mixed,ebcfa47bbc8dc32479225c7470a6acb86e8579fb9b4e2b40cdff7067a5492515,False,energy outside original-2C3 physical envelope
6d62eff77d4daa,synced_large_h:Results_Izar_replica1,D:\HyraiOn\ENS_Lyon\Internship\2026-EPFL\data\distinVBCs\Results_Izar_replica1\J2_0.30\D_9\orientation_0\dimer-plaquette\replica_1\h_0p01\D_9_chi_108_energy_magnetization_correlation.txt,0.3,9,108,dimer-plaquette,0.01,-0.01,0,1,-0.4273367821323,7.663973199956153e-06,-0.5213394531673,-0.2239435064234,-0.22296822333129998,0.29837122983600006,0.9967313098765048,dimer-plaquette,97dcf54fcd00c2b1dcf07672a48ad496803643e98044e9146bf843b33ac90f6e,False,chi below 75% of group maximum
ef090aafff12fe,synced_large_h:Results_Kuma_replica1,D:\HyraiOn\ENS_Lyon\Internship\2026-EPFL\data\distinVBCs\Results_Kuma_replica1\J2_0.30\D_9\orientation_0\dimer-plaquette\replica_1\h_0p0\D_9_chi_180_energy_magnetization_correlation.txt,0.3,9,180,dimer-plaquette,0.0,0.0,0,1,-0.4248629546286,4.795350400044196e-06,-0.4522549872297,-0.27432659386235,-0.24979531211444997,0.20245967511525,0.8788337394400362,dimer-plaquette,d44f7d8ce803aad9ab4665c1f50312b43edc4f7d0f0eed872cd9a5b4e9f86a9d,True,selected variational/high-chi representative
a9fab569daae60,bundle_replica12:Results_VBC_branches,D:\HyraiOn\ENS_Lyon\Internship\2026-EPFL\6-AD-CTMRG\models\VBCPinningClusterBundle\Results_VBC_branches\J2_0.30\D_9\orientation_0\dimer-plaquette\replica_2\h_0p0\D_9_chi_108_energy_magnetization_correlation.txt,0.3,9,108,dimer-plaquette,0.0,0.0,0,2,-0.2532416221878,1.8819637700007164e-05,-0.33352059887525004,-0.2705638340125,-0.23779379620584998,0.09572680266940006,0.6576712384323136,three-distinct/mixed,f3b4f57bf336d8d3a8b8a6570047091cd810ccc0920e3d56db499e6de8e921ca,False,energy outside original-2C3 physical envelope
337ac2bef78f4e,izar_j2_sequences:Results_Izar_J2_sequences,D:\HyraiOn\ENS_Lyon\Internship\2026-EPFL\data\distinVBCsJ2Continuation\Results_Izar_J2_sequences\s006_J2_0p33_D_9_dimer-plaquette\left\insurance_1\J2_0p30\D_9_chi_108_energy_magnetization_correlation.txt,0.3,9,108,dimer-plaquette,0.0,0.0,1,0,-0.4247975711302,1.6333430599979604e-05,-0.45016911317975,-0.27443206019435,-0.2523592023946,0.19780991078514998,0.8884137922506609,dimer-plaquette,fc9f2c7c569815c1bb2338b1502b6faaaa14c41f1227b325f8d468a04944a9fa,False,chi below 75% of group maximum
c63c11a8bdd6aa,izar_j2_sequences:Results_Izar_J2_sequences,D:\HyraiOn\ENS_Lyon\Internship\2026-EPFL\data\distinVBCsJ2Continuation\Results_Izar_J2_sequences\s006_J2_0p33_D_9_dimer-plaquette\left\insurance_2\J2_0p30\D_9_chi_108_energy_magnetization_correlation.txt,0.3,9,108,dimer-plaquette,0.0,0.0,1,0,-0.4247987471262,1.9393442800053062e-05,-0.4516519046158,-0.269329971656,-0.25555253778070003,0.1960993668351,0.9297425886801287,dimer-plaquette,37d1307409a0f57897808ea50f9720089789dd0b250319fa3cff91d766532626,False,chi below 75% of group maximum
b94291a7c7b8f7,izar_j2_sequences:Results_Izar_J2_sequences,D:\HyraiOn\ENS_Lyon\Internship\2026-EPFL\data\distinVBCsJ2Continuation\Results_Izar_J2_sequences\s101_J2_0p28_D_9_dimer-plaquette\right\insurance_1\J2_0p30\D_9_chi_108_energy_magnetization_correlation.txt,0.3,9,108,dimer-plaquette,0.0,0.0,2,0,-0.4248585467617,1.0350275500004003e-05,-0.43992227404635,-0.27133872309900003,-0.26626390913535,0.173658364911,0.9707770255337201,dimer-plaquette,23ff8bd16326f60f926741c35c2afeb22cb7bbd148efc384a21b3ad87e11c637,False,chi below 75% of group maximum
79710be457ddd5,izar_j2_sequences:Results_Izar_J2_sequences,D:\HyraiOn\ENS_Lyon\Internship\2026-EPFL\data\distinVBCsJ2Continuation\Results_Izar_J2_sequences\s101_J2_0p28_D_9_dimer-plaquette\right\insurance_2\J2_0p30\D_9_chi_108_energy_magnetization_correlation.txt,0.3,9,108,dimer-plaquette,0.0,0.0,2,0,-0.4248601578762,1.1242292600022186e-05,-0.44043918221205,-0.2704898862417,-0.26643914519495,0.17400003701709998,0.976719883994324,dimer-plaquette,dd6d2ea30bc3f51cb182f600eec87de112a903b1d9c015a42985e284af930b0f,False,chi below 75% of group maximum
fba18e7c09dfe5,synced_large_h:Results_Izar_replica1,D:\HyraiOn\ENS_Lyon\Internship\2026-EPFL\data\distinVBCs\Results_Izar_replica1\J2_0.30\D_9\orientation_0\dimer-plaquette\replica_1\h_0p0\D_9_chi_108_energy_magnetization_correlation.txt,0.3,9,108,dimer-plaquette,0.0,0.0,0,1,-0.424852277076,6.778214100000568e-06,-0.43125685020245,-0.31894805097984996,-0.2267489385281,0.20450791167435003,0.5491660361846341,three-distinct/mixed,c122f72252acd791936c0a24849a54264d5ea53fa313538a38670e647cd78780,False,chi below 75% of group maximum
2067d50f1f63a2,synced_large_h:Results_Kuma_replica1,D:\HyraiOn\ENS_Lyon\Internship\2026-EPFL\data\distinVBCs\Results_Kuma_replica1\J2_0.30\D_9\orientation_0\plaquette\replica_1\h_0p0\D_9_chi_180_energy_magnetization_correlation.txt,0.3,9,180,plaquette,0.0,0.0,0,1,-0.4248714133549,1.984359499995758e-06,-0.38821400822604996,-0.38757560261310003,-0.20078292001405,0.18743108821199997,0.0034060817713859313,plaquette,6d3e86bba78a95235e54019a4d3cff0e2c5bdae76667fcd9247e12c9531a1186,True,selected variational/high-chi representative
3c8c767dc6ed59,izar_j2_sequences:Results_Izar_J2_sequences,D:\HyraiOn\ENS_Lyon\Internship\2026-EPFL\data\distinVBCsJ2Continuation\Results_Izar_J2_sequences\s103_J2_0p31_D_9_plaquette\left\insurance_1\J2_0p30\D_9_chi_108_energy_magnetization_correlation.txt,0.3,9,108,plaquette,0.0,0.0,0,0,-0.4248394134175,6.541219799982567e-06,-0.39430733629575004,-0.38737196270019997,-0.19465550816815,0.19965182812760005,0.03473734080269773,plaquette,d2bd2e106e799c067a809d4e6f700566593b5539d0337b22517155b1f28cf607,False,chi below 75% of group maximum
408f05277735de,izar_j2_sequences:Results_Izar_J2_sequences,D:\HyraiOn\ENS_Lyon\Internship\2026-EPFL\data\distinVBCsJ2Continuation\Results_Izar_J2_sequences\s103_J2_0p31_D_9_plaquette\left\insurance_2\J2_0p30\D_9_chi_108_energy_magnetization_correlation.txt,0.3,9,108,plaquette,0.0,0.0,0,0,-0.4248402943446,6.558250200017213e-06,-0.39418614803745,-0.3870218396526501,-0.19526474206015,0.19892140597730001,0.03601577391634503,plaquette,ef6a2f8b68df6d8fe1a0fdf82cf7b3e70e00b84c625ffa6b4add54fdcbf902b7,False,chi below 75% of group maximum
9f49f355bc832d,synced_large_h:Results_Izar_replica1,D:\HyraiOn\ENS_Lyon\Internship\2026-EPFL\data\distinVBCs\Results_Izar_replica1\J2_0.30\D_9\orientation_0\plaquette\replica_1\h_0p0\D_9_chi_108_energy_magnetization_correlation.txt,0.3,9,108,plaquette,0.0,0.0,0,1,-0.4248737910839,1.0889400600011534e-05,-0.38954709376795,-0.38768500526375,-0.1991759491367,0.19037114463125,0.009781358975420752,plaquette,0523af7ca6f898fcfc136822af0de36e4a9b5fd61d67dd48fb384e165f5ce5d7,False,chi below 75% of group maximum
335e17313e53b1,synced_large_h:Results_Kuma_replica1,D:\HyraiOn\ENS_Lyon\Internship\2026-EPFL\data\distinVBCs\Results_Kuma_replica1\J2_0.30\D_9\orientation_0\plaquette\replica_1\h_0p01\D_9_chi_180_energy_magnetization_correlation.txt,0.3,9,180,plaquette,0.01,0.01,0,1,-0.4273923345111,3.352999999872708e-07,-0.419746364765,-0.41968250232035004,-0.1278215240295,0.29192484073549996,0.00021876331075167569,plaquette,bc22e6fbacd734c80f353a1b183f21095e7b6166b432b9f95135d2ae3cf07b46,True,selected variational/high-chi representative
8c4fa0bf931895,bundle_replica12:Results_VBC_branches,D:\HyraiOn\ENS_Lyon\Internship\2026-EPFL\6-AD-CTMRG\models\VBCPinningClusterBundle\Results_VBC_branches\J2_0.30\D_9\orientation_0\plaquette\replica_2\h_0p01\D_9_chi_108_energy_magnetization_correlation.txt,0.3,9,108,plaquette,0.01,0.01,0,2,-0.2572049420367,1.8000939000006877e-05,-0.32194316767705,-0.30165509771055005,-0.26016449370925,0.06177867396780001,0.3283992462686138,three-distinct/mixed,aae0adb68109c141ef12cfd419736f1aec6c8d0a6df9133087057688a3079bce,False,energy outside original-2C3 physical envelope
037badaf775ee6,synced_large_h:Results_Izar_replica1,D:\HyraiOn\ENS_Lyon\Internship\2026-EPFL\data\distinVBCs\Results_Izar_replica1\J2_0.30\D_9\orientation_0\plaquette\replica_1\h_0p01\D_9_chi_108_energy_magnetization_correlation.txt,0.3,9,108,plaquette,0.01,0.01,0,1,-0.4273902364445,2.769677800051884e-06,-0.41944082635565,-0.41942928027215,-0.1286374090833,0.29080341727235004,3.9704084664177854e-05,plaquette,4b1afe7ca3454ec8430cc65775a51833c09bbad5ba4fa3cdfcab777e426210e7,False,chi below 75% of group maximum
8994e54a5d088a,synced_large_h:Results_Kuma_replica1,D:\HyraiOn\ENS_Lyon\Internship\2026-EPFL\data\distinVBCs\Results_Kuma_replica1\J2_0.30\D_9\orientation_0\plaquette\replica_1\h_0p02\D_9_chi_180_energy_magnetization_correlation.txt,0.3,9,180,plaquette,0.02,0.02,0,1,-0.4305304289757,2.232858999917653e-07,-0.4308623060517,-0.43081010198705,-0.09820481748580501,0.332657488565895,0.00015693037566976876,plaquette,f3cdb0f08381e0415eacf036b2a7d3358b2375fc887189eeaedad46853a911aa,True,selected variational/high-chi representative
8a9d31c573bca3,bundle_replica12:Results_VBC_branches,D:\HyraiOn\ENS_Lyon\Internship\2026-EPFL\6-AD-CTMRG\models\VBCPinningClusterBundle\Results_VBC_branches\J2_0.30\D_9\orientation_0\plaquette\replica_2\h_0p02\D_9_chi_108_energy_magnetization_correlation.txt,0.3,9,108,plaquette,0.02,0.02,0,2,-0.07850519488386,0.17654275157824,-0.13409981385735,-0.10540624692794999,-0.1011976775643,0.03290213629305001,0.8720882642341076,dimer-plaquette,28eddd8bd1b815b0ea8d3bc0a16bebf15b77522c52fd4d995f2a86ad3a547dcc,False,energy outside original-2C3 physical envelope
0fbb2603455936,synced_large_h:Results_Izar_replica1,D:\HyraiOn\ENS_Lyon\Internship\2026-EPFL\data\distinVBCs\Results_Izar_replica1\J2_0.30\D_9\orientation_0\plaquette\replica_1\h_0p02\D_9_chi_108_energy_magnetization_correlation.txt,0.3,9,108,plaquette,0.02,0.02,0,1,-0.4305213683556,4.374470500001504e-06,-0.43107411913185006,-0.43060096415055,-0.09838214849465,0.3326919706372001,0.0014222013846437159,plaquette,1881961d288efad898979851e32518b2d4b474ee3eb16eb8b61a08a54b8c2d11,False,chi below 75% of group maximum
95f9d247805fbf,synced_large_h:Results_Kuma_replica1,D:\HyraiOn\ENS_Lyon\Internship\2026-EPFL\data\distinVBCs\Results_Kuma_replica1\J2_0.30\D_9\orientation_0\plaquette\replica_1\h_0p04\D_9_chi_180_energy_magnetization_correlation.txt,0.3,9,180,plaquette,0.04,0.04,0,1,-0.4377030803873,1.0832909996816298e-07,-0.44233316217715,-0.44225709216775,-0.062466105553865,0.379867056623285,0.00020025429442663872,plaquette,116f8d909c1c603ba7292dc7ebeda10ef0e94e57ed4ad262c2ecfaa9749353f8,True,selected variational/high-chi representative
c32acb9e37e253,bundle_replica12:Results_VBC_branches,D:\HyraiOn\ENS_Lyon\Internship\2026-EPFL\6-AD-CTMRG\models\VBCPinningClusterBundle\Results_VBC_branches\J2_0.30\D_9\orientation_0\plaquette\replica_2\h_0p04\D_9_chi_108_energy_magnetization_correlation.txt,0.3,9,108,plaquette,0.04,0.04,0,2,-0.2343022938339,0.015442118923899989,-0.26663275666805003,-0.2481500151841,-0.22329804821125,0.04333470845680004,0.4265112687298984,three-distinct/mixed,233db3e6f4f590d54b6b57daee7e7ba9c58e76781643684c750e441286aa7e87,False,energy outside original-2C3 physical envelope
7a7bac145e1e55,synced_large_h:Results_Izar_replica1,D:\HyraiOn\ENS_Lyon\Internship\2026-EPFL\data\distinVBCs\Results_Izar_replica1\J2_0.30\D_9\orientation_0\plaquette\replica_1\h_0p04\D_9_chi_108_energy_magnetization_correlation.txt,0.3,9,108,plaquette,0.04,0.04,0,1,-0.4376896275823,1.6267976000183815e-06,-0.44240356308,-0.4423909575527,-0.062334724438695005,0.38006883864130503,3.3166432020692326e-05,plaquette,19a4eac8a8384a50ff9dbd482c42afeedf5b1f9572bead87b440fc749a789c1c,False,chi below 75% of group maximum
2e91400fb06ef3,synced_large_h:Results_Kuma_replica1,D:\HyraiOn\ENS_Lyon\Internship\2026-EPFL\data\distinVBCs\Results_Kuma_replica1\J2_0.30\D_9\orientation_0\plaquette\replica_1\h_0p08\D_9_chi_180_energy_magnetization_correlation.txt,0.3,9,180,plaquette,0.08,0.08,0,1,-0.4539602403976,2.5653070001574463e-07,-0.45142435806444997,-0.45141537426215,-0.024249008969174996,0.427175349095275,2.1030713310104763e-05,plaquette,ce9ad0b0ff58b6b0ca32a3e1e9a5ea95eb90da4605c8ba014a5d9bb393f5dd42,True,selected variational/high-chi representative
3a73adf7a4cf31,bundle_replica12:Results_VBC_branches,D:\HyraiOn\ENS_Lyon\Internship\2026-EPFL\6-AD-CTMRG\models\VBCPinningClusterBundle\Results_VBC_branches\J2_0.30\D_9\orientation_0\plaquette\replica_2\h_0p08\D_9_chi_108_energy_magnetization_correlation.txt,0.3,9,108,plaquette,0.08,0.08,0,2,-0.01140130458616,0.0008669403632499996,-0.011101225624990002,-0.007431869868343,-0.0054548788822775,0.005646346742712502,0.6498636948541785,three-distinct/mixed,c04499cae6b66e53bcf7e9d6fa73cc13f215822a04590e057528b5d571a185b1,False,energy outside original-2C3 physical envelope
0a518af667f660,synced_large_h:Results_Izar_replica1,D:\HyraiOn\ENS_Lyon\Internship\2026-EPFL\data\distinVBCs\Results_Izar_replica1\J2_0.30\D_9\orientation_0\plaquette\replica_1\h_0p08\D_9_chi_108_energy_magnetization_correlation.txt,0.3,9,108,plaquette,0.08,0.08,0,1,-0.4539514332936,3.729854800016419e-06,-0.45149977942435,-0.45141033267535,-0.024286132479985,0.427213646944365,0.00020937240567976196,plaquette,1c05d68db56fb1c53d75ac82e9c31e17b05433fe18acced49b8ed4ffced3d4dd,False,chi below 75% of group maximum
a16c7b0e859250,synced_large_h:Results_Kuma_replica1,D:\HyraiOn\ENS_Lyon\Internship\2026-EPFL\data\distinVBCs\Results_Kuma_replica1\J2_0.30\D_10\orientation_0\dimer-plaquette\replica_1\h_0p08\D_10_chi_180_energy_magnetization_correlation.txt,0.3,10,180,dimer-plaquette,0.08,-0.08,0,1,-0.4586362357277,4.670486000002416e-06,-0.6691927188549,-0.11721590006105,-0.1171036169225,0.5520891019323999,0.9997966213457992,dimer-plaquette,0825dfe647fabf0911d7010a21e72a21f3c4871bcd99f932e788d50581be5514,True,selected variational/high-chi representative
6291fcb005d099,synced_large_h:Results_Kuma_replica1,D:\HyraiOn\ENS_Lyon\Internship\2026-EPFL\data\distinVBCs\Results_Kuma_replica1\J2_0.30\D_10\orientation_0\dimer-plaquette\replica_1\h_0p04\D_10_chi_180_energy_magnetization_correlation.txt,0.3,10,180,dimer-plaquette,0.04,-0.04,0,1,-0.4386415739173,9.499422800041124e-06,-0.60665234694345,-0.1678870327316,-0.167609570442,0.43904277650145007,0.9993680290294011,dimer-plaquette,213dfd663bf53884f6ba1f2dfb05df441aa9573a2170ee9b2f8550382eb442ba,True,selected variational/high-chi representative
3e7561786a3101,synced_large_h:Results_Kuma_replica1,D:\HyraiOn\ENS_Lyon\Internship\2026-EPFL\data\distinVBCs\Results_Kuma_replica1\J2_0.30\D_10\orientation_0\dimer-plaquette\replica_1\h_0p02\D_10_chi_180_energy_magnetization_correlation.txt,0.3,10,180,dimer-plaquette,0.02,-0.02,0,1,-0.4306562994043,7.593604300026868e-06,-0.55652838804745,-0.20175545554575,-0.20150061531960003,0.3550277727278499,0.9992821963639861,dimer-plaquette,64626d248c3dd322f0cf59ecdbf3010ed57aa09d51c523a9f61c5dee4ad2ce11,True,selected variational/high-chi representative
5f93aa285e2eb4,synced_large_h:Results_Kuma_replica1,D:\HyraiOn\ENS_Lyon\Internship\2026-EPFL\data\distinVBCs\Results_Kuma_replica1\J2_0.30\D_10\orientation_0\dimer-plaquette\replica_1\h_0p01\D_10_chi_180_energy_magnetization_correlation.txt,0.3,10,180,dimer-plaquette,0.01,-0.01,0,1,-0.4274322397533,1.597163780003852e-05,-0.5183765615296,-0.22565694984535,-0.22424108541935003,0.2941354761102499,0.9951863527489991,dimer-plaquette,3f3f543f92eb5a9f355bc657cfb7eea339e430c2d17d317337916ab42a5f9668,True,selected variational/high-chi representative
7b4cecc97b873d,synced_large_h:Results_Kuma_replica1,D:\HyraiOn\ENS_Lyon\Internship\2026-EPFL\data\distinVBCs\Results_Kuma_replica1\J2_0.30\D_10\orientation_0\dimer-plaquette\replica_1\h_0p0\D_10_chi_180_energy_magnetization_correlation.txt,0.3,10,180,dimer-plaquette,0.0,0.0,0,1,-0.4249550190993,2.86289700002218e-07,-0.44657229504635,-0.2737658495372,-0.25628129091034996,0.19029100413600003,0.9081167357004752,dimer-plaquette,949e638df09f69f64b5b382a03382e9fd0b3a0e17c45ffc85af93b52c7014b42,True,selected variational/high-chi representative
fcb7334b7b388e,synced_large_h:Results_Kuma_replica1,D:\HyraiOn\ENS_Lyon\Internship\2026-EPFL\data\distinVBCs\Results_Kuma_replica1\J2_0.30\D_10\orientation_0\plaquette\replica_1\h_0p0\D_10_chi_180_energy_magnetization_correlation.txt,0.3,10,180,plaquette,0.0,0.0,0,1,-0.4250136988285,6.95215929996662e-06,-0.4002486410321,-0.3705906168275,-0.20567971389585002,0.19456892713625,0.15242939682671686,plaquette,07dbc57e766af5c8ebf6c00401a7c3825230af7265afb6f4161c172b7a53a533,True,selected variational/high-chi representative
73c3976d2181b7,external_sep27:Results_Sep27,D:\HyraiOn\ENS_Lyon\Internship\2026-EPFL\data\external\Working_AD_Honeycomb_Sep27\Results_Sep27\a01\right\J2_0p30\D_10_chi_120_energy_magnetization_correlation.txt,0.3,10,120,plaquette,0.0,0.0,2,0,-0.4250172218011,3.8959974300034617e-05,-0.3914224839137,-0.37419392746125,-0.2110875938598,0.1803348900539,0.09553645690692776,plaquette,9b07cdf12053e37d9b8b1232ae01afd8b2552551f8da0ace2f261a36bcd3860b,False,chi below 75% of group maximum
74f8626f823580,synced_large_h:Results_Kuma_replica1,D:\HyraiOn\ENS_Lyon\Internship\2026-EPFL\data\distinVBCs\Results_Kuma_replica1\J2_0.30\D_10\orientation_0\plaquette\replica_1\h_0p01\D_10_chi_180_energy_magnetization_correlation.txt,0.3,10,180,plaquette,0.01,0.01,0,1,-0.4274624538815,1.5414610999853195e-06,-0.41856093830194996,-0.41795129199364994,-0.1310851826977,0.28747575560425,0.002120687732496225,plaquette,a2c9c0355d964ddf2d26a633bafab3d3c4324ebc14d9f3891dda194bfc5dff65,True,selected variational/high-chi representative
ef437fef5f5f10,synced_large_h:Results_Kuma_replica1,D:\HyraiOn\ENS_Lyon\Internship\2026-EPFL\data\distinVBCs\Results_Kuma_replica1\J2_0.30\D_10\orientation_0\plaquette\replica_1\h_0p02\D_10_chi_180_energy_magnetization_correlation.txt,0.3,10,180,plaquette,0.02,0.02,0,1,-0.4305684384142,1.5593127000168572e-06,-0.4304869857928,-0.43027315651795,-0.09920270909697,0.33128427669583,0.0006454555494835725,plaquette,10e778a9c9dde875adebedfe5749e94a7a505c6fd48bf88d5692d07f6271ae2f,True,selected variational/high-chi representative
85b021861e71d0,synced_large_h:Results_Kuma_replica1,D:\HyraiOn\ENS_Lyon\Internship\2026-EPFL\data\distinVBCs\Results_Kuma_replica1\J2_0.30\D_10\orientation_0\plaquette\replica_1\h_0p04\D_10_chi_180_energy_magnetization_correlation.txt,0.3,10,180,plaquette,0.04,0.04,0,1,-0.4377254716273,1.1509357000227816e-06,-0.44218007291885003,-0.4421348057935,-0.06266740342376,0.37951266949509005,0.00011927698068749002,plaquette,154b7e69c3347ae4ca919d754e162f44227f1e02897b6c1eb7a508de97bbe091,True,selected variational/high-chi representative
fbcbfb0f2b6a5a,synced_large_h:Results_Kuma_replica1,D:\HyraiOn\ENS_Lyon\Internship\2026-EPFL\data\distinVBCs\Results_Kuma_replica1\J2_0.30\D_10\orientation_0\plaquette\replica_1\h_0p08\D_10_chi_180_energy_magnetization_correlation.txt,0.3,10,180,plaquette,0.08,0.08,0,1,-0.4539744653667,1.216595599984327e-06,-0.4513612932906,-0.45135127992935,-0.024323341002445,0.427037952288155,2.344841060695354e-05,plaquette,55b21321ae26fd4af32ac7a231209696d3bee188429098d4c57c6204a6d4f90c,True,selected variational/high-chi representative
d291d65cea84d4,synced_large_h:Results_Kuma_replica1,D:\HyraiOn\ENS_Lyon\Internship\2026-EPFL\data\distinVBCs\Results_Kuma_replica1\J2_0.30\D_11\orientation_1\dimer-plaquette\replica_1\h_0p08\D_11_chi_160_energy_magnetization_correlation.txt,0.3,11,160,dimer-plaquette,0.08,-0.08,1,1,-0.4586433741199,6.708323600002064e-06,-0.6690329041979001,-0.1173165502261,-0.1173156346068,0.5517172695911001,0.9999983404193588,dimer-plaquette,a31518b24ddb4a26a762a8f3faf56bde3b1ac07340775029a5c38ece4459806e,True,selected variational/high-chi representative
69fb308ce531b6,synced_large_h:Results_Kuma_replica1,D:\HyraiOn\ENS_Lyon\Internship\2026-EPFL\data\distinVBCs\Results_Kuma_replica1\J2_0.30\D_11\orientation_1\dimer-plaquette\replica_1\h_0p04\D_11_chi_160_energy_magnetization_correlation.txt,0.3,11,160,dimer-plaquette,0.04,-0.04,1,1,-0.4386527955599,1.30959474000103e-05,-0.60647663209585,-0.16781483125100002,-0.16763822471195,0.4388384073839,0.9995975590648437,dimer-plaquette,3afa317d36b6d759808a613c70f7ef470083389812eabb87b10379b172f8d027,True,selected variational/high-chi representative
196ef4c8c5776a,synced_large_h:Results_Kuma_replica1,D:\HyraiOn\ENS_Lyon\Internship\2026-EPFL\data\distinVBCs\Results_Kuma_replica1\J2_0.30\D_11\orientation_1\dimer-plaquette\replica_1\h_0p02\D_11_chi_160_energy_magnetization_correlation.txt,0.3,11,160,dimer-plaquette,0.02,-0.02,1,1,-0.4306927990517,2.3855236900016674e-05,-0.5556911352631501,-0.20215878920264999,-0.20169692471205,0.35399421055110003,0.9986952767112183,dimer-plaquette,ccb604205aabc8f7b9ffda22661520cf6fb0c7ada3e87f65e2357e068ef46373,True,selected variational/high-chi representative
5017b240200e96,synced_large_h:Results_Kuma_replica1,D:\HyraiOn\ENS_Lyon\Internship\2026-EPFL\data\distinVBCs\Results_Kuma_replica1\J2_0.30\D_11\orientation_1\dimer-plaquette\replica_1\h_0p01\D_11_chi_160_energy_magnetization_correlation.txt,0.3,11,160,dimer-plaquette,0.01,-0.01,1,1,-0.4274759601872,4.1524751500043866e-05,-0.5185429510673,-0.22539401008725002,-0.22402692268579996,0.29451602838150004,0.9953581901502514,dimer-plaquette,3b6fbf7ceb32c85d7f92e925c48dc014e185135b3347dc7b773c664e31a5b984,True,selected variational/high-chi representative
545b905552e288,synced_large_h:Results_Kuma_replica1,D:\HyraiOn\ENS_Lyon\Internship\2026-EPFL\data\distinVBCs\Results_Kuma_replica1\J2_0.30\D_11\orientation_1\dimer-plaquette\replica_1\h_0p0\D_11_chi_160_energy_magnetization_correlation.txt,0.3,11,160,dimer-plaquette,0.0,0.0,1,1,-0.425027138864,4.3585297499981746e-05,-0.44595675663309997,-0.2755641260073,-0.2546924400987,0.19126431653439996,0.8908751706184247,dimer-plaquette,e4ea268c3c028288ad6f8acf660c053523fa7d503d063e5093c593a0affc7a7a,True,selected variational/high-chi representative
1c5c9158bd8c0a,synced_large_h:Results_Kuma_replica1,D:\HyraiOn\ENS_Lyon\Internship\2026-EPFL\data\distinVBCs\Results_Kuma_replica1\J2_0.30\D_11\orientation_1\plaquette\replica_1\h_0p0\D_11_chi_160_energy_magnetization_correlation.txt,0.3,11,160,plaquette,0.0,0.0,1,1,-0.4250323912486,1.3820347699977642e-05,-0.39166156311425,-0.38121144835355003,-0.20305719693945,0.18860436617479998,0.05540759725050432,plaquette,f4112e2678a139497259bbf51ee470e77f4b528d36368c4963689a947a7234b7,True,selected variational/high-chi representative
f6d686ac2d25d9,synced_large_h:Results_Kuma_replica1,D:\HyraiOn\ENS_Lyon\Internship\2026-EPFL\data\distinVBCs\Results_Kuma_replica1\J2_0.30\D_11\orientation_1\plaquette\replica_1\h_0p01\D_11_chi_160_energy_magnetization_correlation.txt,0.3,11,160,plaquette,0.01,0.01,1,1,-0.4274865706357,9.382442899996679e-06,-0.41815454305155003,-0.41749888468574997,-0.1319346366652,0.28621990638635003,0.0022907504026467985,plaquette,e7f241ff023161d2fcd53e7c01682ab7fee9661f5089215b47334eba6d52f715,True,selected variational/high-chi representative
72cf908c5cf3e0,synced_large_h:Results_Kuma_replica1,D:\HyraiOn\ENS_Lyon\Internship\2026-EPFL\data\distinVBCs\Results_Kuma_replica1\J2_0.30\D_11\orientation_1\plaquette\replica_1\h_0p02\D_11_chi_160_energy_magnetization_correlation.txt,0.3,11,160,plaquette,0.02,0.02,1,1,-0.4305721492575,2.922939799976376e-06,-0.43061130914084994,-0.4301942546175,-0.09877635366667,0.33183495547417996,0.001256813112874113,plaquette,938cc0de8ee13fdfbff0393fe9ed594c3a6d5df856897c01d7e633c19db6df09,True,selected variational/high-chi representative
3299e20cf92f1a,synced_large_h:Results_Kuma_replica1,D:\HyraiOn\ENS_Lyon\Internship\2026-EPFL\data\distinVBCs\Results_Kuma_replica1\J2_0.30\D_11\orientation_1\plaquette\replica_1\h_0p04\D_11_chi_160_energy_magnetization_correlation.txt,0.3,11,160,plaquette,0.04,0.04,1,1,-0.4377321922459,4.8490072999674005e-06,-0.44211052567389997,-0.44205272385954997,-0.062793005401635,0.37931752027226495,0.0001523837188129659,plaquette,4afe05ae41b0befbd775e074ba319235f7888bc46e49961c73ddac7d192fe34d,True,selected variational/high-chi representative
cd4a3489d73058,synced_large_h:Results_Kuma_replica1,D:\HyraiOn\ENS_Lyon\Internship\2026-EPFL\data\distinVBCs\Results_Kuma_replica1\J2_0.30\D_11\orientation_1\plaquette\replica_1\h_0p08\D_11_chi_160_energy_magnetization_correlation.txt,0.3,11,160,plaquette,0.08,0.08,1,1,-0.4539776792441,3.992903700011929e-06,-0.45146990283935,-0.451191429511,-0.02432825317046,0.42714164966889,0.0006519460899349923,plaquette,f819e861af8eb516cd8eaf5872d3743e23bd33f7253a464efbc801a2d64a6fa3,True,selected variational/high-chi representative
2168fa9af64b64,synced_large_h:Results_Izar_replica1,D:\HyraiOn\ENS_Lyon\Internship\2026-EPFL\data\distinVBCs\Results_Izar_replica1\J2_0.31\D_6\orientation_0\dimer-plaquette\replica_1\h_0p08\D_6_chi_72_energy_magnetization_correlation.txt,0.31,6,72,dimer-plaquette,0.08,-0.08,0,1,-0.4572122968978,1.1635900004636213e-07,-0.6753707491529499,-0.11018073094594999,-0.11009996534725001,0.5652707838057,0.9998571205146033,dimer-plaquette,8a399e8eada69858afa8a7698fc4c525a72504105f404784c94adaf94e43a091,True,selected variational/high-chi representative
a4a36b8f2befea,synced_large_h:Results_Izar_replica1,D:\HyraiOn\ENS_Lyon\Internship\2026-EPFL\data\distinVBCs\Results_Izar_replica1\J2_0.31\D_6\orientation_0\dimer-plaquette\replica_1\h_0p04\D_6_chi_72_energy_magnetization_correlation.txt,0.31,6,72,dimer-plaquette,0.04,-0.04,0,1,-0.4366152039523,5.099683000331368e-07,-0.61567023424585,-0.16014439367895,-0.16007985542665001,0.45559037881919995,0.9998583414942448,dimer-plaquette,3e6ff8e240055f56691ee9509d447a17cbce59c70fe58c69da375fd31163e25c,True,selected variational/high-chi representative
016c04b8321a75,synced_large_h:Results_Izar_replica1,D:\HyraiOn\ENS_Lyon\Internship\2026-EPFL\data\distinVBCs\Results_Izar_replica1\J2_0.31\D_6\orientation_0\dimer-plaquette\replica_1\h_0p02\D_6_chi_72_energy_magnetization_correlation.txt,0.31,6,72,dimer-plaquette,0.02,-0.02,0,1,-0.4282660184164,1.1070000000001912e-06,-0.5686874117234001,-0.1929819412965,-0.19269985633154998,0.37598755539185014,0.9992497491980656,dimer-plaquette,515034796e9da3800ff1f07abbdbde659f03975a70484cce795979ba5dfe522b,True,selected variational/high-chi representative
8f057c3a9ae01b,synced_large_h:Results_Izar_replica1,D:\HyraiOn\ENS_Lyon\Internship\2026-EPFL\data\distinVBCs\Results_Izar_replica1\J2_0.31\D_6\orientation_0\dimer-plaquette\replica_1\h_0p01\D_6_chi_72_energy_magnetization_correlation.txt,0.31,6,72,dimer-plaquette,0.01,-0.01,0,1,-0.4247507512771,2.868781999731951e-07,-0.53806767020965,-0.2124539822952,-0.21214475324255,0.32592291696709996,0.9990512202838404,dimer-plaquette,6f49e7e97f4ae1bc7ab2ced138b77562dff86ec34ac822f729b6f2dfca461681,True,selected variational/high-chi representative
db1533a55801e2,synced_large_h:Results_Izar_replica1,D:\HyraiOn\ENS_Lyon\Internship\2026-EPFL\data\distinVBCs\Results_Izar_replica1\J2_0.31\D_6\orientation_0\dimer-plaquette\replica_1\h_0p005\D_6_chi_72_energy_magnetization_correlation.txt,0.31,6,72,dimer-plaquette,0.005,-0.005,0,1,-0.4231930022068,5.507731000164995e-07,-0.5200380472824001,-0.2232891351319,-0.22318883046774998,0.29684921681465015,0.9996621023116505,dimer-plaquette,13e9bc81e2433b94eb5a0e35f6016908bd39f0eeee4bb1853ac54f87852bea51,True,selected variational/high-chi representative
0e13fc8c854e4f,synced_small_h:Results_Izar_replica1,D:\HyraiOn\ENS_Lyon\Internship\2026-EPFL\data\distinVBCsSmallH\Results_Izar_replica1\J2_0.31\D_6\orientation_0\dimer-plaquette\replica_1\h_0p003\D_6_chi_72_energy_magnetization_correlation.txt,0.31,6,72,dimer-plaquette,0.003,-0.003,0,1,-0.4226119246631,6.524021000098301e-07,-0.5121291767505,-0.22800003346675002,-0.2278639080578,0.28426526869269997,0.9995211324634344,dimer-plaquette,d016604bf3431535cf355fb8885527366ab14fb7195b45b7e728ec5f88759eae,True,selected variational/high-chi representative
b03ba7856ccc30,synced_small_h:Results_Izar_replica1,D:\HyraiOn\ENS_Lyon\Internship\2026-EPFL\data\distinVBCsSmallH\Results_Izar_replica1\J2_0.31\D_6\orientation_0\dimer-plaquette\replica_1\h_0p002\D_6_chi_72_energy_magnetization_correlation.txt,0.31,6,72,dimer-plaquette,0.002,-0.002,0,1,-0.4223310776671,6.832131999590096e-07,-0.50795096242755,-0.2304606124328,-0.23032078815620002,0.27763017427134995,0.9994963649863818,dimer-plaquette,4b5fd588ffecd38ca9fea1ae6a4f8e50b0b5d54f561060fb612f28bbc4c9a90c,True,selected variational/high-chi representative
333f0219c9a639,synced_small_h:Results_Izar_replica1,D:\HyraiOn\ENS_Lyon\Internship\2026-EPFL\data\distinVBCsSmallH\Results_Izar_replica1\J2_0.31\D_6\orientation_0\dimer-plaquette\replica_1\h_0p001\D_6_chi_72_energy_magnetization_correlation.txt,0.31,6,72,dimer-plaquette,0.001,-0.001,0,1,-0.4220569183522,4.830545999867653e-07,-0.50369564232325,-0.23290742626679997,-0.2328520174334,0.27084362488985003,0.9997954213121225,dimer-plaquette,5702f47ce65915fb0fce1532e75743ba6db70b85fc5bdb6d051fcffab238b672,True,selected variational/high-chi representative
085655089ea400,synced_small_h:Results_Izar_replica1,D:\HyraiOn\ENS_Lyon\Internship\2026-EPFL\data\distinVBCsSmallH\Results_Izar_replica1\J2_0.31\D_6\orientation_0\dimer-plaquette\replica_1\h_0\D_6_chi_72_energy_magnetization_correlation.txt,0.31,6,72,dimer-plaquette,0.0,0.0,0,1,-0.4217897311078,6.016019000187889e-07,-0.49922471384955003,-0.23553586561925,-0.23541432982125,0.26381038402830004,0.9995393062390335,dimer-plaquette,af5615c6cd5bed4c6e18679d9bf1106fac13387cc803f68d8415f498c5f6ce21,True,selected variational/high-chi representative
b6072658992784,last_izar_pins:Results_LastIzar,D:\HyraiOn\ENS_Lyon\Internship\2026-EPFL\data\distinVBCsJ2Continuation\LastIzar\Results_LastIzar\task1_D6_adiabatic\J2_0p31\D_6_chi_72_energy_magnetization_correlation.txt,0.31,6,72,plaquette,0.0,0.0,0,0,-0.421807063121,1.8147399999390856e-07,-0.49783537292445,-0.23783346673425,-0.2344187692462,0.26341660367825004,0.9870368934973405,dimer-plaquette,384ab78dc88ec7942c81640752d88d43cca3ce0c31fd67a2401df966e4a53c14,False,branch texture flipped
a74386b08abc99,last_izar_pins:Results_LastIzar,D:\HyraiOn\ENS_Lyon\Internship\2026-EPFL\data\distinVBCsJ2Continuation\LastIzar\Results_LastIzar\task1_D6_adiabatic\insurance_2\J2_0p31\D_6_chi_72_energy_magnetization_correlation.txt,0.31,6,72,plaquette,0.0,0.0,0,0,-0.4218073288393,1.213906999919523e-07,-0.4978400373436,-0.2379298940415,-0.23431272210165,0.26352731524195,0.9862740151375617,dimer-plaquette,6ca861b8b9864612d9f2c30e1a2132e7725f2ef5f7c8dc809249ecd5ebac0467,False,branch texture flipped
d44f3748896efe,last_izar_pins:Results_LastIzar,D:\HyraiOn\ENS_Lyon\Internship\2026-EPFL\data\distinVBCsJ2Continuation\LastIzar\Results_LastIzar\task1_D6_adiabatic\insurance_3\J2_0p31\D_6_chi_72_energy_magnetization_correlation.txt,0.31,6,72,plaquette,0.0,0.0,0,0,-0.4218083632953,3.086480000469294e-07,-0.4978196727527,-0.23704762671250001,-0.23522516237074997,0.26259451038195003,0.9930597774526999,dimer-plaquette,104ee2e891adc768249b0a097152fddf39e83a20801ccc231a052f877543ad65,False,branch texture flipped
d15b64e65bb9b7,last_izar_pins:Results_LastIzar,D:\HyraiOn\ENS_Lyon\Internship\2026-EPFL\data\distinVBCsJ2Continuation\LastIzar\Results_LastIzar\task1_D6_adiabatic\insurance_4\J2_0p31\D_6_chi_72_energy_magnetization_correlation.txt,0.31,6,72,plaquette,0.0,0.0,0,0,-0.4218071708544,1.3615779997921962e-07,-0.49783642720724997,-0.23794167274675002,-0.23429614088305004,0.2635402863241999,0.9861670793693555,dimer-plaquette,cb0de0ba0eeef27f518de7e33d3a8d45960b21824a2e82054039206c72cea931,False,branch texture flipped
653612b5d1eb49,last_izar_pins:Results_LastIzar,D:\HyraiOn\ENS_Lyon\Internship\2026-EPFL\data\distinVBCsJ2Continuation\LastIzar\Results_LastIzar\task1_D6_adiabatic\insurance_5\J2_0p31\D_6_chi_72_energy_magnetization_correlation.txt,0.31,6,72,plaquette,0.0,0.0,0,0,-0.4218083932611,3.222549999626345e-07,-0.49782775760965,-0.2369717090936,-0.23528900138525,0.2625387562244,0.9935906312174659,dimer-plaquette,dbf03150ef4d96a01e3b34b7a485d2932e15f2c0c544b3b3b6e41f1ed1843d85,False,branch texture flipped
0980edf501a114,last_izar_pins:Results_LastIzar,D:\HyraiOn\ENS_Lyon\Internship\2026-EPFL\data\distinVBCsJ2Continuation\LastIzar\Results_LastIzar\task_pin_D6_h0p01_adam\J2_0p31\h_0\D_6_chi_72_energy_magnetization_correlation.txt,0.31,6,72,plaquette,0.0,0.0,0,0,-0.4218080365093,1.051901000193034e-07,-0.4979088473811,-0.2369668418684,-0.2352059262545,0.2627029211266,0.9932969317343395,dimer-plaquette,e50229e2b1b85cc9d2a380160b51407987281a840e61530c423b4395fe6847e6,False,branch texture flipped
51ea5bb0379a3c,last_izar_pins:Results_LastIzar,D:\HyraiOn\ENS_Lyon\Internship\2026-EPFL\data\distinVBCsJ2Continuation\LastIzar\Results_LastIzar\task_pin_D6_h0p01_lbfgs\J2_0p31\h_0\D_6_chi_72_energy_magnetization_correlation.txt,0.31,6,72,plaquette,0.0,0.0,0,0,-0.4101946070087,1.245799963189853e-09,-0.46922325130545,-0.4259002498019,-0.07356305180009999,0.39566019950535003,0.10949547505084398,plaquette,9e9cd7d77b4cdb6e8cfc3644adabed759df08198bb7717b9f5496063a47489ad,False,branch texture flipped
740734020c6029,last_izar_pins:Results_LastIzar,D:\HyraiOn\ENS_Lyon\Internship\2026-EPFL\data\distinVBCsJ2Continuation\LastIzar\Results_LastIzar\task_pin_D6_h0p02_adam\J2_0p31\h_0\D_6_chi_72_energy_magnetization_correlation.txt,0.31,6,72,plaquette,0.0,0.0,0,0,-0.4217915300797,4.871932000050094e-07,-0.49894630207130003,-0.2373024878789,-0.23388340062475,0.26506290144655004,0.9871008457408006,dimer-plaquette,c1f82b022b1d73df80b3136833cdde347585ad9e87f4939ae55ab94809843aed,False,branch texture flipped
ba6de327a8d02f,last_izar_pins:Results_LastIzar,D:\HyraiOn\ENS_Lyon\Internship\2026-EPFL\data\distinVBCsJ2Continuation\LastIzar\Results_LastIzar\task_pin_D6_h0p02_lbfgs\J2_0p31\h_0\D_6_chi_72_energy_magnetization_correlation.txt,0.31,6,72,plaquette,0.0,0.0,0,0,-0.3944067292297,4.923000340717465e-10,-0.5678566362602501,-0.27029314914105,-0.11604724940645,0.45180938685380007,0.6586040391752372,three-distinct/mixed,e70124d3ad20cc8ebb47ce64335421fdfa90679b856caff666e71e63b8e352bf,False,branch texture flipped
53fa20b5d9290a,last_izar_pins:Results_LastIzar,D:\HyraiOn\ENS_Lyon\Internship\2026-EPFL\data\distinVBCsJ2Continuation\LastIzar\Results_LastIzar\task_pin_D6_h0p03_adam\J2_0p31\h_0\D_6_chi_72_energy_magnetization_correlation.txt,0.31,6,72,plaquette,0.0,0.0,0,0,-0.4218053818276,4.8738899971478844e-08,-0.49818691512635,-0.23657062989910002,-0.23531504375049997,0.26287187137585,0.9952235811993563,dimer-plaquette,b2efb22090a2d2bdad3cd96714ff0c6708fd45aa817df0f75c5b52f788471d43,False,branch texture flipped
9624a8d2dc089b,last_izar_pins:Results_LastIzar,D:\HyraiOn\ENS_Lyon\Internship\2026-EPFL\data\distinVBCsJ2Continuation\LastIzar\Results_LastIzar\task_pin_D6_h0p03_lbfgs\J2_0p31\h_0\D_6_chi_72_energy_magnetization_correlation.txt,0.31,6,72,plaquette,0.0,0.0,0,0,-0.4218062609838,2.215889000067861e-07,-0.49790123246155,-0.23620123351910002,-0.2359631852884,0.26193804717315,0.9990912040718444,dimer-plaquette,ca23c078d7f18c1e804027749210a1c5bab8a7eea055fc1f461ab15cb9a54daf,False,branch texture flipped
2c860a6119b44f,synced_small_h:Results_Izar_replica1,D:\HyraiOn\ENS_Lyon\Internship\2026-EPFL\data\distinVBCsSmallH\Results_Izar_replica1\J2_0.31\D_6\orientation_0\plaquette\replica_1\h_0\D_6_chi_72_energy_magnetization_correlation.txt,0.31,6,72,plaquette,0.0,0.0,0,1,-0.4218083330675,3.8949010000566275e-07,-0.49786498270275,-0.2368352833324,-0.23537117214665002,0.2624938105561,0.9944223020624819,dimer-plaquette,39f64910de5cd5fa7649620577af6dc086cbb58c8ec37c92751bd1b27682dea1,False,branch texture flipped
79025502aa28e0,synced_small_h:Results_Izar_replica1,D:\HyraiOn\ENS_Lyon\Internship\2026-EPFL\data\distinVBCsSmallH\Results_Izar_replica1\J2_0.31\D_6\orientation_0\plaquette\replica_1\h_0p001\D_6_chi_72_energy_magnetization_correlation.txt,0.31,6,72,plaquette,0.001,0.001,0,1,-0.4219868631087,4.256615999675972e-07,-0.48759752429585007,-0.3071501223525,-0.17442172714665002,0.3131757971492001,0.5761856554240146,three-distinct/mixed,0515c6a2b198f57c04b6162b06f8e1b42c8bcad03dba946889a277ccca6ff5c1,True,selected variational/high-chi representative
ed1002add19e9f,synced_small_h:Results_Izar_replica1,D:\HyraiOn\ENS_Lyon\Internship\2026-EPFL\data\distinVBCsSmallH\Results_Izar_replica1\J2_0.31\D_6\orientation_0\plaquette\replica_1\h_0p002\D_6_chi_72_energy_magnetization_correlation.txt,0.31,6,72,plaquette,0.002,0.002,0,1,-0.4222250973937,6.472431000048573e-07,-0.4791884034152,-0.33343638265180003,-0.15544404506815,0.32374435834705007,0.45020713722262173,three-distinct/mixed,b582cbe1937cc08f829b4a630ebf0803784f1972277a3ed883097aecfbbfcdbe,True,selected variational/high-chi representative
1df056f91e39d8,synced_small_h:Results_Izar_replica1,D:\HyraiOn\ENS_Lyon\Internship\2026-EPFL\data\distinVBCsSmallH\Results_Izar_replica1\J2_0.31\D_6\orientation_0\plaquette\replica_1\h_0p003\D_6_chi_72_energy_magnetization_correlation.txt,0.31,6,72,plaquette,0.003,0.003,0,1,-0.4224851222305,3.5898529998634743e-07,-0.47251100752374997,-0.35114526762225,-0.14350221594659998,0.32900879157715,0.36888296911373153,three-distinct/mixed,8b67442c7c8791a4b560216175ac54ff07fbb371855fa8b0da435ffb87802a83,True,selected variational/high-chi representative
f57d8cb8aa38a1,synced_large_h:Results_Izar_replica1,D:\HyraiOn\ENS_Lyon\Internship\2026-EPFL\data\distinVBCs\Results_Izar_replica1\J2_0.31\D_6\orientation_0\plaquette\replica_1\h_0p005\D_6_chi_72_energy_magnetization_correlation.txt,0.31,6,72,plaquette,0.005,0.005,0,1,-0.4230457775304,2.2641669999989844e-07,-0.46322332876399996,-0.3742180866866,-0.1279506563665,0.33527267239749997,0.2654712101673326,three-distinct/mixed,7155cb4f2491d6bd1e47e6914305d3299fdbbdcb29412b239eb31365bdef2a54,True,selected variational/high-chi representative
89e65e4518fe5b,last_izar_pins:Results_LastIzar,D:\HyraiOn\ENS_Lyon\Internship\2026-EPFL\data\distinVBCsJ2Continuation\LastIzar\Results_LastIzar\task_pin_D6_h0p01_adam\J2_0p31\h_0p01\D_6_chi_72_energy_magnetization_correlation.txt,0.31,6,72,plaquette,0.01,0.01,0,0,-0.4245879186104,1.7079649999862667e-07,-0.44262647109215,-0.412557204572,-0.10701418709385001,0.33561228399829995,0.08959525009609684,plaquette,f72cbc0610d1300d9105bfff5a3052b905878604a2786ca20ba1080eb8f90993,True,selected variational/high-chi representative
f786486ab075df,last_izar_pins:Results_LastIzar,D:\HyraiOn\ENS_Lyon\Internship\2026-EPFL\data\distinVBCsJ2Continuation\LastIzar\Results_LastIzar\task_pin_D6_h0p01_lbfgs\J2_0p31\h_0p01\D_6_chi_72_energy_magnetization_correlation.txt,0.31,6,72,plaquette,0.01,0.01,0,0,-0.4139418878923,2.4828769999984956e-06,-0.4643445054908,-0.43045570873345,-0.074928048153675,0.389416457337125,0.08702456231327636,plaquette,fefe702cc370b55b600e0350b1010a69cce7d9eb79153a2e932e00bddd18b52b,False,higher-energy duplicate/protocol
768e4857a9c756,synced_large_h:Results_Izar_replica1,D:\HyraiOn\ENS_Lyon\Internship\2026-EPFL\data\distinVBCs\Results_Izar_replica1\J2_0.31\D_6\orientation_0\plaquette\replica_1\h_0p01\D_6_chi_72_energy_magnetization_correlation.txt,0.31,6,72,plaquette,0.01,0.01,0,1,-0.424579384009,3.7708860001206546e-07,-0.45348628380899997,-0.40080680110920003,-0.10714142045115,0.34634486335785,0.1521012386009332,plaquette,6eaa3f4c20f94ebb98bb5573901f358c613aa2c694cbcb0abcd835b4a4662f18,False,higher-energy duplicate/protocol
0189eb300d820c,last_izar_pins:Results_LastIzar,D:\HyraiOn\ENS_Lyon\Internship\2026-EPFL\data\distinVBCsJ2Continuation\LastIzar\Results_LastIzar\task_pin_D6_h0p02_adam\J2_0p31\h_0p02\D_6_chi_72_energy_magnetization_correlation.txt,0.31,6,72,plaquette,0.02,0.02,0,0,-0.4279674384306,6.27472299952192e-07,-0.44322827534315,-0.42865579015605,-0.08291699518852,0.36031128015463,0.040444154789842125,plaquette,dcf78643c1d9e8d51da4aa8d10a69c4c4959c7a6a645916e75719e93d39dc91a,True,selected variational/high-chi representative
24f3231ad54e6c,last_izar_pins:Results_LastIzar,D:\HyraiOn\ENS_Lyon\Internship\2026-EPFL\data\distinVBCsJ2Continuation\LastIzar\Results_LastIzar\task_pin_D6_h0p02_lbfgs\J2_0p31\h_0p02\D_6_chi_72_energy_magnetization_correlation.txt,0.31,6,72,plaquette,0.02,0.02,0,0,-0.4013162647613,0.0008489813588999917,-0.5003733420927999,-0.35260025909235004,-0.11546340489364999,0.38490993719914995,0.38391599883271665,three-distinct/mixed,dd2e423111f16c9af4b6280b0019bcc1d92a8dfd1f430069ced0c77ce7d8b9fd,False,large chi-lookahead energy shift
6ec5c8020440dd,synced_large_h:Results_Izar_replica1,D:\HyraiOn\ENS_Lyon\Internship\2026-EPFL\data\distinVBCs\Results_Izar_replica1\J2_0.31\D_6\orientation_0\plaquette\replica_1\h_0p02\D_6_chi_72_energy_magnetization_correlation.txt,0.31,6,72,plaquette,0.02,0.02,0,1,-0.4279603352585,2.785279000216967e-07,-0.44886252368595,-0.4229902895071,-0.08238271102179999,0.36647981266415,0.07059661483335197,plaquette,a1d311f404823b96cd505aba2235f1bfcaa21c3acbda3105f5d39d44281f3e05,False,higher-energy duplicate/protocol
986cf56db35084,last_izar_pins:Results_LastIzar,D:\HyraiOn\ENS_Lyon\Internship\2026-EPFL\data\distinVBCsJ2Continuation\LastIzar\Results_LastIzar\task_pin_D6_h0p03_adam\J2_0p31\h_0p03\D_6_chi_72_energy_magnetization_correlation.txt,0.31,6,72,plaquette,0.03,0.03,0,0,-0.431611032655,5.800512999920571e-07,-0.4472669409752,-0.43503303457895,-0.06575577687888999,0.38151116409631,0.0320669682766128,plaquette,e95038d0ef603445c297a04ae9b405f4d3562b415332b7940103f893ba99af23,True,selected variational/high-chi representative
a820d65bce2237,last_izar_pins:Results_LastIzar,D:\HyraiOn\ENS_Lyon\Internship\2026-EPFL\data\distinVBCsJ2Continuation\LastIzar\Results_LastIzar\task_pin_D6_h0p03_lbfgs\J2_0p31\h_0p03\D_6_chi_72_energy_magnetization_correlation.txt,0.31,6,72,plaquette,0.03,0.03,0,0,-0.4216155991695,1.0599998656601883e-10,-0.4542036263599,-0.45113653380554997,-0.04983077625349,0.40437285010641,0.007584813257227728,plaquette,61d070c8db3c62aa6957b081207b952ea809666ef117217654e5cae4e3a0c813,False,higher-energy duplicate/protocol
cb8ec0f0088999,synced_large_h:Results_Izar_replica1,D:\HyraiOn\ENS_Lyon\Internship\2026-EPFL\data\distinVBCs\Results_Izar_replica1\J2_0.31\D_6\orientation_0\plaquette\replica_1\h_0p04\D_6_chi_72_energy_magnetization_correlation.txt,0.31,6,72,plaquette,0.04,0.04,0,1,-0.4354547206725,1.0168102000385204e-06,-0.4493844726537,-0.44016651276395,-0.05248979731754,0.39689467533616,0.0232252042231169,plaquette,d35e6ac8f6c85fa360a47f8f520771a9d93fea100def2a09f9ceb5a487b8ac9b,True,selected variational/high-chi representative
f66ff18f234ccc,synced_large_h:Results_Izar_replica1,D:\HyraiOn\ENS_Lyon\Internship\2026-EPFL\data\distinVBCs\Results_Izar_replica1\J2_0.31\D_6\orientation_0\plaquette\replica_1\h_0p08\D_6_chi_72_energy_magnetization_correlation.txt,0.31,6,72,plaquette,0.08,0.08,0,1,-0.4520581630838,2.9066859996706995e-07,-0.45309716079789997,-0.451152467199,-0.01886325727961,0.43423390351828994,0.004478447175919492,plaquette,941a7f69ffdfa540a787ac7e48a908915bc36376cf9c9bc311b056e7e92c710e,True,selected variational/high-chi representative
b5c50164b44900,synced_large_h:Results_Izar_replica1,D:\HyraiOn\ENS_Lyon\Internship\2026-EPFL\data\distinVBCs\Results_Izar_replica1\J2_0.31\D_7\orientation_1\dimer-plaquette\replica_1\h_0p08\D_7_chi_91_energy_magnetization_correlation.txt,0.31,7,91,dimer-plaquette,0.08,-0.08,1,1,-0.4573557693109,5.976136999708004e-07,-0.67397293516865,-0.1107652948754,-0.11075854955625002,0.5632143856124,0.9999880235318516,dimer-plaquette,7977a83a21062fea8ad8191aabd57c3b72ea039295f92f29981d56bb5a2780e6,True,selected variational/high-chi representative
3923e9f914d2a4,synced_large_h:Results_Izar_replica1,D:\HyraiOn\ENS_Lyon\Internship\2026-EPFL\data\distinVBCs\Results_Izar_replica1\J2_0.31\D_7\orientation_1\dimer-plaquette\replica_1\h_0p04\D_7_chi_91_energy_magnetization_correlation.txt,0.31,7,91,dimer-plaquette,0.04,-0.04,1,1,-0.436864722467,1.0414029999461505e-07,-0.6130777955943,-0.1609509891033,-0.16090918358375,0.45216861201055,0.9999075444017131,dimer-plaquette,cc700a8af94398c7394e6c779041210dc3e5806eaf4eb906f0608d0540ca407a,True,selected variational/high-chi representative
4a834729e9fa11,synced_large_h:Results_Izar_replica1,D:\HyraiOn\ENS_Lyon\Internship\2026-EPFL\data\distinVBCs\Results_Izar_replica1\J2_0.31\D_7\orientation_1\dimer-plaquette\replica_1\h_0p02\D_7_chi_91_energy_magnetization_correlation.txt,0.31,7,91,dimer-plaquette,0.02,-0.02,1,1,-0.4285949955783,8.828013000061752e-07,-0.56505315972335,-0.19395463772775,-0.19369920112855,0.3713539585948,0.9993121479028617,dimer-plaquette,8000a23fd651856767b578594a0d9cb019a3d386bfb968cd73b8e9a0e4b7e47a,True,selected variational/high-chi representative
5e8a31e382cb28,synced_large_h:Results_Izar_replica1,D:\HyraiOn\ENS_Lyon\Internship\2026-EPFL\data\distinVBCs\Results_Izar_replica1\J2_0.31\D_7\orientation_1\dimer-plaquette\replica_1\h_0p01\D_7_chi_91_energy_magnetization_correlation.txt,0.31,7,91,dimer-plaquette,0.01,-0.01,1,1,-0.4251294245478,1.2056513000180402e-06,-0.53380103868945,-0.2133362133084,-0.21330671167595003,0.3204943270134999,0.9999079495954737,dimer-plaquette,2ae582308c75a913c0f9caf34ec220a36ccfbc0efe7117102fdb8b645a394c2b,True,selected variational/high-chi representative
28308d3174c198,synced_large_h:Results_Izar_replica1,D:\HyraiOn\ENS_Lyon\Internship\2026-EPFL\data\distinVBCs\Results_Izar_replica1\J2_0.31\D_7\orientation_1\dimer-plaquette\replica_1\h_0p005\D_7_chi_91_energy_magnetization_correlation.txt,0.31,7,91,dimer-plaquette,0.005,-0.005,1,1,-0.42359966133,7.361785999693282e-07,-0.5152934690995,-0.2244558282562,-0.22426071400619998,0.29103275509330007,0.9993295797583419,dimer-plaquette,ee9bf221b6e87c454f16de81813083cf7d3f37dfe5f706f475339f8753f0191f,True,selected variational/high-chi representative
ae182ae91e64b6,synced_small_h:Results_Izar_replica1,D:\HyraiOn\ENS_Lyon\Internship\2026-EPFL\data\distinVBCsSmallH\Results_Izar_replica1\J2_0.31\D_7\orientation_1\dimer-plaquette\replica_1\h_0p003\D_7_chi_91_energy_magnetization_correlation.txt,0.31,7,91,dimer-plaquette,0.003,-0.003,1,1,-0.423031051434,3.1418710000341576e-07,-0.5071315138913,-0.2293774358387,-0.2288459950656,0.27828551882569996,0.998090303888817,dimer-plaquette,8cd4605d0a52986563680b778290694e6e2a559ab93ca6ad2124acd125dbab2d,True,selected variational/high-chi representative
a122721437c31e,synced_small_h:Results_Izar_replica1,D:\HyraiOn\ENS_Lyon\Internship\2026-EPFL\data\distinVBCsSmallH\Results_Izar_replica1\J2_0.31\D_7\orientation_1\dimer-plaquette\replica_1\h_0p002\D_7_chi_91_energy_magnetization_correlation.txt,0.31,7,91,dimer-plaquette,0.002,-0.002,1,1,-0.4227565638718,2.701772000013314e-07,-0.5028341972922,-0.23178338210670002,-0.2314048571645,0.27142934012770004,0.998605438372941,dimer-plaquette,558f2637d38b3f1fd1dfd779c99b5ae8ca3c9bc7658e44571dfecc1b15189f2c,True,selected variational/high-chi representative
05def1c9f81f07,synced_small_h:Results_Izar_replica1,D:\HyraiOn\ENS_Lyon\Internship\2026-EPFL\data\distinVBCsSmallH\Results_Izar_replica1\J2_0.31\D_7\orientation_1\dimer-plaquette\replica_1\h_0p001\D_7_chi_91_energy_magnetization_correlation.txt,0.31,7,91,dimer-plaquette,0.001,-0.001,1,1,-0.4224894430791,3.695112000268175e-07,-0.49843066225345,-0.23421824130535,-0.23402093247135,0.2644097297821,0.9992537761974095,dimer-plaquette,4755e69e21e81e123b3dde34b9b52ab1a70db85b38be6528ae71231594ca261f,True,selected variational/high-chi representative
73e69600b85606,izar_j2_sequences:Results_Izar_J2_sequences,D:\HyraiOn\ENS_Lyon\Internship\2026-EPFL\data\distinVBCsJ2Continuation\Results_Izar_J2_sequences\s002_J2_0p3_D_7_dimer-plaquette\right\insurance_1\J2_0p31\D_7_chi_91_energy_magnetization_correlation.txt,0.31,7,91,dimer-plaquette,0.0,0.0,0,0,-0.4222286585419,6.31088999947238e-08,-0.4938648638371,-0.23677481778095,-0.23666712878640003,0.2571977350507,0.9995812988223681,dimer-plaquette,6d96ceee58e157533479396f8cda1fc106c6c9f937f10c0646d89493faf20550,False,higher-energy duplicate/protocol
8ebbe6ef615ca5,izar_j2_sequences:Results_Izar_J2_sequences,D:\HyraiOn\ENS_Lyon\Internship\2026-EPFL\data\distinVBCsJ2Continuation\Results_Izar_J2_sequences\s002_J2_0p3_D_7_dimer-plaquette\right\insurance_2\J2_0p31\D_7_chi_91_energy_magnetization_correlation.txt,0.31,7,91,dimer-plaquette,0.0,0.0,0,0,-0.4222286596993,6.460380003181498e-08,-0.49385587556675,-0.23679619540585004,-0.236659000044,0.25719687552274995,0.9994665745391692,dimer-plaquette,2d353ccf3502535f44dbfcf5e3f3b31a25da47da21d33c9beda349397b5b5589,True,selected variational/high-chi representative
d4e0f3af5c4ffc,synced_small_h:Results_Izar_replica1,D:\HyraiOn\ENS_Lyon\Internship\2026-EPFL\data\distinVBCsSmallH\Results_Izar_replica1\J2_0.31\D_7\orientation_1\dimer-plaquette\replica_1\h_0\D_7_chi_91_energy_magnetization_correlation.txt,0.31,7,91,dimer-plaquette,0.0,0.0,1,1,-0.422228424672,1.6309410000303615e-07,-0.49385316125434997,-0.2367718228061,-0.23667207838195,0.25718108287239994,0.9996121626713912,dimer-plaquette,9ad5309582385ee2350f1169ac19190af72bc7df28845cbf475f43804221ad1f,False,higher-energy duplicate/protocol
98594514215460,izar_j2_sequences:Results_Izar_J2_sequences,D:\HyraiOn\ENS_Lyon\Internship\2026-EPFL\data\distinVBCsJ2Continuation\Results_Izar_J2_sequences\s001_J2_0p28_D_7_plaquette\right\insurance_1\J2_0p31\D_7_chi_91_energy_magnetization_correlation.txt,0.31,7,91,plaquette,0.0,0.0,2,0,-0.4222890696133,2.23188569997701e-06,-0.40734018941135,-0.40634882686765,-0.15514080413314998,0.25219938527819996,0.003930868200199625,plaquette,3551c74c1ac7980102f7550b9fa5740572ca620a386475572d3ede1f4e7d3f14,False,higher-energy duplicate/protocol
f790603f004d05,izar_j2_sequences:Results_Izar_J2_sequences,D:\HyraiOn\ENS_Lyon\Internship\2026-EPFL\data\distinVBCsJ2Continuation\Results_Izar_J2_sequences\s001_J2_0p28_D_7_plaquette\right\insurance_2\J2_0p31\D_7_chi_91_energy_magnetization_correlation.txt,0.31,7,91,plaquette,0.0,0.0,2,0,-0.4222921144864,2.2753618000304066e-06,-0.40723576966935005,-0.4062998342249,-0.15526943902839999,0.2519663306409501,0.003714525833944581,plaquette,fac1fbe4b05470ee11d0f7afa9a52b2723a28139b6b76f43617c738c6b1bb56a,True,selected variational/high-chi representative
ee8ff6672da52c,synced_small_h:Results_Izar_replica1,D:\HyraiOn\ENS_Lyon\Internship\2026-EPFL\data\distinVBCsSmallH\Results_Izar_replica1\J2_0.31\D_7\orientation_1\plaquette\replica_1\h_0\D_7_chi_91_energy_magnetization_correlation.txt,0.31,7,91,plaquette,0.0,0.0,1,1,-0.4221576431884,6.728606999906184e-07,-0.4666757288754,-0.32848672877945,-0.17297966555730002,0.29369606331809994,0.4705170322500324,three-distinct/mixed,0324ad9bf2b292acf03f924206c9fca409ca8daf181888c22425054ab5ca303b,False,higher-energy duplicate/protocol
7a0ad35716ed6e,synced_small_h:Results_Izar_replica1,D:\HyraiOn\ENS_Lyon\Internship\2026-EPFL\data\distinVBCsSmallH\Results_Izar_replica1\J2_0.31\D_7\orientation_1\plaquette\replica_1\h_0p001\D_7_chi_91_energy_magnetization_correlation.txt,0.31,7,91,plaquette,0.001,0.001,1,1,-0.4224000417902,7.176818000442786e-07,-0.44560425581534996,-0.36999830906244996,-0.15166671099304999,0.29393754482229995,0.2572177256178948,three-distinct/mixed,c63b9233b0f31d873b971c1ab776370a5d6dee7c9e3cdeec3c6a86f31f9e57b9,True,selected variational/high-chi representative
7f8721d33a5aa4,synced_small_h:Results_Izar_replica1,D:\HyraiOn\ENS_Lyon\Internship\2026-EPFL\data\distinVBCsSmallH\Results_Izar_replica1\J2_0.31\D_7\orientation_1\plaquette\replica_1\h_0p002\D_7_chi_91_energy_magnetization_correlation.txt,0.31,7,91,plaquette,0.002,0.002,1,1,-0.4226624492401,6.97366000002031e-07,-0.43815096400775005,-0.3848170905719,-0.14347876800950002,0.29467219599825,0.18099391174376964,plaquette,54a0d3a0a9010c7f13ecdf3d3d112053536766b0d9bfb4e7d982bfdcfa3d9067,True,selected variational/high-chi representative
2990014cdccba4,synced_small_h:Results_Izar_replica1,D:\HyraiOn\ENS_Lyon\Internship\2026-EPFL\data\distinVBCsSmallH\Results_Izar_replica1\J2_0.31\D_7\orientation_1\plaquette\replica_1\h_0p003\D_7_chi_91_energy_magnetization_correlation.txt,0.31,7,91,plaquette,0.003,0.003,1,1,-0.422934702912,7.486037000292711e-07,-0.43412903407735,-0.3940892891639,-0.137416351861,0.29671268221634994,0.1349445012406134,plaquette,5e8d401979254c5e35dd83bba4dd90d015ad64f0b18d4a16c8042275853cf470,True,selected variational/high-chi representative
3c2b5954c1bed2,synced_large_h:Results_Izar_replica1,D:\HyraiOn\ENS_Lyon\Internship\2026-EPFL\data\distinVBCs\Results_Izar_replica1\J2_0.31\D_7\orientation_1\plaquette\replica_1\h_0p005\D_7_chi_91_energy_magnetization_correlation.txt,0.31,7,91,plaquette,0.005,0.005,1,1,-0.4235014223447,9.006259000243766e-07,-0.43142924635935004,-0.40446333533265005,-0.12818858677965,0.30324065957970003,0.08892577619398231,plaquette,89e89c236fdae3bf97e84bd2b40f9c63083854d7e53f2ffe473e0ff8f2445366,True,selected variational/high-chi representative
978d2eb5cc5ba7,synced_large_h:Results_Izar_replica1,D:\HyraiOn\ENS_Lyon\Internship\2026-EPFL\data\distinVBCs\Results_Izar_replica1\J2_0.31\D_7\orientation_1\plaquette\replica_1\h_0p01\D_7_chi_91_energy_magnetization_correlation.txt,0.31,7,91,plaquette,0.01,0.01,1,1,-0.4248286404957,1.129799200028092e-06,-0.4491153647935,-0.40504446460059995,-0.10548652268485,0.34362884210865,0.1282514585285176,plaquette,388252ed058cc893e698a194b815aa786e15160d261fe69686a0e587040b7103,True,selected variational/high-chi representative
bb362ea21ca15a,synced_large_h:Results_Izar_replica1,D:\HyraiOn\ENS_Lyon\Internship\2026-EPFL\data\distinVBCs\Results_Izar_replica1\J2_0.31\D_7\orientation_1\plaquette\replica_1\h_0p02\D_7_chi_91_energy_magnetization_correlation.txt,0.31,7,91,plaquette,0.02,0.02,1,1,-0.4282166564236,1.5565958000340885e-06,-0.4454556247396,-0.42560580651974994,-0.0815141156526,0.36394150908699996,0.0545412318304834,plaquette,83db5326dc962e5c1ac756e0192160dde550ff4049923079aa62a9cbe5a70560,True,selected variational/high-chi representative
0b197168fc75dd,synced_large_h:Results_Izar_replica1,D:\HyraiOn\ENS_Lyon\Internship\2026-EPFL\data\distinVBCs\Results_Izar_replica1\J2_0.31\D_7\orientation_1\plaquette\replica_1\h_0p04\D_7_chi_91_energy_magnetization_correlation.txt,0.31,7,91,plaquette,0.04,0.04,1,1,-0.4357121441803,2.186334499998388e-06,-0.44779404016715,-0.4406980873838,-0.051832800813885,0.395961239353265,0.017920826783298382,plaquette,8aec4370ef72bc690c3899606a34ef7d0c76e37dbd19b2e73a4f89c4c58000c5,True,selected variational/high-chi representative
797422b31f7825,synced_large_h:Results_Izar_replica1,D:\HyraiOn\ENS_Lyon\Internship\2026-EPFL\data\distinVBCs\Results_Izar_replica1\J2_0.31\D_7\orientation_1\plaquette\replica_1\h_0p08\D_7_chi_91_energy_magnetization_correlation.txt,0.31,7,91,plaquette,0.08,0.08,1,1,-0.4522913921001,6.110708999917946e-07,-0.45252262457119996,-0.45092209861365,-0.017791153463675,0.43473147110752497,0.003681642724122172,plaquette,3b31da5697a96730781f3705ad44634250165b6b63b66d11a1f38237ab3ea28d,True,selected variational/high-chi representative
14e51d0e9c6531,bundle_replica12:Results_VBC_branches,D:\HyraiOn\ENS_Lyon\Internship\2026-EPFL\6-AD-CTMRG\models\VBCPinningClusterBundle\Results_VBC_branches\J2_0.31\D_8\orientation_0\dimer-plaquette\replica_1\h_0p08\D_8_chi_104_energy_magnetization_correlation.txt,0.31,8,104,dimer-plaquette,0.08,-0.08,0,1,-0.4574085896023,8.940950002589432e-08,-0.67339354408375,-0.11106598806305,-0.11105734460085,0.5623361994828999,0.999984629369036,dimer-plaquette,ec64b94eb257c86c4abdb148198c8186ece6c6893d26f223a85df05a08e62180,False,higher-energy duplicate/protocol
0493cd743e1315,bundle_replica12:Results_VBC_branches,D:\HyraiOn\ENS_Lyon\Internship\2026-EPFL\6-AD-CTMRG\models\VBCPinningClusterBundle\Results_VBC_branches\J2_0.31\D_8\orientation_0\dimer-plaquette\replica_2\h_0p08\D_8_chi_104_energy_magnetization_correlation.txt,0.31,8,104,dimer-plaquette,0.08,-0.08,0,2,-0.01336728350961,0.0009261427478499985,-0.01615812919882,-0.0082181207605485,-0.0067535226646294995,0.0094046065341905,0.8442680094489391,dimer-plaquette,f06f7821c4fcb37f4b895a8dd6c0b1a660b641c5facd80a007c1f5d3cece29da,False,energy outside original-2C3 physical envelope
1f08e18d9b90d7,synced_large_h:Results_Izar_replica1,D:\HyraiOn\ENS_Lyon\Internship\2026-EPFL\data\distinVBCs\Results_Izar_replica1\J2_0.31\D_8\orientation_0\dimer-plaquette\replica_1\h_0p08\D_8_chi_104_energy_magnetization_correlation.txt,0.31,8,104,dimer-plaquette,0.08,-0.08,0,1,-0.4574087036847,2.423159000120023e-07,-0.6733965823162501,-0.1110586791253,-0.1110471048899,0.5623494774263501,0.9999794180738765,dimer-plaquette,8088e7eca0f9eeb9d2c8658c64681bdc2d8036b52ab78a27ba55042af9feeb19,True,selected variational/high-chi representative
2954f0a2170496,bundle_replica12:Results_VBC_branches,D:\HyraiOn\ENS_Lyon\Internship\2026-EPFL\6-AD-CTMRG\models\VBCPinningClusterBundle\Results_VBC_branches\J2_0.31\D_8\orientation_0\dimer-plaquette\replica_1\h_0p04\D_8_chi_104_energy_magnetization_correlation.txt,0.31,8,104,dimer-plaquette,0.04,-0.04,0,1,-0.4369733125127,1.3085264999879165e-06,-0.6115242730736999,-0.16156735876355,-0.1614891886238,0.4500350844498999,0.9998263021207657,dimer-plaquette,43a7094bf02146770af10b9dd24aa16faa707cc9af1dbb946b25c39f567ff3bc,True,selected variational/high-chi representative
ac55ae6b7b496e,bundle_replica12:Results_VBC_branches,D:\HyraiOn\ENS_Lyon\Internship\2026-EPFL\6-AD-CTMRG\models\VBCPinningClusterBundle\Results_VBC_branches\J2_0.31\D_8\orientation_0\dimer-plaquette\replica_2\h_0p04\D_8_chi_104_energy_magnetization_correlation.txt,0.31,8,104,dimer-plaquette,0.04,-0.04,0,2,-0.4368767009925,4.625109599976085e-06,-0.6131955360045,-0.16086938751395,-0.16058719120025,0.45260834480425005,0.9993765110234059,dimer-plaquette,2e06a2ebb66d330a3acbf86fb14f6cbdd08ca7a705a0bdce01a348fde2512944,False,higher-energy duplicate/protocol
1ab2dc3c2a2b5b,synced_large_h:Results_Izar_replica1,D:\HyraiOn\ENS_Lyon\Internship\2026-EPFL\data\distinVBCs\Results_Izar_replica1\J2_0.31\D_8\orientation_0\dimer-plaquette\replica_1\h_0p04\D_8_chi_104_energy_magnetization_correlation.txt,0.31,8,104,dimer-plaquette,0.04,-0.04,0,1,-0.4369725408242,1.2957662999801833e-06,-0.61163904934805,-0.1614914684849,-0.1613929858393,0.45024606350875,0.9997812692801075,dimer-plaquette,85b83401bac21ab341c303304f6ca4c5cbea37503795db4d1b7c69ca57cf8014,False,higher-energy duplicate/protocol
34ab090d129d63,bundle_replica12:Results_VBC_branches,D:\HyraiOn\ENS_Lyon\Internship\2026-EPFL\6-AD-CTMRG\models\VBCPinningClusterBundle\Results_VBC_branches\J2_0.31\D_8\orientation_0\dimer-plaquette\replica_1\h_0p02\D_8_chi_104_energy_magnetization_correlation.txt,0.31,8,104,dimer-plaquette,0.02,-0.02,0,1,-0.4287678013609,1.6352996999868807e-06,-0.5618123070108499,-0.1951439259076,-0.19498189032854998,0.3668304166823,0.999558282051648,dimer-plaquette,e46faef66d66f4367f54c74aa5e5c0aebab273a0fa49b28b64f4d6021c4c05da,True,selected variational/high-chi representative
e1161ea5c2d428,bundle_replica12:Results_VBC_branches,D:\HyraiOn\ENS_Lyon\Internship\2026-EPFL\6-AD-CTMRG\models\VBCPinningClusterBundle\Results_VBC_branches\J2_0.31\D_8\orientation_0\dimer-plaquette\replica_2\h_0p02\D_8_chi_104_energy_magnetization_correlation.txt,0.31,8,104,dimer-plaquette,0.02,-0.02,0,2,-0.4285954017383,6.290169900002862e-06,-0.5655113180323,-0.19409445823865001,-0.19249299355085,0.37301832448145,0.9957067399033914,dimer-plaquette,f8d3cffffd40f4da16651ec9721fe3a13d787ded68a9e57b9bc28396d167bcd1,False,higher-energy duplicate/protocol
27e397976ac50b,synced_large_h:Results_Izar_replica1,D:\HyraiOn\ENS_Lyon\Internship\2026-EPFL\data\distinVBCs\Results_Izar_replica1\J2_0.31\D_8\orientation_0\dimer-plaquette\replica_1\h_0p02\D_8_chi_104_energy_magnetization_correlation.txt,0.31,8,104,dimer-plaquette,0.02,-0.02,0,1,-0.4287664170014,8.271013000049621e-07,-0.56181997858525,-0.19511564261960002,-0.1950247287643,0.36679524982095,0.9997521400417688,dimer-plaquette,21aac70fdcd4cc7cbc4f854b9820d1e110f7a4c7dd52f046869a69cbf1257771,False,higher-energy duplicate/protocol
8e241a57a17039,bundle_replica12:Results_VBC_branches,D:\HyraiOn\ENS_Lyon\Internship\2026-EPFL\6-AD-CTMRG\models\VBCPinningClusterBundle\Results_VBC_branches\J2_0.31\D_8\orientation_0\dimer-plaquette\replica_2\h_0p01\D_8_chi_104_energy_magnetization_correlation.txt,0.31,8,104,dimer-plaquette,0.01,-0.01,0,2,-0.4251131756078,6.252771100001553e-06,-0.53525012991465,-0.21441713171194998,-0.20971478147964998,0.3255353484350001,0.9855550241935126,dimer-plaquette,2e57097474d3ce59342bdf03e8269bf639645061c0c962927704709911e3dde3,False,higher-energy duplicate/protocol
2da65261dac925,synced_large_h:Results_Izar_replica1,D:\HyraiOn\ENS_Lyon\Internship\2026-EPFL\data\distinVBCs\Results_Izar_replica1\J2_0.31\D_8\orientation_0\dimer-plaquette\replica_1\h_0p01\D_8_chi_104_energy_magnetization_correlation.txt,0.31,8,104,dimer-plaquette,0.01,-0.01,0,1,-0.4253665806319,1.5475131000530773e-06,-0.5280601603157,-0.21585270270685,-0.21557392756920002,0.3124862327465,0.9991078802569965,dimer-plaquette,05579879f16edfba9b4bd00f473585455a49b38a470445ac515fa63ed78f00a6,True,selected variational/high-chi representative
2a0cd5bda9f590,synced_small_h:Results_Izar_replica1,D:\HyraiOn\ENS_Lyon\Internship\2026-EPFL\data\distinVBCsSmallH\Results_Izar_replica1\J2_0.31\D_8\orientation_0\dimer-plaquette\replica_1\h_0p005\D_8_chi_104_energy_magnetization_correlation.txt,0.31,8,104,dimer-plaquette,0.005,-0.005,0,1,-0.4238890219347,1.1369546000228326e-06,-0.5066646869065999,-0.22823046701455,-0.22808562462975002,0.2785790622768499,0.9994800672253825,dimer-plaquette,e45389110afb4331e53a244612426725c259de9d617a61baf9573948a7da0e64,True,selected variational/high-chi representative
3d2308d29d8424,synced_small_h:Results_Izar_replica1,D:\HyraiOn\ENS_Lyon\Internship\2026-EPFL\data\distinVBCsSmallH\Results_Izar_replica1\J2_0.31\D_8\orientation_0\dimer-plaquette\replica_1\h_0p003\D_8_chi_104_energy_magnetization_correlation.txt,0.31,8,104,dimer-plaquette,0.003,-0.003,0,1,-0.4233465491385,8.116376000177894e-07,-0.49748049493839996,-0.2333906792025,-0.2333146156864,0.26416587925199997,0.999712061541349,dimer-plaquette,356dccbdf383148a7e6a04470db72af3cfc00f540a80e59dda1a05d96cbe3332,True,selected variational/high-chi representative
094ce9abbcacd6,synced_small_h:Results_Izar_replica1,D:\HyraiOn\ENS_Lyon\Internship\2026-EPFL\data\distinVBCsSmallH\Results_Izar_replica1\J2_0.31\D_8\orientation_0\dimer-plaquette\replica_1\h_0p002\D_8_chi_104_energy_magnetization_correlation.txt,0.31,8,104,dimer-plaquette,0.002,-0.002,0,1,-0.4230863824343,7.122067000042698e-07,-0.49233609852225,-0.23629642277235,-0.23616788259379998,0.25616821592845007,0.9994982196441344,dimer-plaquette,0ac58d45cc6503be11f3b5e1efaa4b85569ae170e588472bf874b3782434d26c,True,selected variational/high-chi representative
8e72e71ab2c74b,bundle_replica12:Results_VBC_branches,D:\HyraiOn\ENS_Lyon\Internship\2026-EPFL\6-AD-CTMRG\models\VBCPinningClusterBundle\Results_VBC_branches\J2_0.31\D_8\orientation_0\dimer-plaquette\replica_2\h_0p0\D_8_chi_104_energy_magnetization_correlation.txt,0.31,8,104,dimer-plaquette,0.0,0.0,0,2,-0.4222526663281,4.105091700012942e-06,-0.48832994144085,-0.26192759739099997,-0.21704379810135,0.2712861433395,0.8345518177333506,dimer-plaquette,b0b4a4810711559100a689760f465edf53f936177a70ce21ab3b37003a32c8bb,False,higher-energy duplicate/protocol
396e1385fac461,izar_j2_sequences:Results_Izar_J2_sequences,D:\HyraiOn\ENS_Lyon\Internship\2026-EPFL\data\distinVBCsJ2Continuation\Results_Izar_J2_sequences\s004_J2_0p3_D_8_dimer-plaquette\right\insurance_1\J2_0p31\D_8_chi_104_energy_magnetization_correlation.txt,0.31,8,104,dimer-plaquette,0.0,0.0,2,0,-0.4225903737074,4.799825999990404e-07,-0.48015240241125,-0.24346596841244997,-0.24281682132524998,0.23733558108600003,0.9972648555929556,dimer-plaquette,355de95ccfe58ae850ef03121b9e36d3dc0447a54be139eabbcd3e9f063e6f7d,False,higher-energy duplicate/protocol
9fa6d1872d9086,izar_j2_sequences:Results_Izar_J2_sequences,D:\HyraiOn\ENS_Lyon\Internship\2026-EPFL\data\distinVBCsJ2Continuation\Results_Izar_J2_sequences\s004_J2_0p3_D_8_dimer-plaquette\right\insurance_2\J2_0p31\D_8_chi_104_energy_magnetization_correlation.txt,0.31,8,104,dimer-plaquette,0.0,0.0,2,0,-0.4225902417892,4.703168000053104e-07,-0.48017664631560003,-0.24328297504755,-0.24296269265445,0.23721395366115003,0.9986498163866131,dimer-plaquette,68434839bbb2bd15ef6c8335fd471ae9ebb53a4e7e54ac66ad78d3ba216e11ed,False,higher-energy duplicate/protocol
8c51bb64a3c49d,synced_large_h:Results_Izar_replica1,D:\HyraiOn\ENS_Lyon\Internship\2026-EPFL\data\distinVBCs\Results_Izar_replica1\J2_0.31\D_8\orientation_0\dimer-plaquette\replica_1\h_0p0\D_8_chi_104_energy_magnetization_correlation.txt,0.31,8,104,dimer-plaquette,0.0,0.0,0,1,-0.4225946878225,9.81091999974204e-07,-0.4802620014716,-0.24485756247965,-0.24116323307335,0.23909876839824998,0.9845489400424405,dimer-plaquette,b9b8746de4a7efdcc72b3583008af52d19c4aaa65916fb441ccc72d15e85a9fc,True,selected variational/high-chi representative
0c4fb641c43cc2,izar_j2_sequences:Results_Izar_J2_sequences,D:\HyraiOn\ENS_Lyon\Internship\2026-EPFL\data\distinVBCsJ2Continuation\Results_Izar_J2_sequences\s003_J2_0p28_D_8_plaquette\right\insurance_1\J2_0p31\D_8_chi_104_energy_magnetization_correlation.txt,0.31,8,104,plaquette,0.0,0.0,0,0,-0.4226372644143,1.7205387000118755e-06,-0.4029160997291,-0.39764415868409997,-0.16717287395640001,0.23574322577269996,0.022363064846169244,plaquette,8881e75e2098b11cd8f98e1e6f2d44b7ed9afc5f402644d634615490e601548c,True,selected variational/high-chi representative
1bca582d4ec18d,izar_j2_sequences:Results_Izar_J2_sequences,D:\HyraiOn\ENS_Lyon\Internship\2026-EPFL\data\distinVBCsJ2Continuation\Results_Izar_J2_sequences\s003_J2_0p28_D_8_plaquette\right\insurance_2\J2_0p31\D_8_chi_104_energy_magnetization_correlation.txt,0.31,8,104,plaquette,0.0,0.0,0,0,-0.4226353029482,1.4797046000158964e-06,-0.4028646933956,-0.3973217407376,-0.16766094607095003,0.23520374732464996,0.023566600111813194,plaquette,a506619c17025e4c63ae933f337c7f3eb3489ebe4f885867ee474dd6b48a1e74,False,higher-energy duplicate/protocol
cd5be0ef4ab33a,synced_small_h:Results_Izar_replica1,D:\HyraiOn\ENS_Lyon\Internship\2026-EPFL\data\distinVBCsSmallH\Results_Izar_replica1\J2_0.31\D_8\orientation_0\plaquette\replica_1\h_0\D_8_chi_104_energy_magnetization_correlation.txt,0.31,8,104,plaquette,0.0,0.0,0,1,-0.4226064593188,7.048954199950774e-06,-0.4047577918101,-0.3989122088169,-0.16386879715915,0.24088899465095,0.02426670841343471,plaquette,bb6b77e98448c6df6f492096ce6355e50ebdccdd40a55ac1670d581eef2f691e,False,higher-energy duplicate/protocol
af77db57ba4025,synced_large_h:Results_Izar_replica1,D:\HyraiOn\ENS_Lyon\Internship\2026-EPFL\data\distinVBCs\Results_Izar_replica1\J2_0.31\D_8\orientation_0\plaquette\replica_1\h_0p0\D_8_chi_104_energy_magnetization_correlation.txt,0.31,8,104,plaquette,0.0,0.0,0,1,-0.4226262413428,4.279483000024786e-06,-0.4019207759115,-0.3998523637483,-0.16574627760805,0.23617449830345,0.008757982669840852,plaquette,1ca398b47e85b423c0310af165bcd47e465dbb30bfd922d881bb0aac4b2c2886,False,higher-energy duplicate/protocol
4ed1945209c3c9,synced_small_h:Results_Izar_replica1,D:\HyraiOn\ENS_Lyon\Internship\2026-EPFL\data\distinVBCsSmallH\Results_Izar_replica1\J2_0.31\D_8\orientation_0\plaquette\replica_1\h_0p001\D_8_chi_104_energy_magnetization_correlation.txt,0.31,8,104,plaquette,0.001,0.001,0,1,-0.4228467315555,6.818421900034455e-06,-0.40577020217865,-0.40493182324120003,-0.1556843077078,0.25008589447085,0.0033523639516890103,plaquette,ee7e73e69e015223841ae808b71e65d2aaf4bf7d59aa7e721fbdbe28b114de64,True,selected variational/high-chi representative
db45abdbfb63a7,synced_small_h:Results_Izar_replica1,D:\HyraiOn\ENS_Lyon\Internship\2026-EPFL\data\distinVBCsSmallH\Results_Izar_replica1\J2_0.31\D_8\orientation_0\plaquette\replica_1\h_0p002\D_8_chi_104_energy_magnetization_correlation.txt,0.31,8,104,plaquette,0.002,0.002,0,1,-0.4230997176288,7.433370899978531e-06,-0.40824046089835003,-0.40673843684539995,-0.1507287311426,0.25751172975575004,0.005832837418220715,plaquette,f9e4a4a71bb76f82f849923a5531dc9a82dbd6468504c3cbb56321300b0154ef,True,selected variational/high-chi representative
f707c236a3bc54,synced_small_h:Results_Izar_replica1,D:\HyraiOn\ENS_Lyon\Internship\2026-EPFL\data\distinVBCsSmallH\Results_Izar_replica1\J2_0.31\D_8\orientation_0\plaquette\replica_1\h_0p003\D_8_chi_104_energy_magnetization_correlation.txt,0.31,8,104,plaquette,0.003,0.003,0,1,-0.423359437135,7.254994800032222e-06,-0.41024752912195,-0.4095150242648,-0.14519434564785,0.2650531834741,0.0027636146359342347,plaquette,308df4daf86a3c8bda5e3315b256b39abed55a186a0c3a006bc3f421c1870ddb,True,selected variational/high-chi representative
8d4f08c6dfc99b,synced_small_h:Results_Izar_replica1,D:\HyraiOn\ENS_Lyon\Internship\2026-EPFL\data\distinVBCsSmallH\Results_Izar_replica1\J2_0.31\D_8\orientation_0\plaquette\replica_1\h_0p005\D_8_chi_104_energy_magnetization_correlation.txt,0.31,8,104,plaquette,0.005,0.005,0,1,-0.4239011296367,7.085708100040833e-06,-0.41441717846065,-0.41325162870330007,-0.13579968329455,0.2786174951661,0.004183332983648772,plaquette,a69dac1f79f66998559e72bd18fa87add0ce5d2377fa3dc2533c944df2fbd096,True,selected variational/high-chi representative
cc402b2a0a2409,bundle_replica12:Results_VBC_branches,D:\HyraiOn\ENS_Lyon\Internship\2026-EPFL\6-AD-CTMRG\models\VBCPinningClusterBundle\Results_VBC_branches\J2_0.31\D_8\orientation_0\plaquette\replica_2\h_0p01\D_8_chi_104_energy_magnetization_correlation.txt,0.31,8,104,plaquette,0.01,0.01,0,2,-0.4253272233022,4.12140920003079e-06,-0.42401143404735,-0.42099883374025,-0.11458698526404999,0.3094244487833,0.009736141791464611,plaquette,199c2e07809ba1ff825677db7d64c75ba67d8c3e5b305950aa80d85537eea3b0,False,higher-energy duplicate/protocol
b4eb3b5ea4650b,synced_large_h:Results_Izar_replica1,D:\HyraiOn\ENS_Lyon\Internship\2026-EPFL\data\distinVBCs\Results_Izar_replica1\J2_0.31\D_8\orientation_0\plaquette\replica_1\h_0p01\D_8_chi_104_energy_magnetization_correlation.txt,0.31,8,104,plaquette,0.01,0.01,0,1,-0.4253443693529,2.245829799962795e-06,-0.42268198390525,-0.42198549505395005,-0.1147066104051,0.30797537350015003,0.002261508260820831,plaquette,5d1b9cd6ae8478f764c114e1e1deb8e0445752af260a12d8002145434d4762d9,True,selected variational/high-chi representative
72e02073c72d42,bundle_replica12:Results_VBC_branches,D:\HyraiOn\ENS_Lyon\Internship\2026-EPFL\6-AD-CTMRG\models\VBCPinningClusterBundle\Results_VBC_branches\J2_0.31\D_8\orientation_0\plaquette\replica_1\h_0p02\D_8_chi_104_energy_magnetization_correlation.txt,0.31,8,104,plaquette,0.02,0.02,0,1,-0.4286173631499,2.9465979999865333e-06,-0.43257655359290004,-0.4318269382231,-0.087883258532715,0.34469329506018503,0.002174731509265866,plaquette,2c56035931b183f6edc0babc4b2ec1019f00e8b124b41c017be6d020f79bf2aa,True,selected variational/high-chi representative
770dcfe3ec30ed,bundle_replica12:Results_VBC_branches,D:\HyraiOn\ENS_Lyon\Internship\2026-EPFL\6-AD-CTMRG\models\VBCPinningClusterBundle\Results_VBC_branches\J2_0.31\D_8\orientation_0\plaquette\replica_2\h_0p02\D_8_chi_104_energy_magnetization_correlation.txt,0.31,8,104,plaquette,0.02,0.02,0,2,-0.428597925264,3.700716599996934e-06,-0.43316787076675006,-0.4317105187651,-0.08750244973148501,0.34566542103526504,0.004216076914159592,plaquette,ed86b37796d18edb2e2d7720a421ab2cdcc2efbf8537ee137341f3290372ea85,False,higher-energy duplicate/protocol
03a0450adf8306,synced_large_h:Results_Izar_replica1,D:\HyraiOn\ENS_Lyon\Internship\2026-EPFL\data\distinVBCs\Results_Izar_replica1\J2_0.31\D_8\orientation_0\plaquette\replica_1\h_0p02\D_8_chi_104_energy_magnetization_correlation.txt,0.31,8,104,plaquette,0.02,0.02,0,1,-0.428596167498,1.2512409000020597e-06,-0.43287884140204996,-0.43201015338035,-0.08743120861126501,0.34544763279078494,0.0025146735401891987,plaquette,69c992339ba52aec34b4276408486c87a469ce99250e8638dd34f7ba2137c813,False,higher-energy duplicate/protocol
c03261ceee2056,bundle_replica12:Results_VBC_branches,D:\HyraiOn\ENS_Lyon\Internship\2026-EPFL\6-AD-CTMRG\models\VBCPinningClusterBundle\Results_VBC_branches\J2_0.31\D_8\orientation_0\plaquette\replica_1\h_0p04\D_8_chi_104_energy_magnetization_correlation.txt,0.31,8,104,plaquette,0.04,0.04,0,1,-0.4359679252516,6.964411000121018e-07,-0.44322991341325,-0.44236737694645,-0.054073341872359994,0.38915657154089,0.0022164252896584653,plaquette,6d7609a9af59f5d410ff6aa5545ae91a07d7a00cf7fee9eb11b2e057edc57650,False,higher-energy duplicate/protocol
4d8f7dabd2e22d,bundle_replica12:Results_VBC_branches,D:\HyraiOn\ENS_Lyon\Internship\2026-EPFL\6-AD-CTMRG\models\VBCPinningClusterBundle\Results_VBC_branches\J2_0.31\D_8\orientation_0\plaquette\replica_2\h_0p04\D_8_chi_104_energy_magnetization_correlation.txt,0.31,8,104,plaquette,0.04,0.04,0,2,-0.4315195320676,2.4254443299953632e-05,-0.45941316837470003,-0.44783263075105,-0.04225909473388,0.41715407364082,0.02776081633957901,plaquette,76ede001ce94e9e688a88435865ec46edbca414b0d0b62d877fe35d86f417c2a,False,higher-energy duplicate/protocol
9bf63b5bd93bf6,synced_large_h:Results_Izar_replica1,D:\HyraiOn\ENS_Lyon\Internship\2026-EPFL\data\distinVBCs\Results_Izar_replica1\J2_0.31\D_8\orientation_0\plaquette\replica_1\h_0p04\D_8_chi_104_energy_magnetization_correlation.txt,0.31,8,104,plaquette,0.04,0.04,0,1,-0.4359685174749,1.138906499997816e-06,-0.44309779508135,-0.442494050784,-0.054138757123744996,0.388959037957605,0.0015522053440902455,plaquette,77921d80d84fd12ca028ca31e5f69bbc4140bd45960647773603c4b006fc0eed,True,selected variational/high-chi representative
1a42a18113c856,bundle_replica12:Results_VBC_branches,D:\HyraiOn\ENS_Lyon\Internship\2026-EPFL\6-AD-CTMRG\models\VBCPinningClusterBundle\Results_VBC_branches\J2_0.31\D_8\orientation_0\plaquette\replica_1\h_0p08\D_8_chi_104_energy_magnetization_correlation.txt,0.31,8,104,plaquette,0.08,0.08,0,1,-0.4524936004352,3.000482000081739e-07,-0.45101937672920006,-0.4510162820204,-0.018550344904774998,0.4324690318244251,7.1559084519879934e-06,plaquette,8b7d809dce60980db1e3ab0406e12896f2569ae5b274925ec4f5b09a645de7cc,False,higher-energy duplicate/protocol
6d91f0d17f2290,bundle_replica12:Results_VBC_branches,D:\HyraiOn\ENS_Lyon\Internship\2026-EPFL\6-AD-CTMRG\models\VBCPinningClusterBundle\Results_VBC_branches\J2_0.31\D_8\orientation_0\plaquette\replica_2\h_0p08\D_8_chi_104_energy_magnetization_correlation.txt,0.31,8,104,plaquette,0.08,0.08,0,2,-0.01503691582844,0.0009053708461900008,-0.017767199911409997,-0.00850976958907,-0.0065956460556109995,0.011171553855798998,0.8286609402625396,dimer-plaquette,6fb59003840bbeaaadb4691a3d50f2a4904b997f62601af9b173f1975aead2aa,False,energy outside original-2C3 physical envelope
c23298819f7118,synced_large_h:Results_Izar_replica1,D:\HyraiOn\ENS_Lyon\Internship\2026-EPFL\data\distinVBCs\Results_Izar_replica1\J2_0.31\D_8\orientation_0\plaquette\replica_1\h_0p08\D_8_chi_104_energy_magnetization_correlation.txt,0.31,8,104,plaquette,0.08,0.08,0,1,-0.4524936276078,4.057995000028569e-07,-0.4511233749259,-0.45093221633085,-0.01854034362699,0.43258303129891,0.0004419003548890708,plaquette,a2da07fe3879e4a30ff4ef9c6f88a8d4857ae5b655c80ea4575584d9a7b2c570,True,selected variational/high-chi representative
1e1beffad41fca,bundle_replica12:Results_VBC_branches,D:\HyraiOn\ENS_Lyon\Internship\2026-EPFL\6-AD-CTMRG\models\VBCPinningClusterBundle\Results_VBC_branches\J2_0.31\D_9\orientation_2\dimer-plaquette\replica_2\h_0p08\D_9_chi_108_energy_magnetization_correlation.txt,0.31,9,108,dimer-plaquette,0.08,-0.08,2,2,-0.006705020306319,0.0008771782415330004,-0.0080254674826285,-0.006117703566709,-0.0019331697503975002,0.006092297732230999,0.3131435789532361,three-distinct/mixed,1775652251a07485025881ea807c144b0e18c16e187e5fd6b6c8a8bc226ef20e,False,energy outside original-2C3 physical envelope
e660b09c2fd5e0,synced_large_h:Results_Izar_replica1,D:\HyraiOn\ENS_Lyon\Internship\2026-EPFL\data\distinVBCs\Results_Izar_replica1\J2_0.31\D_9\orientation_2\dimer-plaquette\replica_1\h_0p08\D_9_chi_108_energy_magnetization_correlation.txt,0.31,9,108,dimer-plaquette,0.08,-0.08,2,1,-0.457381356962,2.14051829999784e-06,-0.67371477050605,-0.11122457450185001,-0.1105773624943,0.5631374080117499,0.9988507032238633,dimer-plaquette,8fb3cee4923e13cf0e3296d2648812c664b6fb139a34eb88b9b10e03b547c2c6,True,selected variational/high-chi representative
18a59069648b30,bundle_replica12:Results_VBC_branches,D:\HyraiOn\ENS_Lyon\Internship\2026-EPFL\6-AD-CTMRG\models\VBCPinningClusterBundle\Results_VBC_branches\J2_0.31\D_9\orientation_2\dimer-plaquette\replica_2\h_0p04\D_9_chi_108_energy_magnetization_correlation.txt,0.31,9,108,dimer-plaquette,0.04,-0.04,2,2,-0.4183543375289,0.00012664683440000157,-0.71289504180585,-0.09762137302712999,-0.051385687000525,0.6615093548053249,0.9301057714592538,dimer-plaquette,b7a29e0ecc10bb1656e2971e7f57de03125b2fedf25b7501ef4510687557033c,False,higher-energy duplicate/protocol
cc1139e1036c12,synced_large_h:Results_Izar_replica1,D:\HyraiOn\ENS_Lyon\Internship\2026-EPFL\data\distinVBCs\Results_Izar_replica1\J2_0.31\D_9\orientation_2\dimer-plaquette\replica_1\h_0p04\D_9_chi_108_energy_magnetization_correlation.txt,0.31,9,108,dimer-plaquette,0.04,-0.04,2,1,-0.436960588929,9.41008610000349e-06,-0.61144775879245,-0.16226459492935,-0.161106973507,0.45034078528544996,0.9974294546259757,dimer-plaquette,8ef73a0b655e0a976ea9876200e9888b169f1367648120f9c32e3d31e3b47b5d,True,selected variational/high-chi representative
7e8e5ead456dbd,bundle_replica12:Results_VBC_branches,D:\HyraiOn\ENS_Lyon\Internship\2026-EPFL\6-AD-CTMRG\models\VBCPinningClusterBundle\Results_VBC_branches\J2_0.31\D_9\orientation_2\dimer-plaquette\replica_2\h_0p02\D_9_chi_108_energy_magnetization_correlation.txt,0.31,9,108,dimer-plaquette,0.02,-0.02,2,2,-0.4271707270128,1.3753873399968697e-05,-0.5820233525007,-0.1879007495693,-0.18672158159279997,0.3953017709079001,0.9970170435265396,dimer-plaquette,4336ee4be91a8a797ef9a9154effac313a4411e016576a0b0e39c36a632d3a5f,False,higher-energy duplicate/protocol
c93ea2068a3f19,synced_large_h:Results_Izar_replica1,D:\HyraiOn\ENS_Lyon\Internship\2026-EPFL\data\distinVBCs\Results_Izar_replica1\J2_0.31\D_9\orientation_2\dimer-plaquette\replica_1\h_0p02\D_9_chi_108_energy_magnetization_correlation.txt,0.31,9,108,dimer-plaquette,0.02,-0.02,2,1,-0.428748710094,9.039247500008951e-06,-0.5625374015274,-0.19656915223835,-0.19295381079635,0.36958359073104996,0.9902177977251404,dimer-plaquette,246b5f6573f44b18dd3693fdc5212c7e4a9a43875575350b9ce8f97e28c0139e,True,selected variational/high-chi representative
5ce1c2a3d6fe84,synced_large_h:Results_Izar_replica1,D:\HyraiOn\ENS_Lyon\Internship\2026-EPFL\data\distinVBCs\Results_Izar_replica1\J2_0.31\D_9\orientation_2\dimer-plaquette\replica_1\h_0p01\D_9_chi_108_energy_magnetization_correlation.txt,0.31,9,108,dimer-plaquette,0.01,-0.01,2,1,-0.4253716016374,1.1042275600003926e-05,-0.52640815824005,-0.22149710389379998,-0.21231851982835,0.3140896384117,0.9707771828709011,dimer-plaquette,e877cca2ffddff2681051419c0804421994da16fa87c77a064990ea79d11f77e,True,selected variational/high-chi representative
4c10e573bcdc40,izar_j2_sequences:Results_Izar_J2_sequences,D:\HyraiOn\ENS_Lyon\Internship\2026-EPFL\data\distinVBCsJ2Continuation\Results_Izar_J2_sequences\s006_J2_0p33_D_9_dimer-plaquette\left\insurance_1\J2_0p31\D_9_chi_108_energy_magnetization_correlation.txt,0.31,9,108,dimer-plaquette,0.0,0.0,1,0,-0.4227280467764,2.0332857200044963e-05,-0.4620674435271,-0.2567217792272,-0.24938244654779998,0.21268499697930002,0.9654920056250401,dimer-plaquette,c8face51293fa5635b0ed1071475f3f9e1206266b30731527e655e33afb10cd5,False,higher-energy duplicate/protocol
017def396c974a,izar_j2_sequences:Results_Izar_J2_sequences,D:\HyraiOn\ENS_Lyon\Internship\2026-EPFL\data\distinVBCsJ2Continuation\Results_Izar_J2_sequences\s006_J2_0p33_D_9_dimer-plaquette\left\insurance_2\J2_0p31\D_9_chi_108_energy_magnetization_correlation.txt,0.31,9,108,dimer-plaquette,0.0,0.0,1,0,-0.422748677955,2.1492600900008263e-05,-0.45793077251825,-0.2616172249061,-0.24864843797525002,0.20928233454299996,0.9380320992731215,dimer-plaquette,c6b47f69375fcedcd96d0a652dc0655abdb1b44b1b9dfe2a558aa59fe4805bd8,False,higher-energy duplicate/protocol
82ff05f431eeb8,izar_j2_sequences:Results_Izar_J2_sequences,D:\HyraiOn\ENS_Lyon\Internship\2026-EPFL\data\distinVBCsJ2Continuation\Results_Izar_J2_sequences\s101_J2_0p28_D_9_dimer-plaquette\right\insurance_1\J2_0p31\D_9_chi_108_energy_magnetization_correlation.txt,0.31,9,108,dimer-plaquette,0.0,0.0,2,0,-0.4228111543885,1.1514810900004058e-05,-0.44928623848294996,-0.26318010738165004,-0.25595426662295,0.19333197185999995,0.9626246983921906,dimer-plaquette,03d91c9107a92da1f98057d8e451bfa7c4be3e37eaa000b437cbbf30ccc03128,False,higher-energy duplicate/protocol
469e3587d9ca5d,izar_j2_sequences:Results_Izar_J2_sequences,D:\HyraiOn\ENS_Lyon\Internship\2026-EPFL\data\distinVBCsJ2Continuation\Results_Izar_J2_sequences\s101_J2_0p28_D_9_dimer-plaquette\right\insurance_2\J2_0p31\D_9_chi_108_energy_magnetization_correlation.txt,0.31,9,108,dimer-plaquette,0.0,0.0,2,0,-0.4228043584958,9.898830300003603e-06,-0.4466078966125,-0.26381106819045,-0.2583706164636,0.1882372801489,0.9710979051410724,dimer-plaquette,6d4b5a96df579e1330c3527d092f6bf20774fd617f8fc9cbc825a05d6d914e62,False,higher-energy duplicate/protocol
af9a699d08ee52,izar_j2_sequences:Results_Izar_J2_sequences,D:\HyraiOn\ENS_Lyon\Internship\2026-EPFL\data\distinVBCsJ2Continuation\Results_Izar_J2_sequences\s102_J2_0p3_D_9_dimer-plaquette\right\insurance_1\J2_0p31\D_9_chi_108_energy_magnetization_correlation.txt,0.31,9,108,dimer-plaquette,0.0,0.0,0,0,-0.4228344608855,1.1812937799948742e-05,-0.4584788077343,-0.26692485548385,-0.24212519527035,0.21635361246395,0.885374411219354,dimer-plaquette,6874c8bf9ba2b447cb725ad25ded636be2b167160e25358525a2597377a8ccaa,False,higher-energy duplicate/protocol
524ffc5c5575ed,izar_j2_sequences:Results_Izar_J2_sequences,D:\HyraiOn\ENS_Lyon\Internship\2026-EPFL\data\distinVBCsJ2Continuation\Results_Izar_J2_sequences\s102_J2_0p3_D_9_dimer-plaquette\right\insurance_2\J2_0p31\D_9_chi_108_energy_magnetization_correlation.txt,0.31,9,108,dimer-plaquette,0.0,0.0,0,0,-0.4228346965294,1.2200146499996567e-05,-0.45859798802185003,-0.2677883628832,-0.24115962004885003,0.217438367973,0.8775342958899666,dimer-plaquette,77c0dc84aa3985a734563cb5e9b4700d01604ef1fd8979a8a6e7f2841bccb317,True,selected variational/high-chi representative
d681e12257a45f,synced_large_h:Results_Izar_replica1,D:\HyraiOn\ENS_Lyon\Internship\2026-EPFL\data\distinVBCs\Results_Izar_replica1\J2_0.31\D_9\orientation_2\dimer-plaquette\replica_1\h_0p0\D_9_chi_108_energy_magnetization_correlation.txt,0.31,9,108,dimer-plaquette,0.0,0.0,2,1,-0.4227968957218,7.686936000006472e-06,-0.39631669557415,-0.38919709595255,-0.18209047345755,0.2142262221166,0.03323402500056664,plaquette,0c185bc2b5d7ca0b3024ad0a7f7229f02221d0d159f4e4e39dd96fa9ad1e1aec,False,branch texture flipped
aff11661df4f89,izar_j2_sequences:Results_Izar_J2_sequences,D:\HyraiOn\ENS_Lyon\Internship\2026-EPFL\data\distinVBCsJ2Continuation\Results_Izar_J2_sequences\s005_J2_0p3_D_9_plaquette\right\insurance_1\J2_0p31\D_9_chi_108_energy_magnetization_correlation.txt,0.31,9,108,plaquette,0.0,0.0,0,0,-0.4228312513957,2.6637707000176647e-06,-0.3914999167868,-0.38992702196235,-0.1862495064233,0.20525041036350003,0.007663296856091011,plaquette,f3dde4cc9108975329527301ede0badc9e44009dfbfa8df5a2cb3a87bdd89236,True,selected variational/high-chi representative
d803cb44f5b551,izar_j2_sequences:Results_Izar_J2_sequences,D:\HyraiOn\ENS_Lyon\Internship\2026-EPFL\data\distinVBCsJ2Continuation\Results_Izar_J2_sequences\s005_J2_0p3_D_9_plaquette\right\insurance_2\J2_0p31\D_9_chi_108_energy_magnetization_correlation.txt,0.31,9,108,plaquette,0.0,0.0,0,0,-0.4228311828353,2.6147143000199158e-06,-0.39155336224795007,-0.39000521814415,-0.18612412277540002,0.20542923947255004,0.007536142896575928,plaquette,835add37890f8283ac82c83b73c062d2c24a4c8ad147a9c867a39ac007d8d27c,False,higher-energy duplicate/protocol
b178e6f98361a1,synced_large_h:Results_Izar_replica1,D:\HyraiOn\ENS_Lyon\Internship\2026-EPFL\data\distinVBCs\Results_Izar_replica1\J2_0.31\D_9\orientation_2\plaquette\replica_1\h_0p0\D_9_chi_108_energy_magnetization_correlation.txt,0.31,9,108,plaquette,0.0,0.0,2,1,-0.4228205968837,6.326673199996691e-06,-0.40689576575455,-0.3810144906125,-0.17958124060405,0.2273145251505,0.11385667116922947,plaquette,c5c63d2a38f0b67eec9bf0b6c45d1422bd9bedd570f2e0aa573daac05441d00b,False,higher-energy duplicate/protocol
a1663b451dc488,synced_large_h:Results_Izar_replica1,D:\HyraiOn\ENS_Lyon\Internship\2026-EPFL\data\distinVBCs\Results_Izar_replica1\J2_0.31\D_9\orientation_2\plaquette\replica_1\h_0p01\D_9_chi_108_energy_magnetization_correlation.txt,0.31,9,108,plaquette,0.01,0.01,2,1,-0.4254733452671,2.4252995999840543e-06,-0.4210518712423,-0.41939616506005,-0.1189439211546,0.3021079500877,0.0054805117898066935,plaquette,08bb1047def95ac1d8fc1cf01ba4f5e0cb61a96d74d7b28ac251a3519062c8cb,True,selected variational/high-chi representative
d7b6fbdcce71e9,bundle_replica12:Results_VBC_branches,D:\HyraiOn\ENS_Lyon\Internship\2026-EPFL\6-AD-CTMRG\models\VBCPinningClusterBundle\Results_VBC_branches\J2_0.31\D_9\orientation_2\plaquette\replica_2\h_0p02\D_9_chi_108_energy_magnetization_correlation.txt,0.31,9,108,plaquette,0.02,0.02,2,2,-0.4281973645249,2.6281675000183746e-06,-0.4377860331563,-0.4335148596568,-0.08231782582299,0.35546820733330997,0.012015627308956734,plaquette,d451ea00141ca747204a42e81dae66334efca265618b858965553fc092e3f5dc,False,higher-energy duplicate/protocol
a8b37acc44a05a,synced_large_h:Results_Izar_replica1,D:\HyraiOn\ENS_Lyon\Internship\2026-EPFL\data\distinVBCs\Results_Izar_replica1\J2_0.31\D_9\orientation_2\plaquette\replica_1\h_0p02\D_9_chi_108_energy_magnetization_correlation.txt,0.31,9,108,plaquette,0.02,0.02,2,1,-0.4287031598472,4.551251399975698e-06,-0.43170254230715005,-0.43113474651655004,-0.08909339628252999,0.34260914602462006,0.001657269799094067,plaquette,804637c3e1c3e66853a8c5f9719871505c35bdeba2e31d934275cc12587c71da,True,selected variational/high-chi representative
3128f3a689166a,bundle_replica12:Results_VBC_branches,D:\HyraiOn\ENS_Lyon\Internship\2026-EPFL\6-AD-CTMRG\models\VBCPinningClusterBundle\Results_VBC_branches\J2_0.31\D_9\orientation_2\plaquette\replica_2\h_0p04\D_9_chi_108_energy_magnetization_correlation.txt,0.31,9,108,plaquette,0.04,0.04,2,2,-0.4257387899121,0.0001298240902999903,-0.51682724442855,-0.38817534438365,-0.04129787229382,0.47552937213473,0.27054459216127985,three-distinct/mixed,df782ecf28cc803fa2a4edc0917d7f4633f42f320214553fd4ceb599ec940af1,False,higher-energy duplicate/protocol
488a72de4f355d,synced_large_h:Results_Izar_replica1,D:\HyraiOn\ENS_Lyon\Internship\2026-EPFL\data\distinVBCs\Results_Izar_replica1\J2_0.31\D_9\orientation_2\plaquette\replica_1\h_0p04\D_9_chi_108_energy_magnetization_correlation.txt,0.31,9,108,plaquette,0.04,0.04,2,1,-0.4360432500294,6.939787299986566e-06,-0.44228597609564996,-0.44222319843705,-0.055089603425769997,0.38719637266987994,0.00016213390163520426,plaquette,0179984120be8a51e217a6801a3eec11a9f7a69e897970819ac25f859eb0d1b3,True,selected variational/high-chi representative
20573b9efa3bd0,bundle_replica12:Results_VBC_branches,D:\HyraiOn\ENS_Lyon\Internship\2026-EPFL\6-AD-CTMRG\models\VBCPinningClusterBundle\Results_VBC_branches\J2_0.31\D_9\orientation_2\plaquette\replica_2\h_0p08\D_9_chi_108_energy_magnetization_correlation.txt,0.31,9,108,plaquette,0.08,0.08,2,2,-0.007692079707034,0.0008655857841769997,-0.0088157598579375,-0.006684737819404999,-0.0005740815947448,0.008241678263192699,0.25856651648847256,three-distinct/mixed,a5486337fcc3ef989079c9650e7224c0be47fba438b00494401842c70ee0eeda,False,energy outside original-2C3 physical envelope
1555f6df0ba0ac,synced_large_h:Results_Izar_replica1,D:\HyraiOn\ENS_Lyon\Internship\2026-EPFL\data\distinVBCs\Results_Izar_replica1\J2_0.31\D_9\orientation_2\plaquette\replica_1\h_0p08\D_9_chi_108_energy_magnetization_correlation.txt,0.31,9,108,plaquette,0.08,0.08,2,1,-0.4525271695278,2.3602480999640463e-06,-0.4509097296613,-0.45080577354034995,-0.018905934277935,0.432003795383365,0.0002406370547226144,plaquette,a04aab4b012dd307733cc9e04013686afc109476eb42c5b8b51a100331d42f6c,True,selected variational/high-chi representative
d7279512b02354,synced_large_h:Results_Izar_replica1,D:\HyraiOn\ENS_Lyon\Internship\2026-EPFL\data\distinVBCs\Results_Izar_replica1\J2_0.32\D_6\orientation_1\dimer-plaquette\replica_1\h_0p08\D_6_chi_72_energy_magnetization_correlation.txt,0.32,6,72,dimer-plaquette,0.08,-0.08,1,1,-0.4561125142398,1.0653130000370936e-07,-0.6795165947009499,-0.103765531325,-0.1037240039713,0.57579259072965,0.9999278779297118,dimer-plaquette,9e3d3f4240f23e84e478733a1ce5c09ee9288f9d03518f7c42b7c0a82e00a5b2,True,selected variational/high-chi representative
04cee5c3f73640,synced_large_h:Results_Izar_replica1,D:\HyraiOn\ENS_Lyon\Internship\2026-EPFL\data\distinVBCs\Results_Izar_replica1\J2_0.32\D_6\orientation_1\dimer-plaquette\replica_1\h_0p04\D_6_chi_72_energy_magnetization_correlation.txt,0.32,6,72,dimer-plaquette,0.04,-0.04,1,1,-0.4350721742717,4.2395939997552645e-07,-0.62054266842745,-0.15378378287789998,-0.1537177013581,0.46682496706934995,0.9998584447609673,dimer-plaquette,0ad277bd543f5877d4beff1aec3b2465992705d5ad8a5903f5e9b6ec727deefc,True,selected variational/high-chi representative
c515fe0a568ab4,synced_large_h:Results_Izar_replica1,D:\HyraiOn\ENS_Lyon\Internship\2026-EPFL\data\distinVBCs\Results_Izar_replica1\J2_0.32\D_6\orientation_1\dimer-plaquette\replica_1\h_0p02\D_6_chi_72_energy_magnetization_correlation.txt,0.32,6,72,dimer-plaquette,0.02,-0.02,1,1,-0.4265018860449,1.3308071000195376e-06,-0.5733892590301,-0.1867808541661,-0.18664140963665,0.38674784939344997,0.9996394432970507,dimer-plaquette,66004924e5f67378cc293f5f7c44a39c4e5d49913cd0351ec76ccbf41ffc36e9,True,selected variational/high-chi representative
49623edbb44edc,synced_large_h:Results_Izar_replica1,D:\HyraiOn\ENS_Lyon\Internship\2026-EPFL\data\distinVBCs\Results_Izar_replica1\J2_0.32\D_6\orientation_1\dimer-plaquette\replica_1\h_0p01\D_6_chi_72_energy_magnetization_correlation.txt,0.32,6,72,dimer-plaquette,0.01,-0.01,1,1,-0.4228778971692,7.343267000026188e-07,-0.5428122167171,-0.20638932652835,-0.20587444842580002,0.33693776829129995,0.9984718896158155,dimer-plaquette,1d0f810f37f02a353a7422f1e9c4dae6af04586f5bdd29ec7ece2336898409e2,True,selected variational/high-chi representative
5977daa020cad7,synced_large_h:Results_Izar_replica1,D:\HyraiOn\ENS_Lyon\Internship\2026-EPFL\data\distinVBCs\Results_Izar_replica1\J2_0.32\D_6\orientation_1\dimer-plaquette\replica_1\h_0p005\D_6_chi_72_energy_magnetization_correlation.txt,0.32,6,72,dimer-plaquette,0.005,-0.005,1,1,-0.4212662894139,4.539583999818575e-07,-0.52472277902345,-0.21723434065390002,-0.21695782301660002,0.30776495600684994,0.9991015298138953,dimer-plaquette,1a8bceeb0cb379c25fb2650b573ba6a91cf47302dcb76b111b94d3a4c2444d4e,True,selected variational/high-chi representative
338bb54d25724a,synced_small_h:Results_Izar_replica1,D:\HyraiOn\ENS_Lyon\Internship\2026-EPFL\data\distinVBCsSmallH\Results_Izar_replica1\J2_0.32\D_6\orientation_1\dimer-plaquette\replica_1\h_0p003\D_6_chi_72_energy_magnetization_correlation.txt,0.32,6,72,dimer-plaquette,0.003,-0.003,1,1,-0.4206637948983,1.9316290000848113e-07,-0.51684349279285,-0.22201421713720002,-0.22152235066825,0.29532114212460003,0.9983344691632592,dimer-plaquette,fa7855251046766a004c63dcea33dfe9acdb86a999744025aebde128e5b12ca7,True,selected variational/high-chi representative
2d13c7a04b739f,synced_small_h:Results_Izar_replica1,D:\HyraiOn\ENS_Lyon\Internship\2026-EPFL\data\distinVBCsSmallH\Results_Izar_replica1\J2_0.32\D_6\orientation_1\dimer-plaquette\replica_1\h_0p002\D_6_chi_72_energy_magnetization_correlation.txt,0.32,6,72,dimer-plaquette,0.002,-0.002,1,1,-0.420384299753,2.7873149999191327e-07,-0.51175417207885,-0.22606545405745002,-0.22315698862305,0.2885971834558,0.9899220588379529,dimer-plaquette,7d6e19dd2cd0737782f5390191f5ae7f6abe4257799303cd57a56071c7d7b77c,True,selected variational/high-chi representative
88a682cff68acc,synced_small_h:Results_Izar_replica1,D:\HyraiOn\ENS_Lyon\Internship\2026-EPFL\data\distinVBCsSmallH\Results_Izar_replica1\J2_0.32\D_6\orientation_1\dimer-plaquette\replica_1\h_0p001\D_6_chi_72_energy_magnetization_correlation.txt,0.32,6,72,dimer-plaquette,0.001,-0.001,1,1,-0.4201041809241,3.1051850002405956e-07,-0.50732642265525,-0.2281593326117,-0.22613790955480004,0.2811885131004499,0.9928111463921082,dimer-plaquette,bed32bded7b53eca5c8a92f07b6b2e0051f59280d1a946563cd0b1aedeaa97be,True,selected variational/high-chi representative
4592de3f5f31c6,synced_small_h:Results_Izar_replica1,D:\HyraiOn\ENS_Lyon\Internship\2026-EPFL\data\distinVBCsSmallH\Results_Izar_replica1\J2_0.32\D_6\orientation_1\dimer-plaquette\replica_1\h_0\D_6_chi_72_energy_magnetization_correlation.txt,0.32,6,72,dimer-plaquette,0.0,0.0,1,1,-0.419828551119,4.849159000452907e-07,-0.5028351479691,-0.2309768146273,-0.22849227836224997,0.27434286960685006,0.9909436820114532,dimer-plaquette,7057263d7acc6df2245f46384c09eb8028d2b69f4f78584e7cde87106f8688de,True,selected variational/high-chi representative
44cfa6ee498d0c,last_izar_pins:Results_LastIzar,D:\HyraiOn\ENS_Lyon\Internship\2026-EPFL\data\distinVBCsJ2Continuation\LastIzar\Results_LastIzar\task1_D6_adiabatic\J2_0p32\D_6_chi_72_energy_magnetization_correlation.txt,0.32,6,72,plaquette,0.0,0.0,0,0,-0.4198291053957,4.757929999987809e-08,-0.5024638861437499,-0.23180585794805,-0.2280736441762,0.2743902419675499,0.9863981541577876,dimer-plaquette,c8a94ddc1fbf8f7131b28f0772adda662479f562fad881e034c5476b445d366b,False,branch texture flipped
f2c832e1b734d6,last_izar_pins:Results_LastIzar,D:\HyraiOn\ENS_Lyon\Internship\2026-EPFL\data\distinVBCsJ2Continuation\LastIzar\Results_LastIzar\task1_D6_adiabatic\insurance_2\J2_0p32\D_6_chi_72_energy_magnetization_correlation.txt,0.32,6,72,plaquette,0.0,0.0,0,0,-0.4198295056296,8.909959997582817e-08,-0.5025061210117,-0.23180625839325,-0.22802109583065,0.27448502518105,0.9862099487573018,dimer-plaquette,71c66f35da630f1755ead600cd0a8da73b8f56101daa69a2c7a2e555de6871d2,False,branch texture flipped
d2274ab397e28e,last_izar_pins:Results_LastIzar,D:\HyraiOn\ENS_Lyon\Internship\2026-EPFL\data\distinVBCsJ2Continuation\LastIzar\Results_LastIzar\task1_D6_adiabatic\insurance_3\J2_0p32\D_6_chi_72_energy_magnetization_correlation.txt,0.32,6,72,plaquette,0.0,0.0,0,0,-0.4198302144092,2.6693899979335356e-08,-0.5025136302493,-0.23052329080745002,-0.22929770859685003,0.2732159216524499,0.9955142357620028,dimer-plaquette,6f23a59fdd0bbfebcf74a23c71a5b21d673da86c060623c971fc6a0f594c0011,False,branch texture flipped
9f80a46d5c2b5f,last_izar_pins:Results_LastIzar,D:\HyraiOn\ENS_Lyon\Internship\2026-EPFL\data\distinVBCsJ2Continuation\LastIzar\Results_LastIzar\task1_D6_adiabatic\insurance_4\J2_0p32\D_6_chi_72_energy_magnetization_correlation.txt,0.32,6,72,plaquette,0.0,0.0,0,0,-0.4198292927678,7.580819999519761e-08,-0.50246192869255,-0.23185797585910004,-0.22802217673369998,0.27443975195885006,0.9860231650188371,dimer-plaquette,6901dd74ff410aa9a98fbaf7a4e31986a8b16824b86678ee2c335b7f81ed8ed1,False,branch texture flipped
8e81680c887605,last_izar_pins:Results_LastIzar,D:\HyraiOn\ENS_Lyon\Internship\2026-EPFL\data\distinVBCsJ2Continuation\LastIzar\Results_LastIzar\task1_D6_adiabatic\insurance_5\J2_0p32\D_6_chi_72_energy_magnetization_correlation.txt,0.32,6,72,plaquette,0.0,0.0,0,0,-0.4198304165268,3.748469995512593e-08,-0.50255409792775,-0.23057726602944997,-0.22919594020815,0.2733581577195999,0.9949468278802317,dimer-plaquette,a44e4685225b2fbaeaa05c70c1f912a022c08cc9f91ef3ca49fc35237a874194,False,branch texture flipped
da4ca4b2835faf,last_izar_pins:Results_LastIzar,D:\HyraiOn\ENS_Lyon\Internship\2026-EPFL\data\distinVBCsJ2Continuation\LastIzar\Results_LastIzar\task_pin_D6_h0p01_adam\J2_0p32\h_0\D_6_chi_72_energy_magnetization_correlation.txt,0.32,6,72,plaquette,0.0,0.0,0,0,-0.4198296163979,1.3233880002960774e-07,-0.5026724874092,-0.23151635790330002,-0.22811480035615003,0.27455768705304995,0.9876107728628529,dimer-plaquette,cf172b081b3be8047e3e0179f20a22ad9d476e1024d91c33a5ffe95f2bddfa75,False,branch texture flipped
c4f5741376eeca,last_izar_pins:Results_LastIzar,D:\HyraiOn\ENS_Lyon\Internship\2026-EPFL\data\distinVBCsJ2Continuation\LastIzar\Results_LastIzar\task_pin_D6_h0p01_lbfgs\J2_0p32\h_0\D_6_chi_72_energy_magnetization_correlation.txt,0.32,6,72,plaquette,0.0,0.0,0,0,-0.3924396453251,1.517100001180438e-09,-0.3532628196385,-0.35003001043934995,-0.32866161227925,0.024601207359249977,0.13140855861021417,plaquette,6fabff80c368376cc67ee2da2f033b27fb26e4f8c6a194cd580b579707035398,False,branch texture flipped
e661d14a979f3a,last_izar_pins:Results_LastIzar,D:\HyraiOn\ENS_Lyon\Internship\2026-EPFL\data\distinVBCsJ2Continuation\LastIzar\Results_LastIzar\task_pin_D6_h0p02_adam\J2_0p32\h_0\D_6_chi_72_energy_magnetization_correlation.txt,0.32,6,72,plaquette,0.0,0.0,0,0,-0.4198087386344,6.619817999875544e-07,-0.50400099493945,-0.2300261138534,-0.22845919821455,0.2755417967249001,0.9943133286583943,dimer-plaquette,fa4571d754f8de6f5804de8737dd84d431a33fe7a966d6d3d584348d55e098a0,False,branch texture flipped
5894ddd403f40e,last_izar_pins:Results_LastIzar,D:\HyraiOn\ENS_Lyon\Internship\2026-EPFL\data\distinVBCsJ2Continuation\LastIzar\Results_LastIzar\task_pin_D6_h0p02_lbfgs\J2_0p32\h_0\D_6_chi_72_energy_magnetization_correlation.txt,0.32,6,72,plaquette,0.0,0.0,0,0,-0.4198285563192,5.188480001194762e-08,-0.50253393916085,-0.23106747475910003,-0.22872504458060003,0.27380889458024993,0.9914450179491395,dimer-plaquette,2a8f1fb3c945d00a71b0e21502dd73a1772026296b8ef4ca1711d714abe7b0ac,False,branch texture flipped
c8aa660805844f,last_izar_pins:Results_LastIzar,D:\HyraiOn\ENS_Lyon\Internship\2026-EPFL\data\distinVBCsJ2Continuation\LastIzar\Results_LastIzar\task_pin_D6_h0p03_adam\J2_0p32\h_0\D_6_chi_72_energy_magnetization_correlation.txt,0.32,6,72,plaquette,0.0,0.0,0,0,-0.4198084033914,4.763909000060629e-07,-0.50403827859065,-0.22963941453595002,-0.228824285358,0.27521399323264994,0.9970381986454412,dimer-plaquette,9261d364d8bc06de17571ed111a381a72a667dba48cb019227a12c2a00d5bc32,False,branch texture flipped
af0f8ebe1ae775,last_izar_pins:Results_LastIzar,D:\HyraiOn\ENS_Lyon\Internship\2026-EPFL\data\distinVBCsJ2Continuation\LastIzar\Results_LastIzar\task_pin_D6_h0p03_lbfgs\J2_0p32\h_0\D_6_chi_72_energy_magnetization_correlation.txt,0.32,6,72,plaquette,0.0,0.0,0,0,-0.3910317885467,1.2593999731969063e-09,-0.5008932613447,-0.27653666678274996,-0.21384002707085,0.28705323427385,0.7815853220727447,dimer-plaquette,cf214db847defb8bfdfadff0bbcfd0cf9d00f0e32a58e4259c1833e22336b88a,False,branch texture flipped
e2ab091c323382,synced_small_h:Results_Izar_replica1,D:\HyraiOn\ENS_Lyon\Internship\2026-EPFL\data\distinVBCsSmallH\Results_Izar_replica1\J2_0.32\D_6\orientation_1\plaquette\replica_1\h_0\D_6_chi_72_energy_magnetization_correlation.txt,0.32,6,72,plaquette,0.0,0.0,1,1,-0.4198308959784,4.124764000357217e-07,-0.50260399794,-0.2307665728197,-0.22893161022935002,0.27367238771064994,0.9932950393508823,dimer-plaquette,9286e465701d63b15f33bf108291593ab73eee6855ff86323101c90f6f9f9731,False,branch texture flipped
4e99bb4fdc4973,synced_small_h:Results_Izar_replica1,D:\HyraiOn\ENS_Lyon\Internship\2026-EPFL\data\distinVBCsSmallH\Results_Izar_replica1\J2_0.32\D_6\orientation_1\plaquette\replica_1\h_0p001\D_6_chi_72_energy_magnetization_correlation.txt,0.32,6,72,plaquette,0.001,0.001,1,1,-0.4200266565433,1.3577790003438395e-07,-0.49104676507499995,-0.3051838667147,-0.16499253933904998,0.32605422573595,0.5700367720761214,three-distinct/mixed,bb0467e85a80a062d35f87026f137d17ca03587307e3d0b3829414b85471083d,True,selected variational/high-chi representative
a744f1c0862922,synced_small_h:Results_Izar_replica1,D:\HyraiOn\ENS_Lyon\Internship\2026-EPFL\data\distinVBCsSmallH\Results_Izar_replica1\J2_0.32\D_6\orientation_1\plaquette\replica_1\h_0p002\D_6_chi_72_energy_magnetization_correlation.txt,0.32,6,72,plaquette,0.002,0.002,1,1,-0.4195965412448,1.9827141999884113e-06,-0.45887833471315,-0.3884682378432,-0.11354647494980001,0.34533185976334996,0.20389111192405132,plaquette,c7d47508104e733656f5e4dd0dfdbdf3648b693cd21819ad7a985d57f87f3752,True,selected variational/high-chi representative
5e30b1a108db08,synced_small_h:Results_Izar_replica1,D:\HyraiOn\ENS_Lyon\Internship\2026-EPFL\data\distinVBCsSmallH\Results_Izar_replica1\J2_0.32\D_6\orientation_1\plaquette\replica_1\h_0p003\D_6_chi_72_energy_magnetization_correlation.txt,0.32,6,72,plaquette,0.003,0.003,1,1,-0.419908704045,2.1890091000398293e-06,-0.45825540116249996,-0.39178239623245,-0.10993370909724999,0.34832169206525,0.19083797088812318,plaquette,8b8721bcd1dbf8ad7a8898518cd559c695036f1b7a356a16c870e2e6a720093b,True,selected variational/high-chi representative
53b6b779febde5,synced_large_h:Results_Izar_replica1,D:\HyraiOn\ENS_Lyon\Internship\2026-EPFL\data\distinVBCs\Results_Izar_replica1\J2_0.32\D_6\orientation_1\plaquette\replica_1\h_0p005\D_6_chi_72_energy_magnetization_correlation.txt,0.32,6,72,plaquette,0.005,0.005,1,1,-0.4205480017226,2.5274104999972735e-06,-0.45545012659219997,-0.3997408331879,-0.1031473923794,0.35230273421279995,0.15812904072055858,plaquette,ef7ebb04d332633fb7a97af9b28dabd5ec0ed8cc6a75d812a07ebce46db21502,True,selected variational/high-chi representative
8ddf65fc444fad,last_izar_pins:Results_LastIzar,D:\HyraiOn\ENS_Lyon\Internship\2026-EPFL\data\distinVBCsJ2Continuation\LastIzar\Results_LastIzar\task_pin_D6_h0p01_adam\J2_0p32\h_0p01\D_6_chi_72_energy_magnetization_correlation.txt,0.32,6,72,plaquette,0.01,0.01,0,0,-0.4227252032687,7.731998999949141e-07,-0.44844350428214996,-0.4082050012442,-0.097443088376465,0.351000415905685,0.11463947395652711,plaquette,02d9f7b920d8f8c115e4fb9fb465134250d058ce1511163cced7d0b5a011822d,True,selected variational/high-chi representative
915a9dccbf6061,last_izar_pins:Results_LastIzar,D:\HyraiOn\ENS_Lyon\Internship\2026-EPFL\data\distinVBCsJ2Continuation\LastIzar\Results_LastIzar\task_pin_D6_h0p01_lbfgs\J2_0p32\h_0p01\D_6_chi_72_energy_magnetization_correlation.txt,0.32,6,72,plaquette,0.01,0.01,0,0,-0.392669489169,1.5746000059380094e-09,-0.35326278930309996,-0.3500300133551,-0.32866163880655,0.02460115049654993,0.13140751073626994,plaquette,2b16fd2104636ea8b0267129c6cf989bd7b04a9ede16f693753ac9593efaff0d,False,energy outside original-2C3 physical envelope
b958e61d7554f8,synced_large_h:Results_Izar_replica1,D:\HyraiOn\ENS_Lyon\Internship\2026-EPFL\data\distinVBCs\Results_Izar_replica1\J2_0.32\D_6\orientation_1\plaquette\replica_1\h_0p01\D_6_chi_72_energy_magnetization_correlation.txt,0.32,6,72,plaquette,0.01,0.01,1,1,-0.422144151705,2.345063500053257e-06,-0.45693682433399996,-0.4114783223558,-0.08433581692912501,0.37260100740487495,0.12200316444341743,plaquette,48346a3170e0ca4d9f3682384dc779c6fa318c872d595ce81ed37158a41b7b27,False,higher-energy duplicate/protocol
b23f14a4b92ae3,last_izar_pins:Results_LastIzar,D:\HyraiOn\ENS_Lyon\Internship\2026-EPFL\data\distinVBCsJ2Continuation\LastIzar\Results_LastIzar\task_pin_D6_h0p02_adam\J2_0p32\h_0p02\D_6_chi_72_energy_magnetization_correlation.txt,0.32,6,72,plaquette,0.02,0.02,0,0,-0.4261991786887,2.206532400017558e-06,-0.4481756551854,-0.4250004501656501,-0.07355041609078,0.37462523909462,0.061862369646420126,plaquette,0ee82c17a459f440bf2e5c99d0f4918cbd8dfe8573febf2a4f650ad8671ea822,True,selected variational/high-chi representative
377d00960d773e,last_izar_pins:Results_LastIzar,D:\HyraiOn\ENS_Lyon\Internship\2026-EPFL\data\distinVBCsJ2Continuation\LastIzar\Results_LastIzar\task_pin_D6_h0p02_lbfgs\J2_0p32\h_0p02\D_6_chi_72_energy_magnetization_correlation.txt,0.32,6,72,plaquette,0.02,0.02,0,0,-0.4261980717687,3.8672399998995743e-07,-0.44991179716905,-0.4226543765014,-0.074015439587225,0.375896357581825,0.07251312793504959,plaquette,a870c670e4d76fe1f080bc0ea2a7749707e1313f6b363e85f7be60f1bbdeda16,False,higher-energy duplicate/protocol
1ea772bb0dee26,synced_large_h:Results_Izar_replica1,D:\HyraiOn\ENS_Lyon\Internship\2026-EPFL\data\distinVBCs\Results_Izar_replica1\J2_0.32\D_6\orientation_1\plaquette\replica_1\h_0p02\D_6_chi_72_energy_magnetization_correlation.txt,0.32,6,72,plaquette,0.02,0.02,1,1,-0.4257712048165,3.4374305999951282e-06,-0.45132028009740005,-0.42919749304874993,-0.06512296756300999,0.38619731253439005,0.05728363800221973,plaquette,65b148790b36d409bae50a013b60d0f5bcf03f47121fc27df41363d13b570c0c,False,higher-energy duplicate/protocol
79ec363ce65415,last_izar_pins:Results_LastIzar,D:\HyraiOn\ENS_Lyon\Internship\2026-EPFL\data\distinVBCsJ2Continuation\LastIzar\Results_LastIzar\task_pin_D6_h0p03_adam\J2_0p32\h_0p03\D_6_chi_72_energy_magnetization_correlation.txt,0.32,6,72,plaquette,0.03,0.03,0,0,-0.4299285446373,3.845450500028491e-06,-0.44814140285570003,-0.43476448636525,-0.05762414744394,0.39051725541176,0.034254354462123465,plaquette,8de2b781f181499ec5952815217036a8f9e6bb4d949dfc6859a3eb0d817585bf,True,selected variational/high-chi representative
8df5133af5d9c1,last_izar_pins:Results_LastIzar,D:\HyraiOn\ENS_Lyon\Internship\2026-EPFL\data\distinVBCsJ2Continuation\LastIzar\Results_LastIzar\task_pin_D6_h0p03_lbfgs\J2_0p32\h_0p03\D_6_chi_72_energy_magnetization_correlation.txt,0.32,6,72,plaquette,0.03,0.03,0,0,-0.318172653576,1.2406999871927837e-09,-0.59110950090735,-0.074405139135775,0.1016649015803,0.6927744024876501,0.745847941142407,three-distinct/mixed,d278b5b6c7570870a1c5452e45d69858bf9b02f6d5d07fea7a1a03e8839fe7b5,False,energy outside original-2C3 physical envelope
a88e80b3b96596,synced_large_h:Results_Izar_replica1,D:\HyraiOn\ENS_Lyon\Internship\2026-EPFL\data\distinVBCs\Results_Izar_replica1\J2_0.32\D_6\orientation_1\plaquette\replica_1\h_0p04\D_6_chi_72_energy_magnetization_correlation.txt,0.32,6,72,plaquette,0.04,0.04,1,1,-0.4335524733245,1.3389563399968107e-05,-0.45225450290455,-0.44192674509835,-0.038643538663035,0.413610964241515,0.024969738955395344,plaquette,a29c7c2a1864a7666a6d0cdc0760048646d119bcd651373dbe83d4b6d454264f,True,selected variational/high-chi representative
95f8c0bb685157,synced_large_h:Results_Izar_replica1,D:\HyraiOn\ENS_Lyon\Internship\2026-EPFL\data\distinVBCs\Results_Izar_replica1\J2_0.32\D_6\orientation_1\plaquette\replica_1\h_0p08\D_6_chi_72_energy_magnetization_correlation.txt,0.32,6,72,plaquette,0.08,0.08,1,1,-0.4505984733877,1.5912999599965172e-05,-0.45330552175935,-0.45122916337854996,-0.011246900509440001,0.44205862124991,0.0046970204425132705,plaquette,2ed5b39769e7684930171a3a38368aaa15d3e93bd294d0d60650f3d79a812bc7,True,selected variational/high-chi representative
3ba2e6b9257fa6,synced_large_h:Results_Izar_replica1,D:\HyraiOn\ENS_Lyon\Internship\2026-EPFL\data\distinVBCs\Results_Izar_replica1\J2_0.32\D_7\orientation_2\dimer-plaquette\replica_1\h_0p08\D_7_chi_91_energy_magnetization_correlation.txt,0.32,7,91,dimer-plaquette,0.08,-0.08,2,1,-0.4562686444849,2.75719099995797e-07,-0.6779441840548,-0.1044814078331,-0.1044774860286,0.5734666980262,0.9999931612340986,dimer-plaquette,cae8b2979ee61e6264adafbcef3c193fc534fbb185bed443b31002b468d2ffe0,True,selected variational/high-chi representative
818d0a49ea308c,synced_large_h:Results_Izar_replica1,D:\HyraiOn\ENS_Lyon\Internship\2026-EPFL\data\distinVBCs\Results_Izar_replica1\J2_0.32\D_7\orientation_2\dimer-plaquette\replica_1\h_0p04\D_7_chi_91_energy_magnetization_correlation.txt,0.32,7,91,dimer-plaquette,0.04,-0.04,2,1,-0.4353528220192,2.1955649998073312e-07,-0.61748652622685,-0.15481209369375,-0.15470782599225,0.4627787002346,0.9997746920905236,dimer-plaquette,d16b45836a1e520052b0a9bb1bd2d7fb1a587239bd5b404c5732fb95d4739596,True,selected variational/high-chi representative
56c0b749515a92,synced_large_h:Results_Izar_replica1,D:\HyraiOn\ENS_Lyon\Internship\2026-EPFL\data\distinVBCs\Results_Izar_replica1\J2_0.32\D_7\orientation_2\dimer-plaquette\replica_1\h_0p02\D_7_chi_91_energy_magnetization_correlation.txt,0.32,7,91,dimer-plaquette,0.02,-0.02,2,1,-0.4268739244667,3.2464020000011473e-07,-0.5692554313541499,-0.1879019703237,-0.1876830909841,0.38157234037004994,0.9994263752467283,dimer-plaquette,0cf15a0039830c9457e58ddf124ce3d6d0b807b9e218f75a0bb22e0bba071803,True,selected variational/high-chi representative
df90d0744a0984,synced_large_h:Results_Izar_replica1,D:\HyraiOn\ENS_Lyon\Internship\2026-EPFL\data\distinVBCs\Results_Izar_replica1\J2_0.32\D_7\orientation_2\dimer-plaquette\replica_1\h_0p01\D_7_chi_91_energy_magnetization_correlation.txt,0.32,7,91,dimer-plaquette,0.01,-0.01,2,1,-0.4233080803377,5.589631000280093e-07,-0.5377982359972,-0.2074048129307,-0.2073340930829,0.33046414291430004,0.9997859984227747,dimer-plaquette,965d8551b3e2f18e2f928e8f320e190a7b402d5faac73b717466c9dd39cf6be5,True,selected variational/high-chi representative
4043eb6650680a,synced_small_h:Results_Izar_replica1,D:\HyraiOn\ENS_Lyon\Internship\2026-EPFL\data\distinVBCsSmallH\Results_Izar_replica1\J2_0.32\D_7\orientation_2\dimer-plaquette\replica_1\h_0p005\D_7_chi_91_energy_magnetization_correlation.txt,0.32,7,91,dimer-plaquette,0.005,-0.005,2,1,-0.4217312505058,1.020817600005941e-06,-0.51913069149595,-0.2184796860426,-0.21841334621275,0.30071734528320004,0.9997793947343224,dimer-plaquette,f6959f315c0cb0993d02c95cec032a9dc6bbc0aaaea4275cb04bf59eb4f4bd35,True,selected variational/high-chi representative
dbe0acafcc9e1f,synced_small_h:Results_Izar_replica1,D:\HyraiOn\ENS_Lyon\Internship\2026-EPFL\data\distinVBCsSmallH\Results_Izar_replica1\J2_0.32\D_7\orientation_2\dimer-plaquette\replica_1\h_0p003\D_7_chi_91_energy_magnetization_correlation.txt,0.32,7,91,dimer-plaquette,0.003,-0.003,2,1,-0.4211433556051,7.989897000126867e-07,-0.5109059317651999,-0.2234958653785,-0.22294742490315,0.28795850686204993,0.9980954183943845,dimer-plaquette,2075a5e1b2c174478d71426d804636e21a3cdf929d038c5074c8caa482e682ec,True,selected variational/high-chi representative
e061285895a8eb,synced_small_h:Results_Izar_replica1,D:\HyraiOn\ENS_Lyon\Internship\2026-EPFL\data\distinVBCsSmallH\Results_Izar_replica1\J2_0.32\D_7\orientation_2\dimer-plaquette\replica_1\h_0p002\D_7_chi_91_energy_magnetization_correlation.txt,0.32,7,91,dimer-plaquette,0.002,-0.002,2,1,-0.4208590907933,6.845923999909687e-07,-0.5067464399953,-0.22579488134954998,-0.2254071201452,0.28133931985009997,0.9986217312085758,dimer-plaquette,c614189ec8f31297e88506f28304424112c198fd91b7be4d3b2a71699b0b44b6,True,selected variational/high-chi representative
4c81fb05ef01a8,synced_small_h:Results_Izar_replica1,D:\HyraiOn\ENS_Lyon\Internship\2026-EPFL\data\distinVBCsSmallH\Results_Izar_replica1\J2_0.32\D_7\orientation_2\dimer-plaquette\replica_1\h_0p001\D_7_chi_91_energy_magnetization_correlation.txt,0.32,7,91,dimer-plaquette,0.001,-0.001,2,1,-0.4205813936054,5.990629999841346e-07,-0.5024613567027,-0.22829274325899998,-0.2278003899329,0.2746609667698,0.9982074142828142,dimer-plaquette,dcb13b87a11f9165168d0eb9642ea7591872d026fe0241c2af71295def917b09,True,selected variational/high-chi representative
03fbe78d50870d,izar_j2_sequences:Results_Izar_J2_sequences,D:\HyraiOn\ENS_Lyon\Internship\2026-EPFL\data\distinVBCsJ2Continuation\Results_Izar_J2_sequences\s002_J2_0p3_D_7_dimer-plaquette\right\insurance_1\J2_0p32\D_7_chi_91_energy_magnetization_correlation.txt,0.32,7,91,dimer-plaquette,0.0,0.0,0,0,-0.420311264151,1.5049559998203677e-07,-0.49762857513865,-0.23137256216485,-0.2302504601797,0.26737811495895003,0.9958033140247012,dimer-plaquette,7d246676ffbda9591667299146e1238e654deac40a3e0c105963190dc951ab29,True,selected variational/high-chi representative
1fb43d30a136fd,izar_j2_sequences:Results_Izar_J2_sequences,D:\HyraiOn\ENS_Lyon\Internship\2026-EPFL\data\distinVBCsJ2Continuation\Results_Izar_J2_sequences\s002_J2_0p3_D_7_dimer-plaquette\right\insurance_2\J2_0p32\D_7_chi_91_energy_magnetization_correlation.txt,0.32,7,91,dimer-plaquette,0.0,0.0,0,0,-0.4203112065525,1.2121439996182204e-07,-0.49761050096520004,-0.23153004835994997,-0.23011936282405,0.26749113814115005,0.9947262344999421,dimer-plaquette,732328207d6f0b80a1217762d6ea5c9419cd6d0ba5ec1dc2299024c58cae4e11,False,higher-energy duplicate/protocol
1836b6510d4ea7,synced_small_h:Results_Izar_replica1,D:\HyraiOn\ENS_Lyon\Internship\2026-EPFL\data\distinVBCsSmallH\Results_Izar_replica1\J2_0.32\D_7\orientation_2\dimer-plaquette\replica_1\h_0\D_7_chi_91_energy_magnetization_correlation.txt,0.32,7,91,dimer-plaquette,0.0,0.0,2,1,-0.4203110476658,3.900113000332439e-07,-0.49769385918880005,-0.2314897408418,-0.23002395880315,0.2676699003856501,0.9945239190639734,dimer-plaquette,bde9781c7de1f65836710f6d8312ae38353f2ecda02f032317b9662faea01790,False,higher-energy duplicate/protocol
581f7c6033a211,izar_j2_sequences:Results_Izar_J2_sequences,D:\HyraiOn\ENS_Lyon\Internship\2026-EPFL\data\distinVBCsJ2Continuation\Results_Izar_J2_sequences\s001_J2_0p28_D_7_plaquette\right\insurance_1\J2_0p32\D_7_chi_91_energy_magnetization_correlation.txt,0.32,7,91,plaquette,0.0,0.0,2,0,-0.4203523477597,2.15866580000057e-06,-0.40958882130955,-0.4076119592246,-0.14325045644465,0.2663383648649,0.0074223707348837166,plaquette,6e39fb48cddf2780d422487f4dc747cd6ab554d2750a0140ce52693e0b7a5935,False,higher-energy duplicate/protocol
a5037e8710489c,izar_j2_sequences:Results_Izar_J2_sequences,D:\HyraiOn\ENS_Lyon\Internship\2026-EPFL\data\distinVBCsJ2Continuation\Results_Izar_J2_sequences\s001_J2_0p28_D_7_plaquette\right\insurance_2\J2_0p32\D_7_chi_91_energy_magnetization_correlation.txt,0.32,7,91,plaquette,0.0,0.0,2,0,-0.4203608120919,2.5109241000298432e-06,-0.40889523882209994,-0.40866738103140005,-0.142517216172,0.2663780226500999,0.0008553926049642406,plaquette,e2817a1931e775b9c19ee1547fc6ef678e9ff5309546749fd9ccdb2299cf2be7,True,selected variational/high-chi representative
4a06bc3b96e121,synced_small_h:Results_Izar_replica1,D:\HyraiOn\ENS_Lyon\Internship\2026-EPFL\data\distinVBCsSmallH\Results_Izar_replica1\J2_0.32\D_7\orientation_2\plaquette\replica_1\h_0\D_7_chi_91_energy_magnetization_correlation.txt,0.32,7,91,plaquette,0.0,0.0,2,1,-0.4202990395408,5.609332999756411e-07,-0.47652748596524996,-0.3129891277534,-0.1697801931781,0.30674729278714996,0.5331370872939643,three-distinct/mixed,1f9de5ef7f600d97e89460bc8c6ecdb92cc2a5fb7d0129bf44daf821ec11e5b5,False,higher-energy duplicate/protocol
c8ec32fb2f0213,synced_small_h:Results_Izar_replica1,D:\HyraiOn\ENS_Lyon\Internship\2026-EPFL\data\distinVBCsSmallH\Results_Izar_replica1\J2_0.32\D_7\orientation_2\plaquette\replica_1\h_0p001\D_7_chi_91_energy_magnetization_correlation.txt,0.32,7,91,plaquette,0.001,0.001,2,1,-0.4205455773824,5.418449000038628e-07,-0.4569157937533,-0.3568332660744,-0.14464761158769998,0.31226818216560004,0.3205018423100976,three-distinct/mixed,a0ba7909efac2ed39d8d9c8f4a51b810dbbd710a1d09e4cefe51fa9c8d7a1e1c,True,selected variational/high-chi representative
d739ea9d755d96,synced_small_h:Results_Izar_replica1,D:\HyraiOn\ENS_Lyon\Internship\2026-EPFL\data\distinVBCsSmallH\Results_Izar_replica1\J2_0.32\D_7\orientation_2\plaquette\replica_1\h_0p002\D_7_chi_91_energy_magnetization_correlation.txt,0.32,7,91,plaquette,0.002,0.002,2,1,-0.4208042640075,1.9472100043493867e-08,-0.4425418511698,-0.38340696913169997,-0.13171581039014998,0.31082604077965004,0.19025073282074767,plaquette,39da0fe3c7d569724af81ec8e503150228e4d2c48dedb7e68d21e6605845b0db,True,selected variational/high-chi representative
c993e1d541eddd,synced_small_h:Results_Izar_replica1,D:\HyraiOn\ENS_Lyon\Internship\2026-EPFL\data\distinVBCsSmallH\Results_Izar_replica1\J2_0.32\D_7\orientation_2\plaquette\replica_1\h_0p003\D_7_chi_91_energy_magnetization_correlation.txt,0.32,7,91,plaquette,0.003,0.003,2,1,-0.421089557523,1.587299996996805e-08,-0.4386912945869,-0.39203634864740006,-0.12606675094445,0.31262454364244996,0.14923635040267147,plaquette,d779c5d614da39123149f4a9f67c52798657bf5551c9ea5c110b043fea768120,True,selected variational/high-chi representative
e54b33d43fc1a1,synced_small_h:Results_Izar_replica1,D:\HyraiOn\ENS_Lyon\Internship\2026-EPFL\data\distinVBCsSmallH\Results_Izar_replica1\J2_0.32\D_7\orientation_2\plaquette\replica_1\h_0p005\D_7_chi_91_energy_magnetization_correlation.txt,0.32,7,91,plaquette,0.005,0.005,2,1,-0.4216814210872,4.6783699969576986e-08,-0.4351107594818,-0.40325101331970004,-0.1169043861658,0.318206373316,0.10012290398238231,plaquette,4c6f8fd7e4e1c3c58d77e559d5bfe96774f1a6ecf68e2760c56cf3293c46e9f3,True,selected variational/high-chi representative
1f28fb59083d3d,synced_large_h:Results_Izar_replica1,D:\HyraiOn\ENS_Lyon\Internship\2026-EPFL\data\distinVBCs\Results_Izar_replica1\J2_0.32\D_7\orientation_2\plaquette\replica_1\h_0p08\D_7_chi_91_energy_magnetization_correlation.txt,0.32,7,91,plaquette,0.08,0.08,2,1,-0.4510714670595,2.1634140001669522e-07,-0.45153611912495,-0.44958811288620004,-0.012716674182475,0.438819444942475,0.0044391976271820205,plaquette,15a11b574e10725daf2d81ddf84d60b728747d5af51a8e764e858e9b93947f3e,True,selected variational/high-chi representative
a2ebce7a0dd8fd,bundle_replica12:Results_VBC_branches,D:\HyraiOn\ENS_Lyon\Internship\2026-EPFL\6-AD-CTMRG\models\VBCPinningClusterBundle\Results_VBC_branches\J2_0.32\D_8\orientation_0\dimer-plaquette\replica_1\h_0p08\D_8_chi_104_energy_magnetization_correlation.txt,0.32,8,104,dimer-plaquette,0.08,-0.08,0,1,-0.4561733134706,3.175059329996177e-05,-0.67923559250795,-0.10463086965145,-0.10273750811535,0.5764980843926,0.9967157539853843,dimer-plaquette,55e0295190f77e8b5e22452be1754d114a97ded4be8096452bf76653e70c3c13,False,higher-energy duplicate/protocol
a9ff4ee44862bb,bundle_replica12:Results_VBC_branches,D:\HyraiOn\ENS_Lyon\Internship\2026-EPFL\6-AD-CTMRG\models\VBCPinningClusterBundle\Results_VBC_branches\J2_0.32\D_8\orientation_0\dimer-plaquette\replica_2\h_0p08\D_8_chi_104_energy_magnetization_correlation.txt,0.32,8,104,dimer-plaquette,0.08,-0.08,0,2,-0.008449009617803,0.0008012008440269995,-0.010544205165045,-0.006632060758080999,-0.003951417084333,0.006592788080711999,0.5933975670186415,three-distinct/mixed,cc3c9daa52f3b0fa59f1fd30dabc662023dfe096ff6e2627d5a5b345cb6553b6,False,energy outside original-2C3 physical envelope
8edbaa3e122271,synced_large_h:Results_Izar_replica1,D:\HyraiOn\ENS_Lyon\Internship\2026-EPFL\data\distinVBCs\Results_Izar_replica1\J2_0.32\D_8\orientation_0\dimer-plaquette\replica_1\h_0p08\D_8_chi_104_energy_magnetization_correlation.txt,0.32,8,104,dimer-plaquette,0.08,-0.08,0,1,-0.456217356829,2.181382209998084e-05,-0.6786588060873,-0.1046182475092,-0.1032855239334,0.5753732821539,0.9976837235632301,dimer-plaquette,1e21d1c3c05a038a8d822a784134c3b6238405c18b79493d3338485ebb638851,True,selected variational/high-chi representative
947a403d087e10,bundle_replica12:Results_VBC_branches,D:\HyraiOn\ENS_Lyon\Internship\2026-EPFL\6-AD-CTMRG\models\VBCPinningClusterBundle\Results_VBC_branches\J2_0.32\D_8\orientation_0\dimer-plaquette\replica_2\h_0p04\D_8_chi_104_energy_magnetization_correlation.txt,0.32,8,104,dimer-plaquette,0.04,-0.04,0,2,-0.4350802355913,2.049409400017854e-06,-0.62153050087165,-0.1532210920263,-0.15288352273480002,0.46864697813684997,0.9992796938692702,dimer-plaquette,9771792b9e572e4a50902b5af4dcac29f1002de3013f685b2cbc2d68ef0c89ae,False,higher-energy duplicate/protocol
9c698c2bcca631,synced_large_h:Results_Izar_replica1,D:\HyraiOn\ENS_Lyon\Internship\2026-EPFL\data\distinVBCs\Results_Izar_replica1\J2_0.32\D_8\orientation_0\dimer-plaquette\replica_1\h_0p04\D_8_chi_104_energy_magnetization_correlation.txt,0.32,8,104,dimer-plaquette,0.04,-0.04,0,1,-0.4351844340206,2.8792641899977323e-05,-0.6201609332261501,-0.15558453608425002,-0.1511123303014,0.46904860292475004,0.9904653680770743,dimer-plaquette,8ac706db14fc9adedb2698413d640d16e9b11de70d4824138bf402abfe77d925,True,selected variational/high-chi representative
6beb5c9b91304b,bundle_replica12:Results_VBC_branches,D:\HyraiOn\ENS_Lyon\Internship\2026-EPFL\6-AD-CTMRG\models\VBCPinningClusterBundle\Results_VBC_branches\J2_0.32\D_8\orientation_0\dimer-plaquette\replica_2\h_0p02\D_8_chi_104_energy_magnetization_correlation.txt,0.32,8,104,dimer-plaquette,0.02,-0.02,0,2,-0.4270682145351,6.870346000442673e-07,-0.56532820490755,-0.18949062131115002,-0.1892762645309,0.37605194037665,0.9994299809222221,dimer-plaquette,eb482c5601d82f6f55b1d839bf878320eda935d8e676c2fb323cb23e3563af86,True,selected variational/high-chi representative
039409eac57c8c,synced_large_h:Results_Izar_replica1,D:\HyraiOn\ENS_Lyon\Internship\2026-EPFL\data\distinVBCs\Results_Izar_replica1\J2_0.32\D_8\orientation_0\dimer-plaquette\replica_1\h_0p02\D_8_chi_104_energy_magnetization_correlation.txt,0.32,8,104,dimer-plaquette,0.02,-0.02,0,1,-0.4266375856052,2.3571313500003743e-05,-0.5721337111490999,-0.19489611007030003,-0.17809511738054998,0.39403859376855,0.9573620631190795,dimer-plaquette,75426441316d0abef44bda208cbea50b8f48f94c681719b4bded0ca6f598e4ab,False,higher-energy duplicate/protocol
eb402ded8c8617,bundle_replica12:Results_VBC_branches,D:\HyraiOn\ENS_Lyon\Internship\2026-EPFL\6-AD-CTMRG\models\VBCPinningClusterBundle\Results_VBC_branches\J2_0.32\D_8\orientation_0\dimer-plaquette\replica_2\h_0p01\D_8_chi_104_energy_magnetization_correlation.txt,0.32,8,104,dimer-plaquette,0.01,-0.01,0,2,-0.4235721635574,1.5337916000057739e-06,-0.5315433406325499,-0.2099472902766,-0.2098976475551,0.32164569307744995,0.9998456602324595,dimer-plaquette,8c815558cb2b4b7fd73d4b067187338ae9996b884c7e95240ce3c70194c2f70f,True,selected variational/high-chi representative
c3ef346482a858,synced_large_h:Results_Izar_replica1,D:\HyraiOn\ENS_Lyon\Internship\2026-EPFL\data\distinVBCs\Results_Izar_replica1\J2_0.32\D_8\orientation_0\dimer-plaquette\replica_1\h_0p01\D_8_chi_104_energy_magnetization_correlation.txt,0.32,8,104,dimer-plaquette,0.01,-0.01,0,1,-0.4230323035054,2.0621432100020876e-05,-0.5406230204345001,-0.22433042131005,-0.1880988760262,0.35252414440830004,0.8972225140928619,dimer-plaquette,6ea44217169a787cd8de173c57d99902d3d7989f06f6681e42c613b7ee4ab540,False,higher-energy duplicate/protocol
0cb90b92a733f8,synced_small_h:Results_Izar_replica1,D:\HyraiOn\ENS_Lyon\Internship\2026-EPFL\data\distinVBCsSmallH\Results_Izar_replica1\J2_0.32\D_8\orientation_0\dimer-plaquette\replica_1\h_0p005\D_8_chi_104_energy_magnetization_correlation.txt,0.32,8,104,dimer-plaquette,0.005,-0.005,0,1,-0.4215933115521,1.560321519999963e-05,-0.5125972632448,-0.26292234341634996,-0.18101304305535001,0.33158422018945,0.752975879508979,dimer-plaquette,8cc580dc80461917e21ba6483423f214e328c5d4c2a2334ee95e977d0f49dae5,True,selected variational/high-chi representative
966a40a769c1c7,synced_small_h:Results_Izar_replica1,D:\HyraiOn\ENS_Lyon\Internship\2026-EPFL\data\distinVBCsSmallH\Results_Izar_replica1\J2_0.32\D_8\orientation_0\dimer-plaquette\replica_1\h_0p003\D_8_chi_104_energy_magnetization_correlation.txt,0.32,8,104,dimer-plaquette,0.003,-0.003,0,1,-0.4210396817256,1.4168327999997121e-05,-0.49658463999935004,-0.28916526919225,-0.17184934004965,0.3247352999497001,0.6387336727458589,three-distinct/mixed,4d4a6cfe67fdefee83ab5201093b090308abfb5f9827e6a5cf569cc26b3615bf,True,selected variational/high-chi representative
30a43ccb81e7aa,synced_small_h:Results_Izar_replica1,D:\HyraiOn\ENS_Lyon\Internship\2026-EPFL\data\distinVBCsSmallH\Results_Izar_replica1\J2_0.32\D_8\orientation_0\dimer-plaquette\replica_1\h_0p002\D_8_chi_104_energy_magnetization_correlation.txt,0.32,8,104,dimer-plaquette,0.002,-0.002,0,1,-0.4207736045483,1.4144047399966553e-05,-0.4965846006145,-0.2891653046783,-0.17184933998029997,0.3247352606342,0.6387335195171452,three-distinct/mixed,dd8ecde2181424decd397f6b6f58fb459b83d51c313225ed024c7af4cd030f86,True,selected variational/high-chi representative
c00f129dd272d2,synced_small_h:Results_Izar_replica1,D:\HyraiOn\ENS_Lyon\Internship\2026-EPFL\data\distinVBCsSmallH\Results_Izar_replica1\J2_0.32\D_8\orientation_0\dimer-plaquette\replica_1\h_0p001\D_8_chi_104_energy_magnetization_correlation.txt,0.32,8,104,dimer-plaquette,0.001,-0.001,0,1,-0.4205674357365,8.969183700024974e-06,-0.45506800228515004,-0.35310749907399996,-0.15063639578425,0.30443160650090006,0.33492088545953463,three-distinct/mixed,7bd720ed0c8e999595e34eae06b9c0fc81e9efc96fb3007f582d9e0891468de8,False,branch texture flipped
2f6f858ed6ab8d,bundle_replica12:Results_VBC_branches,D:\HyraiOn\ENS_Lyon\Internship\2026-EPFL\6-AD-CTMRG\models\VBCPinningClusterBundle\Results_VBC_branches\J2_0.32\D_8\orientation_0\dimer-plaquette\replica_2\h_0p0\D_8_chi_104_energy_magnetization_correlation.txt,0.32,8,104,dimer-plaquette,0.0,0.0,0,2,-0.4206958427006,4.2939029998301237e-07,-0.4858561502413499,-0.235939971118,-0.23556249512265,0.25029365511869994,0.9984918675019109,dimer-plaquette,f3403b9ad57aba4113921cd35241d4c9241f4b83fae78db12fdcd0c6d74dbdf8,False,higher-energy duplicate/protocol
c875ed8a94049b,izar_j2_sequences:Results_Izar_J2_sequences,D:\HyraiOn\ENS_Lyon\Internship\2026-EPFL\data\distinVBCsJ2Continuation\Results_Izar_J2_sequences\s004_J2_0p3_D_8_dimer-plaquette\right\insurance_1\J2_0p32\D_8_chi_104_energy_magnetization_correlation.txt,0.32,8,104,dimer-plaquette,0.0,0.0,2,0,-0.4207104189825,1.8546298999888577e-06,-0.4842024892481,-0.23860761912500003,-0.23474438416955,0.24945810507854999,0.9845134919379206,dimer-plaquette,5c6da57d4e84dabe21a44ea09983f2d3018ff012611d6d81b3cba918a5ad5bc4,True,selected variational/high-chi representative
6b1210d5a069ef,izar_j2_sequences:Results_Izar_J2_sequences,D:\HyraiOn\ENS_Lyon\Internship\2026-EPFL\data\distinVBCsJ2Continuation\Results_Izar_J2_sequences\s004_J2_0p3_D_8_dimer-plaquette\right\insurance_2\J2_0p32\D_8_chi_104_energy_magnetization_correlation.txt,0.32,8,104,dimer-plaquette,0.0,0.0,2,0,-0.4207088623851,1.3560150000091475e-06,-0.4841779980807999,-0.2377002857534,-0.23572983674144998,0.24844816133934994,0.9920689732565232,dimer-plaquette,46654204741c610f9bb181b735f9778bec91007d4a11b676ec2f41dd5e3f1e34,False,higher-energy duplicate/protocol
0513e44e57f56d,synced_small_h:Results_Izar_replica1,D:\HyraiOn\ENS_Lyon\Internship\2026-EPFL\data\distinVBCsSmallH\Results_Izar_replica1\J2_0.32\D_8\orientation_0\dimer-plaquette\replica_1\h_0\D_8_chi_104_energy_magnetization_correlation.txt,0.32,8,104,dimer-plaquette,0.0,0.0,0,1,-0.4207345061122,1.897614899992739e-06,-0.4090290057285,-0.39447872859395,-0.15532680736495,0.25370219836355,0.05735179761312015,plaquette,134d7e75cd9174f3293c4873ddf31848572760dba2c47985019404be5dddd515,False,branch texture flipped
54cb21f67a044c,synced_large_h:Results_Izar_replica1,D:\HyraiOn\ENS_Lyon\Internship\2026-EPFL\data\distinVBCs\Results_Izar_replica1\J2_0.32\D_8\orientation_0\dimer-plaquette\replica_1\h_0p0\D_8_chi_104_energy_magnetization_correlation.txt,0.32,8,104,dimer-plaquette,0.0,0.0,0,1,-0.4207319760275,1.207017099991159e-06,-0.40938300291220003,-0.39442086791764996,-0.15498485266195,0.25439815025025003,0.05881385135792812,plaquette,d771c95262bcbaeda33842223a5e21fa4eb427ac73f073589d845d08fa43ee85,False,branch texture flipped
f972cca67b6a65,izar_j2_sequences:Results_Izar_J2_sequences,D:\HyraiOn\ENS_Lyon\Internship\2026-EPFL\data\distinVBCsJ2Continuation\Results_Izar_J2_sequences\s003_J2_0p28_D_8_plaquette\right\insurance_1\J2_0p32\D_8_chi_104_energy_magnetization_correlation.txt,0.32,8,104,plaquette,0.0,0.0,0,0,-0.4207334366194,3.1947147999811243e-06,-0.40606936631279994,-0.3973731972702,-0.15550366047925,0.25056570583355,0.034706142301759335,plaquette,59e23cd806e77aa63028e5b336f5d85690a7cfff9d21a0618d91a8c41381519c,True,selected variational/high-chi representative
ecf5530a2959f5,izar_j2_sequences:Results_Izar_J2_sequences,D:\HyraiOn\ENS_Lyon\Internship\2026-EPFL\data\distinVBCsJ2Continuation\Results_Izar_J2_sequences\s003_J2_0p28_D_8_plaquette\right\insurance_2\J2_0p32\D_8_chi_104_energy_magnetization_correlation.txt,0.32,8,104,plaquette,0.0,0.0,0,0,-0.4207323033562,1.8264365999609566e-06,-0.40623638509525,-0.3972058203055,-0.15555167107515,0.2506847140201,0.03602359571483857,plaquette,23dbb265204356763e3dc3b8548579114776ce886c17cfb8755ac54b800aab00,False,higher-energy duplicate/protocol
e071721f25be07,synced_small_h:Results_Izar_replica1,D:\HyraiOn\ENS_Lyon\Internship\2026-EPFL\data\distinVBCsSmallH\Results_Izar_replica1\J2_0.32\D_8\orientation_0\plaquette\replica_1\h_0\D_8_chi_104_energy_magnetization_correlation.txt,0.32,8,104,plaquette,0.0,0.0,0,1,-0.420729430174,2.823243800020858e-06,-0.40537411904935,-0.3992850292843,-0.15403899161815002,0.2513351274312,0.02422697466639171,plaquette,7f087d396f6cfa4308a1fdb85955b4badb768cad72ca9d02e71302f22c39dc8d,False,higher-energy duplicate/protocol
eb47b95395acce,synced_large_h:Results_Izar_replica1,D:\HyraiOn\ENS_Lyon\Internship\2026-EPFL\data\distinVBCs\Results_Izar_replica1\J2_0.32\D_8\orientation_0\plaquette\replica_1\h_0p0\D_8_chi_104_energy_magnetization_correlation.txt,0.32,8,104,plaquette,0.0,0.0,0,1,-0.420732815962,4.340798300028759e-06,-0.40480704740795,-0.39934099280655005,-0.15458703619814998,0.2502200112098,0.021844993831515933,plaquette,f2cc819e5c9ad61ef41e29c5f3fc040ec3b1bc61c6d571ebfdf7ca3e1bd15b70,False,higher-energy duplicate/protocol
45827cbc856831,synced_small_h:Results_Izar_replica1,D:\HyraiOn\ENS_Lyon\Internship\2026-EPFL\data\distinVBCsSmallH\Results_Izar_replica1\J2_0.32\D_8\orientation_0\plaquette\replica_1\h_0p001\D_8_chi_104_energy_magnetization_correlation.txt,0.32,8,104,plaquette,0.001,0.001,0,1,-0.4209768443552,2.8500977999890154e-06,-0.40926619519769997,-0.4067339656395,-0.1410714706313,0.2681947245664,0.009441757522613203,plaquette,ce007a73a8adc4c2663d21e8194ea108788522e0b3617048e21f4d815f5440a3,True,selected variational/high-chi representative
e11d3f171df086,synced_small_h:Results_Izar_replica1,D:\HyraiOn\ENS_Lyon\Internship\2026-EPFL\data\distinVBCsSmallH\Results_Izar_replica1\J2_0.32\D_8\orientation_0\plaquette\replica_1\h_0p002\D_8_chi_104_energy_magnetization_correlation.txt,0.32,8,104,plaquette,0.002,0.002,0,1,-0.4212437800827,2.857384300003485e-06,-0.40926625214985,-0.40673391926804997,-0.14107147565705,0.2681947764928,0.00944214095037765,plaquette,53b568c1e3b6b9f55938b3af0ff6ad1be18396f768871dcc55a731a1ad1cd95c,True,selected variational/high-chi representative
c33a0cf8386367,synced_small_h:Results_Izar_replica1,D:\HyraiOn\ENS_Lyon\Internship\2026-EPFL\data\distinVBCsSmallH\Results_Izar_replica1\J2_0.32\D_8\orientation_0\plaquette\replica_1\h_0p003\D_8_chi_104_energy_magnetization_correlation.txt,0.32,8,104,plaquette,0.003,0.003,0,1,-0.4215135142003,2.367934899993873e-06,-0.41119231362685,-0.4091211857948,-0.13615027995485,0.275042033672,0.007530222942286355,plaquette,f4d0b21b7fee3bb95d0c49f043a2f71b9cab3d0b609b39a5207637a9527a7a0c,True,selected variational/high-chi representative
df429c6b6f1869,synced_small_h:Results_Izar_replica1,D:\HyraiOn\ENS_Lyon\Internship\2026-EPFL\data\distinVBCsSmallH\Results_Izar_replica1\J2_0.32\D_8\orientation_0\plaquette\replica_1\h_0p005\D_8_chi_104_energy_magnetization_correlation.txt,0.32,8,104,plaquette,0.005,0.005,0,1,-0.4220709246986,1.3523077000421324e-06,-0.4150728260265,-0.41426411819954995,-0.12541937245815,0.28965345356835,0.0027919840657421886,plaquette,4ec5ab359525d653153ee022a24f872ad9f53694de8e611304f7712d5aaf7b7e,True,selected variational/high-chi representative
90132c3cba02f1,synced_large_h:Results_Izar_replica1,D:\HyraiOn\ENS_Lyon\Internship\2026-EPFL\data\distinVBCs\Results_Izar_replica1\J2_0.32\D_8\orientation_0\plaquette\replica_1\h_0p01\D_8_chi_104_energy_magnetization_correlation.txt,0.32,8,104,plaquette,0.01,0.01,0,1,-0.4235840400237,3.4508737999927597e-06,-0.42257954305095,-0.4221810145155,-0.10639889198545,0.31618065106550003,0.0012604456790983947,plaquette,dfc9143eec9311dd8db3bcac17c5da44161953c489721b9a9a0005fee8060755,True,selected variational/high-chi representative
436bd05d7cad5b,bundle_replica12:Results_VBC_branches,D:\HyraiOn\ENS_Lyon\Internship\2026-EPFL\6-AD-CTMRG\models\VBCPinningClusterBundle\Results_VBC_branches\J2_0.32\D_8\orientation_0\plaquette\replica_2\h_0p02\D_8_chi_104_energy_magnetization_correlation.txt,0.32,8,104,plaquette,0.02,0.02,0,2,-0.4268095343825,3.6707370004718243e-07,-0.4363049549824,-0.43047603048825,-0.07732906571475999,0.35897588926764,0.01623764901325773,plaquette,73dffafdfc96943e11c241ae77c5c518ac0d585c2dbc5e04dd5035ce5528bc8c,False,higher-energy duplicate/protocol
eb366d24d12ab5,synced_large_h:Results_Izar_replica1,D:\HyraiOn\ENS_Lyon\Internship\2026-EPFL\data\distinVBCs\Results_Izar_replica1\J2_0.32\D_8\orientation_0\plaquette\replica_1\h_0p02\D_8_chi_104_energy_magnetization_correlation.txt,0.32,8,104,plaquette,0.02,0.02,0,1,-0.4269367829376,2.1201523000002886e-06,-0.43238067411915,-0.43226835254284995,-0.079427898231525,0.35295277588762497,0.0003182340074180224,plaquette,2964bd2ed8dcac7019782ccceb000b8cf591335b51667044ff5137b7fcffbe41,True,selected variational/high-chi representative
689ce84c0094ef,bundle_replica12:Results_VBC_branches,D:\HyraiOn\ENS_Lyon\Internship\2026-EPFL\6-AD-CTMRG\models\VBCPinningClusterBundle\Results_VBC_branches\J2_0.32\D_8\orientation_0\plaquette\replica_1\h_0p04\D_8_chi_104_energy_magnetization_correlation.txt,0.32,8,104,plaquette,0.04,0.04,0,1,-0.434451074179,2.651503200001848e-06,-0.44226043994459996,-0.44220809362540003,-0.047768483966100006,0.39449195597849995,0.00013269299514633975,plaquette,52c34710b8f02997c363c475348c81aebf49f98f1be3814ef928e3fa797c9b9f,True,selected variational/high-chi representative
9c468ad7c68981,bundle_replica12:Results_VBC_branches,D:\HyraiOn\ENS_Lyon\Internship\2026-EPFL\6-AD-CTMRG\models\VBCPinningClusterBundle\Results_VBC_branches\J2_0.32\D_8\orientation_0\plaquette\replica_2\h_0p04\D_8_chi_104_energy_magnetization_correlation.txt,0.32,8,104,plaquette,0.04,0.04,0,2,-0.4329179439376,9.91486409995801e-06,-0.45315315469625,-0.4447998633004,-0.0356408722573,0.41751228243895,0.020007294987953915,plaquette,8803f6906098c844e72d6365e73cdee0f2153866d57f655268b54c75517c67d3,False,higher-energy duplicate/protocol
aa56b2cccde849,synced_large_h:Results_Izar_replica1,D:\HyraiOn\ENS_Lyon\Internship\2026-EPFL\data\distinVBCs\Results_Izar_replica1\J2_0.32\D_8\orientation_0\plaquette\replica_1\h_0p04\D_8_chi_104_energy_magnetization_correlation.txt,0.32,8,104,plaquette,0.04,0.04,0,1,-0.4344489098629,1.895855300027005e-06,-0.44231346912714997,-0.4421380404172,-0.047798614181665006,0.394514854945485,0.00044466946618323494,plaquette,acc6576c525c938e640e6050e741e51779b5e110eaef5f5ed2f82b2b29a87c19,False,higher-energy duplicate/protocol
9921560a2c01e9,bundle_replica12:Results_VBC_branches,D:\HyraiOn\ENS_Lyon\Internship\2026-EPFL\6-AD-CTMRG\models\VBCPinningClusterBundle\Results_VBC_branches\J2_0.32\D_8\orientation_0\plaquette\replica_1\h_0p08\D_8_chi_104_energy_magnetization_correlation.txt,0.32,8,104,plaquette,0.08,0.08,0,1,-0.4511759092223,1.988917199990947e-06,-0.45028310703375,-0.4501327333878,-0.013495156288619999,0.43678795074513,0.0003442715067882942,plaquette,34b8baa3ed190b65a3b7faca4c3d25989e028d66a2dac9ca444483505a003bd6,True,selected variational/high-chi representative
5b70cd6a616036,bundle_replica12:Results_VBC_branches,D:\HyraiOn\ENS_Lyon\Internship\2026-EPFL\6-AD-CTMRG\models\VBCPinningClusterBundle\Results_VBC_branches\J2_0.32\D_8\orientation_0\plaquette\replica_2\h_0p08\D_8_chi_104_energy_magnetization_correlation.txt,0.32,8,104,plaquette,0.08,0.08,0,2,-0.009550040422749,0.0008157932181910004,-0.01215199563213,-0.0076176391962174995,-0.001192512374155,0.010959483257975,0.4137381598364082,three-distinct/mixed,2a8a2ccefb7d826257b25afc694f71d7a2381e704e7beafb855b2b663eaad30d,False,energy outside original-2C3 physical envelope
989232cc59c333,synced_large_h:Results_Izar_replica1,D:\HyraiOn\ENS_Lyon\Internship\2026-EPFL\data\distinVBCs\Results_Izar_replica1\J2_0.32\D_8\orientation_0\plaquette\replica_1\h_0p08\D_8_chi_104_energy_magnetization_correlation.txt,0.32,8,104,plaquette,0.08,0.08,0,1,-0.4511679627849,1.0671285999852564e-06,-0.45026934853844996,-0.4502088897225,-0.013507906162715,0.43676144237573494,0.0001384252593843861,plaquette,aea05b807a7821f23bdfc2846d74bb7ed1909931edbbbc554558d50882d5bc43,False,higher-energy duplicate/protocol
b429efc4acfe25,bundle_replica12:Results_VBC_branches,D:\HyraiOn\ENS_Lyon\Internship\2026-EPFL\6-AD-CTMRG\models\VBCPinningClusterBundle\Results_VBC_branches\J2_0.32\D_9\orientation_2\dimer-plaquette\replica_2\h_0p08\D_9_chi_108_energy_magnetization_correlation.txt,0.32,9,108,dimer-plaquette,0.08,-0.08,2,2,-0.006249375522205,0.0008081874121709997,-0.009255247219285,-0.0036335635096190005,-0.002020775293103,0.007234471926181999,0.777068978500114,dimer-plaquette,c891132ace3b709ee4cae5a894a56c6e59d46ba83d20f82330561dda0a22c3f2,False,energy outside original-2C3 physical envelope
54a2fde9962cfc,synced_large_h:Results_Izar_replica1,D:\HyraiOn\ENS_Lyon\Internship\2026-EPFL\data\distinVBCs\Results_Izar_replica1\J2_0.32\D_9\orientation_2\dimer-plaquette\replica_1\h_0p08\D_9_chi_108_energy_magnetization_correlation.txt,0.32,9,108,dimer-plaquette,0.08,-0.08,2,1,-0.4563248469426,5.9662863999832005e-06,-0.6773665340695,-0.10500309392634999,-0.1044487824307,0.5729177516388,0.9990324763125868,dimer-plaquette,48910677e74269a41424d31fd7b86bbf95b6af9f8fcb09c368beb4a8ad87138c,True,selected variational/high-chi representative
0ef16f2d932ffa,bundle_replica12:Results_VBC_branches,D:\HyraiOn\ENS_Lyon\Internship\2026-EPFL\6-AD-CTMRG\models\VBCPinningClusterBundle\Results_VBC_branches\J2_0.32\D_9\orientation_2\dimer-plaquette\replica_2\h_0p04\D_9_chi_108_energy_magnetization_correlation.txt,0.32,9,108,dimer-plaquette,0.04,-0.04,2,2,-0.4354919633917,2.630902000144708e-07,-0.6155283970593001,-0.15549228205905,-0.15543749844910001,0.4600908986102,0.9998809287249206,dimer-plaquette,3e511c045daec856d7a8b4675da58867c5e96735cd905d97789483529768a9a3,False,higher-energy duplicate/protocol
0190ef313afe56,synced_large_h:Results_Izar_replica1,D:\HyraiOn\ENS_Lyon\Internship\2026-EPFL\data\distinVBCs\Results_Izar_replica1\J2_0.32\D_9\orientation_2\dimer-plaquette\replica_1\h_0p04\D_9_chi_108_energy_magnetization_correlation.txt,0.32,9,108,dimer-plaquette,0.04,-0.04,2,1,-0.4354982391485,3.8426642400002375e-05,-0.6157114498459001,-0.15598993458255,-0.1547866759806,0.46092477386530006,0.9973894685853844,dimer-plaquette,800845f0505f325da1f330391f27c1434c2ad587953391a5048f9bbce501a95e,True,selected variational/high-chi representative
5a4ac4ef89cba7,bundle_replica12:Results_VBC_branches,D:\HyraiOn\ENS_Lyon\Internship\2026-EPFL\6-AD-CTMRG\models\VBCPinningClusterBundle\Results_VBC_branches\J2_0.32\D_9\orientation_2\dimer-plaquette\replica_2\h_0p02\D_9_chi_108_energy_magnetization_correlation.txt,0.32,9,108,dimer-plaquette,0.02,-0.02,2,2,-0.4270933475426,1.0734327999806226e-06,-0.5653757071377,-0.18926586191405,-0.1890832552453,0.3762924518924,0.9995147214146027,dimer-plaquette,1ab60be66ce65796f152349f9c84dcd9e6f5803a7ee261eb77529e136a1dce5d,True,selected variational/high-chi representative
f1dfb8eaeb8d74,synced_large_h:Results_Izar_replica1,D:\HyraiOn\ENS_Lyon\Internship\2026-EPFL\data\distinVBCs\Results_Izar_replica1\J2_0.32\D_9\orientation_2\dimer-plaquette\replica_1\h_0p02\D_9_chi_108_energy_magnetization_correlation.txt,0.32,9,108,dimer-plaquette,0.02,-0.02,2,1,-0.427092311829,2.363843709995983e-05,-0.5654228375554,-0.18962102909120002,-0.1888694213854,0.37655341617000004,0.9980039811789657,dimer-plaquette,c7a0b9957d0a5613ad0b246e74e0194c6ec03c374b08ed69d67f546b88e50f31,False,higher-energy duplicate/protocol
09830853dce916,synced_large_h:Results_Izar_replica1,D:\HyraiOn\ENS_Lyon\Internship\2026-EPFL\data\distinVBCs\Results_Izar_replica1\J2_0.32\D_9\orientation_2\dimer-plaquette\replica_1\h_0p01\D_9_chi_108_energy_magnetization_correlation.txt,0.32,9,108,dimer-plaquette,0.01,-0.01,2,1,-0.4236025368616,2.4998654599983627e-05,-0.5310255969565,-0.21196892228215,-0.20839680396159999,0.3226287929949,0.9889280857812138,dimer-plaquette,2b4fe74401511650163b78b5afc3874262944f0638045b27616feefb4e079209,True,selected variational/high-chi representative
21589ad1cea340,izar_j2_sequences:Results_Izar_J2_sequences,D:\HyraiOn\ENS_Lyon\Internship\2026-EPFL\data\distinVBCsJ2Continuation\Results_Izar_J2_sequences\s006_J2_0p33_D_9_dimer-plaquette\left\insurance_1\J2_0p32\D_9_chi_108_energy_magnetization_correlation.txt,0.32,9,108,dimer-plaquette,0.0,0.0,1,0,-0.4207920477476,1.661434419997221e-05,-0.47161979960014994,-0.24758134473579999,-0.2398601755823,0.23175962401784994,0.9666845802575805,dimer-plaquette,d54e3b0020d895e4623debab7287c53b3814afc22e419e9312aded74bd7ef6de,False,higher-energy duplicate/protocol
b38e634879512d,izar_j2_sequences:Results_Izar_J2_sequences,D:\HyraiOn\ENS_Lyon\Internship\2026-EPFL\data\distinVBCsJ2Continuation\Results_Izar_J2_sequences\s006_J2_0p33_D_9_dimer-plaquette\left\insurance_2\J2_0p32\D_9_chi_108_energy_magnetization_correlation.txt,0.32,9,108,dimer-plaquette,0.0,0.0,1,0,-0.4207984687708,1.880694820000084e-05,-0.47262932788195,-0.24735909506385,-0.23876021392475,0.2338691139572,0.963232078859829,dimer-plaquette,1b5edcb12b0230d2946d8339f213a39ad5ab5f701a29e20c4f0eeb3fc5bf1149,False,higher-energy duplicate/protocol
2a1991c86daf35,izar_j2_sequences:Results_Izar_J2_sequences,D:\HyraiOn\ENS_Lyon\Internship\2026-EPFL\data\distinVBCsJ2Continuation\Results_Izar_J2_sequences\s101_J2_0p28_D_9_dimer-plaquette\right\insurance_1\J2_0p32\D_9_chi_108_energy_magnetization_correlation.txt,0.32,9,108,dimer-plaquette,0.0,0.0,2,0,-0.4209097082142,1.3755339599963445e-05,-0.45357810887225,-0.26577696806765,-0.24003547730344998,0.2135426315688,0.879455026965393,dimer-plaquette,878c25a899b5fd4c2b05cdd55fc5c75668014f31cb42b9054ebaaeabf5a9254a,False,higher-energy duplicate/protocol
2daa90fd952447,izar_j2_sequences:Results_Izar_J2_sequences,D:\HyraiOn\ENS_Lyon\Internship\2026-EPFL\data\distinVBCsJ2Continuation\Results_Izar_J2_sequences\s101_J2_0p28_D_9_dimer-plaquette\right\insurance_2\J2_0p32\D_9_chi_108_energy_magnetization_correlation.txt,0.32,9,108,dimer-plaquette,0.0,0.0,2,0,-0.4209100051654,1.499802790000393e-05,-0.45502443228625,-0.26361408068205,-0.24075551063269998,0.21426892165355002,0.8933183129268281,dimer-plaquette,8c2f05fa4af6c0f7c484c391415e1f6b7ab4f50b4c772a5ef197262c24504115,False,higher-energy duplicate/protocol
f7e5002c22da1e,izar_j2_sequences:Results_Izar_J2_sequences,D:\HyraiOn\ENS_Lyon\Internship\2026-EPFL\data\distinVBCsJ2Continuation\Results_Izar_J2_sequences\s102_J2_0p3_D_9_dimer-plaquette\right\insurance_1\J2_0p32\D_9_chi_108_energy_magnetization_correlation.txt,0.32,9,108,dimer-plaquette,0.0,0.0,0,0,-0.4209447191085,2.128513440002866e-05,-0.46274331218410003,-0.26283590556495,-0.23316063004269996,0.22958268214140007,0.8707425349096103,dimer-plaquette,ec94419e5d70e36441e7a9e60772fc180b586488c87efce7dcf50e9e8ac0bcb7,True,selected variational/high-chi representative
6026949a917b5d,izar_j2_sequences:Results_Izar_J2_sequences,D:\HyraiOn\ENS_Lyon\Internship\2026-EPFL\data\distinVBCsJ2Continuation\Results_Izar_J2_sequences\s102_J2_0p3_D_9_dimer-plaquette\right\insurance_2\J2_0p32\D_9_chi_108_energy_magnetization_correlation.txt,0.32,9,108,dimer-plaquette,0.0,0.0,0,0,-0.4209273247182,3.892548499973003e-06,-0.46272158294704996,-0.26124387404735,-0.2346704505097,0.22805113243734995,0.8834760290219115,dimer-plaquette,add0891fe1e3ad0772806d3aff5b64b8b9385fbe7d4654d0ddc77c0663d70acb,False,higher-energy duplicate/protocol
cfb4ca875aa60d,synced_large_h:Results_Izar_replica1,D:\HyraiOn\ENS_Lyon\Internship\2026-EPFL\data\distinVBCs\Results_Izar_replica1\J2_0.32\D_9\orientation_2\dimer-plaquette\replica_1\h_0p0\D_9_chi_108_energy_magnetization_correlation.txt,0.32,9,108,dimer-plaquette,0.0,0.0,2,1,-0.4208959897026,1.10623848000313e-05,-0.4221538373272,-0.36003109706229997,-0.176526848973,0.24562698835420002,0.25291496134503577,three-distinct/mixed,405e6caad3a311a9d441e13c254c942f375a3eff60fcdc376c52d48fca67402b,False,branch texture flipped
65ce4ce0753b43,izar_j2_sequences:Results_Izar_J2_sequences,D:\HyraiOn\ENS_Lyon\Internship\2026-EPFL\data\distinVBCsJ2Continuation\Results_Izar_J2_sequences\s005_J2_0p3_D_9_plaquette\right\insurance_1\J2_0p32\D_9_chi_108_energy_magnetization_correlation.txt,0.32,9,108,plaquette,0.0,0.0,0,0,-0.4209349773521,4.014919500028302e-06,-0.3927870643016,-0.39146392066855,-0.17456626928765004,0.21822079501394995,0.006063325142617088,plaquette,edbe29b6f9687d25855a56d4a5790c0dd5b8cd209cd7c968ae33aa25ccc18a40,False,higher-energy duplicate/protocol
8d50737a0421fc,izar_j2_sequences:Results_Izar_J2_sequences,D:\HyraiOn\ENS_Lyon\Internship\2026-EPFL\data\distinVBCsJ2Continuation\Results_Izar_J2_sequences\s005_J2_0p3_D_9_plaquette\right\insurance_2\J2_0p32\D_9_chi_108_energy_magnetization_correlation.txt,0.32,9,108,plaquette,0.0,0.0,0,0,-0.4209380740329,6.989949800029205e-06,-0.39272068767015006,-0.39217670581725,-0.17377572835135002,0.21894495931880004,0.00248455983911453,plaquette,46dad266e8ae2c937e9a010d9f4572a24b45e38e72471aea576a3f5c7812d0c0,True,selected variational/high-chi representative
a891b32f52f663,izar_j2_sequences:Results_Izar_J2_sequences,D:\HyraiOn\ENS_Lyon\Internship\2026-EPFL\data\distinVBCsJ2Continuation\Results_Izar_J2_sequences\s103_J2_0p31_D_9_plaquette\right\insurance_1\J2_0p32\D_9_chi_108_energy_magnetization_correlation.txt,0.32,9,108,plaquette,0.0,0.0,0,0,-0.420894142858,3.535650499986165e-06,-0.39703611118490006,-0.3906726845287,-0.17145126566354998,0.22558484552135008,0.028208573326339817,plaquette,0ea5292d043e315511b6b6cfe0bf1df875ec0b29f2efd33afc522994dd249c4c,False,higher-energy duplicate/protocol
2dc083643cd88d,izar_j2_sequences:Results_Izar_J2_sequences,D:\HyraiOn\ENS_Lyon\Internship\2026-EPFL\data\distinVBCsJ2Continuation\Results_Izar_J2_sequences\s103_J2_0p31_D_9_plaquette\right\insurance_2\J2_0p32\D_9_chi_108_energy_magnetization_correlation.txt,0.32,9,108,plaquette,0.0,0.0,0,0,-0.42089742886,7.097378800002829e-06,-0.39729893376765,-0.3904288145482,-0.17137627094445,0.22592266282320003,0.03040916362085534,plaquette,b15e37c4e313eab15331ab7602de372994ecebd8a242dcf5d2a3d7202e98c058,False,higher-energy duplicate/protocol
4a3b97648e2a7a,synced_large_h:Results_Izar_replica1,D:\HyraiOn\ENS_Lyon\Internship\2026-EPFL\data\distinVBCs\Results_Izar_replica1\J2_0.32\D_9\orientation_2\plaquette\replica_1\h_0p0\D_9_chi_108_energy_magnetization_correlation.txt,0.32,9,108,plaquette,0.0,0.0,2,1,-0.4209318215406,5.957298199965599e-06,-0.4018362197429,-0.38859852991610006,-0.16781414257420002,0.2340220771687,0.05656598722204007,plaquette,b8b93df082f830bf44f5de59bc1803ca3d7b648164a212ae738a364b85987d95,False,higher-energy duplicate/protocol
c79e6e1c437f89,synced_large_h:Results_Izar_replica1,D:\HyraiOn\ENS_Lyon\Internship\2026-EPFL\data\distinVBCs\Results_Izar_replica1\J2_0.32\D_9\orientation_2\plaquette\replica_1\h_0p01\D_9_chi_108_energy_magnetization_correlation.txt,0.32,9,108,plaquette,0.01,0.01,2,1,-0.4236937171638,5.303095599984431e-06,-0.42113580545124996,-0.4211140407676,-0.10813747165095,0.31299833380029995,6.953610067405669e-05,plaquette,1c326b83ff1bec36fda2a6ce17d822071ef47cc4c006b9b09a7b65bd7dee78df,True,selected variational/high-chi representative
4120deeca6dd6c,bundle_replica12:Results_VBC_branches,D:\HyraiOn\ENS_Lyon\Internship\2026-EPFL\6-AD-CTMRG\models\VBCPinningClusterBundle\Results_VBC_branches\J2_0.32\D_9\orientation_2\plaquette\replica_2\h_0p02\D_9_chi_108_energy_magnetization_correlation.txt,0.32,9,108,plaquette,0.02,0.02,2,2,-0.4263400032173,4.457173100047562e-06,-0.43749660507820004,-0.4368695183238,-0.07084558002955,0.36665102504865005,0.0017103095629334045,plaquette,07c14552e6447a0e260bfe41324901fb38ad80a603f0ae359e7496dd72dfbbba,False,higher-energy duplicate/protocol
09bc3ea4954184,synced_large_h:Results_Izar_replica1,D:\HyraiOn\ENS_Lyon\Internship\2026-EPFL\data\distinVBCs\Results_Izar_replica1\J2_0.32\D_9\orientation_2\plaquette\replica_1\h_0p02\D_9_chi_108_energy_magnetization_correlation.txt,0.32,9,108,plaquette,0.02,0.02,2,1,-0.4270248622258,6.727353999980146e-06,-0.4319283628109,-0.43101618289970006,-0.080727309417495,0.351201053393405,0.002597315419148714,plaquette,d530afdf794b83bf7dc8a51a276c0d34c78b0cf6b9a533ef173bf089ee259e19,True,selected variational/high-chi representative
a84bc7be807d3c,bundle_replica12:Results_VBC_branches,D:\HyraiOn\ENS_Lyon\Internship\2026-EPFL\6-AD-CTMRG\models\VBCPinningClusterBundle\Results_VBC_branches\J2_0.32\D_9\orientation_2\plaquette\replica_2\h_0p04\D_9_chi_108_energy_magnetization_correlation.txt,0.32,9,108,plaquette,0.04,0.04,2,2,-0.4237208587447,8.917301080002549e-05,-0.46175525583465,-0.44651372243,-0.03067130703317,0.43108394880148,0.03535629996668919,plaquette,f48e13d1b8119056121771f35604967986f88764981d35d38b98f0e3c9cfb2dd,False,higher-energy duplicate/protocol
fd0499de368724,synced_large_h:Results_Izar_replica1,D:\HyraiOn\ENS_Lyon\Internship\2026-EPFL\data\distinVBCs\Results_Izar_replica1\J2_0.32\D_9\orientation_2\plaquette\replica_1\h_0p04\D_9_chi_108_energy_magnetization_correlation.txt,0.32,9,108,plaquette,0.04,0.04,2,1,-0.4345068663057,4.9748763000234675e-06,-0.4422323585549,-0.4418774126228,-0.04776595474637,0.39446640380853,0.0008998128324061049,plaquette,a444cbec6643264ecc87bce26b97d0c622c7312df8799730abff4bd1b2f71700,True,selected variational/high-chi representative
27468b36914459,bundle_replica12:Results_VBC_branches,D:\HyraiOn\ENS_Lyon\Internship\2026-EPFL\6-AD-CTMRG\models\VBCPinningClusterBundle\Results_VBC_branches\J2_0.32\D_9\orientation_2\plaquette\replica_2\h_0p08\D_9_chi_108_energy_magnetization_correlation.txt,0.32,9,108,plaquette,0.08,0.08,2,2,-0.007892521388676,0.0008101654844519992,-0.01062825294414,-0.0045075384449979996,-0.0012975564498155,0.009330696494324501,0.6559761645730298,three-distinct/mixed,e2523837b8ce518232c915efa79fcbd8a84783c9eeb292323a4b3235c0abfd42,False,energy outside original-2C3 physical envelope
55d633e4e33384,synced_large_h:Results_Izar_replica1,D:\HyraiOn\ENS_Lyon\Internship\2026-EPFL\data\distinVBCs\Results_Izar_replica1\J2_0.32\D_9\orientation_2\plaquette\replica_1\h_0p08\D_9_chi_108_energy_magnetization_correlation.txt,0.32,9,108,plaquette,0.08,0.08,2,1,-0.4512193019946,4.8967307999525644e-06,-0.45018964875414996,-0.44984562700855,-0.013692303444310001,0.43649734530983997,0.0007881416675186078,plaquette,23e367d7854325930bdc76d026e94e173d64c9bf8681ed7254c143ecdce1c51e,True,selected variational/high-chi representative
c03aa332c18b66,synced_small_h:Results_Izar_replica1,D:\HyraiOn\ENS_Lyon\Internship\2026-EPFL\data\distinVBCsSmallH\Results_Izar_replica1\J2_0.33\D_6\orientation_2\dimer-plaquette\replica_1\h_0p005\D_6_chi_72_energy_magnetization_correlation.txt,0.33,6,72,dimer-plaquette,0.005,-0.005,2,1,-0.4194591605574,1.0455616000215606e-06,-0.52907819790385,-0.21173935894905002,-0.21039098084404997,0.3186872170598001,0.9957689608091589,dimer-plaquette,231b9b6f0c928e872cdf66859fbae7ed82081d4b4656693482b9ffb68ae760e0,True,selected variational/high-chi representative
4c41e9b1d14f33,synced_small_h:Results_Izar_replica1,D:\HyraiOn\ENS_Lyon\Internship\2026-EPFL\data\distinVBCsSmallH\Results_Izar_replica1\J2_0.33\D_6\orientation_2\dimer-plaquette\replica_1\h_0p003\D_6_chi_72_energy_magnetization_correlation.txt,0.33,6,72,dimer-plaquette,0.003,-0.003,2,1,-0.4188356243825,4.6124319996732055e-07,-0.52115918764905,-0.21608989674925003,-0.21539067927769998,0.30576850837135006,0.9977132456338476,dimer-plaquette,2d8bb74a634546c12254c65fa11ac7437e7fe210e5d6a860f87ee2772676ebb8,True,selected variational/high-chi representative
915a43206f5de1,synced_small_h:Results_Izar_replica1,D:\HyraiOn\ENS_Lyon\Internship\2026-EPFL\data\distinVBCsSmallH\Results_Izar_replica1\J2_0.33\D_6\orientation_2\dimer-plaquette\replica_1\h_0p002\D_6_chi_72_energy_magnetization_correlation.txt,0.33,6,72,dimer-plaquette,0.002,-0.002,2,1,-0.4185334627128,4.496830000033647e-07,-0.51709222180345,-0.2186671033677,-0.2175808674516,0.29951135435185006,0.9963733063861614,dimer-plaquette,236741472f9793941238a9edb1e28e5b70127eb5e77d166f75d44eca9f5e14a2,True,selected variational/high-chi representative
c6b6958b9cfd78,synced_small_h:Results_Izar_replica1,D:\HyraiOn\ENS_Lyon\Internship\2026-EPFL\data\distinVBCsSmallH\Results_Izar_replica1\J2_0.33\D_6\orientation_2\dimer-plaquette\replica_1\h_0p001\D_6_chi_72_energy_magnetization_correlation.txt,0.33,6,72,dimer-plaquette,0.001,-0.001,2,1,-0.4182379939798,6.369291999930304e-07,-0.51280530134325,-0.22129686330190002,-0.21994295075899997,0.29286235058425003,0.9953769662088723,dimer-plaquette,04f1dcb1d697a3d2ba0e154556014a10d2f01e46be055f7bf2bd0378b90efdd3,True,selected variational/high-chi representative
c814a0426e91a8,synced_small_h:Results_Izar_replica1,D:\HyraiOn\ENS_Lyon\Internship\2026-EPFL\data\distinVBCsSmallH\Results_Izar_replica1\J2_0.33\D_6\orientation_2\dimer-plaquette\replica_1\h_0\D_6_chi_72_energy_magnetization_correlation.txt,0.33,6,72,dimer-plaquette,0.0,0.0,2,1,-0.4179491472139,2.623405999657713e-07,-0.5085723166203501,-0.22402358637225003,-0.2220948873714,0.28647742924895003,0.9932675359245353,dimer-plaquette,1cf396d01993b283701475129fe8c46a5fef3d083000ba185cf455da9c724089,True,selected variational/high-chi representative
f5f17f56b52be2,synced_small_h:Results_Izar_replica1,D:\HyraiOn\ENS_Lyon\Internship\2026-EPFL\data\distinVBCsSmallH\Results_Izar_replica1\J2_0.33\D_6\orientation_2\plaquette\replica_1\h_0\D_6_chi_72_energy_magnetization_correlation.txt,0.33,6,72,plaquette,0.0,0.0,2,1,-0.4179742863416,3.282614000066353e-07,-0.50693024570085,-0.22543618307585,-0.2220585838514,0.28487166184945,0.9881434355298034,dimer-plaquette,95cafa328ba15e7024f9573858c2d2bfaef89016cffb6a92ecba546850056725,False,branch texture flipped
3bd93c7c5181e4,synced_small_h:Results_Izar_replica1,D:\HyraiOn\ENS_Lyon\Internship\2026-EPFL\data\distinVBCsSmallH\Results_Izar_replica1\J2_0.33\D_6\orientation_2\plaquette\replica_1\h_0p001\D_6_chi_72_energy_magnetization_correlation.txt,0.33,6,72,plaquette,0.001,0.001,2,1,-0.4181875623898,3.617289000001911e-07,-0.49156804121075,-0.31136481607085004,-0.15023639171325,0.34133164949749994,0.527941740548205,three-distinct/mixed,1929b1c5c217a1f172880e063f8c76bfc59d501f2f0e8b1a2095166fe96ce557,True,selected variational/high-chi representative
7bc0d4e2a3fb6c,synced_small_h:Results_Izar_replica1,D:\HyraiOn\ENS_Lyon\Internship\2026-EPFL\data\distinVBCsSmallH\Results_Izar_replica1\J2_0.33\D_6\orientation_2\plaquette\replica_1\h_0p002\D_6_chi_72_energy_magnetization_correlation.txt,0.33,6,72,plaquette,0.002,0.002,2,1,-0.4184518975317,4.008912999897696e-07,-0.481123425716,-0.34039425228079995,-0.1305941946233,0.35052923109269996,0.40147628486362436,three-distinct/mixed,fa8c760f721e8e4327a171b87164732648e6e4151c2843f66860cdd583aa8e05,True,selected variational/high-chi representative
33de3a0d2a6027,synced_small_h:Results_Izar_replica1,D:\HyraiOn\ENS_Lyon\Internship\2026-EPFL\data\distinVBCsSmallH\Results_Izar_replica1\J2_0.33\D_6\orientation_2\plaquette\replica_1\h_0p003\D_6_chi_72_energy_magnetization_correlation.txt,0.33,6,72,plaquette,0.003,0.003,2,1,-0.418739508127,4.970094000245062e-07,-0.47475716021335,-0.3558364898364,-0.1206252937872,0.35413186642615,0.33580900690209287,three-distinct/mixed,f631881cdd3b62c0f1c112abff7dcbe5642ad6d17b0913305a7140a941e3ef18,True,selected variational/high-chi representative
78928a4c14712c,synced_small_h:Results_Izar_replica1,D:\HyraiOn\ENS_Lyon\Internship\2026-EPFL\data\distinVBCsSmallH\Results_Izar_replica1\J2_0.33\D_6\orientation_2\plaquette\replica_1\h_0p005\D_6_chi_72_energy_magnetization_correlation.txt,0.33,6,72,plaquette,0.005,0.005,2,1,-0.419347671587,7.44755900006222e-07,-0.4661656582486,-0.37620824354385,-0.1071846114655,0.3589810467831,0.2505909866575858,three-distinct/mixed,77fd667f0d0e5c21aa41ccb7559fa4a1d10ba5adf80abaaa1451a8aa99f48416,True,selected variational/high-chi representative
af5fc62246d2f8,synced_large_h:Results_Izar_replica1,D:\HyraiOn\ENS_Lyon\Internship\2026-EPFL\data\distinVBCs\Results_Izar_replica1\J2_0.33\D_6\orientation_2\plaquette\replica_1\h_0p04\D_6_chi_72_energy_magnetization_correlation.txt,0.33,6,72,plaquette,0.04,0.04,2,1,-0.432238644968,1.531894900042019e-06,-0.4499605422247,-0.44057815110429993,-0.03732579233471,0.41263474988999,0.022737762931748843,plaquette,b745642255599536434aaeea49e958c107dc1b8898508283f8c3f5127b80c349,True,selected variational/high-chi representative
49762d76f35bb0,synced_large_h:Results_Izar_replica1,D:\HyraiOn\ENS_Lyon\Internship\2026-EPFL\data\distinVBCs\Results_Izar_replica1\J2_0.33\D_6\orientation_2\plaquette\replica_1\h_0p08\D_6_chi_72_energy_magnetization_correlation.txt,0.33,6,72,plaquette,0.08,0.08,2,1,-0.4492996287451,1.5454141999993176e-06,-0.45231524003420004,-0.45077863306065,-0.006754007771039,0.445561232263161,0.003448699891920693,plaquette,5cfe5b12019fb94fd79325227b64f8eb3349124ac1eca123a8b4d9d25b147e53,True,selected variational/high-chi representative
aa8f19a5caae21,synced_large_h:Results_Izar_replica1,D:\HyraiOn\ENS_Lyon\Internship\2026-EPFL\data\distinVBCs\Results_Izar_replica1\J2_0.33\D_7\orientation_0\dimer-plaquette\replica_1\h_0p08\D_7_chi_91_energy_magnetization_correlation.txt,0.33,7,91,dimer-plaquette,0.08,-0.08,0,1,-0.4552904838903,3.544840004865435e-08,-0.6818363460596499,-0.09811208433160501,-0.098108710717905,0.5837276353417449,0.9999942205688138,dimer-plaquette,55e2d13654ed8750090f2268435e3a15190bb12ed94bd3f3d216a7d1dfa10f1f,True,selected variational/high-chi representative
aa97e485d62587,synced_large_h:Results_Izar_replica1,D:\HyraiOn\ENS_Lyon\Internship\2026-EPFL\data\distinVBCs\Results_Izar_replica1\J2_0.33\D_7\orientation_0\dimer-plaquette\replica_1\h_0p04\D_7_chi_91_energy_magnetization_correlation.txt,0.33,7,91,dimer-plaquette,0.04,-0.04,0,1,-0.433949914444,2.1039519998433676e-07,-0.62180772353945,-0.14860096788455,-0.14855629649100002,0.47325142704845,0.9999056074826258,dimer-plaquette,d57261c6683aab1297aa17a8e2eaf37ca436350b609eac99cb7604bf5dd1dfe4,True,selected variational/high-chi representative
2ef293edfc8193,synced_small_h:Results_Izar_replica1,D:\HyraiOn\ENS_Lyon\Internship\2026-EPFL\data\distinVBCsSmallH\Results_Izar_replica1\J2_0.33\D_7\orientation_0\dimer-plaquette\replica_1\h_0p005\D_7_chi_91_energy_magnetization_correlation.txt,0.33,7,91,dimer-plaquette,0.005,-0.005,0,1,-0.4199858986899,6.622986000182074e-07,-0.5225145637404499,-0.2132067584669,-0.2121996634461,0.31031490029434994,0.9967546030827243,dimer-plaquette,ad2f319e2ad8e15f029a916dd8d5011db5c35689a24c9ade251d5834b1f57ff8,True,selected variational/high-chi representative
8c1ffef663bf72,synced_small_h:Results_Izar_replica1,D:\HyraiOn\ENS_Lyon\Internship\2026-EPFL\data\distinVBCsSmallH\Results_Izar_replica1\J2_0.33\D_7\orientation_0\dimer-plaquette\replica_1\h_0p003\D_7_chi_91_energy_magnetization_correlation.txt,0.33,7,91,dimer-plaquette,0.003,-0.003,0,1,-0.419380364457,8.12716999976093e-07,-0.5143227162531,-0.2176027603713,-0.21725278981075,0.29706992644235,0.9988219253132044,dimer-plaquette,c00455a2b49b310c605cf68f26379e6f0cc42840fdb60ac05d22ef17a8e4386e,True,selected variational/high-chi representative
2937afe5d1d388,synced_small_h:Results_Izar_replica1,D:\HyraiOn\ENS_Lyon\Internship\2026-EPFL\data\distinVBCsSmallH\Results_Izar_replica1\J2_0.33\D_7\orientation_0\dimer-plaquette\replica_1\h_0p002\D_7_chi_91_energy_magnetization_correlation.txt,0.33,7,91,dimer-plaquette,0.002,-0.002,0,1,-0.4190876351531,7.819692000032852e-07,-0.51000474605425,-0.22012991699999998,-0.2196702055573,0.29033454049694996,0.9984166147027732,dimer-plaquette,f69db1f17ceecfa72e5edfdd79199873dcca6b9659a77b473bbb2c773c8f6eeb,True,selected variational/high-chi representative
c32ea7e17686bb,synced_small_h:Results_Izar_replica1,D:\HyraiOn\ENS_Lyon\Internship\2026-EPFL\data\distinVBCsSmallH\Results_Izar_replica1\J2_0.33\D_7\orientation_0\dimer-plaquette\replica_1\h_0p001\D_7_chi_91_energy_magnetization_correlation.txt,0.33,7,91,dimer-plaquette,0.001,-0.001,0,1,-0.4188008148883,6.932966999939616e-07,-0.50577002366735,-0.2227199552325,-0.22185287924029998,0.28391714442705007,0.9969460245384272,dimer-plaquette,fc84fc335ac4aad236c897a7450acb88020f7953c2bd7fcd177588a7767d05c6,True,selected variational/high-chi representative
ded2b8a733bb31,synced_small_h:Results_Izar_replica1,D:\HyraiOn\ENS_Lyon\Internship\2026-EPFL\data\distinVBCsSmallH\Results_Izar_replica1\J2_0.33\D_7\orientation_0\dimer-plaquette\replica_1\h_0\D_7_chi_91_energy_magnetization_correlation.txt,0.33,7,91,dimer-plaquette,0.0,0.0,0,1,-0.4185212001619,5.858422999494017e-07,-0.5011260547138999,-0.22626163570494998,-0.22354835569915,0.27757769901474993,0.99022515131644,dimer-plaquette,0391a2dc898f0174ada0224ecf4c0d1ce6321801b98ad53d3c7f7a70f47bb5ac,True,selected variational/high-chi representative
f71afcbd1453f7,synced_small_h:Results_Izar_replica1,D:\HyraiOn\ENS_Lyon\Internship\2026-EPFL\data\distinVBCsSmallH\Results_Izar_replica1\J2_0.33\D_7\orientation_0\plaquette\replica_1\h_0\D_7_chi_91_energy_magnetization_correlation.txt,0.33,7,91,plaquette,0.0,0.0,0,1,-0.4185093913333,5.231417999906895e-07,-0.47509316497565,-0.3204971537599,-0.155206936332,0.31988622864365,0.48328435979020645,three-distinct/mixed,cc4bf89ce375621bd21daf0703b3bb6003f94e2aa736028c4316443c5dfc652b,True,selected variational/high-chi representative
96d47e1c7d49b1,synced_small_h:Results_Izar_replica1,D:\HyraiOn\ENS_Lyon\Internship\2026-EPFL\data\distinVBCsSmallH\Results_Izar_replica1\J2_0.33\D_7\orientation_0\plaquette\replica_1\h_0p001\D_7_chi_91_energy_magnetization_correlation.txt,0.33,7,91,plaquette,0.001,0.001,0,1,-0.4187678167001,2.739910999749462e-07,-0.44700416264475,-0.37442179096539996,-0.12849130370960002,0.31851285893515,0.22787893688815872,plaquette,48c3297e8420fe4c99de7724dcd22e5d54f44a95c5369824ed34b47fda685ae3,True,selected variational/high-chi representative
b1f7c60a7dae95,synced_small_h:Results_Izar_replica1,D:\HyraiOn\ENS_Lyon\Internship\2026-EPFL\data\distinVBCsSmallH\Results_Izar_replica1\J2_0.33\D_7\orientation_0\plaquette\replica_1\h_0p002\D_7_chi_91_energy_magnetization_correlation.txt,0.33,7,91,plaquette,0.002,0.002,0,1,-0.4190550717372,3.722009000450832e-07,-0.4422541184902,-0.38514333051344996,-0.12175004701929999,0.32050407147090004,0.17819052255607742,plaquette,8653fc8ef974392dedfe27915c42168da253144a57a0b3b9bb00dede1b6a30e7,True,selected variational/high-chi representative
770345fc984043,synced_small_h:Results_Izar_replica1,D:\HyraiOn\ENS_Lyon\Internship\2026-EPFL\data\distinVBCsSmallH\Results_Izar_replica1\J2_0.33\D_7\orientation_0\plaquette\replica_1\h_0p003\D_7_chi_91_energy_magnetization_correlation.txt,0.33,7,91,plaquette,0.003,0.003,0,1,-0.4193508969686,3.952686000174843e-07,-0.43946737083024995,-0.3924542868522,-0.11644983296229999,0.32301753786794996,0.14554344104148595,plaquette,c66bc5185082b3a49086aed95524af5f35581b00aad85044c3b456d64ab4908f,True,selected variational/high-chi representative
db46660f0770ba,synced_small_h:Results_Izar_replica1,D:\HyraiOn\ENS_Lyon\Internship\2026-EPFL\data\distinVBCsSmallH\Results_Izar_replica1\J2_0.33\D_7\orientation_0\plaquette\replica_1\h_0p005\D_7_chi_91_energy_magnetization_correlation.txt,0.33,7,91,plaquette,0.005,0.005,0,1,-0.4199441887866,3.812202000186282e-07,-0.43260630523175,-0.40842522134305,-0.10570667314275001,0.32689963208899997,0.07397097309095955,plaquette,8bd893ab2bb31b3ff01752f64f66bed4641c4ab55e5d6bac359fe6cf4ec9f839,True,selected variational/high-chi representative
1a457289d4bba5,synced_large_h:Results_Izar_replica1,D:\HyraiOn\ENS_Lyon\Internship\2026-EPFL\data\distinVBCs\Results_Izar_replica1\J2_0.33\D_7\orientation_0\plaquette\replica_1\h_0p04\D_7_chi_91_energy_magnetization_correlation.txt,0.33,7,91,plaquette,0.04,0.04,0,1,-0.4328184543089,1.0867590000129823e-07,-0.4467274582892,-0.43953436687784997,-0.03814746721949,0.40857999106971,0.017605099536366672,plaquette,ecf6a18ffdff50e569bf4ba48c233573c030490f3a9e4b61b9731f3e54e39082,True,selected variational/high-chi representative
19d5371d44c5d5,synced_large_h:Results_Izar_replica1,D:\HyraiOn\ENS_Lyon\Internship\2026-EPFL\data\distinVBCs\Results_Izar_replica1\J2_0.33\D_7\orientation_0\plaquette\replica_1\h_0p08\D_7_chi_91_energy_magnetization_correlation.txt,0.33,7,91,plaquette,0.08,0.08,0,1,-0.4498414909699,4.6844739998164187e-07,-0.45065421070795003,-0.44872789752479997,-0.007673521405049,0.442980689302901,0.004348526312019192,plaquette,fe114895a7834089095c48bc3e5f89f5d0faca6dacd6da9faa083a9176a37988,True,selected variational/high-chi representative
6424ecdf5a7199,synced_small_h:Results_Izar_replica1,D:\HyraiOn\ENS_Lyon\Internship\2026-EPFL\data\distinVBCsSmallH\Results_Izar_replica1\J2_0.33\D_8\orientation_2\dimer-plaquette\replica_1\h_0p005\D_8_chi_104_energy_magnetization_correlation.txt,0.33,8,104,dimer-plaquette,0.005,-0.005,2,1,-0.4203404826506,2.410320799950405e-06,-0.51310803066875,-0.2168432275709,-0.21616546355379998,0.29694256711495004,0.9977175248948471,dimer-plaquette,caf2bc192a253c3fdc36ebcc8b99b84b8cf090d425fcacea34019de61a4ee417,True,selected variational/high-chi representative
b9b54a077eb42e,synced_small_h:Results_Izar_replica1,D:\HyraiOn\ENS_Lyon\Internship\2026-EPFL\data\distinVBCsSmallH\Results_Izar_replica1\J2_0.33\D_8\orientation_2\dimer-plaquette\replica_1\h_0p003\D_8_chi_104_energy_magnetization_correlation.txt,0.33,8,104,dimer-plaquette,0.003,-0.003,2,1,-0.4197626358398,1.388860999984587e-06,-0.50355855781805,-0.22281204880385,-0.2209216292336,0.28263692858445,0.993311491248798,dimer-plaquette,54e2a077249b61c5f213e3ff22cacd226d63f3d5374bfa5e667097ab5383c20c,True,selected variational/high-chi representative
479f2e708286ce,synced_small_h:Results_Izar_replica1,D:\HyraiOn\ENS_Lyon\Internship\2026-EPFL\data\distinVBCsSmallH\Results_Izar_replica1\J2_0.33\D_8\orientation_2\dimer-plaquette\replica_1\h_0p002\D_8_chi_104_energy_magnetization_correlation.txt,0.33,8,104,dimer-plaquette,0.002,-0.002,2,1,-0.4194885514946,6.255414000122528e-07,-0.49772950028935,-0.2253467841815,-0.22481171480530002,0.27291778548405,0.9980394484908669,dimer-plaquette,ab191968fd46ad7c6ae77eac867ebef18e71d713d1132b98611a3ba457f37f12,True,selected variational/high-chi representative
b0a3b694e2c1a8,synced_small_h:Results_Izar_replica1,D:\HyraiOn\ENS_Lyon\Internship\2026-EPFL\data\distinVBCsSmallH\Results_Izar_replica1\J2_0.33\D_8\orientation_2\dimer-plaquette\replica_1\h_0p001\D_8_chi_104_energy_magnetization_correlation.txt,0.33,8,104,dimer-plaquette,0.001,-0.001,2,1,-0.4192203841244,6.939266999905769e-07,-0.49223384850619994,-0.22852666624579998,-0.22766504637764998,0.26456880212854994,0.9967433051016675,dimer-plaquette,f636246374890d67def08182b2ba033431dc06a3281593e76ae2b2306b3a56a1,True,selected variational/high-chi representative
9ff46aa6759b6f,synced_small_h:Results_Izar_replica1,D:\HyraiOn\ENS_Lyon\Internship\2026-EPFL\data\distinVBCsSmallH\Results_Izar_replica1\J2_0.33\D_8\orientation_2\dimer-plaquette\replica_1\h_0\D_8_chi_104_energy_magnetization_correlation.txt,0.33,8,104,dimer-plaquette,0.0,0.0,2,1,-0.4189600708328,8.480645000141784e-07,-0.48725712659604997,-0.23133713340054998,-0.23008823893974997,0.25716888765629997,0.9951436798121974,dimer-plaquette,e34b971a68ece818cbbaceee5e24f028ef3669ca00375d7a0670de12f80a8a46,True,selected variational/high-chi representative
59c9b5dcedde4c,synced_small_h:Results_Izar_replica1,D:\HyraiOn\ENS_Lyon\Internship\2026-EPFL\data\distinVBCsSmallH\Results_Izar_replica1\J2_0.33\D_8\orientation_2\plaquette\replica_1\h_0\D_8_chi_104_energy_magnetization_correlation.txt,0.33,8,104,plaquette,0.0,0.0,2,1,-0.4188584457697,3.341734700013088e-06,-0.4144656223564,-0.4013175881722,-0.13331490861985,0.28115071373655,0.046765074893319596,plaquette,fa910014507d30c6f90deca7c63c7723eccdde2edc087c12272c14f8354dce92,True,selected variational/high-chi representative
e198c78aa637db,synced_small_h:Results_Izar_replica1,D:\HyraiOn\ENS_Lyon\Internship\2026-EPFL\data\distinVBCsSmallH\Results_Izar_replica1\J2_0.33\D_8\orientation_2\plaquette\replica_1\h_0p001\D_8_chi_104_energy_magnetization_correlation.txt,0.33,8,104,plaquette,0.001,0.001,2,1,-0.4191330257821,3.3461537999879276e-06,-0.41446492570309995,-0.40131939559055,-0.1333136577033,0.28115126799979995,0.04675607620791269,plaquette,e3d7d837f2f3e1aed1e6479ed1e7d0433444c72aefa4f899879eb9c6cf08babc,True,selected variational/high-chi representative
14b8b1cd483d49,synced_small_h:Results_Izar_replica1,D:\HyraiOn\ENS_Lyon\Internship\2026-EPFL\data\distinVBCsSmallH\Results_Izar_replica1\J2_0.33\D_8\orientation_2\plaquette\replica_1\h_0p002\D_8_chi_104_energy_magnetization_correlation.txt,0.33,8,104,plaquette,0.002,0.002,2,1,-0.4194108807103,3.1522656000482208e-06,-0.41525687591045,-0.4048486159652,-0.1283649172768,0.28689195863365,0.036279371491694426,plaquette,0c9312a47a94fc042473943d8befe4edaf6baeacac2fa0cefc4358e8dfd58d77,True,selected variational/high-chi representative
08caba22e3d333,synced_small_h:Results_Izar_replica1,D:\HyraiOn\ENS_Lyon\Internship\2026-EPFL\data\distinVBCsSmallH\Results_Izar_replica1\J2_0.33\D_8\orientation_2\plaquette\replica_1\h_0p003\D_8_chi_104_energy_magnetization_correlation.txt,0.33,8,104,plaquette,0.003,0.003,2,1,-0.4196958945339,2.8853569999931494e-06,-0.41624762723150005,-0.40822963884765,-0.1232419731666,0.29300565406490003,0.02736462000857524,plaquette,d4037ff130f411cc5c89b69931c9ba753ee83f14eb731c8de8230681a62ddc64,True,selected variational/high-chi representative
d97cbf1a6353f7,synced_small_h:Results_Izar_replica1,D:\HyraiOn\ENS_Lyon\Internship\2026-EPFL\data\distinVBCsSmallH\Results_Izar_replica1\J2_0.33\D_8\orientation_2\plaquette\replica_1\h_0p005\D_8_chi_104_energy_magnetization_correlation.txt,0.33,8,104,plaquette,0.005,0.005,2,1,-0.4202835944476,2.5316762999882947e-06,-0.419162071742,-0.41345831879085,-0.11360811974730001,0.3055539519947,0.018666925804477676,plaquette,7c679ddfe93131fc7d2e0a94f1fdaffd54819fbb646a0022c306247956db90f2,True,selected variational/high-chi representative
c22675c616e015,synced_large_h:Results_Izar_replica1,D:\HyraiOn\ENS_Lyon\Internship\2026-EPFL\data\distinVBCs\Results_Izar_replica1\J2_0.33\D_9\orientation_1\dimer-plaquette\replica_1\h_0p08\D_9_chi_108_energy_magnetization_correlation.txt,0.33,9,108,dimer-plaquette,0.08,-0.08,1,1,-0.4553239331987,8.531234000019872e-06,-0.68162481650555,-0.09818734995878499,-0.097981928828715,0.5836428876768349,0.9996480362659989,dimer-plaquette,471b815ad959357aefa4a3cd9090919d76ecf6aaf85fd1c3b20676ad55e3267a,True,selected variational/high-chi representative
1b8d64c6d6851c,synced_large_h:Results_Izar_replica1,D:\HyraiOn\ENS_Lyon\Internship\2026-EPFL\data\distinVBCs\Results_Izar_replica1\J2_0.33\D_9\orientation_1\dimer-plaquette\replica_1\h_0p04\D_9_chi_108_energy_magnetization_correlation.txt,0.33,9,108,dimer-plaquette,0.04,-0.04,1,1,-0.4340541422253,5.238886999991976e-06,-0.6200341266832999,-0.1492897012997,-0.1492797251072,0.47075440157609993,0.9999788080738776,dimer-plaquette,b8622c90096d966cee0370e8eff324f81ba045c13cb8167463021f9234c0d863,True,selected variational/high-chi representative
f0998edadd3cbd,synced_large_h:Results_Izar_replica1,D:\HyraiOn\ENS_Lyon\Internship\2026-EPFL\data\distinVBCs\Results_Izar_replica1\J2_0.33\D_9\orientation_1\dimer-plaquette\replica_1\h_0p02\D_9_chi_108_energy_magnetization_correlation.txt,0.33,9,108,dimer-plaquette,0.02,-0.02,1,1,-0.4254750198281,2.936064859998533e-05,-0.56971239429815,-0.18381070282115,-0.1828297918105,0.38688260248765005,0.9974645770982133,dimer-plaquette,e137991d53fe504ec48b504f03104891b78c8e33a71043903980c97710f00ff5,True,selected variational/high-chi representative
da567e3f98883b,synced_small_h:Results_Izar_replica1,D:\HyraiOn\ENS_Lyon\Internship\2026-EPFL\data\distinVBCsSmallH\Results_Izar_replica1\J2_0.33\D_9\orientation_1\dimer-plaquette\replica_1\h_0p005\D_9_chi_108_energy_magnetization_correlation.txt,0.33,9,108,dimer-plaquette,0.005,-0.005,1,1,-0.4203579284091,3.2728012200000656e-05,-0.51195599556565,-0.21751366771870004,-0.21711875276134998,0.2948372428043,0.998660566237854,dimer-plaquette,9f5eb485149f8a504612fe9ac820c49b83fab0471efb213ff9091e283695f84c,True,selected variational/high-chi representative
204c88c2717c15,synced_small_h:Results_Izar_replica1,D:\HyraiOn\ENS_Lyon\Internship\2026-EPFL\data\distinVBCsSmallH\Results_Izar_replica1\J2_0.33\D_9\orientation_1\dimer-plaquette\replica_1\h_0p003\D_9_chi_108_energy_magnetization_correlation.txt,0.33,9,108,dimer-plaquette,0.003,-0.003,1,1,-0.4197863372798,3.2284019200023995e-05,-0.5023362156572501,-0.22350452830265,-0.2218876955975,0.2804485200597501,0.9942348324576449,dimer-plaquette,443506c14f8d5275711497c92d565cf67a36b5388788a11be299b5b1cb8d5995,True,selected variational/high-chi representative
14af0f09281ac4,synced_small_h:Results_Izar_replica1,D:\HyraiOn\ENS_Lyon\Internship\2026-EPFL\data\distinVBCsSmallH\Results_Izar_replica1\J2_0.33\D_9\orientation_1\dimer-plaquette\replica_1\h_0p002\D_9_chi_108_energy_magnetization_correlation.txt,0.33,9,108,dimer-plaquette,0.002,-0.002,1,1,-0.4194938647228,8.112308099994525e-06,-0.49595631712315,-0.2266327586268,-0.22556195379900001,0.27039436332415,0.9960398404218349,dimer-plaquette,e888ffd36d2367c2eb74a2e2e03b09e1fed19825e70bd7031ff727471c63b134,True,selected variational/high-chi representative
d86eabfd544d7e,synced_small_h:Results_Izar_replica1,D:\HyraiOn\ENS_Lyon\Internship\2026-EPFL\data\distinVBCsSmallH\Results_Izar_replica1\J2_0.33\D_9\orientation_1\dimer-plaquette\replica_1\h_0p001\D_9_chi_108_energy_magnetization_correlation.txt,0.33,9,108,dimer-plaquette,0.001,-0.001,1,1,-0.4192585477551,3.314828680001103e-05,-0.48994858964195,-0.22942904369785,-0.22923559921704997,0.26071299042490004,0.9992580174831919,dimer-plaquette,9d67df5a1aedc3a0c2d677cb560a85fe9f888a3ee9e2b026b1e96c994663c6f9,True,selected variational/high-chi representative
ddf6b4f1e4023a,synced_small_h:Results_Izar_replica1,D:\HyraiOn\ENS_Lyon\Internship\2026-EPFL\data\distinVBCsSmallH\Results_Izar_replica1\J2_0.33\D_9\orientation_1\dimer-plaquette\replica_1\h_0\D_9_chi_108_energy_magnetization_correlation.txt,0.33,9,108,dimer-plaquette,0.0,0.0,1,1,-0.4189979387198,3.30973441000082e-05,-0.48994468783850004,-0.22943243288865,-0.2292363267526,0.2607083610859,0.9992477949873446,dimer-plaquette,389252f8b1c77413ddf60680f6823800fc86d687fe37c3a9a0d5e11d174f82e9,True,selected variational/high-chi representative
1cdee2c3e17b3d,synced_small_h:Results_Izar_replica1,D:\HyraiOn\ENS_Lyon\Internship\2026-EPFL\data\distinVBCsSmallH\Results_Izar_replica1\J2_0.33\D_9\orientation_1\plaquette\replica_1\h_0\D_9_chi_108_energy_magnetization_correlation.txt,0.33,9,108,plaquette,0.0,0.0,1,1,-0.4191652260522,1.227144020005122e-05,-0.40403837340754994,-0.4015409166722,-0.14168764801890002,0.2623507253886499,0.009519534324329351,plaquette,e168ef229c0c91f2a2e6d656fb97cf397a3099cf39f45f578bd99c421085feb8,True,selected variational/high-chi representative
fd295c206e5b95,synced_small_h:Results_Izar_replica1,D:\HyraiOn\ENS_Lyon\Internship\2026-EPFL\data\distinVBCsSmallH\Results_Izar_replica1\J2_0.33\D_9\orientation_1\plaquette\replica_1\h_0p001\D_9_chi_108_energy_magnetization_correlation.txt,0.33,9,108,plaquette,0.001,0.001,1,1,-0.4194263275782,1.2281761299970384e-05,-0.40403831742400004,-0.40154104609015,-0.1416875761117,0.2623507413123001,0.00951882705327406,plaquette,a3eba75c9bff4f16670a99329b2b36986789a6ce234168b14638fd03ef36ed34,True,selected variational/high-chi representative
e635dcab3e31ff,synced_small_h:Results_Izar_replica1,D:\HyraiOn\ENS_Lyon\Internship\2026-EPFL\data\distinVBCsSmallH\Results_Izar_replica1\J2_0.33\D_9\orientation_1\plaquette\replica_1\h_0p002\D_9_chi_108_energy_magnetization_correlation.txt,0.33,9,108,plaquette,0.002,0.002,1,1,-0.4196850510446,1.0920429600047576e-05,-0.4089026645298,-0.40768432626379997,-0.12939631116935,0.27950635336045004,0.004358892924444109,plaquette,dff67dc5149a0fa3e5bc48fb85901dfdedfbe1930811c9219e6bce9cee9edf93,True,selected variational/high-chi representative
de7f8b225e124f,synced_small_h:Results_Izar_replica1,D:\HyraiOn\ENS_Lyon\Internship\2026-EPFL\data\distinVBCsSmallH\Results_Izar_replica1\J2_0.33\D_9\orientation_1\plaquette\replica_1\h_0p003\D_9_chi_108_energy_magnetization_correlation.txt,0.33,9,108,plaquette,0.003,0.003,1,1,-0.4199639467711,1.0928084499983726e-05,-0.40890308144470006,-0.40768426859835,-0.12939590841355,0.27950717303115,0.004360578060063693,plaquette,ee8388396392df6f93e58ee4644a90506bc1b7c6b6dc321dcbd9fcef94cb1702,True,selected variational/high-chi representative
3a401b6205a232,synced_large_h:Results_Izar_replica1,D:\HyraiOn\ENS_Lyon\Internship\2026-EPFL\data\distinVBCs\Results_Izar_replica1\J2_0.33\D_9\orientation_1\plaquette\replica_1\h_0p005\D_9_chi_108_energy_magnetization_correlation.txt,0.33,9,108,plaquette,0.005,0.005,1,1,-0.4205259005892,9.76893469994966e-06,-0.4136991312105,-0.41288673877920007,-0.11810494027545,0.29559419093505,0.0027483369302018514,plaquette,a18a2aff3d3082d597e8f414287b2464f5c61079a4ff21e986ea55c4fde39144,True,selected variational/high-chi representative
539b1e3cc795b0,synced_large_h:Results_Izar_replica1,D:\HyraiOn\ENS_Lyon\Internship\2026-EPFL\data\distinVBCs\Results_Izar_replica1\J2_0.33\D_9\orientation_1\plaquette\replica_1\h_0p01\D_9_chi_108_energy_magnetization_correlation.txt,0.33,9,108,plaquette,0.01,0.01,1,1,-0.4220706776462,8.954241900005488e-06,-0.42131919980349997,-0.42097391555565,-0.09918765494257499,0.322131544860925,0.0010718734422579907,plaquette,f417c7c83bc1a9d1e5f3fc4ac128f558ed114c8c7ee9078e889212347973a240,True,selected variational/high-chi representative
15ed67dc6cf3dd,synced_large_h:Results_Izar_replica1,D:\HyraiOn\ENS_Lyon\Internship\2026-EPFL\data\distinVBCs\Results_Izar_replica1\J2_0.33\D_9\orientation_1\plaquette\replica_1\h_0p02\D_9_chi_108_energy_magnetization_correlation.txt,0.33,9,108,plaquette,0.02,0.02,1,1,-0.4254856094312,8.152513500003788e-06,-0.43134880094185,-0.43111106775285,-0.07256435876902999,0.35878444217282,0.0006626072957909593,plaquette,f7aeac06e9e3deeb17480c190aead897942c21fc1b29273d3cec6cacdb8ca17a,True,selected variational/high-chi representative
8aca230422f4a0,synced_large_h:Results_Izar_replica1,D:\HyraiOn\ENS_Lyon\Internship\2026-EPFL\data\distinVBCs\Results_Izar_replica1\J2_0.33\D_9\orientation_1\plaquette\replica_1\h_0p04\D_9_chi_108_energy_magnetization_correlation.txt,0.33,9,108,plaquette,0.04,0.04,1,1,-0.4331076291641,8.918602300012068e-06,-0.44162917525170003,-0.44130738981275,-0.040932068830655,0.40069710642104506,0.0008030640446201169,plaquette,eb5f5eed344e004e4ed9fb8751867e1e5133b49ce196fa432b8942d85de368d9,True,selected variational/high-chi representative
34123063665184,synced_large_h:Results_Izar_replica1,D:\HyraiOn\ENS_Lyon\Internship\2026-EPFL\data\distinVBCs\Results_Izar_replica1\J2_0.33\D_9\orientation_1\plaquette\replica_1\h_0p08\D_9_chi_108_energy_magnetization_correlation.txt,0.33,9,108,plaquette,0.08,0.08,1,1,-0.4500203871739,8.68998880004801e-06,-0.44917953541834993,-0.4488689193025,-0.008735057873297,0.44044447754505295,0.0007052333079103114,plaquette,9198fc2366c3e8a3fdb1f4d7bde91adefaef35a96bb5a9e8a28f428e5a322d8b,True,selected variational/high-chi representative
98baeb8f5d41d2,synced_small_h:Results_Izar_replica1,D:\HyraiOn\ENS_Lyon\Internship\2026-EPFL\data\distinVBCsSmallH\Results_Izar_replica1\J2_0.34\D_6\orientation_2\dimer-plaquette\replica_1\h_0p005\D_6_chi_72_energy_magnetization_correlation.txt,0.34,6,72,dimer-plaquette,0.005,-0.005,2,1,-0.4177625889645,2.256974000469647e-07,-0.532799247529,-0.20551384607464998,-0.20520337826034998,0.32759586926865003,0.9990522840993291,dimer-plaquette,51a0e4fc2b210d0dabaf56cea34df094b891a3526ddb73d7e8e71738399d8fb3,True,selected variational/high-chi representative
17eec7eb6e217f,synced_small_h:Results_Izar_replica1,D:\HyraiOn\ENS_Lyon\Internship\2026-EPFL\data\distinVBCsSmallH\Results_Izar_replica1\J2_0.34\D_6\orientation_2\dimer-plaquette\replica_1\h_0p003\D_6_chi_72_energy_magnetization_correlation.txt,0.34,6,72,dimer-plaquette,0.003,-0.003,2,1,-0.4171198843012,1.3913349999894464e-07,-0.5250921063299,-0.21026148318395,-0.20941324438364997,0.31567886194625006,0.9973129692781125,dimer-plaquette,fe4c6c20d3f8179ec534c18d6ee56c31cc77cd35d8c1f33e7f1b207191f5e4ef,True,selected variational/high-chi representative
34982faf3a8143,synced_small_h:Results_Izar_replica1,D:\HyraiOn\ENS_Lyon\Internship\2026-EPFL\data\distinVBCsSmallH\Results_Izar_replica1\J2_0.34\D_6\orientation_2\dimer-plaquette\replica_1\h_0p002\D_6_chi_72_energy_magnetization_correlation.txt,0.34,6,72,dimer-plaquette,0.002,-0.002,2,1,-0.4168098408905,5.238975999688478e-07,-0.520704346342,-0.21404805918005,-0.2108401908017,0.3098641555403,0.9896475009419644,dimer-plaquette,8a9adb55e2d693ac43e6d7c35a60bae1c2deec9d383d4b6b800c49ae2debdd09,True,selected variational/high-chi representative
632aa86e439aeb,synced_small_h:Results_Izar_replica1,D:\HyraiOn\ENS_Lyon\Internship\2026-EPFL\data\distinVBCsSmallH\Results_Izar_replica1\J2_0.34\D_6\orientation_2\dimer-plaquette\replica_1\h_0p001\D_6_chi_72_energy_magnetization_correlation.txt,0.34,6,72,dimer-plaquette,0.001,-0.001,2,1,-0.4165049582784,5.075476000038215e-07,-0.51643776871365,-0.2167044679039,-0.21308121817835002,0.3033565505353,0.9880561348711396,dimer-plaquette,8527b546ee01e360985d6f185082c3794338f4fb0336012378b9c0e6a03086ef,True,selected variational/high-chi representative
3fa7f12466d944,synced_small_h:Results_Izar_replica1,D:\HyraiOn\ENS_Lyon\Internship\2026-EPFL\data\distinVBCsSmallH\Results_Izar_replica1\J2_0.34\D_6\orientation_2\dimer-plaquette\replica_1\h_0\D_6_chi_72_energy_magnetization_correlation.txt,0.34,6,72,dimer-plaquette,0.0,0.0,2,1,-0.4162067794191,4.960062999770365e-07,-0.51218639766185,-0.21968518086035002,-0.21502756073635,0.29715883692550005,0.9843261597999599,dimer-plaquette,5b6477346526e3f5477040007d7295baf9dbd2c600eb69546fbf2b2c5e794a71,True,selected variational/high-chi representative
58c8341c32cd00,synced_small_h:Results_Izar_replica1,D:\HyraiOn\ENS_Lyon\Internship\2026-EPFL\data\distinVBCsSmallH\Results_Izar_replica1\J2_0.34\D_6\orientation_2\plaquette\replica_1\h_0\D_6_chi_72_energy_magnetization_correlation.txt,0.34,6,72,plaquette,0.0,0.0,2,1,-0.416240500196,4.3123940002276484e-07,-0.5105671391859,-0.22064159942465,-0.2152766979903,0.2952904411956,0.9818317808980607,dimer-plaquette,1350ff3af210eba61eaf772cd4ae2ba1255eb1c469681798f89af5ff89bd4d63,False,branch texture flipped
339f348fb86284,synced_small_h:Results_Izar_replica1,D:\HyraiOn\ENS_Lyon\Internship\2026-EPFL\data\distinVBCsSmallH\Results_Izar_replica1\J2_0.34\D_6\orientation_2\plaquette\replica_1\h_0p001\D_6_chi_72_energy_magnetization_correlation.txt,0.34,6,72,plaquette,0.001,0.001,2,1,-0.4164580631634,6.387632000004473e-07,-0.48798877672115,-0.3263698324505,-0.1307854404729,0.35720333624824996,0.4524564243104597,three-distinct/mixed,ae28d9a9466acd937e3b2e6ce495eaeafc891ae7c8a71ade045fb3f8090e1b7f,True,selected variational/high-chi representative
6836ca740b7bf7,synced_small_h:Results_Izar_replica1,D:\HyraiOn\ENS_Lyon\Internship\2026-EPFL\data\distinVBCsSmallH\Results_Izar_replica1\J2_0.34\D_6\orientation_2\plaquette\replica_1\h_0p002\D_6_chi_72_energy_magnetization_correlation.txt,0.34,6,72,plaquette,0.002,0.002,2,1,-0.4167445704691,7.064331999928619e-07,-0.48006418056030004,-0.3462574315255,-0.11775346156040001,0.3623107189999,0.3693149057365785,three-distinct/mixed,3c516210fdef3b686a73faa4980a9a77a5c1312fa7d698a268ee1c38e6756cdc,True,selected variational/high-chi representative
2b8ee9bbddd639,synced_small_h:Results_Izar_replica1,D:\HyraiOn\ENS_Lyon\Internship\2026-EPFL\data\distinVBCsSmallH\Results_Izar_replica1\J2_0.34\D_6\orientation_2\plaquette\replica_1\h_0p003\D_6_chi_72_energy_magnetization_correlation.txt,0.34,6,72,plaquette,0.003,0.003,2,1,-0.4170463531384,8.398734999692792e-07,-0.47458568287159997,-0.3593926983856,-0.10923348664749999,0.3653521962241,0.315292984896532,three-distinct/mixed,4ba8eb0560f8c31ab04a57a8b87b67e188a17155d7a74311b90bc4c16bf25cab,True,selected variational/high-chi representative
b6ad812e77cfcb,synced_small_h:Results_Izar_replica1,D:\HyraiOn\ENS_Lyon\Internship\2026-EPFL\data\distinVBCsSmallH\Results_Izar_replica1\J2_0.34\D_6\orientation_2\plaquette\replica_1\h_0p005\D_6_chi_72_energy_magnetization_correlation.txt,0.34,6,72,plaquette,0.005,0.005,2,1,-0.4176796626406,7.63139600012952e-07,-0.46681731466375,-0.3774507763037,-0.09732649669602,0.36949081796773,0.24186403021212544,plaquette,1a015352a149ee72159d9c562c05bcf85a24dd819ef2916041095a3b09dd8d4b,True,selected variational/high-chi representative
c01d7be253b15d,synced_small_h:Results_Izar_replica1,D:\HyraiOn\ENS_Lyon\Internship\2026-EPFL\data\distinVBCsSmallH\Results_Izar_replica1\J2_0.34\D_7\orientation_1\dimer-plaquette\replica_1\h_0p005\D_7_chi_91_energy_magnetization_correlation.txt,0.34,7,91,dimer-plaquette,0.005,-0.005,1,1,-0.4183614950182,5.883609999202122e-08,-0.5252995361349,-0.20761180541479998,-0.20693202952370002,0.31836750661119995,0.9978648075667782,dimer-plaquette,91c44c10f0c44f8ed1d1dec09ec3970617e8a66d0eed271b091c4fdeabf97990,True,selected variational/high-chi representative
270b0b792cc795,synced_small_h:Results_Izar_replica1,D:\HyraiOn\ENS_Lyon\Internship\2026-EPFL\data\distinVBCsSmallH\Results_Izar_replica1\J2_0.34\D_7\orientation_1\dimer-plaquette\replica_1\h_0p003\D_7_chi_91_energy_magnetization_correlation.txt,0.34,7,91,dimer-plaquette,0.003,-0.003,1,1,-0.4177384774484,6.757479997787641e-08,-0.5169194285729,-0.21226330954984998,-0.21180212634735,0.30511730222555,0.998488505243275,dimer-plaquette,21404486c90ff3e547f003b45d68642a179438be83a32791307cd2bfc5dbebc1,True,selected variational/high-chi representative
e8d795f61aed49,synced_small_h:Results_Izar_replica1,D:\HyraiOn\ENS_Lyon\Internship\2026-EPFL\data\distinVBCsSmallH\Results_Izar_replica1\J2_0.34\D_7\orientation_1\dimer-plaquette\replica_1\h_0p002\D_7_chi_91_energy_magnetization_correlation.txt,0.34,7,91,dimer-plaquette,0.002,-0.002,1,1,-0.4174377204212,8.042721999501623e-07,-0.5129331277204,-0.21507159973245002,-0.2134972333473,0.29943589437310003,0.9947422255823866,dimer-plaquette,529f5df6f1b0d161083cb524b3f63583bc870486ad16863b12ff89053c7aa592,True,selected variational/high-chi representative
6fbcc5b001a7e9,synced_small_h:Results_Izar_replica1,D:\HyraiOn\ENS_Lyon\Internship\2026-EPFL\data\distinVBCsSmallH\Results_Izar_replica1\J2_0.34\D_7\orientation_1\dimer-plaquette\replica_1\h_0p001\D_7_chi_91_energy_magnetization_correlation.txt,0.34,7,91,dimer-plaquette,0.001,-0.001,1,1,-0.4171435406726,8.045545999979531e-07,-0.5082450270103499,-0.21694678508175,-0.21692061188435,0.29132441512599994,0.9999101578994375,dimer-plaquette,09d452b574b20b84e986b996b03be5e5cde8a6dc56612fff59d4c989a0509715,True,selected variational/high-chi representative
d215a4e2762591,synced_small_h:Results_Izar_replica1,D:\HyraiOn\ENS_Lyon\Internship\2026-EPFL\data\distinVBCsSmallH\Results_Izar_replica1\J2_0.34\D_7\orientation_1\dimer-plaquette\replica_1\h_0\D_7_chi_91_energy_magnetization_correlation.txt,0.34,7,91,dimer-plaquette,0.0,0.0,1,1,-0.4168567504914,7.796296999651453e-07,-0.5036959328886,-0.2207419567355,-0.2181913144374,0.2855046184512,0.9910661960148432,dimer-plaquette,7d42694313ffbd3bd300e12f392ab6133114c42eeca637c20ce4f66be47fba05,True,selected variational/high-chi representative
0c40de84b1dd73,synced_small_h:Results_Izar_replica1,D:\HyraiOn\ENS_Lyon\Internship\2026-EPFL\data\distinVBCsSmallH\Results_Izar_replica1\J2_0.34\D_7\orientation_1\plaquette\replica_1\h_0\D_7_chi_91_energy_magnetization_correlation.txt,0.34,7,91,plaquette,0.0,0.0,1,1,-0.4168529162213,2.235080500012643e-06,-0.5031677695981499,-0.23454439026925,-0.20496787998069999,0.2981998896174499,0.9008164948468201,dimer-plaquette,96c37dc18a2e1908dfcc0e2792111bb5ecbc86609841aed84a60f72992e64439,False,branch texture flipped
4d0bdd3d180021,synced_small_h:Results_Izar_replica1,D:\HyraiOn\ENS_Lyon\Internship\2026-EPFL\data\distinVBCsSmallH\Results_Izar_replica1\J2_0.34\D_7\orientation_1\plaquette\replica_1\h_0p001\D_7_chi_91_energy_magnetization_correlation.txt,0.34,7,91,plaquette,0.001,0.001,1,1,-0.4170786288834,2.6079871000006527e-06,-0.48811733209440006,-0.31046642010875,-0.14270582726455,0.34541150482985006,0.5143167193378838,three-distinct/mixed,145f46b32edb340a96000c451906c2869929522d4ab01b24bf7d700cd245f5d1,True,selected variational/high-chi representative
6cd5ece5a01548,synced_small_h:Results_Izar_replica1,D:\HyraiOn\ENS_Lyon\Internship\2026-EPFL\data\distinVBCsSmallH\Results_Izar_replica1\J2_0.34\D_7\orientation_1\plaquette\replica_1\h_0p002\D_7_chi_91_energy_magnetization_correlation.txt,0.34,7,91,plaquette,0.002,0.002,1,1,-0.4173497062766,1.997361300021261e-06,-0.47889264159239997,-0.3367994062314,-0.12455093193884999,0.35434170965355,0.4010062363246162,three-distinct/mixed,cf113a78ee84c2054b107b54468c1bf3498cf789b0e875f9441eaf4d9e8c5df2,True,selected variational/high-chi representative
9c1a6f000f6fff,synced_small_h:Results_Izar_replica1,D:\HyraiOn\ENS_Lyon\Internship\2026-EPFL\data\distinVBCsSmallH\Results_Izar_replica1\J2_0.34\D_7\orientation_1\plaquette\replica_1\h_0p003\D_7_chi_91_energy_magnetization_correlation.txt,0.34,7,91,plaquette,0.003,0.003,1,1,-0.4176385325475,4.619930999982813e-07,-0.47130211319715,-0.35553842281645,-0.11248317411205,0.3588189390851,0.3226242479727211,three-distinct/mixed,128b64a2ff707538d6c15a36bcf3931ab7e923c574e9896f4a3682e425e36bbc,True,selected variational/high-chi representative
46b822e0aeb79d,synced_small_h:Results_Izar_replica1,D:\HyraiOn\ENS_Lyon\Internship\2026-EPFL\data\distinVBCsSmallH\Results_Izar_replica1\J2_0.34\D_7\orientation_1\plaquette\replica_1\h_0p005\D_7_chi_91_energy_magnetization_correlation.txt,0.34,7,91,plaquette,0.005,0.005,1,1,-0.4182609266635,7.449066000142501e-07,-0.46308046602904995,-0.37528285385545,-0.09930105764731001,0.36377940838173994,0.24134849348445686,plaquette,2a81e583d2de31f8398f1e25ab4af8def7397dcbfa1d8434cbc6e8e204a6a6e7,True,selected variational/high-chi representative
654a6cf78de53a,synced_small_h:Results_Izar_replica1,D:\HyraiOn\ENS_Lyon\Internship\2026-EPFL\data\distinVBCsSmallH\Results_Izar_replica1\J2_0.34\D_8\orientation_2\dimer-plaquette\replica_1\h_0p005\D_8_chi_104_energy_magnetization_correlation.txt,0.34,8,104,dimer-plaquette,0.005,-0.005,2,1,-0.4187552668269,3.422792800023e-06,-0.51511340352555,-0.211389692496,-0.210968214651,0.30414518887455,0.9986142215612233,dimer-plaquette,ff30cf17215d3f596e342787ceb9a789498b4caad7632c29fbc1d897bb5fd40b,True,selected variational/high-chi representative
a0bf4316c24177,synced_small_h:Results_Izar_replica1,D:\HyraiOn\ENS_Lyon\Internship\2026-EPFL\data\distinVBCsSmallH\Results_Izar_replica1\J2_0.34\D_8\orientation_2\dimer-plaquette\replica_1\h_0p003\D_8_chi_104_energy_magnetization_correlation.txt,0.34,8,104,dimer-plaquette,0.003,-0.003,2,1,-0.418165578635,4.517461899999908e-06,-0.5055602157489499,-0.21649050814915002,-0.21645287077880002,0.2891073449701499,0.9998698152398934,dimer-plaquette,53ff2bc33f76aa6ee891f1fb6e900dc7bbe2d258f99d575ced50ea81a01bafd6,True,selected variational/high-chi representative
b1aae1f9fb8164,synced_small_h:Results_Izar_replica1,D:\HyraiOn\ENS_Lyon\Internship\2026-EPFL\data\distinVBCsSmallH\Results_Izar_replica1\J2_0.34\D_8\orientation_2\dimer-plaquette\replica_1\h_0p002\D_8_chi_104_energy_magnetization_correlation.txt,0.34,8,104,dimer-plaquette,0.002,-0.002,2,1,-0.4178831109995,4.416229899995017e-06,-0.5004897127551,-0.21930596199005,-0.2191222054027,0.2813675073524,0.9993469161059885,dimer-plaquette,d2c0f85d6e479b4803eed8f74a10791281e3e0d3d93b91a7c7862d5c3cd25570,True,selected variational/high-chi representative
cbb65d69cbeb76,synced_small_h:Results_Izar_replica1,D:\HyraiOn\ENS_Lyon\Internship\2026-EPFL\data\distinVBCsSmallH\Results_Izar_replica1\J2_0.34\D_8\orientation_2\dimer-plaquette\replica_1\h_0p001\D_8_chi_104_energy_magnetization_correlation.txt,0.34,8,104,dimer-plaquette,0.001,-0.001,2,1,-0.4176063253394,4.119502099997341e-06,-0.4952507869266,-0.22221555080415,-0.22187333568005,0.27337745124655,0.9987481954984233,dimer-plaquette,223d1def6a7d837d7cbf2c53846bc4a856680a8e5069d270807409d5b2cbce95,True,selected variational/high-chi representative
3d2889e726c05d,synced_small_h:Results_Izar_replica1,D:\HyraiOn\ENS_Lyon\Internship\2026-EPFL\data\distinVBCsSmallH\Results_Izar_replica1\J2_0.34\D_8\orientation_2\dimer-plaquette\replica_1\h_0\D_8_chi_104_energy_magnetization_correlation.txt,0.34,8,104,dimer-plaquette,0.0,0.0,2,1,-0.4173442719694,2.9961733000183344e-06,-0.4883864332941,-0.22727807450645,-0.22435071730169998,0.2640357159924,0.988913025672503,dimer-plaquette,06c9933578df1f0d8247b7589e864942f4a216918c569b42c1a616cebfb44063,True,selected variational/high-chi representative
096efeb701aabc,synced_small_h:Results_Izar_replica1,D:\HyraiOn\ENS_Lyon\Internship\2026-EPFL\data\distinVBCsSmallH\Results_Izar_replica1\J2_0.34\D_8\orientation_2\plaquette\replica_1\h_0\D_8_chi_104_energy_magnetization_correlation.txt,0.34,8,104,plaquette,0.0,0.0,2,1,-0.4172119973973,1.9520565000541445e-06,-0.42581563804915,-0.39070794810040005,-0.12338439010954999,0.3024312479396,0.1160848628834858,plaquette,45a590e221dc8c9af89726878ebc07fcc09e869888390259cea0d774e7e6a541,True,selected variational/high-chi representative
6444d35c017257,synced_small_h:Results_Izar_replica1,D:\HyraiOn\ENS_Lyon\Internship\2026-EPFL\data\distinVBCsSmallH\Results_Izar_replica1\J2_0.34\D_8\orientation_2\plaquette\replica_1\h_0p001\D_8_chi_104_energy_magnetization_correlation.txt,0.34,8,104,plaquette,0.001,0.001,2,1,-0.4174968726021,1.9508963999825824e-06,-0.4258086635122,-0.3907187485015,-0.12338021467755,0.30242844883465,0.1160271632708901,plaquette,6ae3beef3b47d83f3595ccf77ac03956b978e14d8a867bcaa2884ebe61e80033,True,selected variational/high-chi representative
102efe00a0467e,synced_small_h:Results_Izar_replica1,D:\HyraiOn\ENS_Lyon\Internship\2026-EPFL\data\distinVBCsSmallH\Results_Izar_replica1\J2_0.34\D_8\orientation_2\plaquette\replica_1\h_0p002\D_8_chi_104_energy_magnetization_correlation.txt,0.34,8,104,plaquette,0.002,0.002,2,1,-0.417785998256,2.0925234999746856e-06,-0.42467158978945,-0.39674955248160004,-0.1179082693594,0.30676332043005,0.09102143394688195,plaquette,be33cd8a942b8fab4abd6ddb88cae93c722404dccb6c4ab1e486afb54ffc475b,True,selected variational/high-chi representative
e0c20d66b7cebc,synced_small_h:Results_Izar_replica1,D:\HyraiOn\ENS_Lyon\Internship\2026-EPFL\data\distinVBCsSmallH\Results_Izar_replica1\J2_0.34\D_8\orientation_2\plaquette\replica_1\h_0p003\D_8_chi_104_energy_magnetization_correlation.txt,0.34,8,104,plaquette,0.003,0.003,2,1,-0.4180821783556,1.903689800020203e-06,-0.42429027102604994,-0.40159996555195,-0.11264686300650001,0.31164340801954993,0.07280855262844689,plaquette,cf81950cd752cf786f49d5736bca7326c0f2b58c7c27af599982883448e1f989,True,selected variational/high-chi representative
dfb7d38ed99654,synced_small_h:Results_Izar_replica1,D:\HyraiOn\ENS_Lyon\Internship\2026-EPFL\data\distinVBCsSmallH\Results_Izar_replica1\J2_0.34\D_8\orientation_2\plaquette\replica_1\h_0p005\D_8_chi_104_energy_magnetization_correlation.txt,0.34,8,104,plaquette,0.005,0.005,2,1,-0.4186953461398,1.909273799949318e-06,-0.42410334125120003,-0.40941360722595,-0.10371035629615,0.32039298495505003,0.045849112543181775,plaquette,dc102015318158136732bd0db3b13320192817ba7242299a0820e453c1c98a76,True,selected variational/high-chi representative
9c950ff1f7de6a,synced_large_h:Results_Izar_replica1,D:\HyraiOn\ENS_Lyon\Internship\2026-EPFL\data\distinVBCs\Results_Izar_replica1\J2_0.34\D_9\orientation_1\dimer-plaquette\replica_1\h_0p08\D_9_chi_108_energy_magnetization_correlation.txt,0.34,9,108,dimer-plaquette,0.08,-0.08,1,1,-0.4545109941861,1.916161230003377e-05,-0.6848543395497501,-0.09193767498351,-0.091918525666975,0.592935813882775,0.9999677042336006,dimer-plaquette,8cdf761dff0df9c622d288aa28c27e6954ea1594e959fd067c5307aa34891ae7,True,selected variational/high-chi representative
417a683a21f4cb,synced_large_h:Results_Izar_replica1,D:\HyraiOn\ENS_Lyon\Internship\2026-EPFL\data\distinVBCs\Results_Izar_replica1\J2_0.34\D_9\orientation_1\dimer-plaquette\replica_1\h_0p04\D_9_chi_108_energy_magnetization_correlation.txt,0.34,9,108,dimer-plaquette,0.04,-0.04,1,1,-0.4327813322579,2.550509019999536e-05,-0.6256360032412499,-0.14209381553824998,-0.14203566043125002,0.48360034280999986,0.9998797455215561,dimer-plaquette,4b4a15422246df68a1f740e23827568581180b23c7e4945b8e9bd2e4b2dfc541,True,selected variational/high-chi representative
9971b1fdf1d71d,synced_large_h:Results_Izar_replica1,D:\HyraiOn\ENS_Lyon\Internship\2026-EPFL\data\distinVBCs\Results_Izar_replica1\J2_0.34\D_9\orientation_1\dimer-plaquette\replica_1\h_0p02\D_9_chi_108_energy_magnetization_correlation.txt,0.34,9,108,dimer-plaquette,0.02,-0.02,1,1,-0.4239540537109,2.8012678400024527e-05,-0.5742444178443,-0.17725132153275,-0.17630598687319998,0.39793843097110004,0.9976244197946825,dimer-plaquette,851d3385c40829a19234f50f0dbe7f861da2e028be118474c43aac3c66ab9882,True,selected variational/high-chi representative
a999826c0ce542,synced_small_h:Results_Izar_replica1,D:\HyraiOn\ENS_Lyon\Internship\2026-EPFL\data\distinVBCsSmallH\Results_Izar_replica1\J2_0.34\D_9\orientation_1\dimer-plaquette\replica_1\h_0p005\D_9_chi_108_energy_magnetization_correlation.txt,0.34,9,108,dimer-plaquette,0.005,-0.005,1,1,-0.4186531686842,5.0241169499976035e-05,-0.5376618445219999,-0.19939801724075001,-0.19769829640305,0.3399635481189499,0.9950002850390735,dimer-plaquette,0d81bc593f513b61676862192e626da26d52cc075365e8e6b2ed9a3ffb6c611b,True,selected variational/high-chi representative
7ebc0f99ee4020,synced_small_h:Results_Izar_replica1,D:\HyraiOn\ENS_Lyon\Internship\2026-EPFL\data\distinVBCsSmallH\Results_Izar_replica1\J2_0.34\D_9\orientation_1\dimer-plaquette\replica_1\h_0p003\D_9_chi_108_energy_magnetization_correlation.txt,0.34,9,108,dimer-plaquette,0.003,-0.003,1,1,-0.4181714989124,4.466416240000992e-05,-0.5028608810726499,-0.22290580404235003,-0.21333469432474997,0.2895261867479,0.9669421622095483,dimer-plaquette,ac88be3dc2aab0c540b95dbb410bf95ab0b017335b022353bb670eb4166c959d,True,selected variational/high-chi representative
58fdc752faa224,synced_small_h:Results_Izar_replica1,D:\HyraiOn\ENS_Lyon\Internship\2026-EPFL\data\distinVBCsSmallH\Results_Izar_replica1\J2_0.34\D_9\orientation_1\dimer-plaquette\replica_1\h_0p002\D_9_chi_108_energy_magnetization_correlation.txt,0.34,9,108,dimer-plaquette,0.002,-0.002,1,1,-0.4179027590324,5.01671863999964e-05,-0.49742504039839996,-0.2265350388889,-0.21544421864514998,0.28198082175325,0.9606681753220253,dimer-plaquette,95c6628abde42405cfb7d0278cdd0727641d0e9df72c01eb3968a64a90389ac6,True,selected variational/high-chi representative
878ad726b2d806,synced_small_h:Results_Izar_replica1,D:\HyraiOn\ENS_Lyon\Internship\2026-EPFL\data\distinVBCsSmallH\Results_Izar_replica1\J2_0.34\D_9\orientation_1\dimer-plaquette\replica_1\h_0p001\D_9_chi_108_energy_magnetization_correlation.txt,0.34,9,108,dimer-plaquette,0.001,-0.001,1,1,-0.4176356902692,5.2493157299993154e-05,-0.49175762715155,-0.23471230581325,-0.21338832240475,0.2783693047468,0.9233967860504739,dimer-plaquette,e418f2f44fa1e64487ad28c3ad5719712e0ab624793e78d8ede67c1af1095b95,True,selected variational/high-chi representative
50d961e52f5c0a,synced_small_h:Results_Izar_replica1,D:\HyraiOn\ENS_Lyon\Internship\2026-EPFL\data\distinVBCsSmallH\Results_Izar_replica1\J2_0.34\D_9\orientation_1\dimer-plaquette\replica_1\h_0\D_9_chi_108_energy_magnetization_correlation.txt,0.34,9,108,dimer-plaquette,0.0,0.0,1,1,-0.4173680175701,5.237601649998869e-05,-0.49174157718355,-0.2347201560408,-0.21339737988665,0.27834419729689996,0.9233942134909833,dimer-plaquette,b4493d9d90236a8b0a8547d97f5e8ed472a66eed18afc8a1b7ce65bdf09b6d87,True,selected variational/high-chi representative
7a25be80f26362,synced_small_h:Results_Izar_replica1,D:\HyraiOn\ENS_Lyon\Internship\2026-EPFL\data\distinVBCsSmallH\Results_Izar_replica1\J2_0.34\D_9\orientation_1\plaquette\replica_1\h_0\D_9_chi_108_energy_magnetization_correlation.txt,0.34,9,108,plaquette,0.0,0.0,1,1,-0.4174996120624,2.081710219997701e-05,-0.41016147245710005,-0.40443359781745003,-0.12310257429735,0.28705889815975005,0.019953656466912318,plaquette,b812747b00b708e21bfd60d65068c29eb92684a7774e842bc7db7306c534f66e,True,selected variational/high-chi representative
38ffcacfd5714b,synced_small_h:Results_Izar_replica1,D:\HyraiOn\ENS_Lyon\Internship\2026-EPFL\data\distinVBCsSmallH\Results_Izar_replica1\J2_0.34\D_9\orientation_1\plaquette\replica_1\h_0p001\D_9_chi_108_energy_magnetization_correlation.txt,0.34,9,108,plaquette,0.001,0.001,1,1,-0.4177838070467,2.0839206499978502e-05,-0.41016151575835,-0.40443364437964996,-0.1231024787249,0.28705903703345004,0.019953635453854802,plaquette,7b6ad0325f782edb5ac66093faf75ece4dec4105a6549a928a9328e5490fc83f,True,selected variational/high-chi representative
471d8b27e7d4b4,synced_small_h:Results_Izar_replica1,D:\HyraiOn\ENS_Lyon\Internship\2026-EPFL\data\distinVBCsSmallH\Results_Izar_replica1\J2_0.34\D_9\orientation_1\plaquette\replica_1\h_0p002\D_9_chi_108_energy_magnetization_correlation.txt,0.34,9,108,plaquette,0.002,0.002,1,1,-0.4180680019185,2.086104609999584e-05,-0.410161785336,-0.40443384620390005,-0.12310198021065,0.28705980512535,0.01995381808887784,plaquette,7b9d5bce00f98b3d0316a1e001e3861ed77f58a050b809373ae548459dfc2ca7,True,selected variational/high-chi representative
f24b6c1a91eae0,synced_small_h:Results_Izar_replica1,D:\HyraiOn\ENS_Lyon\Internship\2026-EPFL\data\distinVBCsSmallH\Results_Izar_replica1\J2_0.34\D_9\orientation_1\plaquette\replica_1\h_0p003\D_9_chi_108_energy_magnetization_correlation.txt,0.34,9,108,plaquette,0.003,0.003,1,1,-0.4183410800939,2.0295696199990054e-05,-0.4151873036725,-0.4122528557004,-0.10846487764425,0.30672242602825,0.009567112552212754,plaquette,3579dcdc31c60d1feb06ce672b0d2148f5ea321c2d66bb036a5dee10a2094c7d,True,selected variational/high-chi representative
48ed6f21782bb3,synced_small_h:Results_Izar_replica1,D:\HyraiOn\ENS_Lyon\Internship\2026-EPFL\data\distinVBCsSmallH\Results_Izar_replica1\J2_0.34\D_9\orientation_1\plaquette\replica_1\h_0p005\D_9_chi_108_energy_magnetization_correlation.txt,0.34,9,108,plaquette,0.005,0.005,1,1,-0.4189515903325,2.0338336900016518e-05,-0.41518741036695,-0.4122529719171,-0.10846462972964999,0.3067227806373,0.009567070446325949,plaquette,325ac5d2016fa9be23d0a8e71aaa4f084fd1357e2381c1d39f0a6aa765708257,True,selected variational/high-chi representative
9783c60895338b,synced_large_h:Results_Izar_replica1,D:\HyraiOn\ENS_Lyon\Internship\2026-EPFL\data\distinVBCs\Results_Izar_replica1\J2_0.34\D_9\orientation_1\plaquette\replica_1\h_0p02\D_9_chi_108_energy_magnetization_correlation.txt,0.34,9,108,plaquette,0.02,0.02,1,1,-0.4239914626661,1.102816629999781e-05,-0.43297368524315,-0.43213965645155,-0.06169989181121,0.37127379343194,0.0022463982278158943,plaquette,8233cf8787648ffc74cc056d3725e205f4aa4efd6356d00f7a2fd8a4af5bcab8,True,selected variational/high-chi representative
c8b4ed61d0755e,synced_large_h:Results_Izar_replica1,D:\HyraiOn\ENS_Lyon\Internship\2026-EPFL\data\distinVBCs\Results_Izar_replica1\J2_0.34\D_9\orientation_1\plaquette\replica_1\h_0p04\D_9_chi_108_energy_magnetization_correlation.txt,0.34,9,108,plaquette,0.04,0.04,1,1,-0.4317987658317,1.4744758299989336e-05,-0.44083589995059996,-0.44081911165204996,-0.034073796254625,0.406762103695975,4.127301535089877e-05,plaquette,4595a4e3802093fe73a1bd05e71d6771faf6f7be7714a35871f090c5d1b6eda9,True,selected variational/high-chi representative
0967dd157aeb18,synced_large_h:Results_Izar_replica1,D:\HyraiOn\ENS_Lyon\Internship\2026-EPFL\data\distinVBCs\Results_Izar_replica1\J2_0.34\D_9\orientation_1\plaquette\replica_1\h_0p08\D_9_chi_108_energy_magnetization_correlation.txt,0.34,9,108,plaquette,0.08,0.08,1,1,-0.4488999939592,7.620798299967646e-06,-0.44811615435659996,-0.447831773871,-0.0038739164400809997,0.44424223791651896,0.0006401473370333098,plaquette,b4e84aec486a6413a8391fa46c2d8fe73983f45bdb686c9cdde9ffdd46f21137,True,selected variational/high-chi representative
